# Blender v2.82 (sub 7) OBJ File: ''
# www.blender.org
mtllib gsmini_finger_attachment.mtl
o panda_adapter_gsmini.001
v 0.008148 0.007156 0.005000
v 0.008150 0.007250 0.005000
v 0.008150 0.007250 0.003000
v 0.008142 0.007063 0.005000
v 0.008148 0.007156 0.003000
v 0.008132 0.006969 0.005000
v 0.008142 0.007063 0.003000
v 0.008117 0.006877 0.005000
v 0.008132 0.006969 0.003000
v 0.008099 0.006785 0.005000
v 0.008117 0.006877 0.003000
v 0.008077 0.006694 0.005000
v 0.008099 0.006785 0.003000
v 0.008050 0.006603 0.005000
v 0.008077 0.006694 0.003000
v 0.008020 0.006515 0.005000
v 0.008050 0.006603 0.003000
v 0.007986 0.006427 0.005000
v 0.008020 0.006515 0.003000
v 0.007949 0.006341 0.005000
v 0.007986 0.006427 0.003000
v 0.007907 0.006257 0.005000
v 0.007949 0.006341 0.003000
v 0.007862 0.006175 0.005000
v 0.007907 0.006257 0.003000
v 0.007813 0.006095 0.005000
v 0.007862 0.006175 0.003000
v 0.007761 0.006017 0.005000
v 0.007813 0.006095 0.003000
v 0.007706 0.005941 0.005000
v 0.007761 0.006017 0.003000
v 0.007647 0.005868 0.005000
v 0.007706 0.005941 0.003000
v 0.007585 0.005797 0.005000
v 0.007647 0.005868 0.003000
v 0.007520 0.005730 0.005000
v 0.007585 0.005797 0.003000
v 0.007453 0.005665 0.005000
v 0.007520 0.005730 0.003000
v 0.007382 0.005603 0.005000
v 0.007453 0.005665 0.003000
v 0.007309 0.005544 0.005000
v 0.007382 0.005603 0.003000
v 0.007233 0.005489 0.005000
v 0.007309 0.005544 0.003000
v 0.007155 0.005437 0.005000
v 0.007233 0.005489 0.003000
v 0.007075 0.005388 0.005000
v 0.007155 0.005437 0.003000
v 0.006993 0.005343 0.005000
v 0.007075 0.005388 0.003000
v 0.006909 0.005301 0.005000
v 0.006993 0.005343 0.003000
v 0.006823 0.005264 0.005000
v 0.006909 0.005301 0.003000
v 0.006735 0.005230 0.005000
v 0.006823 0.005264 0.003000
v 0.006647 0.005200 0.005000
v 0.006735 0.005230 0.003000
v 0.006556 0.005173 0.005000
v 0.006647 0.005200 0.003000
v 0.006465 0.005151 0.005000
v 0.006556 0.005173 0.003000
v 0.006373 0.005133 0.005000
v 0.006465 0.005151 0.003000
v 0.006281 0.005118 0.005000
v 0.006373 0.005133 0.003000
v 0.006187 0.005108 0.005000
v 0.006281 0.005118 0.003000
v 0.006094 0.005102 0.005000
v 0.006187 0.005108 0.003000
v 0.006000 0.005100 0.005000
v 0.006094 0.005102 0.003000
v 0.005906 0.005102 0.005000
v 0.006000 0.005100 0.003000
v 0.005813 0.005108 0.005000
v 0.005906 0.005102 0.003000
v 0.005719 0.005118 0.005000
v 0.005813 0.005108 0.003000
v 0.005627 0.005133 0.005000
v 0.005719 0.005118 0.003000
v 0.005535 0.005151 0.005000
v 0.005627 0.005133 0.003000
v 0.005444 0.005173 0.005000
v 0.005535 0.005151 0.003000
v 0.005353 0.005200 0.005000
v 0.005444 0.005173 0.003000
v 0.005265 0.005230 0.005000
v 0.005353 0.005200 0.003000
v 0.005177 0.005264 0.005000
v 0.005265 0.005230 0.003000
v 0.005091 0.005301 0.005000
v 0.005177 0.005264 0.003000
v 0.005007 0.005343 0.005000
v 0.005091 0.005301 0.003000
v 0.004925 0.005388 0.005000
v 0.005007 0.005343 0.003000
v 0.004845 0.005437 0.005000
v 0.004925 0.005388 0.003000
v 0.004767 0.005489 0.005000
v 0.004845 0.005437 0.003000
v 0.004691 0.005544 0.005000
v 0.004767 0.005489 0.003000
v 0.004618 0.005603 0.005000
v 0.004691 0.005544 0.003000
v 0.004547 0.005665 0.005000
v 0.004618 0.005603 0.003000
v 0.004480 0.005730 0.005000
v 0.004547 0.005665 0.003000
v 0.004415 0.005797 0.005000
v 0.004480 0.005730 0.003000
v 0.004353 0.005868 0.005000
v 0.004415 0.005797 0.003000
v 0.004294 0.005941 0.005000
v 0.004353 0.005868 0.003000
v 0.004239 0.006017 0.005000
v 0.004294 0.005941 0.003000
v 0.004187 0.006095 0.005000
v 0.004239 0.006017 0.003000
v 0.004138 0.006175 0.005000
v 0.004187 0.006095 0.003000
v 0.004093 0.006257 0.005000
v 0.004138 0.006175 0.003000
v 0.004051 0.006341 0.005000
v 0.004093 0.006257 0.003000
v 0.004014 0.006427 0.005000
v 0.004051 0.006341 0.003000
v 0.003980 0.006515 0.005000
v 0.004014 0.006427 0.003000
v 0.003950 0.006603 0.005000
v 0.003980 0.006515 0.003000
v 0.003923 0.006694 0.005000
v 0.003950 0.006603 0.003000
v 0.003901 0.006785 0.005000
v 0.003923 0.006694 0.003000
v 0.003883 0.006877 0.005000
v 0.003901 0.006785 0.003000
v 0.003868 0.006969 0.005000
v 0.003883 0.006877 0.003000
v 0.003858 0.007063 0.005000
v 0.003868 0.006969 0.003000
v 0.003852 0.007156 0.005000
v 0.003858 0.007063 0.003000
v 0.003850 0.007250 0.005000
v 0.003852 0.007156 0.003000
v 0.003852 0.007344 0.005000
v 0.003850 0.007250 0.003000
v 0.003858 0.007437 0.005000
v 0.003852 0.007344 0.003000
v 0.003868 0.007531 0.005000
v 0.003858 0.007437 0.003000
v 0.003883 0.007623 0.005000
v 0.003868 0.007531 0.003000
v 0.003901 0.007715 0.005000
v 0.003883 0.007623 0.003000
v 0.003923 0.007806 0.005000
v 0.003901 0.007715 0.003000
v 0.003950 0.007897 0.005000
v 0.003923 0.007806 0.003000
v 0.003980 0.007985 0.005000
v 0.003950 0.007897 0.003000
v 0.004014 0.008073 0.005000
v 0.003980 0.007985 0.003000
v 0.004051 0.008159 0.005000
v 0.004014 0.008073 0.003000
v 0.004093 0.008243 0.005000
v 0.004051 0.008159 0.003000
v 0.004138 0.008325 0.005000
v 0.004093 0.008243 0.003000
v 0.004187 0.008405 0.005000
v 0.004138 0.008325 0.003000
v 0.004239 0.008483 0.005000
v 0.004187 0.008405 0.003000
v 0.004294 0.008559 0.005000
v 0.004239 0.008483 0.003000
v 0.004353 0.008632 0.005000
v 0.004294 0.008559 0.003000
v 0.004415 0.008703 0.005000
v 0.004353 0.008632 0.003000
v 0.004480 0.008770 0.005000
v 0.004415 0.008703 0.003000
v 0.004547 0.008835 0.005000
v 0.004480 0.008770 0.003000
v 0.004618 0.008897 0.005000
v 0.004547 0.008835 0.003000
v 0.004691 0.008956 0.005000
v 0.004618 0.008897 0.003000
v 0.004767 0.009011 0.005000
v 0.004691 0.008956 0.003000
v 0.004845 0.009063 0.005000
v 0.004767 0.009011 0.003000
v 0.004925 0.009112 0.005000
v 0.004845 0.009063 0.003000
v 0.005007 0.009157 0.005000
v 0.004925 0.009112 0.003000
v 0.005091 0.009199 0.005000
v 0.005007 0.009157 0.003000
v 0.005177 0.009236 0.005000
v 0.005091 0.009199 0.003000
v 0.005265 0.009270 0.005000
v 0.005177 0.009236 0.003000
v 0.005353 0.009300 0.005000
v 0.005265 0.009270 0.003000
v 0.005444 0.009327 0.005000
v 0.005353 0.009300 0.003000
v 0.005535 0.009349 0.005000
v 0.005444 0.009327 0.003000
v 0.005627 0.009367 0.005000
v 0.005535 0.009349 0.003000
v 0.005719 0.009382 0.005000
v 0.005627 0.009367 0.003000
v 0.005813 0.009392 0.005000
v 0.005719 0.009382 0.003000
v 0.005906 0.009398 0.005000
v 0.005813 0.009392 0.003000
v 0.006000 0.009400 0.005000
v 0.005906 0.009398 0.003000
v 0.006094 0.009398 0.005000
v 0.006000 0.009400 0.003000
v 0.006187 0.009392 0.005000
v 0.006094 0.009398 0.003000
v 0.006281 0.009382 0.005000
v 0.006187 0.009392 0.003000
v 0.006373 0.009367 0.005000
v 0.006281 0.009382 0.003000
v 0.006465 0.009349 0.005000
v 0.006373 0.009367 0.003000
v 0.006556 0.009327 0.005000
v 0.006465 0.009349 0.003000
v 0.006647 0.009300 0.005000
v 0.006556 0.009327 0.003000
v 0.006735 0.009270 0.005000
v 0.006647 0.009300 0.003000
v 0.006823 0.009236 0.005000
v 0.006735 0.009270 0.003000
v 0.006909 0.009199 0.005000
v 0.006823 0.009236 0.003000
v 0.006993 0.009157 0.005000
v 0.006909 0.009199 0.003000
v 0.007075 0.009112 0.005000
v 0.006993 0.009157 0.003000
v 0.007155 0.009063 0.005000
v 0.007075 0.009112 0.003000
v 0.007233 0.009011 0.005000
v 0.007155 0.009063 0.003000
v 0.007309 0.008956 0.005000
v 0.007233 0.009011 0.003000
v 0.007382 0.008897 0.005000
v 0.007309 0.008956 0.003000
v 0.007453 0.008835 0.005000
v 0.007382 0.008897 0.003000
v 0.007520 0.008770 0.005000
v 0.007453 0.008835 0.003000
v 0.007585 0.008703 0.005000
v 0.007520 0.008770 0.003000
v 0.007647 0.008632 0.005000
v 0.007585 0.008703 0.003000
v 0.007706 0.008559 0.005000
v 0.007647 0.008632 0.003000
v 0.007761 0.008483 0.005000
v 0.007706 0.008559 0.003000
v 0.007813 0.008405 0.005000
v 0.007761 0.008483 0.003000
v 0.007862 0.008325 0.005000
v 0.007813 0.008405 0.003000
v 0.007907 0.008243 0.005000
v 0.007862 0.008325 0.003000
v 0.007949 0.008159 0.005000
v 0.007907 0.008243 0.003000
v 0.007986 0.008073 0.005000
v 0.007949 0.008159 0.003000
v 0.008020 0.007985 0.005000
v 0.007986 0.008073 0.003000
v 0.008050 0.007897 0.005000
v 0.008020 0.007985 0.003000
v 0.008077 0.007806 0.005000
v 0.008050 0.007897 0.003000
v 0.008099 0.007715 0.005000
v 0.008077 0.007806 0.003000
v 0.008117 0.007623 0.005000
v 0.008099 0.007715 0.003000
v 0.008132 0.007531 0.005000
v 0.008117 0.007623 0.003000
v 0.008142 0.007437 0.005000
v 0.008132 0.007531 0.003000
v 0.008148 0.007344 0.005000
v 0.008142 0.007437 0.003000
v 0.008148 0.007344 0.003000
v 0.006695 0.003311 0.003000
v 0.006522 0.003284 0.003000
v 0.006349 0.003265 0.003000
v 0.003429 0.010314 0.003000
v 0.003565 0.010423 0.003000
v 0.003706 0.010527 0.003000
v 0.007035 0.003386 0.003000
v 0.006866 0.003345 0.003000
v 0.006174 0.003254 0.003000
v 0.002936 0.009821 0.003000
v 0.003051 0.009952 0.003000
v 0.003172 0.010078 0.003000
v 0.007531 0.003554 0.003000
v 0.007368 0.003491 0.003000
v 0.007203 0.003435 0.003000
v 0.006000 0.003250 0.003000
v 0.005826 0.003254 0.003000
v 0.002626 0.009399 0.003000
v 0.002723 0.009544 0.003000
v 0.002827 0.009685 0.003000
v 0.003298 0.010199 0.003000
v 0.006000 0.011250 0.003000
v 0.006174 0.011246 0.003000
v 0.006349 0.011235 0.003000
v 0.002004 0.007424 0.003000
v 0.002015 0.007599 0.003000
v 0.002034 0.007772 0.003000
v 0.002061 0.007945 0.003000
v 0.002185 0.008453 0.003000
v 0.002241 0.008618 0.003000
v 0.002304 0.008781 0.003000
v 0.002375 0.008940 0.003000
v 0.002452 0.009097 0.003000
v 0.002536 0.009250 0.003000
v 0.003851 0.010624 0.003000
v 0.004000 0.010714 0.003000
v 0.005478 0.011216 0.003000
v 0.005651 0.011235 0.003000
v 0.005826 0.011246 0.003000
v 0.009464 0.005250 0.003000
v 0.009374 0.005101 0.003000
v 0.009277 0.004956 0.003000
v 0.009173 0.004815 0.003000
v 0.008000 0.003786 0.003000
v 0.007847 0.003702 0.003000
v 0.007690 0.003625 0.003000
v 0.002095 0.008116 0.003000
v 0.002136 0.008285 0.003000
v 0.004153 0.010798 0.003000
v 0.004469 0.010945 0.003000
v 0.004632 0.011009 0.003000
v 0.004965 0.011114 0.003000
v 0.005134 0.011155 0.003000
v 0.006522 0.011216 0.003000
v 0.006695 0.011189 0.003000
v 0.007035 0.011114 0.003000
v 0.007203 0.011065 0.003000
v 0.007368 0.011009 0.003000
v 0.007531 0.010945 0.003000
v 0.007690 0.010875 0.003000
v 0.009064 0.004679 0.003000
v 0.008949 0.004548 0.003000
v 0.008828 0.004422 0.003000
v 0.008702 0.004301 0.003000
v 0.008571 0.004186 0.003000
v 0.008149 0.003876 0.003000
v 0.005651 0.003265 0.003000
v 0.004310 0.003625 0.003000
v 0.004153 0.003702 0.003000
v 0.002304 0.005719 0.003000
v 0.002241 0.005882 0.003000
v 0.004310 0.010875 0.003000
v 0.004797 0.011065 0.003000
v 0.005305 0.011189 0.003000
v 0.006866 0.011155 0.003000
v 0.009696 0.005719 0.003000
v 0.009625 0.005560 0.003000
v 0.005478 0.003284 0.003000
v 0.005305 0.003311 0.003000
v 0.004000 0.003786 0.003000
v 0.003429 0.004186 0.003000
v 0.003298 0.004301 0.003000
v 0.002452 0.005403 0.003000
v 0.002375 0.005560 0.003000
v 0.002185 0.006047 0.003000
v 0.008149 0.010624 0.003000
v 0.008294 0.010527 0.003000
v 0.009864 0.006215 0.003000
v 0.009815 0.006047 0.003000
v 0.009759 0.005882 0.003000
v 0.008435 0.004077 0.003000
v 0.008294 0.003973 0.003000
v 0.005134 0.003345 0.003000
v 0.004965 0.003386 0.003000
v 0.004632 0.003491 0.003000
v 0.004469 0.003554 0.003000
v 0.003851 0.003876 0.003000
v 0.003706 0.003973 0.003000
v 0.003565 0.004077 0.003000
v 0.003172 0.004422 0.003000
v 0.002936 0.004679 0.003000
v 0.002827 0.004815 0.003000
v 0.002136 0.006215 0.003000
v 0.002095 0.006384 0.003000
v 0.008435 0.010423 0.003000
v 0.009625 0.008940 0.003000
v 0.009696 0.008781 0.003000
v 0.009939 0.006555 0.003000
v 0.009905 0.006384 0.003000
v 0.009548 0.005403 0.003000
v 0.004797 0.003435 0.003000
v 0.003051 0.004548 0.003000
v 0.002061 0.006555 0.003000
v 0.002034 0.006728 0.003000
v 0.002015 0.006901 0.003000
v 0.002004 0.007076 0.003000
v 0.007847 0.010798 0.003000
v 0.008000 0.010714 0.003000
v 0.008571 0.010314 0.003000
v 0.008702 0.010199 0.003000
v 0.008828 0.010078 0.003000
v 0.008949 0.009952 0.003000
v 0.009064 0.009821 0.003000
v 0.009759 0.008618 0.003000
v 0.009815 0.008453 0.003000
v 0.009864 0.008285 0.003000
v 0.009905 0.008116 0.003000
v 0.009939 0.007945 0.003000
v 0.009985 0.007599 0.003000
v 0.009996 0.007424 0.003000
v 0.010000 0.007250 0.003000
v 0.002626 0.005101 0.003000
v 0.002536 0.005250 0.003000
v 0.002000 0.007250 0.003000
v 0.009173 0.009685 0.003000
v 0.009277 0.009544 0.003000
v 0.009374 0.009399 0.003000
v 0.009464 0.009250 0.003000
v 0.009548 0.009097 0.003000
v 0.009966 0.007772 0.003000
v 0.002723 0.004956 0.003000
v 0.009996 0.007076 0.003000
v 0.009985 0.006901 0.003000
v 0.009966 0.006728 0.003000
v 0.010000 0.007250 0.000000
v 0.009996 0.007076 0.000000
v 0.009985 0.006901 0.000000
v 0.009966 0.006728 0.000000
v 0.009939 0.006555 0.000000
v 0.009905 0.006384 0.000000
v 0.009864 0.006215 0.000000
v 0.009815 0.006047 0.000000
v 0.009759 0.005882 0.000000
v 0.009696 0.005719 0.000000
v 0.009625 0.005560 0.000000
v 0.009548 0.005403 0.000000
v 0.009464 0.005250 0.000000
v 0.009374 0.005101 0.000000
v 0.009277 0.004956 0.000000
v 0.009173 0.004815 0.000000
v 0.009064 0.004679 0.000000
v 0.008949 0.004548 0.000000
v 0.008828 0.004422 0.000000
v 0.008702 0.004301 0.000000
v 0.008571 0.004186 0.000000
v 0.008435 0.004077 0.000000
v 0.008294 0.003973 0.000000
v 0.008149 0.003876 0.000000
v 0.008000 0.003786 0.000000
v 0.007847 0.003702 0.000000
v 0.007690 0.003625 0.000000
v 0.007531 0.003554 0.000000
v 0.007368 0.003491 0.000000
v 0.007203 0.003435 0.000000
v 0.007035 0.003386 0.000000
v 0.006866 0.003345 0.000000
v 0.006695 0.003311 0.000000
v 0.006522 0.003284 0.000000
v 0.006349 0.003265 0.000000
v 0.006174 0.003254 0.000000
v 0.006000 0.003250 0.000000
v 0.005826 0.003254 0.000000
v 0.005651 0.003265 0.000000
v 0.005478 0.003284 0.000000
v 0.005305 0.003311 0.000000
v 0.005134 0.003345 0.000000
v 0.004965 0.003386 0.000000
v 0.004797 0.003435 0.000000
v 0.004632 0.003491 0.000000
v 0.004469 0.003554 0.000000
v 0.004310 0.003625 0.000000
v 0.004153 0.003702 0.000000
v 0.004000 0.003786 0.000000
v 0.003851 0.003876 0.000000
v 0.003706 0.003973 0.000000
v 0.003565 0.004077 0.000000
v 0.003429 0.004186 0.000000
v 0.003298 0.004301 0.000000
v 0.003172 0.004422 0.000000
v 0.003051 0.004548 0.000000
v 0.002936 0.004679 0.000000
v 0.002827 0.004815 0.000000
v 0.002723 0.004956 0.000000
v 0.002626 0.005101 0.000000
v 0.002536 0.005250 0.000000
v 0.002452 0.005403 0.000000
v 0.002375 0.005560 0.000000
v 0.002304 0.005719 0.000000
v 0.002241 0.005882 0.000000
v 0.002185 0.006047 0.000000
v 0.002136 0.006215 0.000000
v 0.002095 0.006384 0.000000
v 0.002061 0.006555 0.000000
v 0.002034 0.006728 0.000000
v 0.002015 0.006901 0.000000
v 0.002004 0.007076 0.000000
v 0.002000 0.007250 0.000000
v 0.002004 0.007424 0.000000
v 0.002015 0.007599 0.000000
v 0.002034 0.007772 0.000000
v 0.002061 0.007945 0.000000
v 0.002095 0.008116 0.000000
v 0.002136 0.008285 0.000000
v 0.002185 0.008453 0.000000
v 0.002241 0.008618 0.000000
v 0.002304 0.008781 0.000000
v 0.002375 0.008940 0.000000
v 0.002452 0.009097 0.000000
v 0.002536 0.009250 0.000000
v 0.002626 0.009399 0.000000
v 0.002723 0.009544 0.000000
v 0.002827 0.009685 0.000000
v 0.002936 0.009821 0.000000
v 0.003051 0.009952 0.000000
v 0.003172 0.010078 0.000000
v 0.003298 0.010199 0.000000
v 0.003429 0.010314 0.000000
v 0.003565 0.010423 0.000000
v 0.003706 0.010527 0.000000
v 0.003851 0.010624 0.000000
v 0.004000 0.010714 0.000000
v 0.004153 0.010798 0.000000
v 0.004310 0.010875 0.000000
v 0.004469 0.010945 0.000000
v 0.004632 0.011009 0.000000
v 0.004797 0.011065 0.000000
v 0.004965 0.011114 0.000000
v 0.005134 0.011155 0.000000
v 0.005305 0.011189 0.000000
v 0.005478 0.011216 0.000000
v 0.005651 0.011235 0.000000
v 0.005826 0.011246 0.000000
v 0.006000 0.011250 0.000000
v 0.006174 0.011246 0.000000
v 0.006349 0.011235 0.000000
v 0.006522 0.011216 0.000000
v 0.006695 0.011189 0.000000
v 0.006866 0.011155 0.000000
v 0.007035 0.011114 0.000000
v 0.007203 0.011065 0.000000
v 0.007368 0.011009 0.000000
v 0.007531 0.010945 0.000000
v 0.007690 0.010875 0.000000
v 0.007847 0.010798 0.000000
v 0.008000 0.010714 0.000000
v 0.008149 0.010624 0.000000
v 0.008294 0.010527 0.000000
v 0.008435 0.010423 0.000000
v 0.008571 0.010314 0.000000
v 0.008702 0.010199 0.000000
v 0.008828 0.010078 0.000000
v 0.008949 0.009952 0.000000
v 0.009064 0.009821 0.000000
v 0.009173 0.009685 0.000000
v 0.009277 0.009544 0.000000
v 0.009374 0.009399 0.000000
v 0.009464 0.009250 0.000000
v 0.009548 0.009097 0.000000
v 0.009625 0.008940 0.000000
v 0.009696 0.008781 0.000000
v 0.009759 0.008618 0.000000
v 0.009815 0.008453 0.000000
v 0.009864 0.008285 0.000000
v 0.009905 0.008116 0.000000
v 0.009939 0.007945 0.000000
v 0.009966 0.007772 0.000000
v 0.009985 0.007599 0.000000
v 0.009996 0.007424 0.000000
v 0.006522 0.003284 0.005000
v 0.006695 0.003311 0.005000
v 0.006174 0.003254 0.005000
v 0.006349 0.003265 0.005000
v 0.006866 0.003345 0.005000
v 0.007035 0.003386 0.005000
v 0.006000 0.003250 0.005000
v 0.007203 0.003435 0.005000
v 0.007368 0.003491 0.005000
v 0.007531 0.003554 0.005000
v 0.007690 0.003625 0.005000
v 0.003565 0.010423 0.005000
v 0.003429 0.010314 0.005000
v 0.003298 0.010199 0.005000
v 0.003051 0.009952 0.005000
v 0.002936 0.009821 0.005000
v 0.002004 0.007424 0.005000
v 0.002000 0.007250 0.005000
v 0.002241 0.005882 0.005000
v 0.002304 0.005719 0.005000
v 0.002375 0.005560 0.005000
v 0.003172 0.010078 0.005000
v 0.002827 0.009685 0.005000
v 0.002626 0.009399 0.005000
v 0.002536 0.009250 0.005000
v 0.002034 0.007772 0.005000
v 0.002015 0.007599 0.005000
v 0.002004 0.007076 0.005000
v 0.002136 0.006215 0.005000
v 0.002185 0.006047 0.005000
v 0.004310 0.003625 0.005000
v 0.004469 0.003554 0.005000
v 0.005651 0.003265 0.005000
v 0.005826 0.003254 0.005000
v 0.008000 0.003786 0.005000
v 0.008149 0.003876 0.005000
v 0.009277 0.004956 0.005000
v 0.009374 0.005101 0.005000
v 0.009464 0.005250 0.005000
v 0.009548 0.005403 0.005000
v 0.002723 0.009544 0.005000
v 0.002095 0.008116 0.005000
v 0.002061 0.007945 0.005000
v 0.002452 0.005403 0.005000
v 0.002536 0.005250 0.005000
v 0.003429 0.004186 0.005000
v 0.003565 0.004077 0.005000
v 0.004153 0.003702 0.005000
v 0.007847 0.003702 0.005000
v 0.008294 0.003973 0.005000
v 0.008702 0.004301 0.005000
v 0.008828 0.004422 0.005000
v 0.009064 0.004679 0.005000
v 0.009173 0.004815 0.005000
v 0.006000 0.011250 0.005000
v 0.005826 0.011246 0.005000
v 0.002452 0.009097 0.005000
v 0.002375 0.008940 0.005000
v 0.002304 0.008781 0.005000
v 0.002241 0.008618 0.005000
v 0.002185 0.008453 0.005000
v 0.002136 0.008285 0.005000
v 0.002015 0.006901 0.005000
v 0.002034 0.006728 0.005000
v 0.002061 0.006555 0.005000
v 0.002095 0.006384 0.005000
v 0.002936 0.004679 0.005000
v 0.003051 0.004548 0.005000
v 0.003298 0.004301 0.005000
v 0.003706 0.003973 0.005000
v 0.003851 0.003876 0.005000
v 0.004000 0.003786 0.005000
v 0.004632 0.003491 0.005000
v 0.004797 0.003435 0.005000
v 0.005134 0.003345 0.005000
v 0.005305 0.003311 0.005000
v 0.005478 0.003284 0.005000
v 0.008949 0.004548 0.005000
v 0.006174 0.011246 0.005000
v 0.003851 0.010624 0.005000
v 0.003706 0.010527 0.005000
v 0.003172 0.004422 0.005000
v 0.004965 0.003386 0.005000
v 0.008435 0.004077 0.005000
v 0.008571 0.004186 0.005000
v 0.009696 0.005719 0.005000
v 0.009759 0.005882 0.005000
v 0.005651 0.011235 0.005000
v 0.005478 0.011216 0.005000
v 0.005305 0.011189 0.005000
v 0.004632 0.011009 0.005000
v 0.004469 0.010945 0.005000
v 0.004310 0.010875 0.005000
v 0.004000 0.010714 0.005000
v 0.002626 0.005101 0.005000
v 0.002723 0.004956 0.005000
v 0.009625 0.005560 0.005000
v 0.009815 0.006047 0.005000
v 0.009864 0.006215 0.005000
v 0.009905 0.006384 0.005000
v 0.007531 0.010945 0.005000
v 0.007368 0.011009 0.005000
v 0.007035 0.011114 0.005000
v 0.006866 0.011155 0.005000
v 0.006522 0.011216 0.005000
v 0.006349 0.011235 0.005000
v 0.004965 0.011114 0.005000
v 0.004797 0.011065 0.005000
v 0.004153 0.010798 0.005000
v 0.002827 0.004815 0.005000
v 0.009939 0.006555 0.005000
v 0.009966 0.006728 0.005000
v 0.007203 0.011065 0.005000
v 0.006695 0.011189 0.005000
v 0.005134 0.011155 0.005000
v 0.009696 0.008781 0.005000
v 0.009625 0.008940 0.005000
v 0.009548 0.009097 0.005000
v 0.009996 0.007424 0.005000
v 0.009985 0.007599 0.005000
v 0.009905 0.008116 0.005000
v 0.009864 0.008285 0.005000
v 0.009815 0.008453 0.005000
v 0.009759 0.008618 0.005000
v 0.009985 0.006901 0.005000
v 0.009996 0.007076 0.005000
v 0.010000 0.007250 0.005000
v 0.009966 0.007772 0.005000
v 0.009939 0.007945 0.005000
v 0.009464 0.009250 0.005000
v 0.009374 0.009399 0.005000
v 0.008949 0.009952 0.005000
v 0.008828 0.010078 0.005000
v 0.008702 0.010199 0.005000
v 0.008571 0.010314 0.005000
v 0.008294 0.010527 0.005000
v 0.008149 0.010624 0.005000
v 0.008000 0.010714 0.005000
v 0.009277 0.009544 0.005000
v 0.009173 0.009685 0.005000
v 0.009064 0.009821 0.005000
v 0.008435 0.010423 0.005000
v 0.007847 0.010798 0.005000
v 0.007690 0.010875 0.005000
v 0.009996 0.007076 0.008000
v 0.010000 0.007250 0.008000
v 0.009985 0.006901 0.008000
v 0.009966 0.006728 0.008000
v 0.009939 0.006555 0.008000
v 0.009905 0.006384 0.008000
v 0.009864 0.006215 0.008000
v 0.009815 0.006047 0.008000
v 0.009759 0.005882 0.008000
v 0.009696 0.005719 0.008000
v 0.009625 0.005560 0.008000
v 0.009548 0.005403 0.008000
v 0.009464 0.005250 0.008000
v 0.009374 0.005101 0.008000
v 0.009277 0.004956 0.008000
v 0.009173 0.004815 0.008000
v 0.009064 0.004679 0.008000
v 0.008949 0.004548 0.008000
v 0.008828 0.004422 0.008000
v 0.008702 0.004301 0.008000
v 0.008571 0.004186 0.008000
v 0.008435 0.004077 0.008000
v 0.008294 0.003973 0.008000
v 0.008149 0.003876 0.008000
v 0.008000 0.003786 0.008000
v 0.007847 0.003702 0.008000
v 0.007690 0.003625 0.008000
v 0.007531 0.003554 0.008000
v 0.007368 0.003491 0.008000
v 0.007203 0.003435 0.008000
v 0.007035 0.003386 0.008000
v 0.006866 0.003345 0.008000
v 0.006695 0.003311 0.008000
v 0.006522 0.003284 0.008000
v 0.006349 0.003265 0.008000
v 0.006174 0.003254 0.008000
v 0.006000 0.003250 0.008000
v 0.005826 0.003254 0.008000
v 0.005651 0.003265 0.008000
v 0.005478 0.003284 0.008000
v 0.005305 0.003311 0.008000
v 0.005134 0.003345 0.008000
v 0.004965 0.003386 0.008000
v 0.004797 0.003435 0.008000
v 0.004632 0.003491 0.008000
v 0.004469 0.003554 0.008000
v 0.004310 0.003625 0.008000
v 0.004153 0.003702 0.008000
v 0.004000 0.003786 0.008000
v 0.003851 0.003876 0.008000
v 0.003706 0.003973 0.008000
v 0.003565 0.004077 0.008000
v 0.003429 0.004186 0.008000
v 0.003298 0.004301 0.008000
v 0.003172 0.004422 0.008000
v 0.003051 0.004548 0.008000
v 0.002936 0.004679 0.008000
v 0.002827 0.004815 0.008000
v 0.002723 0.004956 0.008000
v 0.002626 0.005101 0.008000
v 0.002536 0.005250 0.008000
v 0.002452 0.005403 0.008000
v 0.002375 0.005560 0.008000
v 0.002304 0.005719 0.008000
v 0.002241 0.005882 0.008000
v 0.002185 0.006047 0.008000
v 0.002136 0.006215 0.008000
v 0.002095 0.006384 0.008000
v 0.002061 0.006555 0.008000
v 0.002034 0.006728 0.008000
v 0.002015 0.006901 0.008000
v 0.002004 0.007076 0.008000
v 0.002000 0.007250 0.008000
v 0.002004 0.007424 0.008000
v 0.002015 0.007599 0.008000
v 0.002034 0.007772 0.008000
v 0.002061 0.007945 0.008000
v 0.002095 0.008116 0.008000
v 0.002136 0.008285 0.008000
v 0.002185 0.008453 0.008000
v 0.002241 0.008618 0.008000
v 0.002304 0.008781 0.008000
v 0.002375 0.008940 0.008000
v 0.002452 0.009097 0.008000
v 0.002536 0.009250 0.008000
v 0.002626 0.009399 0.008000
v 0.002723 0.009544 0.008000
v 0.002827 0.009685 0.008000
v 0.002936 0.009821 0.008000
v 0.003051 0.009952 0.008000
v 0.003172 0.010078 0.008000
v 0.003298 0.010199 0.008000
v 0.003429 0.010314 0.008000
v 0.003565 0.010423 0.008000
v 0.003706 0.010527 0.008000
v 0.003851 0.010624 0.008000
v 0.004000 0.010714 0.008000
v 0.004153 0.010798 0.008000
v 0.004310 0.010875 0.008000
v 0.004469 0.010945 0.008000
v 0.004632 0.011009 0.008000
v 0.004797 0.011065 0.008000
v 0.004965 0.011114 0.008000
v 0.005134 0.011155 0.008000
v 0.005305 0.011189 0.008000
v 0.005478 0.011216 0.008000
v 0.005651 0.011235 0.008000
v 0.005826 0.011246 0.008000
v 0.006000 0.011250 0.008000
v 0.006174 0.011246 0.008000
v 0.006349 0.011235 0.008000
v 0.006522 0.011216 0.008000
v 0.006695 0.011189 0.008000
v 0.006866 0.011155 0.008000
v 0.007035 0.011114 0.008000
v 0.007203 0.011065 0.008000
v 0.007368 0.011009 0.008000
v 0.007531 0.010945 0.008000
v 0.007690 0.010875 0.008000
v 0.007847 0.010798 0.008000
v 0.008000 0.010714 0.008000
v 0.008149 0.010624 0.008000
v 0.008294 0.010527 0.008000
v 0.008435 0.010423 0.008000
v 0.008571 0.010314 0.008000
v 0.008702 0.010199 0.008000
v 0.008828 0.010078 0.008000
v 0.008949 0.009952 0.008000
v 0.009064 0.009821 0.008000
v 0.009173 0.009685 0.008000
v 0.009277 0.009544 0.008000
v 0.009374 0.009399 0.008000
v 0.009464 0.009250 0.008000
v 0.009548 0.009097 0.008000
v 0.009625 0.008940 0.008000
v 0.009696 0.008781 0.008000
v 0.009759 0.008618 0.008000
v 0.009815 0.008453 0.008000
v 0.009864 0.008285 0.008000
v 0.009905 0.008116 0.008000
v 0.009939 0.007945 0.008000
v 0.009966 0.007772 0.008000
v 0.009985 0.007599 0.008000
v 0.009996 0.007424 0.008000
v -0.004310 0.003625 0.000000
v -0.004153 0.003702 0.000000
v -0.002452 0.009097 0.000000
v -0.002536 0.009250 0.000000
v -0.002375 0.008940 0.000000
v -0.004000 0.003786 0.000000
v -0.002304 0.008781 0.000000
v -0.002626 0.009399 0.000000
v -0.002034 0.007772 0.000000
v -0.002241 0.008618 0.000000
v -0.002136 0.008285 0.000000
v -0.002185 0.008453 0.000000
v -0.002095 0.008116 0.000000
v -0.002015 0.007599 0.000000
v -0.010500 0.000000 0.000000
v -0.004965 0.003386 0.000000
v -0.004797 0.003435 0.000000
v -0.002061 0.007945 0.000000
v -0.002004 0.007424 0.000000
v -0.002185 0.006047 0.000000
v -0.002136 0.006215 0.000000
v -0.002304 0.005719 0.000000
v -0.002241 0.005882 0.000000
v -0.002452 0.005403 0.000000
v -0.002375 0.005560 0.000000
v -0.003172 0.004422 0.000000
v -0.003051 0.004548 0.000000
v 0.010500 0.000000 0.000000
v -0.004632 0.003491 0.000000
v -0.005134 0.003345 0.000000
v -0.010500 0.015250 0.000000
v -0.009277 0.009544 0.000000
v -0.009374 0.009399 0.000000
v -0.008702 0.010199 0.000000
v -0.008828 0.010078 0.000000
v -0.002034 0.006728 0.000000
v -0.002015 0.006901 0.000000
v -0.002095 0.006384 0.000000
v -0.002827 0.004815 0.000000
v -0.002723 0.004956 0.000000
v -0.002936 0.004679 0.000000
v -0.004469 0.003554 0.000000
v -0.005305 0.003311 0.000000
v -0.009173 0.009685 0.000000
v -0.008571 0.010314 0.000000
v -0.008294 0.010527 0.000000
v -0.008435 0.010423 0.000000
v -0.004153 0.010798 0.000000
v -0.004310 0.010875 0.000000
v -0.003172 0.010078 0.000000
v -0.003298 0.010199 0.000000
v -0.002004 0.007076 0.000000
v -0.002000 0.007250 0.000000
v -0.002061 0.006555 0.000000
v -0.002626 0.005101 0.000000
v -0.002536 0.005250 0.000000
v -0.009905 0.008116 0.000000
v -0.009939 0.007945 0.000000
v -0.009064 0.009821 0.000000
v -0.004632 0.011009 0.000000
v -0.004797 0.011065 0.000000
v -0.004000 0.010714 0.000000
v -0.003429 0.010314 0.000000
v -0.002936 0.009821 0.000000
v -0.003051 0.009952 0.000000
v -0.002723 0.009544 0.000000
v -0.003429 0.004186 0.000000
v -0.003298 0.004301 0.000000
v -0.003706 0.003973 0.000000
v -0.003565 0.004077 0.000000
v -0.005478 0.003284 0.000000
v -0.005826 0.003254 0.000000
v -0.005651 0.003265 0.000000
v -0.007203 0.003435 0.000000
v -0.007035 0.003386 0.000000
v -0.009864 0.008285 0.000000
v -0.009625 0.008940 0.000000
v -0.009696 0.008781 0.000000
v -0.008949 0.009952 0.000000
v -0.008149 0.010624 0.000000
v -0.007847 0.010798 0.000000
v -0.008000 0.010714 0.000000
v -0.003851 0.010624 0.000000
v -0.003565 0.010423 0.000000
v -0.003706 0.010527 0.000000
v -0.002827 0.009685 0.000000
v -0.003851 0.003876 0.000000
v 0.010500 0.015250 0.000000
v -0.006866 0.003345 0.000000
v -0.006695 0.003311 0.000000
v -0.007368 0.003491 0.000000
v -0.009815 0.008453 0.000000
v -0.009759 0.008618 0.000000
v -0.007690 0.010875 0.000000
v -0.006522 0.011216 0.000000
v -0.006695 0.011189 0.000000
v -0.006174 0.011246 0.000000
v -0.006349 0.011235 0.000000
v -0.004469 0.010945 0.000000
v -0.006522 0.003284 0.000000
v -0.006349 0.003265 0.000000
v -0.007847 0.003702 0.000000
v -0.007690 0.003625 0.000000
v -0.009374 0.005101 0.000000
v -0.009277 0.004956 0.000000
v -0.009548 0.005403 0.000000
v -0.009464 0.005250 0.000000
v -0.009966 0.007772 0.000000
v -0.009985 0.007599 0.000000
v -0.009464 0.009250 0.000000
v -0.009548 0.009097 0.000000
v -0.007368 0.011009 0.000000
v -0.007531 0.010945 0.000000
v -0.007035 0.011114 0.000000
v -0.007203 0.011065 0.000000
v -0.004965 0.011114 0.000000
v -0.006174 0.003254 0.000000
v -0.006000 0.003250 0.000000
v -0.007531 0.003554 0.000000
v -0.009064 0.004679 0.000000
v -0.008949 0.004548 0.000000
v -0.009696 0.005719 0.000000
v -0.009625 0.005560 0.000000
v -0.009815 0.006047 0.000000
v -0.009759 0.005882 0.000000
v -0.009905 0.006384 0.000000
v -0.009864 0.006215 0.000000
v -0.006866 0.011155 0.000000
v -0.005478 0.011216 0.000000
v -0.005651 0.011235 0.000000
v -0.005134 0.011155 0.000000
v -0.005305 0.011189 0.000000
v -0.009173 0.004815 0.000000
v -0.008435 0.004077 0.000000
v -0.008294 0.003973 0.000000
v -0.009939 0.006555 0.000000
v -0.009996 0.007424 0.000000
v -0.010000 0.007250 0.000000
v -0.008149 0.003876 0.000000
v -0.008000 0.003786 0.000000
v -0.008571 0.004186 0.000000
v -0.008828 0.004422 0.000000
v -0.008702 0.004301 0.000000
v -0.009985 0.006901 0.000000
v -0.009966 0.006728 0.000000
v -0.005826 0.011246 0.000000
v -0.006000 0.011250 0.000000
v -0.009996 0.007076 0.000000
v -0.010500 0.015250 0.008000
v 0.010500 0.015250 0.008000
v 0.010500 0.000000 -0.006150
v -0.010500 0.000000 -0.006150
v -0.002004 0.007076 0.003000
v -0.002000 0.007250 0.003000
v -0.002015 0.006901 0.003000
v -0.002034 0.006728 0.003000
v -0.002061 0.006555 0.003000
v -0.002095 0.006384 0.003000
v -0.002136 0.006215 0.003000
v -0.002185 0.006047 0.003000
v -0.002241 0.005882 0.003000
v -0.002304 0.005719 0.003000
v -0.002375 0.005560 0.003000
v -0.002452 0.005403 0.003000
v -0.002536 0.005250 0.003000
v -0.002626 0.005101 0.003000
v -0.002723 0.004956 0.003000
v -0.002827 0.004815 0.003000
v -0.002936 0.004679 0.003000
v -0.003051 0.004548 0.003000
v -0.003172 0.004422 0.003000
v -0.003298 0.004301 0.003000
v -0.003429 0.004186 0.003000
v -0.003565 0.004077 0.003000
v -0.003706 0.003973 0.003000
v -0.003851 0.003876 0.003000
v -0.004000 0.003786 0.003000
v -0.004153 0.003702 0.003000
v -0.004310 0.003625 0.003000
v -0.004469 0.003554 0.003000
v -0.004632 0.003491 0.003000
v -0.004797 0.003435 0.003000
v -0.004965 0.003386 0.003000
v -0.005134 0.003345 0.003000
v -0.005305 0.003311 0.003000
v -0.005478 0.003284 0.003000
v -0.005651 0.003265 0.003000
v -0.005826 0.003254 0.003000
v -0.006000 0.003250 0.003000
v -0.006174 0.003254 0.003000
v -0.006349 0.003265 0.003000
v -0.006522 0.003284 0.003000
v -0.006695 0.003311 0.003000
v -0.006866 0.003345 0.003000
v -0.007035 0.003386 0.003000
v -0.007203 0.003435 0.003000
v -0.007368 0.003491 0.003000
v -0.007531 0.003554 0.003000
v -0.007690 0.003625 0.003000
v -0.007847 0.003702 0.003000
v -0.008000 0.003786 0.003000
v -0.008149 0.003876 0.003000
v -0.008294 0.003973 0.003000
v -0.008435 0.004077 0.003000
v -0.008571 0.004186 0.003000
v -0.008702 0.004301 0.003000
v -0.008828 0.004422 0.003000
v -0.008949 0.004548 0.003000
v -0.009064 0.004679 0.003000
v -0.009173 0.004815 0.003000
v -0.009277 0.004956 0.003000
v -0.009374 0.005101 0.003000
v -0.009464 0.005250 0.003000
v -0.009548 0.005403 0.003000
v -0.009625 0.005560 0.003000
v -0.009696 0.005719 0.003000
v -0.009759 0.005882 0.003000
v -0.009815 0.006047 0.003000
v -0.009864 0.006215 0.003000
v -0.009905 0.006384 0.003000
v -0.009939 0.006555 0.003000
v -0.009966 0.006728 0.003000
v -0.009985 0.006901 0.003000
v -0.009996 0.007076 0.003000
v -0.010000 0.007250 0.003000
v -0.009996 0.007424 0.003000
v -0.009985 0.007599 0.003000
v -0.009966 0.007772 0.003000
v -0.009939 0.007945 0.003000
v -0.009905 0.008116 0.003000
v -0.009864 0.008285 0.003000
v -0.009815 0.008453 0.003000
v -0.009759 0.008618 0.003000
v -0.009696 0.008781 0.003000
v -0.009625 0.008940 0.003000
v -0.009548 0.009097 0.003000
v -0.009464 0.009250 0.003000
v -0.009374 0.009399 0.003000
v -0.009277 0.009544 0.003000
v -0.009173 0.009685 0.003000
v -0.009064 0.009821 0.003000
v -0.008949 0.009952 0.003000
v -0.008828 0.010078 0.003000
v -0.008702 0.010199 0.003000
v -0.008571 0.010314 0.003000
v -0.008435 0.010423 0.003000
v -0.008294 0.010527 0.003000
v -0.008149 0.010624 0.003000
v -0.008000 0.010714 0.003000
v -0.007847 0.010798 0.003000
v -0.007690 0.010875 0.003000
v -0.007531 0.010945 0.003000
v -0.007368 0.011009 0.003000
v -0.007203 0.011065 0.003000
v -0.007035 0.011114 0.003000
v -0.006866 0.011155 0.003000
v -0.006695 0.011189 0.003000
v -0.006522 0.011216 0.003000
v -0.006349 0.011235 0.003000
v -0.006174 0.011246 0.003000
v -0.006000 0.011250 0.003000
v -0.005826 0.011246 0.003000
v -0.005651 0.011235 0.003000
v -0.005478 0.011216 0.003000
v -0.005305 0.011189 0.003000
v -0.005134 0.011155 0.003000
v -0.004965 0.011114 0.003000
v -0.004797 0.011065 0.003000
v -0.004632 0.011009 0.003000
v -0.004469 0.010945 0.003000
v -0.004310 0.010875 0.003000
v -0.004153 0.010798 0.003000
v -0.004000 0.010714 0.003000
v -0.003851 0.010624 0.003000
v -0.003706 0.010527 0.003000
v -0.003565 0.010423 0.003000
v -0.003429 0.010314 0.003000
v -0.003298 0.010199 0.003000
v -0.003172 0.010078 0.003000
v -0.003051 0.009952 0.003000
v -0.002936 0.009821 0.003000
v -0.002827 0.009685 0.003000
v -0.002723 0.009544 0.003000
v -0.002626 0.009399 0.003000
v -0.002536 0.009250 0.003000
v -0.002452 0.009097 0.003000
v -0.002375 0.008940 0.003000
v -0.002304 0.008781 0.003000
v -0.002241 0.008618 0.003000
v -0.002185 0.008453 0.003000
v -0.002136 0.008285 0.003000
v -0.002095 0.008116 0.003000
v -0.002061 0.007945 0.003000
v -0.002034 0.007772 0.003000
v -0.002015 0.007599 0.003000
v -0.002004 0.007424 0.003000
v -0.005719 0.005118 0.003000
v -0.005813 0.005108 0.003000
v -0.005535 0.005151 0.003000
v -0.005627 0.005133 0.003000
v -0.005906 0.005102 0.003000
v -0.005177 0.005264 0.003000
v -0.005091 0.005301 0.003000
v -0.005265 0.005230 0.003000
v -0.005353 0.005200 0.003000
v -0.005444 0.005173 0.003000
v -0.006000 0.005100 0.003000
v -0.006094 0.005102 0.003000
v -0.003852 0.007156 0.003000
v -0.003850 0.007250 0.003000
v -0.003858 0.007063 0.003000
v -0.003883 0.006877 0.003000
v -0.003868 0.006969 0.003000
v -0.003901 0.006785 0.003000
v -0.007309 0.008956 0.003000
v -0.007233 0.009011 0.003000
v -0.006000 0.009400 0.003000
v -0.006094 0.009398 0.003000
v -0.005906 0.009398 0.003000
v -0.004051 0.008159 0.003000
v -0.004093 0.008243 0.003000
v -0.004014 0.008073 0.003000
v -0.003858 0.007437 0.003000
v -0.003868 0.007531 0.003000
v -0.003852 0.007344 0.003000
v -0.003923 0.006694 0.003000
v -0.003950 0.006603 0.003000
v -0.003980 0.006515 0.003000
v -0.004239 0.006017 0.003000
v -0.004294 0.005941 0.003000
v -0.007585 0.008703 0.003000
v -0.007520 0.008770 0.003000
v -0.007382 0.008897 0.003000
v -0.007453 0.008835 0.003000
v -0.007155 0.009063 0.003000
v -0.007075 0.009112 0.003000
v -0.005813 0.009392 0.003000
v -0.003980 0.007985 0.003000
v -0.003950 0.007897 0.003000
v -0.003923 0.007806 0.003000
v -0.003901 0.007715 0.003000
v -0.003883 0.007623 0.003000
v -0.004093 0.006257 0.003000
v -0.004051 0.006341 0.003000
v -0.004138 0.006175 0.003000
v -0.004187 0.006095 0.003000
v -0.004925 0.005388 0.003000
v -0.004845 0.005437 0.003000
v -0.005007 0.005343 0.003000
v -0.006909 0.005301 0.003000
v -0.006823 0.005264 0.003000
v -0.006993 0.005343 0.003000
v -0.007949 0.008159 0.003000
v -0.007907 0.008243 0.003000
v -0.007647 0.008632 0.003000
v -0.006993 0.009157 0.003000
v -0.006823 0.009236 0.003000
v -0.006909 0.009199 0.003000
v -0.006735 0.009270 0.003000
v -0.006281 0.009382 0.003000
v -0.006373 0.009367 0.003000
v -0.006187 0.009392 0.003000
v -0.004014 0.006427 0.003000
v -0.004353 0.005868 0.003000
v -0.004415 0.005797 0.003000
v -0.004547 0.005665 0.003000
v -0.004480 0.005730 0.003000
v -0.004618 0.005603 0.003000
v -0.004767 0.005489 0.003000
v -0.006187 0.005108 0.003000
v -0.007075 0.005388 0.003000
v -0.007382 0.005603 0.003000
v -0.007309 0.005544 0.003000
v -0.007453 0.005665 0.003000
v -0.007986 0.008073 0.003000
v -0.007862 0.008325 0.003000
v -0.007813 0.008405 0.003000
v -0.007761 0.008483 0.003000
v -0.007706 0.008559 0.003000
v -0.006647 0.009300 0.003000
v -0.006556 0.009327 0.003000
v -0.006465 0.009349 0.003000
v -0.005719 0.009382 0.003000
v -0.005627 0.009367 0.003000
v -0.005444 0.009327 0.003000
v -0.005535 0.009349 0.003000
v -0.005353 0.009300 0.003000
v -0.005177 0.009236 0.003000
v -0.005091 0.009199 0.003000
v -0.006281 0.005118 0.003000
v -0.006373 0.005133 0.003000
v -0.006465 0.005151 0.003000
v -0.006556 0.005173 0.003000
v -0.006735 0.005230 0.003000
v -0.006647 0.005200 0.003000
v -0.007155 0.005437 0.003000
v -0.007233 0.005489 0.003000
v -0.007520 0.005730 0.003000
v -0.007647 0.005868 0.003000
v -0.007585 0.005797 0.003000
v -0.007706 0.005941 0.003000
v -0.008050 0.007897 0.003000
v -0.008077 0.007806 0.003000
v -0.008020 0.007985 0.003000
v -0.005265 0.009270 0.003000
v -0.004691 0.005544 0.003000
v -0.004845 0.009063 0.003000
v -0.004925 0.009112 0.003000
v -0.004767 0.009011 0.003000
v -0.007907 0.006257 0.003000
v -0.007862 0.006175 0.003000
v -0.007949 0.006341 0.003000
v -0.004691 0.008956 0.003000
v -0.004415 0.008703 0.003000
v -0.004480 0.008770 0.003000
v -0.004353 0.008632 0.003000
v -0.007761 0.006017 0.003000
v -0.007813 0.006095 0.003000
v -0.007986 0.006427 0.003000
v -0.008050 0.006603 0.003000
v -0.008020 0.006515 0.003000
v -0.008077 0.006694 0.003000
v -0.008148 0.007344 0.003000
v -0.008150 0.007250 0.003000
v -0.008142 0.007437 0.003000
v -0.008099 0.007715 0.003000
v -0.008117 0.007623 0.003000
v -0.005007 0.009157 0.003000
v -0.004618 0.008897 0.003000
v -0.004547 0.008835 0.003000
v -0.004294 0.008559 0.003000
v -0.004239 0.008483 0.003000
v -0.004187 0.008405 0.003000
v -0.008099 0.006785 0.003000
v -0.008132 0.007531 0.003000
v -0.004138 0.008325 0.003000
v -0.008148 0.007156 0.003000
v -0.008117 0.006877 0.003000
v -0.008132 0.006969 0.003000
v -0.008142 0.007063 0.003000
v -0.003852 0.007156 0.005000
v -0.003850 0.007250 0.005000
v -0.003858 0.007063 0.005000
v -0.003868 0.006969 0.005000
v -0.003883 0.006877 0.005000
v -0.003901 0.006785 0.005000
v -0.003923 0.006694 0.005000
v -0.003950 0.006603 0.005000
v -0.003980 0.006515 0.005000
v -0.004014 0.006427 0.005000
v -0.004051 0.006341 0.005000
v -0.004093 0.006257 0.005000
v -0.004138 0.006175 0.005000
v -0.004187 0.006095 0.005000
v -0.004239 0.006017 0.005000
v -0.004294 0.005941 0.005000
v -0.004353 0.005868 0.005000
v -0.004415 0.005797 0.005000
v -0.004480 0.005730 0.005000
v -0.004547 0.005665 0.005000
v -0.004618 0.005603 0.005000
v -0.004691 0.005544 0.005000
v -0.004767 0.005489 0.005000
v -0.004845 0.005437 0.005000
v -0.004925 0.005388 0.005000
v -0.005007 0.005343 0.005000
v -0.005091 0.005301 0.005000
v -0.005177 0.005264 0.005000
v -0.005265 0.005230 0.005000
v -0.005353 0.005200 0.005000
v -0.005444 0.005173 0.005000
v -0.005535 0.005151 0.005000
v -0.005627 0.005133 0.005000
v -0.005719 0.005118 0.005000
v -0.005813 0.005108 0.005000
v -0.005906 0.005102 0.005000
v -0.006000 0.005100 0.005000
v -0.006094 0.005102 0.005000
v -0.006187 0.005108 0.005000
v -0.006281 0.005118 0.005000
v -0.006373 0.005133 0.005000
v -0.006465 0.005151 0.005000
v -0.006556 0.005173 0.005000
v -0.006647 0.005200 0.005000
v -0.006735 0.005230 0.005000
v -0.006823 0.005264 0.005000
v -0.006909 0.005301 0.005000
v -0.006993 0.005343 0.005000
v -0.007075 0.005388 0.005000
v -0.007155 0.005437 0.005000
v -0.007233 0.005489 0.005000
v -0.007309 0.005544 0.005000
v -0.007382 0.005603 0.005000
v -0.007453 0.005665 0.005000
v -0.007520 0.005730 0.005000
v -0.007585 0.005797 0.005000
v -0.007647 0.005868 0.005000
v -0.007706 0.005941 0.005000
v -0.007761 0.006017 0.005000
v -0.007813 0.006095 0.005000
v -0.007862 0.006175 0.005000
v -0.007907 0.006257 0.005000
v -0.007949 0.006341 0.005000
v -0.007986 0.006427 0.005000
v -0.008020 0.006515 0.005000
v -0.008050 0.006603 0.005000
v -0.008077 0.006694 0.005000
v -0.008099 0.006785 0.005000
v -0.008117 0.006877 0.005000
v -0.008132 0.006969 0.005000
v -0.008142 0.007063 0.005000
v -0.008148 0.007156 0.005000
v -0.008150 0.007250 0.005000
v -0.008148 0.007344 0.005000
v -0.008142 0.007437 0.005000
v -0.008132 0.007531 0.005000
v -0.008117 0.007623 0.005000
v -0.008099 0.007715 0.005000
v -0.008077 0.007806 0.005000
v -0.008050 0.007897 0.005000
v -0.008020 0.007985 0.005000
v -0.007986 0.008073 0.005000
v -0.007949 0.008159 0.005000
v -0.007907 0.008243 0.005000
v -0.007862 0.008325 0.005000
v -0.007813 0.008405 0.005000
v -0.007761 0.008483 0.005000
v -0.007706 0.008559 0.005000
v -0.007647 0.008632 0.005000
v -0.007585 0.008703 0.005000
v -0.007520 0.008770 0.005000
v -0.007453 0.008835 0.005000
v -0.007382 0.008897 0.005000
v -0.007309 0.008956 0.005000
v -0.007233 0.009011 0.005000
v -0.007155 0.009063 0.005000
v -0.007075 0.009112 0.005000
v -0.006993 0.009157 0.005000
v -0.006909 0.009199 0.005000
v -0.006823 0.009236 0.005000
v -0.006735 0.009270 0.005000
v -0.006647 0.009300 0.005000
v -0.006556 0.009327 0.005000
v -0.006465 0.009349 0.005000
v -0.006373 0.009367 0.005000
v -0.006281 0.009382 0.005000
v -0.006187 0.009392 0.005000
v -0.006094 0.009398 0.005000
v -0.006000 0.009400 0.005000
v -0.005906 0.009398 0.005000
v -0.005813 0.009392 0.005000
v -0.005719 0.009382 0.005000
v -0.005627 0.009367 0.005000
v -0.005535 0.009349 0.005000
v -0.005444 0.009327 0.005000
v -0.005353 0.009300 0.005000
v -0.005265 0.009270 0.005000
v -0.005177 0.009236 0.005000
v -0.005091 0.009199 0.005000
v -0.005007 0.009157 0.005000
v -0.004925 0.009112 0.005000
v -0.004845 0.009063 0.005000
v -0.004767 0.009011 0.005000
v -0.004691 0.008956 0.005000
v -0.004618 0.008897 0.005000
v -0.004547 0.008835 0.005000
v -0.004480 0.008770 0.005000
v -0.004415 0.008703 0.005000
v -0.004353 0.008632 0.005000
v -0.004294 0.008559 0.005000
v -0.004239 0.008483 0.005000
v -0.004187 0.008405 0.005000
v -0.004138 0.008325 0.005000
v -0.004093 0.008243 0.005000
v -0.004051 0.008159 0.005000
v -0.004014 0.008073 0.005000
v -0.003980 0.007985 0.005000
v -0.003950 0.007897 0.005000
v -0.003923 0.007806 0.005000
v -0.003901 0.007715 0.005000
v -0.003883 0.007623 0.005000
v -0.003868 0.007531 0.005000
v -0.003858 0.007437 0.005000
v -0.003852 0.007344 0.005000
v -0.005478 0.003284 0.005000
v -0.005305 0.003311 0.005000
v -0.005826 0.003254 0.005000
v -0.005651 0.003265 0.005000
v -0.005134 0.003345 0.005000
v -0.004965 0.003386 0.005000
v -0.006000 0.003250 0.005000
v -0.004797 0.003435 0.005000
v -0.004632 0.003491 0.005000
v -0.004469 0.003554 0.005000
v -0.004310 0.003625 0.005000
v -0.006000 0.011250 0.005000
v -0.006174 0.011246 0.005000
v -0.008435 0.010423 0.005000
v -0.008571 0.010314 0.005000
v -0.005826 0.011246 0.005000
v -0.008149 0.010624 0.005000
v -0.008294 0.010527 0.005000
v -0.008702 0.010199 0.005000
v -0.008949 0.009952 0.005000
v -0.009064 0.009821 0.005000
v -0.006349 0.011235 0.005000
v -0.006522 0.011216 0.005000
v -0.006695 0.011189 0.005000
v -0.007368 0.011009 0.005000
v -0.007531 0.010945 0.005000
v -0.007690 0.010875 0.005000
v -0.008000 0.010714 0.005000
v -0.008828 0.010078 0.005000
v -0.009173 0.009685 0.005000
v -0.009625 0.008940 0.005000
v -0.009696 0.008781 0.005000
v -0.006349 0.003265 0.005000
v -0.006174 0.003254 0.005000
v -0.004000 0.003786 0.005000
v -0.003851 0.003876 0.005000
v -0.002723 0.004956 0.005000
v -0.002626 0.005101 0.005000
v -0.004469 0.010945 0.005000
v -0.004632 0.011009 0.005000
v -0.004965 0.011114 0.005000
v -0.005134 0.011155 0.005000
v -0.005478 0.011216 0.005000
v -0.005651 0.011235 0.005000
v -0.007035 0.011114 0.005000
v -0.007203 0.011065 0.005000
v -0.007847 0.010798 0.005000
v -0.009277 0.009544 0.005000
v -0.009374 0.009399 0.005000
v -0.009464 0.009250 0.005000
v -0.009548 0.009097 0.005000
v -0.009759 0.008618 0.005000
v -0.007690 0.003625 0.005000
v -0.007531 0.003554 0.005000
v -0.004153 0.003702 0.005000
v -0.003706 0.003973 0.005000
v -0.002536 0.005250 0.005000
v -0.002452 0.005403 0.005000
v -0.002375 0.005560 0.005000
v -0.002061 0.006555 0.005000
v -0.002034 0.006728 0.005000
v -0.004797 0.011065 0.005000
v -0.005305 0.011189 0.005000
v -0.006866 0.011155 0.005000
v -0.009815 0.008453 0.005000
v -0.009864 0.008285 0.005000
v -0.008571 0.004186 0.005000
v -0.008435 0.004077 0.005000
v -0.007847 0.003702 0.005000
v -0.006522 0.003284 0.005000
v -0.003298 0.004301 0.005000
v -0.003172 0.004422 0.005000
v -0.002936 0.004679 0.005000
v -0.002827 0.004815 0.005000
v -0.002185 0.006047 0.005000
v -0.002136 0.006215 0.005000
v -0.002095 0.006384 0.005000
v -0.002015 0.006901 0.005000
v -0.002004 0.007076 0.005000
v -0.002000 0.007250 0.005000
v -0.002015 0.007599 0.005000
v -0.002034 0.007772 0.005000
v -0.002304 0.008781 0.005000
v -0.002375 0.008940 0.005000
v -0.002452 0.009097 0.005000
v -0.009625 0.005560 0.005000
v -0.009548 0.005403 0.005000
v -0.009464 0.005250 0.005000
v -0.009064 0.004679 0.005000
v -0.008949 0.004548 0.005000
v -0.008702 0.004301 0.005000
v -0.008294 0.003973 0.005000
v -0.008149 0.003876 0.005000
v -0.008000 0.003786 0.005000
v -0.007368 0.003491 0.005000
v -0.007203 0.003435 0.005000
v -0.006866 0.003345 0.005000
v -0.006695 0.003311 0.005000
v -0.003565 0.004077 0.005000
v -0.003429 0.004186 0.005000
v -0.003051 0.004548 0.005000
v -0.002061 0.007945 0.005000
v -0.002095 0.008116 0.005000
v -0.002136 0.008285 0.005000
v -0.002185 0.008453 0.005000
v -0.002241 0.008618 0.005000
v -0.003051 0.009952 0.005000
v -0.003172 0.010078 0.005000
v -0.003298 0.010199 0.005000
v -0.003429 0.010314 0.005000
v -0.003706 0.010527 0.005000
v -0.003851 0.010624 0.005000
v -0.004000 0.010714 0.005000
v -0.009815 0.006047 0.005000
v -0.009759 0.005882 0.005000
v -0.008828 0.004422 0.005000
v -0.007035 0.003386 0.005000
v -0.002304 0.005719 0.005000
v -0.002241 0.005882 0.005000
v -0.002723 0.009544 0.005000
v -0.002827 0.009685 0.005000
v -0.002936 0.009821 0.005000
v -0.003565 0.010423 0.005000
v -0.004153 0.010798 0.005000
v -0.004310 0.010875 0.005000
v -0.009905 0.008116 0.005000
v -0.009939 0.007945 0.005000
v -0.009996 0.007424 0.005000
v -0.010000 0.007250 0.005000
v -0.009864 0.006215 0.005000
v -0.009696 0.005719 0.005000
v -0.009277 0.004956 0.005000
v -0.009173 0.004815 0.005000
v -0.002536 0.009250 0.005000
v -0.002626 0.009399 0.005000
v -0.009966 0.007772 0.005000
v -0.009985 0.007599 0.005000
v -0.009996 0.007076 0.005000
v -0.009985 0.006901 0.005000
v -0.009374 0.005101 0.005000
v -0.002004 0.007424 0.005000
v -0.009966 0.006728 0.005000
v -0.009939 0.006555 0.005000
v -0.009905 0.006384 0.005000
v -0.002004 0.007076 0.008000
v -0.002000 0.007250 0.008000
v -0.002015 0.006901 0.008000
v -0.002034 0.006728 0.008000
v -0.002061 0.006555 0.008000
v -0.002095 0.006384 0.008000
v -0.002136 0.006215 0.008000
v -0.002185 0.006047 0.008000
v -0.002241 0.005882 0.008000
v -0.002304 0.005719 0.008000
v -0.002375 0.005560 0.008000
v -0.002452 0.005403 0.008000
v -0.002536 0.005250 0.008000
v -0.002626 0.005101 0.008000
v -0.002723 0.004956 0.008000
v -0.002827 0.004815 0.008000
v -0.002936 0.004679 0.008000
v -0.003051 0.004548 0.008000
v -0.003172 0.004422 0.008000
v -0.003298 0.004301 0.008000
v -0.003429 0.004186 0.008000
v -0.003565 0.004077 0.008000
v -0.003706 0.003973 0.008000
v -0.003851 0.003876 0.008000
v -0.004000 0.003786 0.008000
v -0.004153 0.003702 0.008000
v -0.004310 0.003625 0.008000
v -0.004469 0.003554 0.008000
v -0.004632 0.003491 0.008000
v -0.004797 0.003435 0.008000
v -0.004965 0.003386 0.008000
v -0.005134 0.003345 0.008000
v -0.005305 0.003311 0.008000
v -0.005478 0.003284 0.008000
v -0.005651 0.003265 0.008000
v -0.005826 0.003254 0.008000
v -0.006000 0.003250 0.008000
v -0.006174 0.003254 0.008000
v -0.006349 0.003265 0.008000
v -0.006522 0.003284 0.008000
v -0.006695 0.003311 0.008000
v -0.006866 0.003345 0.008000
v -0.007035 0.003386 0.008000
v -0.007203 0.003435 0.008000
v -0.007368 0.003491 0.008000
v -0.007531 0.003554 0.008000
v -0.007690 0.003625 0.008000
v -0.007847 0.003702 0.008000
v -0.008000 0.003786 0.008000
v -0.008149 0.003876 0.008000
v -0.008294 0.003973 0.008000
v -0.008435 0.004077 0.008000
v -0.008571 0.004186 0.008000
v -0.008702 0.004301 0.008000
v -0.008828 0.004422 0.008000
v -0.008949 0.004548 0.008000
v -0.009064 0.004679 0.008000
v -0.009173 0.004815 0.008000
v -0.009277 0.004956 0.008000
v -0.009374 0.005101 0.008000
v -0.009464 0.005250 0.008000
v -0.009548 0.005403 0.008000
v -0.009625 0.005560 0.008000
v -0.009696 0.005719 0.008000
v -0.009759 0.005882 0.008000
v -0.009815 0.006047 0.008000
v -0.009864 0.006215 0.008000
v -0.009905 0.006384 0.008000
v -0.009939 0.006555 0.008000
v -0.009966 0.006728 0.008000
v -0.009985 0.006901 0.008000
v -0.009996 0.007076 0.008000
v -0.010000 0.007250 0.008000
v -0.009996 0.007424 0.008000
v -0.009985 0.007599 0.008000
v -0.009966 0.007772 0.008000
v -0.009939 0.007945 0.008000
v -0.009905 0.008116 0.008000
v -0.009864 0.008285 0.008000
v -0.009815 0.008453 0.008000
v -0.009759 0.008618 0.008000
v -0.009696 0.008781 0.008000
v -0.009625 0.008940 0.008000
v -0.009548 0.009097 0.008000
v -0.009464 0.009250 0.008000
v -0.009374 0.009399 0.008000
v -0.009277 0.009544 0.008000
v -0.009173 0.009685 0.008000
v -0.009064 0.009821 0.008000
v -0.008949 0.009952 0.008000
v -0.008828 0.010078 0.008000
v -0.008702 0.010199 0.008000
v -0.008571 0.010314 0.008000
v -0.008435 0.010423 0.008000
v -0.008294 0.010527 0.008000
v -0.008149 0.010624 0.008000
v -0.008000 0.010714 0.008000
v -0.007847 0.010798 0.008000
v -0.007690 0.010875 0.008000
v -0.007531 0.010945 0.008000
v -0.007368 0.011009 0.008000
v -0.007203 0.011065 0.008000
v -0.007035 0.011114 0.008000
v -0.006866 0.011155 0.008000
v -0.006695 0.011189 0.008000
v -0.006522 0.011216 0.008000
v -0.006349 0.011235 0.008000
v -0.006174 0.011246 0.008000
v -0.006000 0.011250 0.008000
v -0.005826 0.011246 0.008000
v -0.005651 0.011235 0.008000
v -0.005478 0.011216 0.008000
v -0.005305 0.011189 0.008000
v -0.005134 0.011155 0.008000
v -0.004965 0.011114 0.008000
v -0.004797 0.011065 0.008000
v -0.004632 0.011009 0.008000
v -0.004469 0.010945 0.008000
v -0.004310 0.010875 0.008000
v -0.004153 0.010798 0.008000
v -0.004000 0.010714 0.008000
v -0.003851 0.010624 0.008000
v -0.003706 0.010527 0.008000
v -0.003565 0.010423 0.008000
v -0.003429 0.010314 0.008000
v -0.003298 0.010199 0.008000
v -0.003172 0.010078 0.008000
v -0.003051 0.009952 0.008000
v -0.002936 0.009821 0.008000
v -0.002827 0.009685 0.008000
v -0.002723 0.009544 0.008000
v -0.002626 0.009399 0.008000
v -0.002536 0.009250 0.008000
v -0.002452 0.009097 0.008000
v -0.002375 0.008940 0.008000
v -0.002304 0.008781 0.008000
v -0.002241 0.008618 0.008000
v -0.002185 0.008453 0.008000
v -0.002136 0.008285 0.008000
v -0.002095 0.008116 0.008000
v -0.002061 0.007945 0.008000
v -0.002034 0.007772 0.008000
v -0.002015 0.007599 0.008000
v -0.002004 0.007424 0.008000
v -0.010500 -0.005000 0.008000
v 0.010500 -0.005000 0.008000
v 0.010500 -0.024513 0.019266
v -0.010509 -0.024940 0.019512
v 0.010509 -0.024940 0.019512
v -0.010500 -0.024513 0.019266
v 0.010581 -0.025785 0.020000
v 0.010536 -0.025365 0.019758
v -0.010536 -0.025365 0.019758
v -0.010581 -0.025785 0.020000
v 0.010727 -0.026630 0.020000
v 0.010826 -0.027045 0.020000
v 0.010826 -0.027045 -0.001212
v 0.010645 -0.026211 0.020000
v 0.010727 -0.026630 -0.001451
v 0.010582 -0.025789 0.020000
v 0.010645 -0.026211 -0.001693
v 0.010582 -0.025789 -0.001937
v 0.010536 -0.025365 -0.002181
v 0.010509 -0.024940 -0.002427
v 0.010500 -0.024513 -0.002673
v -0.010582 -0.025789 0.020000
v -0.010582 -0.025789 -0.001937
v -0.010645 -0.026211 -0.001693
v -0.010645 -0.026211 0.020000
v -0.010727 -0.026630 -0.001451
v -0.010727 -0.026630 0.020000
v -0.010826 -0.027045 -0.001212
v -0.010509 -0.024940 -0.002427
v -0.010536 -0.025365 -0.002181
v -0.010500 -0.024513 -0.002673
v -0.010826 -0.027045 0.020000
v -0.014674 -0.041755 0.007281
v -0.014674 -0.041755 0.020000
v 0.014674 -0.041755 0.020000
v 0.014674 -0.041755 0.007281
v 0.010500 -0.009831 -0.011150
v 0.010500 0.015250 -0.011150
v 0.010500 0.015250 -0.006150
v -0.010500 -0.009831 -0.011150
v -0.010500 0.015250 -0.011150
v -0.010500 0.015250 -0.006150
v -0.014855 -0.042589 0.007763
v -0.014774 -0.042170 0.007521
v -0.014917 -0.043000 0.008000
v 0.014774 -0.042170 0.007521
v 0.014855 -0.042589 0.007763
v 0.014917 -0.043000 0.008000
v 0.015000 -0.044287 0.020000
v 0.015000 -0.044287 0.008000
v 0.014991 -0.043860 0.008000
v 0.014991 -0.043860 0.020000
v 0.014964 -0.043435 0.008000
v 0.014964 -0.043435 0.020000
v 0.014918 -0.043010 0.008000
v 0.014918 -0.043010 0.020000
v 0.014855 -0.042589 0.020000
v 0.014774 -0.042170 0.020000
v -0.014774 -0.042170 0.020000
v -0.014918 -0.043010 0.020000
v -0.014855 -0.042589 0.020000
v -0.014964 -0.043435 0.008000
v -0.014964 -0.043435 0.020000
v -0.014991 -0.043860 0.008000
v -0.014991 -0.043860 0.020000
v -0.015000 -0.044287 0.008000
v -0.015000 -0.044287 0.020000
v -0.014918 -0.043010 0.008000
v 0.004352 0.007178 -0.006150
v 0.004350 0.007250 -0.006150
v -0.004350 0.007250 -0.006150
v -0.004356 0.007106 -0.006150
v 0.004364 0.007035 -0.006150
v 0.004356 0.007106 -0.006150
v -0.004352 0.007178 -0.006150
v 0.004375 0.006963 -0.006150
v 0.004406 0.006823 -0.006150
v 0.004389 0.006893 -0.006150
v 0.004450 0.006686 -0.006150
v 0.004426 0.006754 -0.006150
v 0.004505 0.006553 -0.006150
v 0.004476 0.006619 -0.006150
v 0.004571 0.006425 -0.006150
v -0.004648 0.006304 -0.006150
v -0.004691 0.006246 -0.006150
v -0.004505 0.006553 -0.006150
v -0.004536 0.006488 -0.006150
v 0.004536 0.006488 -0.006150
v -0.005303 0.005755 -0.006150
v 0.004648 0.006304 -0.006150
v 0.004608 0.006363 -0.006150
v -0.004608 0.006363 -0.006150
v -0.004571 0.006425 -0.006150
v -0.004364 0.007035 -0.006150
v 0.004691 0.006246 -0.006150
v -0.004450 0.006686 -0.006150
v -0.004476 0.006619 -0.006150
v -0.004389 0.006893 -0.006150
v -0.004406 0.006823 -0.006150
v 0.004736 0.006189 -0.006150
v -0.004939 0.005986 -0.006150
v -0.004996 0.005941 -0.006150
v -0.004736 0.006189 -0.006150
v -0.004783 0.006135 -0.006150
v -0.004426 0.006754 -0.006150
v -0.004375 0.006963 -0.006150
v 0.004783 0.006135 -0.006150
v 0.007524 0.007881 -0.006150
v 0.007550 0.007814 -0.006150
v -0.004375 0.007537 -0.006150
v 0.004406 0.007677 -0.006150
v 0.004426 0.007746 -0.006150
v -0.005054 0.005898 -0.006150
v -0.005113 0.005858 -0.006150
v -0.004833 0.006083 -0.006150
v -0.004885 0.006033 -0.006150
v 0.004833 0.006083 -0.006150
v 0.004939 0.005986 -0.006150
v 0.004885 0.006033 -0.006150
v 0.005113 0.005858 -0.006150
v 0.005054 0.005898 -0.006150
v 0.007574 0.007746 -0.006150
v 0.007264 0.008311 -0.006150
v 0.007309 0.008254 -0.006150
v 0.004648 0.008196 -0.006150
v 0.004691 0.008254 -0.006150
v 0.004450 0.007814 -0.006150
v -0.005369 0.005726 -0.006150
v -0.005436 0.005700 -0.006150
v 0.005369 0.005726 -0.006150
v -0.005175 0.005821 -0.006150
v 0.004996 0.005941 -0.006150
v 0.005238 0.005786 -0.006150
v 0.005175 0.005821 -0.006150
v 0.005303 0.005755 -0.006150
v 0.005643 0.005639 -0.006150
v 0.005573 0.005656 -0.006150
v 0.007495 0.007947 -0.006150
v 0.007429 0.008075 -0.006150
v 0.007464 0.008012 -0.006150
v 0.007352 0.008196 -0.006150
v 0.007392 0.008137 -0.006150
v 0.007217 0.008365 -0.006150
v 0.006697 0.008745 -0.006150
v 0.006762 0.008714 -0.006150
v 0.006564 0.008800 -0.006150
v 0.006631 0.008774 -0.006150
v 0.005504 0.008824 -0.006150
v 0.005573 0.008844 -0.006150
v 0.004736 0.008311 -0.006150
v 0.004476 0.007881 -0.006150
v 0.004375 0.007537 -0.006150
v 0.004389 0.007607 -0.006150
v -0.004352 0.007322 -0.006150
v -0.005504 0.005676 -0.006150
v -0.005573 0.005656 -0.006150
v -0.005238 0.005786 -0.006150
v 0.005713 0.005625 -0.006150
v 0.006072 0.005602 -0.006150
v 0.006000 0.005600 -0.006150
v 0.007115 0.008467 -0.006150
v 0.007167 0.008417 -0.006150
v 0.006427 0.008844 -0.006150
v 0.006496 0.008824 -0.006150
v 0.006287 0.008875 -0.006150
v 0.006357 0.008861 -0.006150
v 0.006000 0.008900 -0.006150
v 0.006072 0.008898 -0.006150
v 0.005856 0.008894 -0.006150
v 0.005928 0.008898 -0.006150
v 0.005713 0.008875 -0.006150
v 0.005785 0.008886 -0.006150
v 0.005643 0.008861 -0.006150
v -0.004450 0.007814 -0.006150
v 0.005113 0.008642 -0.006150
v 0.005175 0.008679 -0.006150
v 0.004608 0.008137 -0.006150
v 0.004536 0.008012 -0.006150
v 0.004571 0.008075 -0.006150
v 0.004505 0.007947 -0.006150
v 0.004364 0.007465 -0.006150
v -0.004356 0.007394 -0.006150
v 0.004352 0.007322 -0.006150
v 0.004356 0.007394 -0.006150
v -0.005643 0.005639 -0.006150
v -0.005713 0.005625 -0.006150
v 0.005504 0.005676 -0.006150
v 0.005436 0.005700 -0.006150
v 0.005856 0.005606 -0.006150
v 0.005785 0.005614 -0.006150
v 0.005928 0.005602 -0.006150
v 0.007611 0.007607 -0.006150
v 0.007625 0.007537 -0.006150
v 0.007594 0.007677 -0.006150
v 0.007004 0.008559 -0.006150
v 0.007061 0.008514 -0.006150
v 0.006825 0.008679 -0.006150
v 0.005238 0.008714 -0.006150
v 0.004996 0.008559 -0.006150
v 0.005054 0.008602 -0.006150
v -0.004364 0.007465 -0.006150
v -0.004783 0.008365 -0.006150
v -0.004736 0.008311 -0.006150
v 0.007352 0.006304 -0.006150
v 0.007309 0.006246 -0.006150
v 0.007636 0.007035 -0.006150
v 0.007625 0.006963 -0.006150
v 0.007650 0.007250 -0.006150
v 0.007648 0.007178 -0.006150
v 0.006887 0.008642 -0.006150
v 0.006946 0.008602 -0.006150
v 0.006144 0.008894 -0.006150
v 0.006215 0.008886 -0.006150
v 0.005303 0.008745 -0.006150
v 0.005369 0.008774 -0.006150
v -0.004608 0.008137 -0.006150
v -0.004571 0.008075 -0.006150
v -0.004691 0.008254 -0.006150
v -0.004648 0.008196 -0.006150
v -0.007115 0.006033 -0.006150
v -0.007167 0.006083 -0.006150
v -0.007004 0.005941 -0.006150
v -0.007061 0.005986 -0.006150
v -0.006287 0.005625 -0.006150
v -0.006357 0.005639 -0.006150
v -0.005928 0.005602 -0.006150
v -0.006000 0.005600 -0.006150
v 0.007392 0.006363 -0.006150
v 0.007464 0.006488 -0.006150
v 0.007429 0.006425 -0.006150
v 0.007594 0.006823 -0.006150
v 0.007574 0.006754 -0.006150
v 0.007611 0.006893 -0.006150
v 0.007644 0.007106 -0.006150
v 0.005436 0.008800 -0.006150
v 0.004885 0.008467 -0.006150
v 0.004939 0.008514 -0.006150
v 0.004783 0.008365 -0.006150
v -0.004406 0.007677 -0.006150
v -0.004389 0.007607 -0.006150
v -0.004536 0.008012 -0.006150
v -0.004505 0.007947 -0.006150
v -0.005113 0.008642 -0.006150
v -0.005054 0.008602 -0.006150
v -0.007464 0.006488 -0.006150
v -0.007495 0.006553 -0.006150
v -0.007217 0.006135 -0.006150
v -0.007264 0.006189 -0.006150
v -0.006496 0.005676 -0.006150
v -0.006564 0.005700 -0.006150
v -0.006427 0.005656 -0.006150
v -0.006144 0.005606 -0.006150
v -0.006215 0.005614 -0.006150
v -0.006072 0.005602 -0.006150
v -0.005785 0.005614 -0.006150
v -0.005856 0.005606 -0.006150
v 0.006215 0.005614 -0.006150
v 0.006144 0.005606 -0.006150
v 0.006357 0.005639 -0.006150
v 0.006287 0.005625 -0.006150
v 0.007524 0.006619 -0.006150
v 0.007495 0.006553 -0.006150
v 0.007550 0.006686 -0.006150
v 0.007648 0.007322 -0.006150
v 0.007636 0.007465 -0.006150
v 0.007644 0.007394 -0.006150
v 0.004833 0.008417 -0.006150
v -0.004426 0.007746 -0.006150
v -0.004885 0.008467 -0.006150
v -0.004833 0.008417 -0.006150
v -0.004996 0.008559 -0.006150
v -0.005436 0.008800 -0.006150
v -0.005369 0.008774 -0.006150
v -0.005573 0.008844 -0.006150
v -0.006000 0.008900 -0.006150
v -0.005928 0.008898 -0.006150
v -0.006144 0.008894 -0.006150
v -0.006072 0.008898 -0.006150
v -0.006427 0.008844 -0.006150
v -0.006357 0.008861 -0.006150
v -0.007636 0.007465 -0.006150
v -0.007625 0.007537 -0.006150
v -0.007648 0.007322 -0.006150
v -0.007644 0.007394 -0.006150
v -0.007648 0.007178 -0.006150
v -0.007650 0.007250 -0.006150
v -0.007625 0.006963 -0.006150
v -0.007636 0.007035 -0.006150
v -0.007594 0.006823 -0.006150
v -0.007611 0.006893 -0.006150
v -0.007550 0.006686 -0.006150
v -0.007574 0.006754 -0.006150
v -0.007524 0.006619 -0.006150
v -0.006887 0.005858 -0.006150
v -0.006946 0.005898 -0.006150
v -0.006762 0.005786 -0.006150
v -0.006825 0.005821 -0.006150
v -0.006631 0.005726 -0.006150
v -0.006697 0.005755 -0.006150
v 0.006631 0.005726 -0.006150
v 0.006564 0.005700 -0.006150
v 0.007004 0.005941 -0.006150
v 0.006946 0.005898 -0.006150
v 0.007115 0.006033 -0.006150
v 0.007061 0.005986 -0.006150
v -0.004939 0.008514 -0.006150
v -0.005303 0.008745 -0.006150
v -0.005238 0.008714 -0.006150
v -0.005504 0.008824 -0.006150
v -0.005856 0.008894 -0.006150
v -0.005785 0.008886 -0.006150
v -0.006496 0.008824 -0.006150
v -0.006946 0.008602 -0.006150
v -0.006887 0.008642 -0.006150
v -0.007611 0.007607 -0.006150
v -0.007352 0.006304 -0.006150
v -0.007392 0.006363 -0.006150
v 0.006496 0.005676 -0.006150
v 0.006427 0.005656 -0.006150
v 0.006697 0.005755 -0.006150
v 0.006825 0.005821 -0.006150
v 0.006762 0.005786 -0.006150
v 0.007264 0.006189 -0.006150
v 0.007217 0.006135 -0.006150
v -0.004476 0.007881 -0.006150
v -0.005713 0.008875 -0.006150
v -0.005643 0.008861 -0.006150
v -0.006287 0.008875 -0.006150
v -0.006215 0.008886 -0.006150
v -0.006564 0.008800 -0.006150
v -0.006697 0.008745 -0.006150
v -0.006631 0.008774 -0.006150
v -0.006825 0.008679 -0.006150
v -0.007594 0.007677 -0.006150
v -0.007644 0.007106 -0.006150
v -0.007429 0.006425 -0.006150
v -0.007309 0.006246 -0.006150
v 0.006887 0.005858 -0.006150
v 0.007167 0.006083 -0.006150
v -0.006762 0.008714 -0.006150
v -0.007217 0.008365 -0.006150
v -0.007167 0.008417 -0.006150
v -0.007309 0.008254 -0.006150
v -0.007264 0.008311 -0.006150
v -0.007524 0.007881 -0.006150
v -0.007495 0.007947 -0.006150
v -0.007574 0.007746 -0.006150
v -0.005175 0.008679 -0.006150
v -0.007392 0.008137 -0.006150
v -0.007352 0.008196 -0.006150
v -0.007550 0.007814 -0.006150
v -0.007115 0.008467 -0.006150
v -0.007061 0.008514 -0.006150
v -0.007464 0.008012 -0.006150
v -0.007429 0.008075 -0.006150
v -0.007004 0.008559 -0.006150
v 0.004352 0.007322 -0.011150
v 0.004350 0.007250 -0.011150
v -0.004350 0.007250 -0.011150
v -0.004375 0.007537 -0.011150
v 0.004450 0.007814 -0.011150
v 0.004426 0.007746 -0.011150
v -0.004352 0.007322 -0.011150
v -0.004356 0.007106 -0.011150
v -0.004352 0.007178 -0.011150
v 0.004476 0.007881 -0.011150
v 0.004736 0.008311 -0.011150
v 0.004691 0.008254 -0.011150
v 0.005643 0.008861 -0.011150
v 0.005573 0.008844 -0.011150
v 0.007574 0.007746 -0.011150
v 0.007550 0.007814 -0.011150
v -0.004356 0.007394 -0.011150
v 0.004364 0.007465 -0.011150
v 0.004356 0.007394 -0.011150
v 0.004406 0.007677 -0.011150
v 0.004389 0.007607 -0.011150
v 0.004505 0.007947 -0.011150
v 0.004783 0.008365 -0.011150
v 0.005713 0.008875 -0.011150
v 0.005856 0.008894 -0.011150
v 0.005785 0.008886 -0.011150
v 0.006000 0.008900 -0.011150
v 0.005928 0.008898 -0.011150
v 0.006144 0.008894 -0.011150
v 0.006072 0.008898 -0.011150
v 0.006697 0.008745 -0.011150
v 0.006631 0.008774 -0.011150
v 0.006825 0.008679 -0.011150
v 0.006762 0.008714 -0.011150
v 0.007352 0.008196 -0.011150
v 0.007309 0.008254 -0.011150
v 0.007594 0.007677 -0.011150
v -0.004364 0.007465 -0.011150
v 0.004375 0.007537 -0.011150
v 0.004536 0.008012 -0.011150
v 0.004608 0.008137 -0.011150
v 0.004571 0.008075 -0.011150
v 0.004648 0.008196 -0.011150
v 0.006427 0.008844 -0.011150
v 0.006357 0.008861 -0.011150
v 0.006564 0.008800 -0.011150
v 0.006496 0.008824 -0.011150
v 0.007264 0.008311 -0.011150
v 0.007429 0.008075 -0.011150
v 0.007392 0.008137 -0.011150
v 0.007495 0.007947 -0.011150
v 0.007464 0.008012 -0.011150
v 0.007524 0.007881 -0.011150
v 0.007495 0.006553 -0.011150
v 0.007524 0.006619 -0.011150
v 0.007429 0.006425 -0.011150
v 0.007464 0.006488 -0.011150
v 0.007352 0.006304 -0.011150
v 0.007392 0.006363 -0.011150
v -0.004375 0.006963 -0.011150
v -0.004364 0.007035 -0.011150
v 0.005504 0.008824 -0.011150
v 0.005436 0.008800 -0.011150
v 0.006287 0.008875 -0.011150
v 0.006215 0.008886 -0.011150
v 0.006887 0.008642 -0.011150
v 0.007217 0.008365 -0.011150
v 0.007167 0.008417 -0.011150
v 0.007594 0.006823 -0.011150
v 0.007611 0.006893 -0.011150
v 0.007550 0.006686 -0.011150
v 0.007574 0.006754 -0.011150
v 0.007264 0.006189 -0.011150
v 0.007309 0.006246 -0.011150
v 0.005369 0.008774 -0.011150
v 0.005303 0.008745 -0.011150
v 0.007004 0.008559 -0.011150
v 0.006946 0.008602 -0.011150
v 0.007115 0.008467 -0.011150
v 0.007061 0.008514 -0.011150
v 0.007611 0.007607 -0.011150
v 0.007636 0.007465 -0.011150
v 0.007625 0.007537 -0.011150
v 0.007648 0.007322 -0.011150
v 0.007644 0.007394 -0.011150
v 0.007648 0.007178 -0.011150
v 0.007650 0.007250 -0.011150
v 0.007636 0.007035 -0.011150
v 0.007644 0.007106 -0.011150
v 0.007625 0.006963 -0.011150
v 0.007167 0.006083 -0.011150
v 0.007217 0.006135 -0.011150
v -0.004389 0.007607 -0.011150
v 0.006496 0.005676 -0.011150
v 0.006564 0.005700 -0.011150
v 0.006357 0.005639 -0.011150
v 0.006427 0.005656 -0.011150
v 0.005856 0.005606 -0.011150
v 0.005928 0.005602 -0.011150
v 0.005573 0.005656 -0.011150
v 0.005643 0.005639 -0.011150
v 0.005504 0.005676 -0.011150
v -0.005928 0.005602 -0.011150
v -0.005856 0.005606 -0.011150
v -0.004691 0.008254 -0.011150
v -0.004736 0.008311 -0.011150
v -0.004608 0.008137 -0.011150
v -0.004648 0.008196 -0.011150
v -0.004505 0.007947 -0.011150
v -0.004536 0.008012 -0.011150
v -0.004406 0.007677 -0.011150
v -0.004426 0.007746 -0.011150
v -0.004648 0.006304 -0.011150
v -0.004608 0.006363 -0.011150
v -0.004736 0.006189 -0.011150
v -0.004691 0.006246 -0.011150
v 0.007004 0.005941 -0.011150
v 0.007061 0.005986 -0.011150
v 0.006631 0.005726 -0.011150
v 0.006000 0.005600 -0.011150
v 0.006072 0.005602 -0.011150
v 0.005713 0.005625 -0.011150
v 0.005785 0.005614 -0.011150
v 0.005369 0.005726 -0.011150
v 0.005436 0.005700 -0.011150
v 0.004536 0.006488 -0.011150
v 0.004505 0.006553 -0.011150
v 0.004476 0.006619 -0.011150
v -0.005785 0.005614 -0.011150
v -0.006144 0.005606 -0.011150
v -0.006072 0.005602 -0.011150
v -0.004783 0.008365 -0.011150
v -0.004571 0.008075 -0.011150
v -0.004426 0.006754 -0.011150
v -0.004406 0.006823 -0.011150
v -0.004450 0.007814 -0.011150
v 0.005113 0.008642 -0.011150
v 0.005054 0.008602 -0.011150
v 0.005238 0.008714 -0.011150
v 0.005175 0.008679 -0.011150
v -0.004833 0.006083 -0.011150
v -0.004783 0.006135 -0.011150
v -0.005113 0.005858 -0.011150
v -0.005054 0.005898 -0.011150
v -0.005303 0.005755 -0.011150
v -0.005238 0.005786 -0.011150
v 0.007115 0.006033 -0.011150
v 0.006887 0.005858 -0.011150
v 0.006946 0.005898 -0.011150
v 0.006215 0.005614 -0.011150
v 0.006287 0.005625 -0.011150
v 0.005238 0.005786 -0.011150
v 0.005303 0.005755 -0.011150
v 0.005113 0.005858 -0.011150
v 0.005175 0.005821 -0.011150
v 0.004833 0.006083 -0.011150
v 0.004885 0.006033 -0.011150
v 0.004450 0.006686 -0.011150
v -0.006000 0.005600 -0.011150
v -0.006287 0.005625 -0.011150
v -0.006215 0.005614 -0.011150
v -0.006496 0.005676 -0.011150
v -0.006427 0.005656 -0.011150
v 0.004406 0.006823 -0.011150
v 0.004426 0.006754 -0.011150
v 0.004375 0.006963 -0.011150
v -0.005713 0.005625 -0.011150
v 0.004352 0.007178 -0.011150
v 0.004356 0.007106 -0.011150
v -0.004996 0.008559 -0.011150
v -0.005054 0.008602 -0.011150
v -0.004885 0.008467 -0.011150
v -0.004939 0.008514 -0.011150
v -0.004833 0.008417 -0.011150
v -0.004389 0.006893 -0.011150
v -0.004450 0.006686 -0.011150
v -0.004571 0.006425 -0.011150
v -0.004536 0.006488 -0.011150
v -0.004996 0.005941 -0.011150
v -0.005175 0.005821 -0.011150
v 0.006697 0.005755 -0.011150
v 0.006762 0.005786 -0.011150
v 0.006144 0.005606 -0.011150
v 0.004996 0.005941 -0.011150
v 0.005054 0.005898 -0.011150
v 0.004939 0.005986 -0.011150
v -0.006357 0.005639 -0.011150
v -0.006631 0.005726 -0.011150
v -0.006564 0.005700 -0.011150
v 0.004389 0.006893 -0.011150
v 0.004364 0.007035 -0.011150
v -0.006287 0.008875 -0.011150
v -0.006357 0.008861 -0.011150
v -0.005113 0.008642 -0.011150
v 0.004885 0.008467 -0.011150
v 0.004833 0.008417 -0.011150
v 0.004996 0.008559 -0.011150
v 0.004939 0.008514 -0.011150
v -0.004505 0.006553 -0.011150
v -0.004476 0.006619 -0.011150
v -0.004939 0.005986 -0.011150
v -0.004885 0.006033 -0.011150
v -0.005504 0.005676 -0.011150
v -0.005436 0.005700 -0.011150
v -0.005643 0.005639 -0.011150
v 0.006825 0.005821 -0.011150
v 0.004736 0.006189 -0.011150
v 0.004783 0.006135 -0.011150
v 0.004648 0.006304 -0.011150
v 0.004691 0.006246 -0.011150
v 0.004571 0.006425 -0.011150
v 0.004608 0.006363 -0.011150
v -0.006825 0.008679 -0.011150
v -0.006887 0.008642 -0.011150
v -0.006427 0.008844 -0.011150
v -0.006000 0.008900 -0.011150
v -0.006072 0.008898 -0.011150
v -0.005856 0.008894 -0.011150
v -0.005928 0.008898 -0.011150
v -0.004476 0.007881 -0.011150
v -0.005369 0.005726 -0.011150
v -0.005573 0.005656 -0.011150
v -0.006762 0.008714 -0.011150
v -0.006564 0.008800 -0.011150
v -0.006631 0.008774 -0.011150
v -0.006496 0.008824 -0.011150
v -0.006144 0.008894 -0.011150
v -0.006215 0.008886 -0.011150
v -0.005436 0.008800 -0.011150
v -0.005504 0.008824 -0.011150
v -0.005238 0.008714 -0.011150
v -0.005303 0.008745 -0.011150
v -0.006762 0.005786 -0.011150
v -0.006697 0.005755 -0.011150
v -0.006697 0.008745 -0.011150
v -0.005713 0.008875 -0.011150
v -0.005785 0.008886 -0.011150
v -0.005573 0.008844 -0.011150
v -0.005369 0.008774 -0.011150
v -0.005643 0.008861 -0.011150
v -0.007004 0.005941 -0.011150
v -0.006946 0.005898 -0.011150
v -0.007115 0.006033 -0.011150
v -0.007061 0.005986 -0.011150
v -0.005175 0.008679 -0.011150
v -0.006887 0.005858 -0.011150
v -0.006825 0.005821 -0.011150
v -0.007217 0.006135 -0.011150
v -0.007167 0.006083 -0.011150
v -0.007309 0.006246 -0.011150
v -0.007264 0.006189 -0.011150
v -0.007611 0.007607 -0.011150
v -0.007625 0.007537 -0.011150
v -0.007429 0.006425 -0.011150
v -0.007392 0.006363 -0.011150
v -0.007524 0.006619 -0.011150
v -0.007495 0.006553 -0.011150
v -0.007594 0.006823 -0.011150
v -0.007574 0.006754 -0.011150
v -0.007644 0.007394 -0.011150
v -0.007648 0.007322 -0.011150
v -0.007636 0.007465 -0.011150
v -0.007574 0.007746 -0.011150
v -0.007594 0.007677 -0.011150
v -0.007217 0.008365 -0.011150
v -0.007264 0.008311 -0.011150
v -0.007115 0.008467 -0.011150
v -0.007167 0.008417 -0.011150
v -0.007352 0.006304 -0.011150
v -0.007464 0.006488 -0.011150
v -0.007550 0.006686 -0.011150
v -0.007550 0.007814 -0.011150
v -0.007464 0.008012 -0.011150
v -0.007495 0.007947 -0.011150
v -0.007309 0.008254 -0.011150
v -0.007352 0.008196 -0.011150
v -0.007004 0.008559 -0.011150
v -0.007061 0.008514 -0.011150
v -0.007625 0.006963 -0.011150
v -0.007611 0.006893 -0.011150
v -0.007644 0.007106 -0.011150
v -0.007636 0.007035 -0.011150
v -0.007650 0.007250 -0.011150
v -0.007648 0.007178 -0.011150
v -0.007524 0.007881 -0.011150
v -0.007392 0.008137 -0.011150
v -0.007429 0.008075 -0.011150
v -0.006946 0.008602 -0.011150
v 0.000922 -0.050355 0.020000
v 0.000949 -0.050395 0.020000
v 0.001020 -0.050525 0.020000
v 0.001039 -0.050570 0.020000
v 0.001108 -0.050805 0.020000
v 0.001115 -0.050853 0.020000
v 0.001087 -0.050709 0.020000
v 0.001098 -0.050756 0.020000
v 0.001057 -0.050615 0.020000
v 0.001073 -0.050662 0.020000
v 0.000998 -0.050480 0.020000
v 0.000974 -0.050437 0.020000
v -0.001039 -0.069431 0.020000
v -0.014861 -0.074902 0.020000
v -0.014819 -0.075026 0.020000
v 0.000291 -0.049913 0.020000
v 0.000098 -0.049879 0.020000
v 0.000147 -0.049885 0.020000
v -0.000829 -0.050240 0.020000
v -0.000795 -0.050205 0.020000
v -0.001057 -0.069385 0.020000
v -0.001073 -0.069338 0.020000
v -0.015000 -0.074000 0.020000
v -0.014898 -0.074777 0.020000
v -0.014954 -0.074521 0.020000
v -0.014929 -0.074649 0.020000
v -0.014661 -0.075385 0.020000
v -0.014598 -0.075500 0.020000
v -0.014772 -0.075148 0.020000
v -0.014719 -0.075268 0.020000
v 0.000829 -0.050240 0.020000
v 0.000862 -0.050277 0.020000
v 0.000338 -0.049927 0.020000
v 0.000195 -0.049892 0.020000
v 0.000243 -0.049902 0.020000
v 0.000049 -0.049876 0.020000
v -0.000049 -0.049876 0.020000
v -0.000000 -0.049875 0.020000
v -0.000291 -0.049913 0.020000
v -0.000243 -0.049902 0.020000
v -0.000431 -0.049961 0.020000
v -0.000760 -0.050171 0.020000
v -0.000723 -0.050138 0.020000
v -0.000893 -0.050315 0.020000
v -0.000862 -0.050277 0.020000
v -0.001108 -0.050805 0.020000
v -0.001098 -0.050756 0.020000
v -0.001121 -0.050902 0.020000
v -0.001115 -0.050853 0.020000
v -0.001087 -0.069291 0.020000
v -0.001098 -0.069243 0.020000
v -0.014997 -0.074131 0.020000
v -0.014974 -0.074392 0.020000
v -0.014530 -0.075612 0.020000
v -0.014457 -0.075721 0.020000
v -0.001020 -0.069475 0.020000
v -0.014027 -0.076212 0.020000
v -0.013928 -0.076298 0.020000
v -0.014212 -0.076027 0.020000
v -0.014121 -0.076121 0.020000
v -0.014380 -0.075826 0.020000
v -0.000998 -0.069519 0.020000
v -0.013826 -0.076380 0.020000
v 0.001121 -0.050902 0.020000
v 0.001124 -0.050951 0.020000
v 0.000893 -0.050315 0.020000
v 0.000760 -0.050171 0.020000
v 0.000795 -0.050205 0.020000
v 0.000645 -0.050079 0.020000
v 0.000685 -0.050108 0.020000
v -0.000147 -0.049885 0.020000
v -0.000098 -0.049879 0.020000
v -0.000195 -0.049892 0.020000
v -0.000685 -0.050108 0.020000
v -0.000922 -0.050355 0.020000
v -0.000998 -0.050480 0.020000
v -0.000974 -0.050437 0.020000
v -0.001039 -0.050570 0.020000
v -0.001020 -0.050525 0.020000
v -0.001087 -0.050709 0.020000
v -0.000338 -0.067927 0.020000
v -0.000291 -0.067913 0.020000
v -0.001124 -0.051049 0.020000
v -0.001108 -0.069195 0.020000
v -0.014989 -0.074262 0.020000
v -0.014298 -0.075928 0.020000
v -0.013385 -0.076661 0.020000
v -0.013268 -0.076719 0.020000
v -0.013721 -0.076458 0.020000
v -0.000922 -0.069645 0.020000
v -0.012131 -0.076997 0.020000
v -0.012000 -0.077000 0.020000
v -0.012392 -0.076974 0.020000
v -0.012261 -0.076989 0.020000
v -0.012776 -0.076898 0.020000
v -0.012649 -0.076929 0.020000
v -0.013026 -0.076819 0.020000
v -0.012902 -0.076861 0.020000
v -0.000147 -0.067885 0.020000
v -0.001020 -0.051475 0.020000
v -0.001039 -0.051431 0.020000
v 0.000147 -0.067885 0.020000
v 0.000385 -0.052057 0.020000
v 0.000338 -0.052073 0.020000
v 0.000519 -0.051998 0.020000
v 0.000475 -0.052020 0.020000
v 0.001057 -0.051385 0.020000
v 0.001039 -0.051431 0.020000
v 0.001087 -0.051291 0.020000
v 0.001073 -0.051338 0.020000
v 0.001108 -0.051195 0.020000
v 0.001098 -0.051243 0.020000
v 0.001121 -0.051098 0.020000
v 0.001115 -0.051147 0.020000
v 0.000723 -0.050138 0.020000
v 0.000604 -0.050051 0.020000
v 0.000385 -0.049943 0.020000
v 0.000431 -0.049961 0.020000
v -0.000949 -0.050395 0.020000
v -0.001073 -0.050662 0.020000
v -0.001057 -0.050615 0.020000
v -0.001125 -0.051000 0.020000
v -0.001124 -0.050951 0.020000
v -0.000998 -0.068480 0.020000
v -0.000974 -0.068438 0.020000
v -0.001039 -0.068570 0.020000
v -0.001020 -0.068525 0.020000
v -0.001087 -0.068709 0.020000
v -0.001073 -0.068662 0.020000
v -0.001125 -0.069000 0.020000
v -0.001124 -0.068951 0.020000
v -0.001121 -0.069098 0.020000
v -0.001124 -0.069049 0.020000
v -0.001115 -0.069147 0.020000
v -0.013500 -0.076598 0.020000
v -0.013612 -0.076530 0.020000
v -0.012521 -0.076954 0.020000
v -0.013148 -0.076772 0.020000
v -0.000998 -0.051519 0.020000
v -0.001057 -0.051385 0.020000
v -0.000049 -0.067876 0.020000
v -0.000049 -0.052124 0.020000
v -0.000098 -0.052121 0.020000
v -0.000000 -0.067875 0.020000
v 0.000000 -0.052125 0.020000
v 0.000049 -0.052124 0.020000
v 0.000291 -0.052087 0.020000
v 0.000243 -0.052098 0.020000
v 0.000431 -0.052039 0.020000
v 0.000645 -0.051922 0.020000
v 0.000604 -0.051949 0.020000
v 0.000795 -0.051796 0.020000
v 0.000760 -0.051829 0.020000
v 0.001020 -0.051475 0.020000
v 0.000519 -0.050002 0.020000
v 0.000562 -0.050026 0.020000
v 0.000475 -0.049980 0.020000
v -0.000385 -0.049943 0.020000
v -0.000338 -0.049927 0.020000
v -0.000475 -0.049980 0.020000
v -0.000645 -0.050079 0.020000
v -0.000949 -0.068396 0.020000
v -0.000922 -0.068355 0.020000
v -0.001057 -0.068615 0.020000
v 0.001039 -0.069431 0.020000
v 0.014861 -0.074902 0.020000
v 0.014898 -0.074777 0.020000
v -0.001108 -0.051195 0.020000
v -0.001115 -0.051147 0.020000
v -0.001073 -0.051338 0.020000
v -0.001087 -0.051291 0.020000
v -0.000195 -0.052108 0.020000
v -0.000243 -0.052098 0.020000
v -0.000147 -0.052115 0.020000
v 0.000049 -0.067876 0.020000
v 0.000098 -0.067879 0.020000
v 0.000562 -0.051974 0.020000
v 0.000829 -0.051760 0.020000
v 0.000723 -0.051862 0.020000
v 0.000922 -0.051645 0.020000
v 0.000893 -0.051685 0.020000
v -0.000604 -0.050051 0.020000
v -0.000562 -0.050026 0.020000
v -0.000519 -0.068002 0.020000
v -0.000562 -0.068026 0.020000
v -0.000893 -0.068315 0.020000
v -0.001108 -0.068805 0.020000
v -0.001098 -0.068756 0.020000
v -0.001121 -0.068902 0.020000
v -0.001115 -0.068853 0.020000
v -0.000974 -0.069563 0.020000
v -0.000949 -0.069605 0.020000
v 0.000949 -0.069605 0.020000
v 0.012131 -0.076997 0.020000
v 0.012261 -0.076989 0.020000
v 0.000922 -0.069645 0.020000
v 0.012000 -0.077000 0.020000
v 0.000974 -0.069563 0.020000
v 0.012776 -0.076898 0.020000
v 0.012902 -0.076861 0.020000
v 0.001020 -0.069475 0.020000
v 0.014027 -0.076212 0.020000
v 0.014121 -0.076121 0.020000
v 0.014457 -0.075721 0.020000
v 0.014819 -0.075026 0.020000
v -0.001098 -0.051243 0.020000
v -0.001121 -0.051098 0.020000
v -0.000949 -0.051604 0.020000
v -0.000974 -0.051562 0.020000
v -0.000893 -0.051685 0.020000
v -0.000922 -0.051645 0.020000
v -0.000723 -0.051862 0.020000
v -0.000760 -0.051829 0.020000
v -0.000604 -0.051949 0.020000
v -0.000645 -0.051922 0.020000
v 0.000195 -0.052108 0.020000
v 0.000147 -0.052115 0.020000
v 0.000685 -0.051893 0.020000
v 0.000862 -0.051723 0.020000
v 0.000974 -0.051562 0.020000
v 0.000949 -0.051604 0.020000
v 0.000998 -0.051519 0.020000
v -0.000519 -0.050002 0.020000
v -0.000475 -0.067980 0.020000
v -0.000723 -0.068138 0.020000
v -0.000685 -0.068108 0.020000
v -0.000862 -0.068277 0.020000
v -0.000893 -0.069685 0.020000
v 0.013026 -0.076819 0.020000
v 0.012521 -0.076954 0.020000
v 0.014212 -0.076027 0.020000
v 0.000998 -0.069519 0.020000
v 0.013928 -0.076298 0.020000
v 0.014530 -0.075612 0.020000
v 0.014772 -0.075148 0.020000
v 0.001057 -0.069385 0.020000
v 0.014997 -0.074131 0.020000
v 0.015000 -0.074000 0.020000
v 0.001087 -0.068709 0.020000
v 0.001098 -0.068756 0.020000
v 0.001020 -0.068525 0.020000
v 0.001039 -0.068570 0.020000
v -0.000795 -0.051796 0.020000
v -0.000829 -0.051760 0.020000
v -0.000685 -0.051893 0.020000
v -0.000291 -0.052087 0.020000
v -0.000098 -0.067879 0.020000
v 0.000098 -0.052121 0.020000
v 0.001124 -0.051049 0.020000
v -0.000243 -0.067902 0.020000
v -0.000431 -0.067961 0.020000
v -0.000385 -0.067943 0.020000
v -0.000604 -0.068051 0.020000
v -0.000645 -0.068079 0.020000
v -0.000795 -0.068204 0.020000
v -0.000760 -0.068171 0.020000
v -0.000829 -0.068240 0.020000
v -0.000760 -0.069829 0.020000
v -0.000795 -0.069795 0.020000
v -0.000685 -0.069893 0.020000
v -0.000723 -0.069862 0.020000
v -0.000195 -0.070108 0.020000
v -0.000243 -0.070098 0.020000
v 0.012392 -0.076974 0.020000
v 0.013148 -0.076772 0.020000
v 0.012649 -0.076929 0.020000
v 0.013721 -0.076458 0.020000
v 0.013826 -0.076380 0.020000
v 0.013500 -0.076598 0.020000
v 0.013612 -0.076530 0.020000
v 0.013268 -0.076719 0.020000
v 0.014298 -0.075928 0.020000
v 0.014380 -0.075826 0.020000
v 0.014661 -0.075385 0.020000
v 0.014719 -0.075268 0.020000
v 0.014598 -0.075500 0.020000
v 0.014954 -0.074521 0.020000
v 0.014974 -0.074392 0.020000
v 0.014929 -0.074649 0.020000
v 0.014989 -0.074262 0.020000
v 0.001108 -0.068805 0.020000
v 0.001057 -0.068615 0.020000
v 0.001073 -0.068662 0.020000
v 0.000974 -0.068438 0.020000
v 0.000998 -0.068480 0.020000
v 0.000922 -0.068355 0.020000
v 0.000949 -0.068396 0.020000
v 0.000829 -0.068240 0.020000
v 0.000862 -0.068277 0.020000
v 0.000338 -0.067927 0.020000
v 0.000385 -0.067943 0.020000
v 0.001125 -0.051000 0.020000
v 0.000195 -0.067892 0.020000
v -0.000862 -0.051723 0.020000
v -0.000195 -0.067892 0.020000
v -0.000829 -0.069760 0.020000
v -0.000862 -0.069723 0.020000
v -0.000431 -0.070039 0.020000
v -0.000475 -0.070020 0.020000
v -0.000338 -0.070073 0.020000
v -0.000385 -0.070057 0.020000
v -0.000147 -0.070115 0.020000
v -0.000291 -0.070087 0.020000
v 0.013385 -0.076661 0.020000
v 0.001121 -0.068902 0.020000
v 0.001124 -0.068951 0.020000
v 0.001115 -0.068853 0.020000
v 0.000893 -0.068315 0.020000
v 0.000795 -0.068204 0.020000
v 0.000723 -0.068138 0.020000
v 0.000760 -0.068171 0.020000
v 0.000519 -0.068002 0.020000
v 0.000562 -0.068026 0.020000
v 0.000431 -0.067961 0.020000
v 0.000475 -0.067980 0.020000
v 0.000291 -0.067913 0.020000
v 0.000243 -0.067902 0.020000
v -0.000475 -0.052020 0.020000
v -0.000519 -0.051998 0.020000
v -0.000385 -0.052057 0.020000
v -0.000431 -0.052039 0.020000
v -0.000338 -0.052073 0.020000
v -0.000604 -0.069949 0.020000
v -0.000645 -0.069922 0.020000
v -0.000519 -0.069998 0.020000
v -0.000562 -0.069974 0.020000
v 0.001073 -0.069338 0.020000
v 0.001108 -0.069195 0.020000
v 0.001098 -0.069243 0.020000
v 0.001121 -0.069098 0.020000
v 0.001115 -0.069147 0.020000
v 0.000685 -0.068108 0.020000
v 0.000604 -0.068051 0.020000
v 0.000645 -0.068079 0.020000
v -0.000562 -0.051974 0.020000
v 0.000829 -0.069760 0.020000
v 0.000795 -0.069795 0.020000
v 0.001087 -0.069291 0.020000
v 0.000049 -0.070124 0.020000
v 0.000000 -0.070125 0.020000
v 0.000431 -0.070039 0.020000
v 0.000385 -0.070057 0.020000
v 0.000519 -0.069998 0.020000
v 0.000475 -0.070020 0.020000
v 0.000604 -0.069949 0.020000
v 0.000562 -0.069974 0.020000
v 0.000685 -0.069893 0.020000
v 0.000645 -0.069922 0.020000
v 0.000760 -0.069829 0.020000
v 0.000723 -0.069862 0.020000
v -0.000049 -0.070124 0.020000
v -0.000098 -0.070121 0.020000
v 0.000147 -0.070115 0.020000
v 0.000098 -0.070121 0.020000
v 0.000243 -0.070098 0.020000
v 0.000195 -0.070108 0.020000
v 0.000338 -0.070073 0.020000
v 0.000291 -0.070087 0.020000
v 0.000893 -0.069685 0.020000
v 0.000862 -0.069723 0.020000
v 0.001125 -0.069000 0.020000
v 0.001124 -0.069049 0.020000
v 0.012000 -0.077000 0.008000
v 0.012131 -0.076997 0.008000
v 0.012261 -0.076989 0.008000
v 0.012392 -0.076974 0.008000
v 0.012521 -0.076954 0.008000
v 0.012649 -0.076929 0.008000
v 0.012776 -0.076898 0.008000
v 0.012902 -0.076861 0.008000
v 0.013026 -0.076819 0.008000
v 0.013148 -0.076772 0.008000
v 0.013268 -0.076719 0.008000
v 0.013385 -0.076661 0.008000
v 0.013500 -0.076598 0.008000
v 0.013612 -0.076530 0.008000
v 0.013721 -0.076458 0.008000
v 0.013826 -0.076380 0.008000
v 0.013928 -0.076298 0.008000
v 0.014027 -0.076212 0.008000
v 0.014121 -0.076121 0.008000
v 0.014212 -0.076027 0.008000
v 0.014298 -0.075928 0.008000
v 0.014380 -0.075826 0.008000
v 0.014457 -0.075721 0.008000
v 0.014530 -0.075612 0.008000
v 0.014598 -0.075500 0.008000
v 0.014661 -0.075385 0.008000
v 0.014719 -0.075268 0.008000
v 0.014772 -0.075148 0.008000
v 0.014819 -0.075026 0.008000
v 0.014861 -0.074902 0.008000
v 0.014898 -0.074777 0.008000
v 0.014929 -0.074649 0.008000
v 0.014954 -0.074521 0.008000
v 0.014974 -0.074392 0.008000
v 0.014989 -0.074262 0.008000
v 0.014997 -0.074131 0.008000
v 0.015000 -0.074000 0.008000
v -0.012000 -0.077000 0.008000
v -0.015000 -0.074000 0.008000
v -0.014997 -0.074131 0.008000
v -0.014989 -0.074262 0.008000
v -0.014974 -0.074392 0.008000
v -0.014954 -0.074521 0.008000
v -0.014929 -0.074649 0.008000
v -0.014898 -0.074777 0.008000
v -0.014861 -0.074902 0.008000
v -0.014819 -0.075026 0.008000
v -0.014772 -0.075148 0.008000
v -0.014719 -0.075268 0.008000
v -0.014661 -0.075385 0.008000
v -0.014598 -0.075500 0.008000
v -0.014530 -0.075612 0.008000
v -0.014457 -0.075721 0.008000
v -0.014380 -0.075826 0.008000
v -0.014298 -0.075928 0.008000
v -0.014212 -0.076027 0.008000
v -0.014121 -0.076121 0.008000
v -0.014027 -0.076212 0.008000
v -0.013928 -0.076298 0.008000
v -0.013826 -0.076380 0.008000
v -0.013721 -0.076458 0.008000
v -0.013612 -0.076530 0.008000
v -0.013500 -0.076598 0.008000
v -0.013385 -0.076661 0.008000
v -0.013268 -0.076719 0.008000
v -0.013148 -0.076772 0.008000
v -0.013026 -0.076819 0.008000
v -0.012902 -0.076861 0.008000
v -0.012776 -0.076898 0.008000
v -0.012649 -0.076929 0.008000
v -0.012521 -0.076954 0.008000
v -0.012392 -0.076974 0.008000
v -0.012261 -0.076989 0.008000
v -0.012131 -0.076997 0.008000
v -0.001124 -0.069049 0.017000
v -0.001125 -0.069000 0.017000
v -0.001121 -0.069098 0.017000
v -0.001115 -0.069147 0.017000
v -0.001108 -0.069195 0.017000
v -0.001098 -0.069243 0.017000
v -0.001087 -0.069291 0.017000
v -0.001073 -0.069338 0.017000
v -0.001057 -0.069385 0.017000
v -0.001039 -0.069431 0.017000
v -0.001020 -0.069475 0.017000
v -0.000998 -0.069519 0.017000
v -0.000974 -0.069563 0.017000
v -0.000949 -0.069605 0.017000
v -0.000922 -0.069645 0.017000
v -0.000893 -0.069685 0.017000
v -0.000862 -0.069723 0.017000
v -0.000829 -0.069760 0.017000
v -0.000795 -0.069795 0.017000
v -0.000760 -0.069829 0.017000
v -0.000723 -0.069862 0.017000
v -0.000685 -0.069893 0.017000
v -0.000645 -0.069922 0.017000
v -0.000604 -0.069949 0.017000
v -0.000562 -0.069974 0.017000
v -0.000519 -0.069998 0.017000
v -0.000475 -0.070020 0.017000
v -0.000431 -0.070039 0.017000
v -0.000385 -0.070057 0.017000
v -0.000338 -0.070073 0.017000
v -0.000291 -0.070087 0.017000
v -0.000243 -0.070098 0.017000
v -0.000195 -0.070108 0.017000
v -0.000147 -0.070115 0.017000
v -0.000098 -0.070121 0.017000
v -0.000049 -0.070124 0.017000
v 0.000000 -0.070125 0.017000
v 0.000049 -0.070124 0.017000
v 0.000098 -0.070121 0.017000
v 0.000147 -0.070115 0.017000
v 0.000195 -0.070108 0.017000
v 0.000243 -0.070098 0.017000
v 0.000291 -0.070087 0.017000
v 0.000338 -0.070073 0.017000
v 0.000385 -0.070057 0.017000
v 0.000431 -0.070039 0.017000
v 0.000475 -0.070020 0.017000
v 0.000519 -0.069998 0.017000
v 0.000562 -0.069974 0.017000
v 0.000604 -0.069949 0.017000
v 0.000645 -0.069922 0.017000
v 0.000685 -0.069893 0.017000
v 0.000723 -0.069862 0.017000
v 0.000760 -0.069829 0.017000
v 0.000795 -0.069795 0.017000
v 0.000829 -0.069760 0.017000
v 0.000862 -0.069723 0.017000
v 0.000893 -0.069685 0.017000
v 0.000922 -0.069645 0.017000
v 0.000949 -0.069605 0.017000
v 0.000974 -0.069563 0.017000
v 0.000998 -0.069519 0.017000
v 0.001020 -0.069475 0.017000
v 0.001039 -0.069431 0.017000
v 0.001057 -0.069385 0.017000
v 0.001073 -0.069338 0.017000
v 0.001087 -0.069291 0.017000
v 0.001098 -0.069243 0.017000
v 0.001108 -0.069195 0.017000
v 0.001115 -0.069147 0.017000
v 0.001121 -0.069098 0.017000
v 0.001124 -0.069049 0.017000
v 0.001125 -0.069000 0.017000
v 0.001124 -0.068951 0.017000
v 0.001121 -0.068902 0.017000
v 0.001115 -0.068853 0.017000
v 0.001108 -0.068805 0.017000
v 0.001098 -0.068756 0.017000
v 0.001087 -0.068709 0.017000
v 0.001073 -0.068662 0.017000
v 0.001057 -0.068615 0.017000
v 0.001039 -0.068570 0.017000
v 0.001020 -0.068525 0.017000
v 0.000998 -0.068480 0.017000
v 0.000974 -0.068438 0.017000
v 0.000949 -0.068396 0.017000
v 0.000922 -0.068355 0.017000
v 0.000893 -0.068315 0.017000
v 0.000862 -0.068277 0.017000
v 0.000829 -0.068240 0.017000
v 0.000795 -0.068204 0.017000
v 0.000760 -0.068171 0.017000
v 0.000723 -0.068138 0.017000
v 0.000685 -0.068108 0.017000
v 0.000645 -0.068079 0.017000
v 0.000604 -0.068051 0.017000
v 0.000562 -0.068026 0.017000
v 0.000519 -0.068002 0.017000
v 0.000475 -0.067980 0.017000
v 0.000431 -0.067961 0.017000
v 0.000385 -0.067943 0.017000
v 0.000338 -0.067927 0.017000
v 0.000291 -0.067913 0.017000
v 0.000243 -0.067902 0.017000
v 0.000195 -0.067892 0.017000
v 0.000147 -0.067885 0.017000
v 0.000098 -0.067879 0.017000
v 0.000049 -0.067876 0.017000
v -0.000000 -0.067875 0.017000
v -0.000049 -0.067876 0.017000
v -0.000098 -0.067879 0.017000
v -0.000147 -0.067885 0.017000
v -0.000195 -0.067892 0.017000
v -0.000243 -0.067902 0.017000
v -0.000291 -0.067913 0.017000
v -0.000338 -0.067927 0.017000
v -0.000385 -0.067943 0.017000
v -0.000431 -0.067961 0.017000
v -0.000475 -0.067980 0.017000
v -0.000519 -0.068002 0.017000
v -0.000562 -0.068026 0.017000
v -0.000604 -0.068051 0.017000
v -0.000645 -0.068079 0.017000
v -0.000685 -0.068108 0.017000
v -0.000723 -0.068138 0.017000
v -0.000760 -0.068171 0.017000
v -0.000795 -0.068204 0.017000
v -0.000829 -0.068240 0.017000
v -0.000862 -0.068277 0.017000
v -0.000893 -0.068315 0.017000
v -0.000922 -0.068355 0.017000
v -0.000949 -0.068396 0.017000
v -0.000974 -0.068438 0.017000
v -0.000998 -0.068480 0.017000
v -0.001020 -0.068525 0.017000
v -0.001039 -0.068570 0.017000
v -0.001057 -0.068615 0.017000
v -0.001073 -0.068662 0.017000
v -0.001087 -0.068709 0.017000
v -0.001098 -0.068756 0.017000
v -0.001108 -0.068805 0.017000
v -0.001115 -0.068853 0.017000
v -0.001121 -0.068902 0.017000
v -0.001124 -0.068951 0.017000
v -0.001124 -0.051049 0.017000
v -0.001125 -0.051000 0.017000
v -0.001121 -0.051098 0.017000
v -0.001115 -0.051147 0.017000
v -0.001108 -0.051195 0.017000
v -0.001098 -0.051243 0.017000
v -0.001087 -0.051291 0.017000
v -0.001073 -0.051338 0.017000
v -0.001057 -0.051385 0.017000
v -0.001039 -0.051431 0.017000
v -0.001020 -0.051475 0.017000
v -0.000998 -0.051519 0.017000
v -0.000974 -0.051562 0.017000
v -0.000949 -0.051604 0.017000
v -0.000922 -0.051645 0.017000
v -0.000893 -0.051685 0.017000
v -0.000862 -0.051723 0.017000
v -0.000829 -0.051760 0.017000
v -0.000795 -0.051796 0.017000
v -0.000760 -0.051829 0.017000
v -0.000723 -0.051862 0.017000
v -0.000685 -0.051893 0.017000
v -0.000645 -0.051922 0.017000
v -0.000604 -0.051949 0.017000
v -0.000562 -0.051974 0.017000
v -0.000519 -0.051998 0.017000
v -0.000475 -0.052020 0.017000
v -0.000431 -0.052039 0.017000
v -0.000385 -0.052057 0.017000
v -0.000338 -0.052073 0.017000
v -0.000291 -0.052087 0.017000
v -0.000243 -0.052098 0.017000
v -0.000195 -0.052108 0.017000
v -0.000147 -0.052115 0.017000
v -0.000098 -0.052121 0.017000
v -0.000049 -0.052124 0.017000
v 0.000000 -0.052125 0.017000
v 0.000049 -0.052124 0.017000
v 0.000098 -0.052121 0.017000
v 0.000147 -0.052115 0.017000
v 0.000195 -0.052108 0.017000
v 0.000243 -0.052098 0.017000
v 0.000291 -0.052087 0.017000
v 0.000338 -0.052073 0.017000
v 0.000385 -0.052057 0.017000
v 0.000431 -0.052039 0.017000
v 0.000475 -0.052020 0.017000
v 0.000519 -0.051998 0.017000
v 0.000562 -0.051974 0.017000
v 0.000604 -0.051949 0.017000
v 0.000645 -0.051922 0.017000
v 0.000685 -0.051893 0.017000
v 0.000723 -0.051862 0.017000
v 0.000760 -0.051829 0.017000
v 0.000795 -0.051796 0.017000
v 0.000829 -0.051760 0.017000
v 0.000862 -0.051723 0.017000
v 0.000893 -0.051685 0.017000
v 0.000922 -0.051645 0.017000
v 0.000949 -0.051604 0.017000
v 0.000974 -0.051562 0.017000
v 0.000998 -0.051519 0.017000
v 0.001020 -0.051475 0.017000
v 0.001039 -0.051431 0.017000
v 0.001057 -0.051385 0.017000
v 0.001073 -0.051338 0.017000
v 0.001087 -0.051291 0.017000
v 0.001098 -0.051243 0.017000
v 0.001108 -0.051195 0.017000
v 0.001115 -0.051147 0.017000
v 0.001121 -0.051098 0.017000
v 0.001124 -0.051049 0.017000
v 0.001125 -0.051000 0.017000
v 0.001124 -0.050951 0.017000
v 0.001121 -0.050902 0.017000
v 0.001115 -0.050853 0.017000
v 0.001108 -0.050805 0.017000
v 0.001098 -0.050756 0.017000
v 0.001087 -0.050709 0.017000
v 0.001073 -0.050662 0.017000
v 0.001057 -0.050615 0.017000
v 0.001039 -0.050570 0.017000
v 0.001020 -0.050525 0.017000
v 0.000998 -0.050480 0.017000
v 0.000974 -0.050437 0.017000
v 0.000949 -0.050395 0.017000
v 0.000922 -0.050355 0.017000
v 0.000893 -0.050315 0.017000
v 0.000862 -0.050277 0.017000
v 0.000829 -0.050240 0.017000
v 0.000795 -0.050205 0.017000
v 0.000760 -0.050171 0.017000
v 0.000723 -0.050138 0.017000
v 0.000685 -0.050108 0.017000
v 0.000645 -0.050079 0.017000
v 0.000604 -0.050051 0.017000
v 0.000562 -0.050026 0.017000
v 0.000519 -0.050002 0.017000
v 0.000475 -0.049980 0.017000
v 0.000431 -0.049961 0.017000
v 0.000385 -0.049943 0.017000
v 0.000338 -0.049927 0.017000
v 0.000291 -0.049913 0.017000
v 0.000243 -0.049902 0.017000
v 0.000195 -0.049892 0.017000
v 0.000147 -0.049885 0.017000
v 0.000098 -0.049879 0.017000
v 0.000049 -0.049876 0.017000
v -0.000000 -0.049875 0.017000
v -0.000049 -0.049876 0.017000
v -0.000098 -0.049879 0.017000
v -0.000147 -0.049885 0.017000
v -0.000195 -0.049892 0.017000
v -0.000243 -0.049902 0.017000
v -0.000291 -0.049913 0.017000
v -0.000338 -0.049927 0.017000
v -0.000385 -0.049943 0.017000
v -0.000431 -0.049961 0.017000
v -0.000475 -0.049980 0.017000
v -0.000519 -0.050002 0.017000
v -0.000562 -0.050026 0.017000
v -0.000604 -0.050051 0.017000
v -0.000645 -0.050079 0.017000
v -0.000685 -0.050108 0.017000
v -0.000723 -0.050138 0.017000
v -0.000760 -0.050171 0.017000
v -0.000795 -0.050205 0.017000
v -0.000829 -0.050240 0.017000
v -0.000862 -0.050277 0.017000
v -0.000893 -0.050315 0.017000
v -0.000922 -0.050355 0.017000
v -0.000949 -0.050395 0.017000
v -0.000974 -0.050437 0.017000
v -0.000998 -0.050480 0.017000
v -0.001020 -0.050525 0.017000
v -0.001039 -0.050570 0.017000
v -0.001057 -0.050615 0.017000
v -0.001073 -0.050662 0.017000
v -0.001087 -0.050709 0.017000
v -0.001098 -0.050756 0.017000
v -0.001108 -0.050805 0.017000
v -0.001115 -0.050853 0.017000
v -0.001121 -0.050902 0.017000
v -0.001124 -0.050951 0.017000
v -0.015000 -0.059000 0.014933
v -0.015000 -0.059019 0.014922
v -0.015000 -0.058837 0.014992
v -0.015000 -0.058858 0.014988
v -0.015000 -0.047559 0.014962
v -0.015000 -0.047579 0.014970
v -0.015000 -0.059133 0.014821
v -0.015000 -0.059147 0.014804
v -0.015000 -0.059037 0.014910
v -0.015000 -0.059054 0.014897
v -0.015000 -0.058981 0.014943
v -0.015000 -0.058900 0.014977
v -0.015000 -0.058921 0.014970
v -0.015000 -0.058879 0.014983
v -0.015000 -0.047600 0.014977
v -0.015000 -0.047621 0.014983
v -0.015000 -0.047519 0.014943
v -0.015000 -0.047539 0.014953
v -0.015000 -0.047463 0.014910
v -0.015000 -0.047481 0.014922
v -0.015000 -0.059172 0.014769
v -0.015000 -0.059183 0.014750
v -0.015000 -0.059119 0.014838
v -0.015000 -0.059160 0.014787
v -0.015000 -0.059071 0.014883
v -0.015000 -0.058941 0.014962
v -0.015000 -0.058961 0.014953
v -0.015000 -0.047728 0.014999
v -0.015000 -0.047750 0.015000
v -0.015000 -0.047500 0.014933
v -0.015000 -0.047412 0.014869
v -0.015000 -0.047429 0.014883
v -0.015000 -0.047353 0.014804
v -0.015000 -0.047367 0.014821
v -0.015000 -0.047328 0.014769
v -0.015000 -0.047340 0.014787
v -0.015000 -0.047250 0.008000
v -0.015000 -0.047250 0.014500
v -0.015000 -0.059193 0.014731
v -0.015000 -0.059203 0.014711
v -0.015000 -0.059088 0.014869
v -0.015000 -0.058750 0.015000
v -0.015000 -0.058772 0.014999
v -0.015000 -0.047706 0.014998
v -0.015000 -0.047446 0.014897
v -0.015000 -0.047381 0.014838
v -0.015000 -0.047307 0.014731
v -0.015000 -0.047317 0.014750
v -0.015000 -0.047280 0.014671
v -0.015000 -0.047288 0.014691
v -0.015000 -0.059212 0.014691
v -0.015000 -0.059104 0.014854
v -0.015000 -0.058794 0.014998
v -0.015000 -0.058815 0.014996
v -0.015000 -0.047663 0.014992
v -0.015000 -0.047685 0.014996
v -0.015000 -0.047396 0.014854
v -0.015000 -0.047297 0.014711
v -0.015000 -0.047251 0.014522
v -0.015000 -0.059246 0.014565
v -0.015000 -0.059248 0.014544
v -0.015000 -0.047252 0.014544
v -0.015000 -0.059242 0.014587
v -0.015000 -0.059250 0.014522
v -0.015000 -0.059233 0.014629
v -0.015000 -0.059238 0.014608
v -0.015000 -0.047642 0.014988
v -0.015000 -0.047258 0.014587
v -0.015000 -0.047262 0.014608
v -0.015000 -0.047254 0.014565
v -0.015000 -0.059250 0.014500
v -0.015000 -0.059220 0.014671
v -0.015000 -0.059227 0.014650
v -0.015000 -0.047267 0.014629
v -0.015000 -0.047273 0.014650
v -0.015000 -0.059250 0.008000
v -0.012500 -0.059250 0.014500
v -0.012500 -0.059250 0.008000
v -0.012500 -0.059250 0.014522
v -0.012500 -0.059248 0.014544
v -0.012500 -0.059246 0.014565
v -0.012500 -0.059242 0.014587
v -0.012500 -0.059238 0.014608
v -0.012500 -0.059233 0.014629
v -0.012500 -0.059227 0.014650
v -0.012500 -0.059220 0.014671
v -0.012500 -0.059212 0.014691
v -0.012500 -0.059203 0.014711
v -0.012500 -0.059193 0.014731
v -0.012500 -0.059183 0.014750
v -0.012500 -0.059172 0.014769
v -0.012500 -0.059160 0.014787
v -0.012500 -0.059147 0.014804
v -0.012500 -0.059133 0.014821
v -0.012500 -0.059119 0.014838
v -0.012500 -0.059104 0.014854
v -0.012500 -0.059088 0.014869
v -0.012500 -0.059071 0.014883
v -0.012500 -0.059054 0.014897
v -0.012500 -0.059037 0.014910
v -0.012500 -0.059019 0.014922
v -0.012500 -0.059000 0.014933
v -0.012500 -0.058981 0.014943
v -0.012500 -0.058961 0.014953
v -0.012500 -0.058941 0.014962
v -0.012500 -0.058921 0.014970
v -0.012500 -0.058900 0.014977
v -0.012500 -0.058879 0.014983
v -0.012500 -0.058858 0.014988
v -0.012500 -0.058837 0.014992
v -0.012500 -0.058815 0.014996
v -0.012500 -0.058794 0.014998
v -0.012500 -0.058772 0.014999
v -0.012500 -0.058750 0.015000
v -0.012500 -0.047750 0.015000
v -0.012500 -0.047728 0.014999
v -0.012500 -0.047706 0.014998
v -0.012500 -0.047685 0.014996
v -0.012500 -0.047663 0.014992
v -0.012500 -0.047642 0.014988
v -0.012500 -0.047621 0.014983
v -0.012500 -0.047600 0.014977
v -0.012500 -0.047579 0.014970
v -0.012500 -0.047559 0.014962
v -0.012500 -0.047539 0.014953
v -0.012500 -0.047519 0.014943
v -0.012500 -0.047500 0.014933
v -0.012500 -0.047481 0.014922
v -0.012500 -0.047463 0.014910
v -0.012500 -0.047446 0.014897
v -0.012500 -0.047429 0.014883
v -0.012500 -0.047412 0.014869
v -0.012500 -0.047396 0.014854
v -0.012500 -0.047381 0.014838
v -0.012500 -0.047367 0.014821
v -0.012500 -0.047353 0.014804
v -0.012500 -0.047340 0.014787
v -0.012500 -0.047328 0.014769
v -0.012500 -0.047317 0.014750
v -0.012500 -0.047307 0.014731
v -0.012500 -0.047297 0.014711
v -0.012500 -0.047288 0.014691
v -0.012500 -0.047280 0.014671
v -0.012500 -0.047273 0.014650
v -0.012500 -0.047267 0.014629
v -0.012500 -0.047262 0.014608
v -0.012500 -0.047258 0.014587
v -0.012500 -0.047254 0.014565
v -0.012500 -0.047252 0.014544
v -0.012500 -0.047251 0.014522
v -0.012500 -0.047250 0.014500
v -0.012500 -0.047250 0.008000
v -0.012500 -0.045750 0.017000
v -0.012500 -0.074250 0.017000
v -0.012500 -0.045750 0.008000
v -0.012500 -0.074250 0.008000
v -0.011000 -0.044250 0.017000
v -0.011000 -0.044250 0.008000
v 0.011000 -0.044250 0.008000
v 0.011000 -0.044250 0.017000
v -0.011000 -0.075750 0.017000
v -0.011000 -0.075750 0.008000
v 0.011000 -0.075750 0.017000
v 0.011000 -0.075750 0.008000
v 0.012500 -0.074250 0.017000
v 0.012500 -0.045750 0.017000
v 0.012500 -0.074250 0.008000
v 0.012500 -0.045750 0.008000
v 0.012500 -0.073000 0.008000
v 0.015000 -0.073000 0.008000
v 0.015000 -0.061000 0.008000
v 0.012500 -0.061000 0.008000
v 0.015000 -0.061000 0.014500
v 0.012500 -0.061000 0.014500
v 0.012500 -0.061000 0.014522
v 0.012500 -0.061002 0.014544
v 0.015000 -0.061000 0.014522
v 0.012500 -0.061004 0.014565
v 0.015000 -0.061002 0.014544
v 0.012500 -0.061008 0.014587
v 0.015000 -0.061004 0.014565
v 0.012500 -0.061012 0.014608
v 0.015000 -0.061008 0.014587
v 0.012500 -0.061017 0.014629
v 0.015000 -0.061012 0.014608
v 0.012500 -0.061023 0.014650
v 0.015000 -0.061017 0.014629
v 0.012500 -0.061030 0.014671
v 0.015000 -0.061023 0.014650
v 0.012500 -0.061038 0.014691
v 0.015000 -0.061030 0.014671
v 0.012500 -0.061047 0.014711
v 0.015000 -0.061038 0.014691
v 0.012500 -0.061056 0.014731
v 0.015000 -0.061047 0.014711
v 0.012500 -0.061067 0.014750
v 0.015000 -0.061056 0.014731
v 0.012500 -0.061078 0.014769
v 0.015000 -0.061067 0.014750
v 0.012500 -0.061090 0.014787
v 0.015000 -0.061078 0.014769
v 0.012500 -0.061103 0.014804
v 0.015000 -0.061090 0.014787
v 0.012500 -0.061117 0.014821
v 0.015000 -0.061103 0.014804
v 0.012500 -0.061131 0.014838
v 0.015000 -0.061117 0.014821
v 0.012500 -0.061146 0.014854
v 0.015000 -0.061131 0.014838
v 0.012500 -0.061162 0.014869
v 0.015000 -0.061146 0.014854
v 0.012500 -0.061179 0.014883
v 0.015000 -0.061162 0.014869
v 0.012500 -0.061196 0.014897
v 0.015000 -0.061179 0.014883
v 0.012500 -0.061213 0.014910
v 0.015000 -0.061196 0.014897
v 0.012500 -0.061231 0.014922
v 0.015000 -0.061213 0.014910
v 0.012500 -0.061250 0.014933
v 0.015000 -0.061231 0.014922
v 0.012500 -0.061269 0.014943
v 0.015000 -0.061250 0.014933
v 0.012500 -0.061289 0.014953
v 0.015000 -0.061269 0.014943
v 0.012500 -0.061309 0.014962
v 0.015000 -0.061289 0.014953
v 0.012500 -0.061329 0.014970
v 0.015000 -0.061309 0.014962
v 0.012500 -0.061350 0.014977
v 0.015000 -0.061329 0.014970
v 0.012500 -0.061371 0.014983
v 0.015000 -0.061350 0.014977
v 0.012500 -0.061392 0.014988
v 0.015000 -0.061371 0.014983
v 0.012500 -0.061413 0.014992
v 0.015000 -0.061392 0.014988
v 0.012500 -0.061435 0.014996
v 0.015000 -0.061413 0.014992
v 0.012500 -0.061456 0.014998
v 0.015000 -0.061435 0.014996
v 0.012500 -0.061478 0.014999
v 0.015000 -0.061456 0.014998
v 0.012500 -0.061500 0.015000
v 0.015000 -0.061478 0.014999
v 0.015000 -0.061500 0.015000
v 0.015000 -0.072691 0.014962
v 0.015000 -0.072671 0.014970
v 0.015000 -0.072650 0.014977
v 0.015000 -0.072629 0.014983
v 0.015000 -0.072731 0.014943
v 0.015000 -0.072711 0.014953
v 0.015000 -0.072769 0.014922
v 0.015000 -0.072750 0.014933
v 0.015000 -0.072522 0.014999
v 0.015000 -0.072500 0.015000
v 0.015000 -0.072804 0.014897
v 0.015000 -0.072787 0.014910
v 0.015000 -0.072587 0.014992
v 0.015000 -0.072565 0.014996
v 0.015000 -0.072838 0.014869
v 0.015000 -0.072821 0.014883
v 0.015000 -0.072544 0.014998
v 0.015000 -0.072608 0.014988
v 0.015000 -0.072869 0.014838
v 0.015000 -0.072854 0.014854
v 0.015000 -0.072897 0.014804
v 0.015000 -0.072883 0.014821
v 0.015000 -0.072922 0.014769
v 0.015000 -0.072910 0.014787
v 0.015000 -0.072944 0.014731
v 0.015000 -0.072933 0.014750
v 0.015000 -0.072992 0.014587
v 0.015000 -0.072988 0.014608
v 0.015000 -0.072998 0.014544
v 0.015000 -0.072996 0.014565
v 0.015000 -0.073000 0.014500
v 0.015000 -0.072970 0.014671
v 0.015000 -0.072962 0.014691
v 0.015000 -0.072983 0.014629
v 0.015000 -0.072977 0.014650
v 0.015000 -0.072953 0.014711
v 0.015000 -0.072999 0.014522
v 0.012500 -0.072629 0.014983
v 0.012500 -0.072650 0.014977
v 0.012500 -0.072750 0.014933
v 0.012500 -0.072769 0.014922
v 0.012500 -0.072691 0.014962
v 0.012500 -0.072711 0.014953
v 0.012500 -0.072671 0.014970
v 0.012500 -0.072731 0.014943
v 0.012500 -0.072804 0.014897
v 0.012500 -0.072821 0.014883
v 0.012500 -0.072838 0.014869
v 0.012500 -0.072787 0.014910
v 0.012500 -0.072522 0.014999
v 0.012500 -0.072544 0.014998
v 0.012500 -0.072500 0.015000
v 0.012500 -0.072854 0.014854
v 0.012500 -0.072869 0.014838
v 0.012500 -0.072587 0.014992
v 0.012500 -0.072608 0.014988
v 0.012500 -0.072565 0.014996
v 0.012500 -0.072897 0.014804
v 0.012500 -0.072910 0.014787
v 0.012500 -0.072922 0.014769
v 0.012500 -0.072883 0.014821
v 0.012500 -0.072992 0.014587
v 0.012500 -0.072996 0.014565
v 0.012500 -0.072983 0.014629
v 0.012500 -0.072988 0.014608
v 0.012500 -0.072933 0.014750
v 0.012500 -0.072944 0.014731
v 0.012500 -0.072999 0.014522
v 0.012500 -0.073000 0.014500
v 0.012500 -0.072998 0.014544
v 0.012500 -0.072970 0.014671
v 0.012500 -0.072977 0.014650
v 0.012500 -0.072953 0.014711
v 0.012500 -0.072962 0.014691
vn -0.9990 0.0436 0.0000
vn -1.0000 -0.0000 0.0000
vn -0.9962 0.0871 0.0000
vn -0.9914 0.1305 0.0000
vn -0.9848 0.1736 0.0000
vn -0.9763 0.2165 0.0000
vn -0.9659 0.2588 0.0000
vn -0.9537 0.3007 0.0000
vn -0.9397 0.3420 0.0000
vn -0.9239 0.3827 0.0000
vn -0.9063 0.4226 0.0000
vn -0.8870 0.4618 0.0000
vn -0.8660 0.5000 0.0000
vn -0.8434 0.5373 0.0000
vn -0.8192 0.5735 0.0000
vn -0.7933 0.6088 0.0000
vn -0.8192 0.5736 0.0000
vn -0.7660 0.6428 0.0000
vn -0.7373 0.6756 0.0000
vn -0.7661 0.6428 0.0000
vn -0.7071 0.7071 0.0000
vn -0.6756 0.7373 0.0000
vn -0.6428 0.7661 0.0000
vn -0.6088 0.7933 0.0000
vn -0.6428 0.7660 0.0000
vn -0.5736 0.8192 0.0000
vn -0.5373 0.8434 0.0000
vn -0.5000 0.8660 0.0000
vn -0.4618 0.8870 0.0000
vn -0.4226 0.9063 0.0000
vn -0.3827 0.9239 0.0000
vn -0.3420 0.9397 0.0000
vn -0.3007 0.9537 0.0000
vn -0.2588 0.9659 0.0000
vn -0.2165 0.9763 0.0000
vn -0.1736 0.9848 0.0000
vn -0.1305 0.9914 0.0000
vn -0.0871 0.9962 0.0000
vn -0.0436 0.9990 0.0000
vn -0.0000 1.0000 0.0000
vn 0.0436 0.9990 0.0000
vn 0.0871 0.9962 0.0000
vn 0.1305 0.9914 0.0000
vn 0.1736 0.9848 0.0000
vn 0.2165 0.9763 0.0000
vn 0.2588 0.9659 0.0000
vn 0.3007 0.9537 0.0000
vn 0.3420 0.9397 0.0000
vn 0.3827 0.9239 0.0000
vn 0.4226 0.9063 0.0000
vn 0.4618 0.8870 0.0000
vn 0.5000 0.8660 0.0000
vn 0.5373 0.8434 0.0000
vn 0.5736 0.8192 0.0000
vn 0.6088 0.7933 0.0000
vn 0.6428 0.7661 0.0000
vn 0.6756 0.7373 0.0000
vn 0.6428 0.7660 0.0000
vn 0.7071 0.7071 0.0000
vn 0.7373 0.6756 0.0000
vn 0.7661 0.6428 0.0000
vn 0.7934 0.6088 0.0000
vn 0.8192 0.5736 0.0000
vn 0.7933 0.6088 0.0000
vn 0.8434 0.5373 0.0000
vn 0.8660 0.5000 0.0000
vn 0.8870 0.4618 0.0000
vn 0.9063 0.4226 0.0000
vn 0.9239 0.3827 0.0000
vn 0.9397 0.3420 0.0000
vn 0.9537 0.3007 0.0000
vn 0.9659 0.2589 0.0000
vn 0.9763 0.2165 0.0000
vn 0.9659 0.2588 0.0000
vn 0.9848 0.1736 0.0000
vn 0.9914 0.1305 0.0000
vn 0.9962 0.0871 0.0000
vn 0.9990 0.0436 0.0000
vn 1.0000 0.0000 0.0000
vn 0.9990 -0.0436 0.0000
vn 0.9962 -0.0871 0.0000
vn 0.9914 -0.1305 0.0000
vn 0.9848 -0.1736 0.0000
vn 0.9763 -0.2165 0.0000
vn 0.9659 -0.2588 0.0000
vn 0.9537 -0.3007 0.0000
vn 0.9659 -0.2589 0.0000
vn 0.9397 -0.3420 0.0000
vn 0.9239 -0.3827 0.0000
vn 0.9063 -0.4226 0.0000
vn 0.8870 -0.4618 0.0000
vn 0.8660 -0.5000 0.0000
vn 0.8434 -0.5373 0.0000
vn 0.8192 -0.5736 0.0000
vn 0.7933 -0.6088 0.0000
vn 0.8192 -0.5735 0.0000
vn 0.7661 -0.6428 0.0000
vn 0.7934 -0.6088 0.0000
vn 0.7373 -0.6756 0.0000
vn 0.7071 -0.7071 0.0000
vn 0.6756 -0.7373 0.0000
vn 0.6428 -0.7660 0.0000
vn 0.6088 -0.7933 0.0000
vn 0.6428 -0.7661 0.0000
vn 0.5736 -0.8192 0.0000
vn 0.5373 -0.8434 0.0000
vn 0.5000 -0.8660 0.0000
vn 0.4618 -0.8870 0.0000
vn 0.4226 -0.9063 0.0000
vn 0.3827 -0.9239 0.0000
vn 0.3420 -0.9397 0.0000
vn 0.3007 -0.9537 0.0000
vn 0.2588 -0.9659 0.0000
vn 0.2165 -0.9763 0.0000
vn 0.1736 -0.9848 0.0000
vn 0.1305 -0.9914 0.0000
vn 0.0871 -0.9962 0.0000
vn 0.0436 -0.9990 0.0000
vn 0.0000 -1.0000 0.0000
vn -0.0436 -0.9990 0.0000
vn -0.0871 -0.9962 0.0000
vn -0.1305 -0.9914 0.0000
vn -0.1736 -0.9848 0.0000
vn -0.2165 -0.9763 0.0000
vn -0.2588 -0.9659 0.0000
vn -0.3007 -0.9537 0.0000
vn -0.3420 -0.9397 0.0000
vn -0.3827 -0.9239 0.0000
vn -0.4226 -0.9063 0.0000
vn -0.4618 -0.8870 0.0000
vn -0.5000 -0.8660 0.0000
vn -0.5373 -0.8434 0.0000
vn -0.5736 -0.8192 0.0000
vn -0.6088 -0.7933 0.0000
vn -0.6428 -0.7660 0.0000
vn -0.6756 -0.7373 0.0000
vn -0.6428 -0.7661 0.0000
vn -0.7071 -0.7071 0.0000
vn -0.7373 -0.6756 0.0000
vn -0.7661 -0.6428 0.0000
vn -0.7933 -0.6088 0.0000
vn -0.7660 -0.6428 0.0000
vn -0.8192 -0.5736 0.0000
vn -0.8434 -0.5373 0.0000
vn -0.8192 -0.5735 0.0000
vn -0.8660 -0.5000 0.0000
vn -0.8870 -0.4618 0.0000
vn -0.9063 -0.4226 0.0000
vn -0.9239 -0.3827 0.0000
vn -0.9397 -0.3420 0.0000
vn -0.9537 -0.3007 0.0000
vn -0.9659 -0.2588 0.0000
vn -0.9763 -0.2165 0.0000
vn -0.9848 -0.1736 0.0000
vn -0.9914 -0.1305 0.0000
vn -0.9962 -0.0871 0.0000
vn -0.9990 -0.0436 0.0000
vn 0.0000 0.0000 -1.0000
vn -0.9962 0.0872 0.0000
vn -0.9848 0.1737 0.0000
vn -0.9763 0.2164 0.0000
vn -0.8870 0.4617 0.0000
vn -0.8191 0.5736 0.0000
vn -0.5736 0.8191 0.0000
vn -0.4617 0.8870 0.0000
vn -0.2164 0.9763 0.0000
vn -0.1737 0.9848 0.0000
vn 0.1737 0.9848 0.0000
vn 0.2164 0.9763 0.0000
vn 0.4617 0.8870 0.0000
vn 0.5736 0.8191 0.0000
vn 0.7660 0.6428 0.0000
vn 0.8191 0.5736 0.0000
vn 0.8870 0.4617 0.0000
vn 0.9763 0.2164 0.0000
vn 0.9848 0.1737 0.0000
vn 0.9848 -0.1737 0.0000
vn 0.9763 -0.2164 0.0000
vn 0.8870 -0.4617 0.0000
vn 0.8191 -0.5736 0.0000
vn 0.7660 -0.6428 0.0000
vn 0.7372 -0.6756 0.0000
vn 0.6757 -0.7372 0.0000
vn 0.6087 -0.7934 0.0000
vn 0.5737 -0.8191 0.0000
vn 0.4998 -0.8661 0.0000
vn 0.4617 -0.8870 0.0000
vn 0.4227 -0.9063 0.0000
vn 0.3828 -0.9238 0.0000
vn 0.3421 -0.9396 0.0000
vn 0.3006 -0.9537 0.0000
vn 0.2164 -0.9763 0.0000
vn 0.1737 -0.9848 0.0000
vn 0.1307 -0.9914 0.0000
vn 0.0436 -0.9991 0.0000
vn -0.0436 -0.9991 0.0000
vn -0.1307 -0.9914 0.0000
vn -0.1737 -0.9848 0.0000
vn -0.2164 -0.9763 0.0000
vn -0.3006 -0.9537 0.0000
vn -0.3421 -0.9396 0.0000
vn -0.3828 -0.9238 0.0000
vn -0.4227 -0.9063 0.0000
vn -0.4617 -0.8870 0.0000
vn -0.4998 -0.8661 0.0000
vn -0.5737 -0.8191 0.0000
vn -0.6087 -0.7934 0.0000
vn -0.6757 -0.7372 0.0000
vn -0.7372 -0.6756 0.0000
vn -0.8191 -0.5736 0.0000
vn -0.8870 -0.4617 0.0000
vn -0.9763 -0.2164 0.0000
vn -0.9848 -0.1737 0.0000
vn -0.9962 -0.0872 0.0000
vn -0.0000 0.0000 1.0000
vn 0.3824 -0.9240 0.0000
vn 0.9962 0.0872 0.0000
vn 0.9962 -0.0872 0.0000
vn -0.9659 0.2589 0.0000
vn -0.7934 0.6088 0.0000
vn 0.8192 0.5735 0.0000
vn -0.7934 -0.6088 0.0000
vn -0.9659 -0.2589 0.0000
vn 0.0001 0.0000 1.0000
vn -0.0001 0.0000 1.0000
vn 0.0000 0.5000 0.8660
vn 0.0000 0.5001 0.8660
vn 0.9774 0.2116 0.0000
vn 0.9674 0.2531 0.0000
vn 0.9855 0.1698 0.0000
vn 0.9773 0.2116 -0.0000
vn 0.9918 0.1276 0.0000
vn 0.9964 0.0852 0.0000
vn 0.9919 0.1271 0.0000
vn 0.9991 0.0426 -0.0000
vn 0.9991 0.0427 -0.0000
vn -0.9918 0.1276 0.0000
vn -0.9855 0.1698 -0.0000
vn -0.9773 0.2116 -0.0000
vn -0.9774 0.2116 0.0000
vn -0.9674 0.2531 -0.0000
vn -0.9919 0.1271 0.0000
vn -0.9964 0.0852 0.0000
vn -0.9991 0.0426 -0.0000
vn 0.0000 -0.5000 -0.8660
vn 0.9964 0.0851 0.0000
vn 0.9917 0.1287 0.0000
vn -0.9917 0.1287 0.0000
vn -0.9964 0.0851 0.0000
vn -0.9991 0.0427 0.0000
vn 0.0001 0.0000 -1.0000
vn -0.0001 0.0000 -1.0000
vn -0.9914 0.1306 0.0000
vn -0.9239 0.3826 0.0000
vn -0.7373 0.6755 0.0000
vn -0.6755 0.7373 0.0000
vn -0.3826 0.9239 0.0000
vn -0.2589 0.9659 0.0000
vn -0.0872 0.9962 0.0000
vn 0.0872 0.9962 0.0000
vn 0.2589 0.9659 0.0000
vn 0.3826 0.9239 0.0000
vn 0.6755 0.7373 0.0000
vn 0.7373 0.6755 0.0000
vn 0.9239 0.3826 0.0000
vn 0.9239 -0.3826 0.0000
vn 0.7373 -0.6755 -0.0000
vn 0.6755 -0.7373 -0.0000
vn 0.5736 -0.8191 -0.0000
vn 0.3826 -0.9239 -0.0000
vn 0.2589 -0.9659 -0.0000
vn 0.0872 -0.9962 -0.0000
vn -0.0872 -0.9962 0.0000
vn -0.2589 -0.9659 -0.0000
vn -0.3826 -0.9239 -0.0000
vn -0.5736 -0.8191 -0.0000
vn -0.7373 -0.6755 -0.0000
vn -0.9239 -0.3826 -0.0000
vn -0.9914 -0.1306 0.0000
vn 0.9914 0.1306 0.0000
vn 0.9914 -0.1306 0.0000
vn -0.6755 -0.7373 -0.0000
vn -0.0008 0.0000 1.0000
vn -0.0003 0.0000 1.0000
vn 0.0008 0.0000 1.0000
vn -0.0004 -0.0000 1.0000
vn 0.0002 -0.0000 1.0000
vn -0.0002 -0.0000 1.0000
vn -0.0007 -0.0000 1.0000
vn 0.0007 -0.0000 1.0000
vn 0.0093 -0.0000 1.0000
vn 0.0003 -0.0000 1.0000
vn -0.0093 -0.0000 1.0000
vn 0.1735 -0.9848 0.0000
vn 0.2162 -0.9763 0.0000
vn 0.2587 -0.9660 0.0000
vn 0.3422 -0.9396 0.0000
vn 0.4225 -0.9064 0.0000
vn 0.4617 -0.8871 0.0000
vn 0.4997 -0.8662 0.0000
vn 0.5735 -0.8192 0.0000
vn 0.6429 -0.7659 0.0000
vn 0.7372 -0.6757 0.0000
vn 0.7659 -0.6429 0.0000
vn 0.8662 -0.4998 0.0000
vn 0.9064 -0.4224 0.0000
vn 0.9065 -0.4223 -0.0000
vn 0.9238 -0.3828 0.0000
vn 0.9398 -0.3418 0.0000
vn 0.9396 -0.3422 0.0000
vn 0.9660 -0.2587 0.0000
vn 0.9762 -0.2167 0.0000
vn 0.9848 -0.1735 0.0000
vn 0.9914 -0.1307 0.0000
vn 0.9991 -0.0436 0.0000
vn -0.9991 -0.0436 0.0000
vn -0.9914 -0.1307 0.0000
vn -0.9848 -0.1735 0.0000
vn -0.9660 -0.2587 0.0000
vn -0.9396 -0.3422 0.0000
vn -0.9397 -0.3419 0.0000
vn -0.9238 -0.3828 0.0000
vn -0.9065 -0.4223 0.0000
vn -0.9062 -0.4228 0.0000
vn -0.8662 -0.4998 0.0000
vn -0.7659 -0.6429 0.0000
vn -0.7372 -0.6757 0.0000
vn -0.6427 -0.7662 0.0000
vn -0.6429 -0.7659 0.0000
vn -0.5735 -0.8192 0.0000
vn -0.4997 -0.8662 0.0000
vn -0.4617 -0.8871 0.0000
vn -0.4228 -0.9062 0.0000
vn -0.4225 -0.9064 0.0000
vn -0.3422 -0.9396 0.0000
vn -0.2587 -0.9660 0.0000
vn -0.2162 -0.9763 0.0000
vn -0.1735 -0.9848 0.0000
vn -0.1304 -0.9915 -0.0000
vn 0.9537 0.3008 0.0000
vn 0.9397 0.3421 0.0000
vn 0.9238 0.3829 0.0000
vn 0.9396 0.3421 0.0000
vn 0.9063 0.4227 0.0000
vn 0.8871 0.4616 0.0000
vn 0.9062 0.4229 -0.0000
vn 0.8661 0.5000 0.0000
vn 0.8435 0.5372 0.0000
vn 0.7931 0.6091 0.0000
vn 0.7375 0.6754 0.0000
vn 0.6429 0.7659 0.0000
vn 0.6085 0.7936 0.0000
vn 0.5374 0.8433 0.0000
vn 0.5002 0.8659 0.0000
vn 0.4616 0.8871 0.0000
vn 0.4228 0.9062 0.0000
vn 0.3421 0.9397 -0.0000
vn 0.3006 0.9537 0.0000
vn 0.2166 0.9763 0.0000
vn 0.2163 0.9763 0.0000
vn 0.1304 0.9915 0.0000
vn 0.0438 0.9990 0.0000
vn 0.0870 0.9962 0.0000
vn -0.0438 0.9990 0.0000
vn -0.0870 0.9962 0.0000
vn -0.1304 0.9915 0.0000
vn -0.2163 0.9763 0.0000
vn -0.1739 0.9848 0.0000
vn -0.2166 0.9763 -0.0000
vn -0.3006 0.9537 0.0000
vn -0.3421 0.9397 0.0000
vn -0.3830 0.9237 0.0000
vn -0.4228 0.9062 0.0000
vn -0.4616 0.8871 0.0000
vn -0.4225 0.9064 0.0000
vn -0.5002 0.8659 0.0000
vn -0.5374 0.8433 0.0000
vn -0.6085 0.7936 0.0000
vn -0.6429 0.7659 0.0000
vn -0.7375 0.6754 0.0000
vn -0.7931 0.6091 0.0000
vn -0.8435 0.5372 0.0000
vn -0.8661 0.5000 0.0000
vn -0.8871 0.4616 0.0000
vn -0.9062 0.4229 0.0000
vn -0.9063 0.4227 0.0000
vn -0.9396 0.3421 0.0000
vn -0.9238 0.3829 0.0000
vn -0.9537 0.3008 0.0000
vn -0.9397 0.3421 0.0000
vn -0.9537 -0.3008 0.0000
vn -0.9238 -0.3829 0.0000
vn -0.8871 -0.4616 0.0000
vn -0.8435 -0.5372 0.0000
vn -0.7931 -0.6090 0.0000
vn -0.7931 -0.6091 0.0000
vn -0.7375 -0.6754 0.0000
vn -0.7657 -0.6432 0.0000
vn -0.6429 -0.7660 0.0000
vn -0.6084 -0.7936 0.0000
vn -0.5374 -0.8433 0.0000
vn -0.5002 -0.8659 0.0000
vn -0.4620 -0.8869 0.0000
vn -0.4224 -0.9064 0.0000
vn -0.4616 -0.8871 0.0000
vn -0.3831 -0.9237 0.0000
vn -0.3421 -0.9397 -0.0000
vn -0.3006 -0.9538 0.0000
vn -0.1739 -0.9848 0.0000
vn -0.0870 -0.9962 0.0000
vn -0.0438 -0.9990 0.0000
vn -0.0435 -0.9991 -0.0000
vn 0.0435 -0.9991 0.0000
vn 0.0438 -0.9990 0.0000
vn 0.1304 -0.9915 0.0000
vn 0.0870 -0.9962 -0.0000
vn 0.1739 -0.9848 0.0000
vn 0.3006 -0.9538 0.0000
vn 0.3421 -0.9397 0.0000
vn 0.3831 -0.9237 0.0000
vn 0.4616 -0.8871 0.0000
vn 0.4224 -0.9064 0.0000
vn 0.5002 -0.8659 0.0000
vn 0.4619 -0.8869 -0.0000
vn 0.5374 -0.8433 0.0000
vn 0.6084 -0.7936 0.0000
vn 0.6429 -0.7660 0.0000
vn 0.7375 -0.6754 0.0000
vn 0.7657 -0.6432 0.0000
vn 0.7931 -0.6091 0.0000
vn 0.7931 -0.6090 0.0000
vn 0.8435 -0.5372 0.0000
vn 0.8871 -0.4616 0.0000
vn 0.9062 -0.4228 0.0000
vn 0.9238 -0.3829 0.0000
vn 0.9537 -0.3008 0.0000
vn 0.8869 0.4619 0.0000
vn 0.7657 0.6432 0.0000
vn 0.6429 0.7660 0.0000
vn 0.5378 0.8431 0.0000
vn 0.3830 0.9237 0.0000
vn 0.4224 0.9064 -0.0000
vn 0.3419 0.9397 -0.0000
vn 0.1739 0.9848 -0.0000
vn 0.0435 0.9991 0.0000
vn 0.0433 0.9991 -0.0000
vn -0.0433 0.9991 0.0000
vn -0.0435 0.9991 0.0000
vn -0.4224 0.9064 0.0000
vn -0.6429 0.7660 0.0000
vn -0.7659 0.6429 -0.0000
vn -0.9396 -0.3421 0.0000
vn -0.9062 -0.4229 0.0000
vn -0.8869 -0.4619 0.0000
vn -0.9063 -0.4227 -0.0000
vn -0.6085 -0.7936 0.0000
vn -0.5378 -0.8431 0.0000
vn -0.4225 -0.9063 0.0000
vn -0.3830 -0.9237 0.0000
vn -0.1738 -0.9848 0.0000
vn 0.1738 -0.9848 0.0000
vn 0.3830 -0.9237 0.0000
vn 0.4225 -0.9063 -0.0000
vn 0.6085 -0.7936 0.0000
vn 0.9396 -0.3421 0.0000
vn -1.0000 -0.0001 0.0000
vn -1.0000 0.0001 0.0000
vn -0.0000 0.9991 -0.0434
vn 0.0000 0.9962 -0.0874
vn 0.0000 0.9991 -0.0435
vn -0.0000 0.9915 -0.1305
vn 0.0000 0.9962 -0.0869
vn -0.0000 0.9848 -0.1739
vn 0.0000 0.9915 -0.1304
vn 0.0000 0.9763 -0.2165
vn 0.0000 0.9848 -0.1737
vn 0.0000 0.9659 -0.2588
vn -0.0000 0.9763 -0.2164
vn -0.0000 0.9537 -0.3007
vn -0.0000 0.9397 -0.3420
vn 0.0000 0.9239 -0.3827
vn 0.0000 0.9063 -0.4227
vn 0.0000 0.8870 -0.4617
vn -0.0000 0.9063 -0.4226
vn -0.0000 0.8660 -0.5000
vn 0.0000 0.8870 -0.4618
vn 0.0000 0.8434 -0.5373
vn 0.0000 0.8659 -0.5001
vn 0.0000 0.8192 -0.5736
vn 0.0000 0.7933 -0.6089
vn -0.0000 0.8192 -0.5735
vn -0.0000 0.7660 -0.6428
vn 0.0000 0.7933 -0.6088
vn 0.0000 0.7372 -0.6756
vn 0.0000 0.7660 -0.6429
vn 0.0000 0.7071 -0.7071
vn -0.0000 0.7373 -0.6756
vn -0.0000 0.6756 -0.7373
vn 0.0000 0.7072 -0.7070
vn 0.0000 0.6428 -0.7660
vn 0.0000 0.6755 -0.7373
vn 0.0000 0.6090 -0.7932
vn 0.0000 0.5736 -0.8192
vn -0.0000 0.6088 -0.7933
vn 0.0000 0.5372 -0.8435
vn 0.0000 0.5001 -0.8660
vn 0.0000 0.5373 -0.8434
vn 0.0000 0.4618 -0.8870
vn -0.0000 0.5000 -0.8660
vn 0.0000 0.4226 -0.9063
vn 0.0000 0.3827 -0.9239
vn 0.0000 0.3420 -0.9397
vn 0.0000 0.3007 -0.9537
vn -0.0000 0.2588 -0.9659
vn -0.0000 0.3008 -0.9537
vn -0.0000 0.2165 -0.9763
vn 0.0000 0.1737 -0.9848
vn 0.0000 0.1305 -0.9914
vn 0.0000 0.0870 -0.9962
vn 0.0000 0.1308 -0.9914
vn 0.0000 0.0435 -0.9991
vn 0.0000 -0.0435 -0.9991
vn 0.0000 -0.0870 -0.9962
vn 0.0000 -0.0439 -0.9990
vn 0.0000 -0.1308 -0.9914
vn 0.0000 -0.1740 -0.9847
vn 0.0000 -0.1306 -0.9914
vn 0.0000 -0.2165 -0.9763
vn 0.0000 -0.1737 -0.9848
vn 0.0000 -0.2588 -0.9659
vn 0.0000 -0.2164 -0.9763
vn 0.0000 -0.3007 -0.9537
vn 0.0000 -0.3420 -0.9397
vn 0.0000 -0.3008 -0.9537
vn 0.0000 -0.3826 -0.9239
vn 0.0000 -0.3421 -0.9397
vn 0.0000 -0.4226 -0.9063
vn -0.0000 -0.3827 -0.9239
vn -0.0000 -0.4617 -0.8870
vn 0.0000 -0.4618 -0.8870
vn 0.0000 -0.5373 -0.8434
vn 0.0000 -0.5001 -0.8660
vn 0.0000 -0.5735 -0.8192
vn 0.0000 -0.5372 -0.8435
vn 0.0000 -0.6088 -0.7933
vn -0.0000 -0.6428 -0.7660
vn 0.0000 -0.6089 -0.7933
vn 0.0000 -0.6755 -0.7373
vn 0.0000 -0.7071 -0.7071
vn 0.0000 -0.6756 -0.7373
vn 0.0000 -0.7373 -0.6755
vn 0.0000 -0.7660 -0.6428
vn 0.0000 -0.7373 -0.6756
vn 0.0000 -0.7933 -0.6089
vn 0.0000 -0.8192 -0.5735
vn -0.0000 -0.7932 -0.6089
vn -0.0000 -0.8435 -0.5372
vn 0.0000 -0.8192 -0.5736
vn 0.0000 -0.8659 -0.5002
vn 0.0000 -0.8434 -0.5373
vn 0.0000 -0.8870 -0.4617
vn 0.0000 -0.8659 -0.5001
vn 0.0000 -0.9063 -0.4226
vn 0.0000 -0.8870 -0.4618
vn 0.0000 -0.9239 -0.3827
vn 0.0000 -0.9397 -0.3420
vn 0.0000 -0.9537 -0.3007
vn 0.0000 -0.9659 -0.2588
vn 0.0000 -0.9763 -0.2165
vn 0.0000 -0.9848 -0.1737
vn 0.0000 -0.9915 -0.1305
vn 0.0000 -0.9962 -0.0868
vn 0.0000 -0.9991 -0.0435
vn 0.0000 -0.9962 -0.0873
vn 1.0000 -0.0001 0.0000
vn 1.0000 0.0001 0.0000
vn 1.0000 0.0003 0.0000
vn 0.0003 0.0000 -1.0000
vn -0.0002 0.0000 -1.0000
vn -0.0004 0.0000 -1.0000
vn 0.0002 0.0000 -1.0000
vn -0.0003 0.0000 -1.0000
vn 0.0000 -0.9990 -0.0438
vn 0.0000 -0.9962 -0.0869
vn 0.0000 -0.9991 -0.0434
vn 0.0000 -0.9914 -0.1307
vn 0.0000 -0.9962 -0.0872
vn 0.0000 -0.9848 -0.1738
vn 0.0000 -0.9239 -0.3826
vn 0.0000 -0.9063 -0.4227
vn 0.0000 -0.8660 -0.5001
vn 0.0000 -0.6089 -0.7932
vn -0.0000 -0.5736 -0.8191
vn 0.0000 -0.5002 -0.8659
vn 0.0000 -0.4227 -0.9063
vn 0.0000 -0.1736 -0.9848
vn 1.0000 -0.0003 0.0000
vn 1.0000 0.0002 0.0000
vn 0.0000 0.1736 -0.9848
vn 0.0000 0.2164 -0.9763
vn -0.0000 0.3421 -0.9397
vn 0.0000 0.4227 -0.9063
vn 0.0000 0.5002 -0.8659
vn 0.0000 0.5735 -0.8192
vn 0.0000 0.6429 -0.7660
vn 0.0000 0.7373 -0.6755
vn 0.0000 0.8435 -0.5372
vn 0.0000 0.8658 -0.5005
vn 0.0000 0.9239 -0.3826
vn -0.0000 0.9763 -0.2166
vn 0.0000 0.9848 -0.1738
vn 0.0000 0.9962 -0.0872
vn 0.0000 0.9914 -0.1307
g panda_adapter_gsmini.001_panda_adapter_gsmini.001_0.917647_0.917647_0.917647_0.000000_0.001
usemtl 0.917647_0.917647_0.917647_0.000000_0.001
s 1
f 1//1 2//2 3//2
f 4//3 1//1 5//1
f 6//4 4//3 7//3
f 8//5 6//4 9//4
f 10//6 8//5 11//5
f 12//7 10//6 13//6
f 14//8 12//7 15//7
f 16//9 14//8 17//8
f 18//10 16//9 19//9
f 20//11 18//10 21//10
f 22//12 20//11 23//11
f 24//13 22//12 25//12
f 26//14 24//13 27//13
f 28//15 26//14 29//14
f 30//16 28//15 31//17
f 32//18 30//16 33//16
f 34//19 32//18 35//20
f 36//21 34//19 37//19
f 38//22 36//21 39//21
f 40//23 38//22 41//22
f 42//24 40//23 43//25
f 44//26 42//24 45//24
f 46//27 44//26 47//26
f 48//28 46//27 49//27
f 50//29 48//28 51//28
f 52//30 50//29 53//29
f 54//31 52//30 55//30
f 56//32 54//31 57//31
f 58//33 56//32 59//32
f 60//34 58//33 61//33
f 62//35 60//34 63//34
f 64//36 62//35 65//35
f 66//37 64//36 67//36
f 68//38 66//37 69//37
f 70//39 68//38 71//38
f 72//40 70//39 73//39
f 74//41 72//40 75//40
f 76//42 74//41 77//41
f 78//43 76//42 79//42
f 80//44 78//43 81//43
f 82//45 80//44 83//44
f 84//46 82//45 85//45
f 86//47 84//46 87//46
f 88//48 86//47 89//47
f 90//49 88//48 91//48
f 92//50 90//49 93//49
f 94//51 92//50 95//50
f 96//52 94//51 97//51
f 98//53 96//52 99//52
f 100//54 98//53 101//53
f 102//55 100//54 103//54
f 104//56 102//55 105//55
f 106//57 104//56 107//58
f 108//59 106//57 109//57
f 110//60 108//59 111//59
f 112//61 110//60 113//60
f 114//62 112//61 115//61
f 116//63 114//62 117//64
f 118//65 116//63 119//63
f 120//66 118//65 121//65
f 122//67 120//66 123//66
f 124//68 122//67 125//67
f 126//69 124//68 127//68
f 128//70 126//69 129//69
f 130//71 128//70 131//70
f 132//72 130//71 133//71
f 134//73 132//72 135//74
f 136//75 134//73 137//73
f 138//76 136//75 139//75
f 140//77 138//76 141//76
f 142//78 140//77 143//77
f 144//79 142//78 145//78
f 146//80 144//79 147//79
f 148//81 146//80 149//80
f 150//82 148//81 151//81
f 152//83 150//82 153//82
f 154//84 152//83 155//83
f 156//85 154//84 157//84
f 158//86 156//85 159//87
f 160//88 158//86 161//86
f 162//89 160//88 163//88
f 164//90 162//89 165//89
f 166//91 164//90 167//90
f 168//92 166//91 169//91
f 170//93 168//92 171//92
f 172//94 170//93 173//93
f 174//95 172//94 175//96
f 176//97 174//95 177//98
f 178//99 176//97 179//97
f 180//100 178//99 181//99
f 182//101 180//100 183//100
f 184//102 182//101 185//101
f 186//103 184//102 187//104
f 188//105 186//103 189//103
f 190//106 188//105 191//105
f 192//107 190//106 193//106
f 194//108 192//107 195//107
f 196//109 194//108 197//108
f 198//110 196//109 199//109
f 200//111 198//110 201//110
f 202//112 200//111 203//111
f 204//113 202//112 205//112
f 206//114 204//113 207//113
f 208//115 206//114 209//114
f 210//116 208//115 211//115
f 212//117 210//116 213//116
f 214//118 212//117 215//117
f 216//119 214//118 217//118
f 218//120 216//119 219//119
f 220//121 218//120 221//120
f 222//122 220//121 223//121
f 224//123 222//122 225//122
f 226//124 224//123 227//123
f 228//125 226//124 229//124
f 230//126 228//125 231//125
f 232//127 230//126 233//126
f 234//128 232//127 235//127
f 236//129 234//128 237//128
f 238//130 236//129 239//129
f 240//131 238//130 241//130
f 242//132 240//131 243//131
f 244//133 242//132 245//132
f 246//134 244//133 247//133
f 248//135 246//134 249//134
f 250//136 248//135 251//137
f 252//138 250//136 253//136
f 254//139 252//138 255//138
f 256//140 254//139 257//139
f 258//141 256//140 259//142
f 260//143 258//141 261//141
f 262//144 260//143 263//145
f 264//146 262//144 265//144
f 266//147 264//146 267//146
f 268//148 266//147 269//147
f 270//149 268//148 271//148
f 272//150 270//149 273//149
f 274//151 272//150 275//150
f 276//152 274//151 277//151
f 278//153 276//152 279//152
f 280//154 278//153 281//153
f 282//155 280//154 283//154
f 284//156 282//155 285//155
f 286//157 284//156 287//156
f 2//2 286//157 288//157
f 288//157 3//2 2//2
f 287//156 288//157 286//157
f 285//155 287//156 284//156
f 283//154 285//155 282//155
f 281//153 283//154 280//154
f 279//152 281//153 278//153
f 277//151 279//152 276//152
f 275//150 277//151 274//151
f 273//149 275//150 272//150
f 271//148 273//149 270//149
f 269//147 271//148 268//148
f 267//146 269//147 266//147
f 265//144 267//146 264//146
f 263//145 265//144 262//144
f 261//141 263//145 260//143
f 259//142 261//141 258//141
f 257//139 259//142 256//140
f 255//138 257//139 254//139
f 253//136 255//138 252//138
f 251//137 253//136 250//136
f 249//134 251//137 248//135
f 247//133 249//134 246//134
f 245//132 247//133 244//133
f 243//131 245//132 242//132
f 241//130 243//131 240//131
f 239//129 241//130 238//130
f 237//128 239//129 236//129
f 235//127 237//128 234//128
f 233//126 235//127 232//127
f 231//125 233//126 230//126
f 229//124 231//125 228//125
f 227//123 229//124 226//124
f 225//122 227//123 224//123
f 223//121 225//122 222//122
f 221//120 223//121 220//121
f 219//119 221//120 218//120
f 217//118 219//119 216//119
f 215//117 217//118 214//118
f 213//116 215//117 212//117
f 211//115 213//116 210//116
f 209//114 211//115 208//115
f 207//113 209//114 206//114
f 205//112 207//113 204//113
f 203//111 205//112 202//112
f 201//110 203//111 200//111
f 199//109 201//110 198//110
f 197//108 199//109 196//109
f 195//107 197//108 194//108
f 193//106 195//107 192//107
f 191//105 193//106 190//106
f 189//103 191//105 188//105
f 187//104 189//103 186//103
f 185//101 187//104 184//102
f 183//100 185//101 182//101
f 181//99 183//100 180//100
f 179//97 181//99 178//99
f 177//98 179//97 176//97
f 175//96 177//98 174//95
f 173//93 175//96 172//94
f 171//92 173//93 170//93
f 169//91 171//92 168//92
f 167//90 169//91 166//91
f 165//89 167//90 164//90
f 163//88 165//89 162//89
f 161//86 163//88 160//88
f 159//87 161//86 158//86
f 157//84 159//87 156//85
f 155//83 157//84 154//84
f 153//82 155//83 152//83
f 151//81 153//82 150//82
f 149//80 151//81 148//81
f 147//79 149//80 146//80
f 145//78 147//79 144//79
f 143//77 145//78 142//78
f 141//76 143//77 140//77
f 139//75 141//76 138//76
f 137//73 139//75 136//75
f 135//74 137//73 134//73
f 133//71 135//74 132//72
f 131//70 133//71 130//71
f 129//69 131//70 128//70
f 127//68 129//69 126//69
f 125//67 127//68 124//68
f 123//66 125//67 122//67
f 121//65 123//66 120//66
f 119//63 121//65 118//65
f 117//64 119//63 116//63
f 115//61 117//64 114//62
f 113//60 115//61 112//61
f 111//59 113//60 110//60
f 109//57 111//59 108//59
f 107//58 109//57 106//57
f 105//55 107//58 104//56
f 103//54 105//55 102//55
f 101//53 103//54 100//54
f 99//52 101//53 98//53
f 97//51 99//52 96//52
f 95//50 97//51 94//51
f 93//49 95//50 92//50
f 91//48 93//49 90//49
f 89//47 91//48 88//48
f 87//46 89//47 86//47
f 85//45 87//46 84//46
f 83//44 85//45 82//45
f 81//43 83//44 80//44
f 79//42 81//43 78//43
f 77//41 79//42 76//42
f 75//40 77//41 74//41
f 73//39 75//40 72//40
f 71//38 73//39 70//39
f 69//37 71//38 68//38
f 67//36 69//37 66//37
f 65//35 67//36 64//36
f 63//34 65//35 62//35
f 61//33 63//34 60//34
f 59//32 61//33 58//33
f 57//31 59//32 56//32
f 55//30 57//31 54//31
f 53//29 55//30 52//30
f 51//28 53//29 50//29
f 49//27 51//28 48//28
f 47//26 49//27 46//27
f 45//24 47//26 44//26
f 43//25 45//24 42//24
f 41//22 43//25 40//23
f 39//21 41//22 38//22
f 37//19 39//21 36//21
f 35//20 37//19 34//19
f 33//16 35//20 32//18
f 31//17 33//16 30//16
f 29//14 31//17 28//15
f 27//13 29//14 26//14
f 25//12 27//13 24//13
f 23//11 25//12 22//12
f 21//10 23//11 20//11
f 19//9 21//10 18//10
f 17//8 19//9 16//9
f 15//7 17//8 14//8
f 13//6 15//7 12//7
f 11//5 13//6 10//6
f 9//4 11//5 8//5
f 7//3 9//4 6//4
f 5//1 7//3 4//3
f 3//2 5//1 1//1
f 289//158 290//158 69//158
f 290//158 291//158 71//158
f 292//158 293//158 189//158
f 293//158 294//158 191//158
f 295//158 296//158 65//158
f 296//158 289//158 67//158
f 71//158 69//158 290//158
f 297//158 73//158 71//158
f 298//158 299//158 181//158
f 299//158 300//158 183//158
f 292//158 187//158 185//158
f 191//158 189//158 293//158
f 301//158 57//158 55//158
f 302//158 59//158 57//158
f 303//158 61//158 59//158
f 303//158 295//158 63//158
f 67//158 65//158 296//158
f 71//158 291//158 297//158
f 304//158 75//158 73//158
f 304//158 305//158 77//158
f 306//158 173//158 171//158
f 306//158 307//158 175//158
f 308//158 298//158 179//158
f 183//158 181//158 299//158
f 309//158 185//158 183//158
f 189//158 187//158 292//158
f 310//158 219//158 217//158
f 310//158 311//158 221//158
f 57//158 301//158 302//158
f 63//158 61//158 303//158
f 69//158 67//158 289//158
f 77//158 75//158 304//158
f 175//158 173//158 306//158
f 307//158 308//158 177//158
f 181//158 179//158 298//158
f 185//158 309//158 292//158
f 221//158 219//158 310//158
f 311//158 312//158 223//158
f 59//158 302//158 303//158
f 73//158 297//158 304//158
f 313//158 149//158 147//158
f 313//158 314//158 151//158
f 314//158 315//158 153//158
f 315//158 316//158 155//158
f 317//158 161//158 159//158
f 317//158 318//158 163//158
f 318//158 319//158 165//158
f 319//158 320//158 167//158
f 321//158 169//158 167//158
f 322//158 171//158 169//158
f 177//158 175//158 307//158
f 183//158 300//158 309//158
f 323//158 193//158 191//158
f 323//158 324//158 195//158
f 325//158 213//158 211//158
f 325//158 326//158 215//158
f 327//158 217//158 215//158
f 223//158 221//158 311//158
f 328//158 27//158 25//158
f 329//158 29//158 27//158
f 329//158 330//158 31//158
f 330//158 331//158 33//158
f 332//158 51//158 49//158
f 332//158 333//158 53//158
f 333//158 334//158 55//158
f 65//158 63//158 295//158
f 151//158 149//158 313//158
f 155//158 153//158 315//158
f 335//158 157//158 155//158
f 335//158 336//158 159//158
f 163//158 161//158 317//158
f 167//158 165//158 319//158
f 169//158 321//158 322//158
f 179//158 177//158 308//158
f 195//158 193//158 323//158
f 324//158 337//158 197//158
f 338//158 201//158 199//158
f 339//158 203//158 201//158
f 340//158 207//158 205//158
f 340//158 341//158 209//158
f 215//158 213//158 325//158
f 217//158 327//158 310//158
f 342//158 225//158 223//158
f 342//158 343//158 227//158
f 344//158 231//158 229//158
f 344//158 345//158 233//158
f 346//158 347//158 237//158
f 347//158 348//158 239//158
f 27//158 328//158 329//158
f 33//158 31//158 330//158
f 349//158 35//158 33//158
f 349//158 350//158 37//158
f 351//158 352//158 41//158
f 352//158 353//158 43//158
f 354//158 49//158 47//158
f 53//158 51//158 332//158
f 55//158 334//158 301//158
f 355//158 79//158 77//158
f 356//158 95//158 93//158
f 356//158 357//158 97//158
f 358//158 129//158 127//158
f 359//158 131//158 129//158
f 153//158 151//158 314//158
f 159//158 157//158 335//158
f 165//158 163//158 318//158
f 171//158 322//158 306//158
f 197//158 195//158 324//158
f 360//158 199//158 197//158
f 201//158 338//158 339//158
f 339//158 361//158 205//158
f 209//158 207//158 340//158
f 341//158 362//158 211//158
f 215//158 326//158 327//158
f 227//158 225//158 342//158
f 363//158 229//158 227//158
f 233//158 231//158 344//158
f 346//158 235//158 233//158
f 239//158 237//158 347//158
f 364//158 21//158 19//158
f 364//158 365//158 23//158
f 31//158 29//158 329//158
f 37//158 35//158 349//158
f 351//158 39//158 37//158
f 43//158 41//158 352//158
f 49//158 354//158 332//158
f 77//158 305//158 355//158
f 366//158 81//158 79//158
f 366//158 367//158 83//158
f 97//158 95//158 356//158
f 357//158 368//158 99//158
f 369//158 107//158 105//158
f 369//158 370//158 109//158
f 371//158 125//158 123//158
f 372//158 127//158 125//158
f 129//158 358//158 359//158
f 359//158 373//158 133//158
f 155//158 316//158 335//158
f 167//158 320//158 321//158
f 197//158 337//158 360//158
f 205//158 203//158 339//158
f 211//158 209//158 341//158
f 223//158 312//158 342//158
f 229//158 363//158 344//158
f 237//158 235//158 346//158
f 374//158 245//158 243//158
f 375//158 247//158 245//158
f 376//158 15//158 13//158
f 376//158 377//158 17//158
f 378//158 19//158 17//158
f 23//158 21//158 364//158
f 33//158 331//158 349//158
f 41//158 39//158 351//158
f 379//158 45//158 43//158
f 379//158 380//158 47//158
f 55//158 53//158 333//158
f 83//158 81//158 366//158
f 381//158 85//158 83//158
f 381//158 382//158 87//158
f 383//158 91//158 89//158
f 383//158 384//158 93//158
f 99//158 97//158 357//158
f 368//158 385//158 101//158
f 386//158 103//158 101//158
f 386//158 387//158 105//158
f 109//158 107//158 369//158
f 370//158 388//158 111//158
f 389//158 115//158 113//158
f 389//158 390//158 117//158
f 125//158 371//158 372//158
f 133//158 131//158 359//158
f 391//158 135//158 133//158
f 391//158 392//158 137//158
f 159//158 336//158 317//158
f 199//158 360//158 338//158
f 211//158 362//158 325//158
f 233//158 345//158 346//158
f 245//158 374//158 375//158
f 375//158 393//158 249//158
f 394//158 271//158 269//158
f 394//158 395//158 273//158
f 396//158 11//158 9//158
f 396//158 397//158 13//158
f 17//158 15//158 376//158
f 19//158 378//158 364//158
f 365//158 398//158 25//158
f 37//158 350//158 351//158
f 47//158 45//158 379//158
f 79//158 355//158 366//158
f 87//158 85//158 381//158
f 382//158 399//158 89//158
f 93//158 91//158 383//158
f 101//158 99//158 368//158
f 105//158 103//158 386//158
f 111//158 109//158 370//158
f 400//158 113//158 111//158
f 117//158 115//158 389//158
f 127//158 372//158 358//158
f 137//158 135//158 391//158
f 401//158 139//158 137//158
f 401//158 402//158 141//158
f 403//158 143//158 141//158
f 403//158 404//158 145//158
f 191//158 294//158 323//158
f 227//158 343//158 363//158
f 405//158 241//158 239//158
f 405//158 406//158 243//158
f 249//158 247//158 375//158
f 407//158 251//158 249//158
f 408//158 253//158 251//158
f 408//158 409//158 255//158
f 410//158 257//158 255//158
f 410//158 411//158 259//158
f 273//158 271//158 394//158
f 412//158 275//158 273//158
f 413//158 277//158 275//158
f 413//158 414//158 279//158
f 415//158 281//158 279//158
f 415//158 416//158 283//158
f 417//158 418//158 288//158
f 418//158 419//158 3//158
f 13//158 11//158 396//158
f 17//158 377//158 378//158
f 25//158 398//158 328//158
f 47//158 380//158 354//158
f 89//158 87//158 382//158
f 93//158 384//158 356//158
f 105//158 387//158 369//158
f 113//158 400//158 389//158
f 420//158 121//158 119//158
f 420//158 421//158 123//158
f 133//158 373//158 391//158
f 141//158 139//158 401//158
f 145//158 143//158 403//158
f 422//158 147//158 145//158
f 205//158 361//158 340//158
f 243//158 241//158 405//158
f 249//158 393//158 407//158
f 255//158 253//158 408//158
f 259//158 257//158 410//158
f 411//158 423//158 261//158
f 424//158 263//158 261//158
f 424//158 425//158 265//158
f 426//158 267//158 265//158
f 426//158 427//158 269//158
f 273//158 395//158 412//158
f 279//158 277//158 413//158
f 283//158 281//158 415//158
f 416//158 428//158 285//158
f 417//158 287//158 285//158
f 3//158 288//158 418//158
f 13//158 397//158 376//158
f 43//158 353//158 379//158
f 89//158 399//158 383//158
f 111//158 388//158 400//158
f 429//158 119//158 117//158
f 123//158 121//158 420//158
f 137//158 392//158 401//158
f 145//158 404//158 422//158
f 239//158 348//158 405//158
f 251//158 407//158 408//158
f 261//158 259//158 411//158
f 265//158 263//158 424//158
f 269//158 267//158 426//158
f 275//158 412//158 413//158
f 285//158 283//158 416//158
f 288//158 287//158 417//158
f 430//158 5//158 3//158
f 431//158 7//158 5//158
f 25//158 23//158 365//158
f 101//158 385//158 386//158
f 119//158 429//158 420//158
f 141//158 402//158 403//158
f 243//158 406//158 374//158
f 261//158 423//158 424//158
f 269//158 427//158 394//158
f 285//158 428//158 417//158
f 5//158 430//158 431//158
f 431//158 432//158 9//158
f 83//158 367//158 381//158
f 123//158 421//158 371//158
f 255//158 409//158 410//158
f 279//158 414//158 415//158
f 9//158 7//158 431//158
f 117//158 390//158 429//158
f 265//158 425//158 426//158
f 9//158 432//158 396//158
f 3//158 419//158 430//158
f 147//158 422//158 313//158
f 430//1 419//2 433//2
f 431//3 430//1 434//1
f 432//4 431//3 435//159
f 396//160 432//4 436//4
f 397//161 396//160 437//160
f 376//7 397//161 438//161
f 377//8 376//7 439//7
f 378//9 377//8 440//8
f 364//10 378//9 441//9
f 365//11 364//10 442//10
f 398//162 365//11 443//11
f 328//13 398//162 444//162
f 329//14 328//13 445//13
f 330//163 329//14 446//14
f 331//16 330//163 447//163
f 349//18 331//16 448//16
f 350//19 349//18 449//18
f 351//21 350//19 450//19
f 352//22 351//21 451//21
f 353//25 352//22 452//22
f 379//24 353//25 453//25
f 380//164 379//24 454//24
f 354//27 380//164 455//164
f 332//28 354//27 456//27
f 333//165 332//28 457//28
f 334//30 333//165 458//165
f 301//31 334//30 459//30
f 302//32 301//31 460//31
f 303//33 302//32 461//32
f 295//34 303//33 462//33
f 296//166 295//34 463//34
f 289//167 296//166 464//166
f 290//37 289//167 465//167
f 291//38 290//37 466//37
f 297//39 291//38 467//38
f 304//40 297//39 468//39
f 305//41 304//40 469//40
f 355//42 305//41 470//41
f 366//43 355//42 471//42
f 367//168 366//43 472//43
f 381//169 367//168 473//168
f 382//46 381//169 474//169
f 399//47 382//46 475//46
f 383//48 399//47 476//47
f 384//49 383//48 477//48
f 356//50 384//49 478//49
f 357//170 356//50 479//50
f 368//52 357//170 480//170
f 385//53 368//52 481//52
f 386//171 385//53 482//53
f 387//55 386//171 483//171
f 369//58 387//55 484//55
f 370//57 369//58 485//58
f 388//59 370//57 486//57
f 400//60 388//59 487//59
f 389//172 400//60 488//60
f 390//64 389//172 489//172
f 429//173 390//64 490//64
f 420//65 429//173 491//173
f 421//66 420//65 492//65
f 371//174 421//66 493//66
f 372//68 371//174 494//174
f 358//69 372//68 495//68
f 359//70 358//69 496//69
f 373//71 359//70 497//70
f 391//74 373//71 498//71
f 392//175 391//74 499//74
f 401//176 392//175 500//175
f 402//76 401//176 501//176
f 403//77 402//76 502//76
f 404//78 403//77 503//77
f 422//79 404//78 504//78
f 313//80 422//79 505//79
f 314//81 313//80 506//80
f 315//82 314//81 507//81
f 316//177 315//82 508//82
f 335//178 316//177 509//177
f 336//85 335//178 510//178
f 317//86 336//85 511//85
f 318//88 317//86 512//86
f 319//89 318//88 513//88
f 320//90 319//89 514//89
f 321//179 320//90 515//90
f 322//92 321//179 516//179
f 306//93 322//92 517//92
f 307//180 306//93 518//93
f 308//95 307//180 519//180
f 298//181 308//95 520//95
f 299//182 298//181 521//181
f 300//100 299//182 522//182
f 309//183 300//100 523//100
f 292//102 309//183 524//183
f 293//184 292//102 525//102
f 294//185 293//184 526//184
f 323//106 294//185 527//185
f 324//186 323//106 528//106
f 337//187 324//186 529//186
f 360//188 337//187 530//187
f 338//189 360//188 531//188
f 339//190 338//189 532//189
f 361//191 339//190 533//190
f 340//113 361//191 534//191
f 341//192 340//113 535//113
f 362//193 341//192 536//192
f 325//194 362//193 537//193
f 326//117 325//194 538//194
f 327//195 326//117 539//117
f 310//119 327//195 540//195
f 311//196 310//119 541//119
f 312//121 311//196 542//196
f 342//197 312//121 543//121
f 343//198 342//197 544//197
f 363//199 343//198 545//198
f 344//125 363//199 546//199
f 345//200 344//125 547//125
f 346//201 345//200 548//200
f 347//202 346//201 549//201
f 348//203 347//202 550//202
f 405//204 348//203 551//203
f 406//205 405//204 552//204
f 374//132 406//205 553//205
f 375//206 374//132 554//132
f 393//207 375//206 555//206
f 407//135 393//207 556//207
f 408//208 407//135 557//135
f 409//138 408//208 558//208
f 410//209 409//138 559//138
f 411//142 410//209 560//209
f 423//141 411//142 561//142
f 424//210 423//141 562//141
f 425//144 424//210 563//210
f 426//146 425//144 564//144
f 427//211 426//146 565//146
f 394//148 427//211 566//211
f 395//149 394//148 567//148
f 412//150 395//149 568//149
f 413//151 412//150 569//150
f 414//152 413//151 570//151
f 415//212 414//152 571//152
f 416//213 415//212 572//153
f 428//155 416//213 573//213
f 417//214 428//155 574//155
f 418//157 417//214 575//156
f 419//2 418//157 576//157
f 576//157 433//2 419//2
f 575//156 576//157 418//157
f 574//155 575//156 417//214
f 573//213 574//155 428//155
f 572//153 573//213 416//213
f 571//152 572//153 415//212
f 570//151 571//152 414//152
f 569//150 570//151 413//151
f 568//149 569//150 412//150
f 567//148 568//149 395//149
f 566//211 567//148 394//148
f 565//146 566//211 427//211
f 564//144 565//146 426//146
f 563//210 564//144 425//144
f 562//141 563//210 424//210
f 561//142 562//141 423//141
f 560//209 561//142 411//142
f 559//138 560//209 410//209
f 558//208 559//138 409//138
f 557//135 558//208 408//208
f 556//207 557//135 407//135
f 555//206 556//207 393//207
f 554//132 555//206 375//206
f 553//205 554//132 374//132
f 552//204 553//205 406//205
f 551//203 552//204 405//204
f 550//202 551//203 348//203
f 549//201 550//202 347//202
f 548//200 549//201 346//201
f 547//125 548//200 345//200
f 546//199 547//125 344//125
f 545//198 546//199 363//199
f 544//197 545//198 343//198
f 543//121 544//197 342//197
f 542//196 543//121 312//121
f 541//119 542//196 311//196
f 540//195 541//119 310//119
f 539//117 540//195 327//195
f 538//194 539//117 326//117
f 537//193 538//194 325//194
f 536//192 537//193 362//193
f 535//113 536//192 341//192
f 534//191 535//113 340//113
f 533//190 534//191 361//191
f 532//189 533//190 339//190
f 531//188 532//189 338//189
f 530//187 531//188 360//188
f 529//186 530//187 337//187
f 528//106 529//186 324//186
f 527//185 528//106 323//106
f 526//184 527//185 294//185
f 525//102 526//184 293//184
f 524//183 525//102 292//102
f 523//100 524//183 309//183
f 522//182 523//100 300//100
f 521//181 522//182 299//182
f 520//95 521//181 298//181
f 519//180 520//95 308//95
f 518//93 519//180 307//180
f 517//92 518//93 306//93
f 516//179 517//92 322//92
f 515//90 516//179 321//179
f 514//89 515//90 320//90
f 513//88 514//89 319//89
f 512//86 513//88 318//88
f 511//85 512//86 317//86
f 510//178 511//85 336//85
f 509//177 510//178 335//178
f 508//82 509//177 316//177
f 507//81 508//82 315//82
f 506//80 507//81 314//81
f 505//79 506//80 313//80
f 504//78 505//79 422//79
f 503//77 504//78 404//78
f 502//76 503//77 403//77
f 501//176 502//76 402//76
f 500//175 501//176 401//176
f 499//74 500//175 392//175
f 498//71 499//74 391//74
f 497//70 498//71 373//71
f 496//69 497//70 359//70
f 495//68 496//69 358//69
f 494//174 495//68 372//68
f 493//66 494//174 371//174
f 492//65 493//66 421//66
f 491//173 492//65 420//65
f 490//64 491//173 429//173
f 489//172 490//64 390//64
f 488//60 489//172 389//172
f 487//59 488//60 400//60
f 486//57 487//59 388//59
f 485//58 486//57 370//57
f 484//55 485//58 369//58
f 483//171 484//55 387//55
f 482//53 483//171 386//171
f 481//52 482//53 385//53
f 480//170 481//52 368//52
f 479//50 480//170 357//170
f 478//49 479//50 356//50
f 477//48 478//49 384//49
f 476//47 477//48 383//48
f 475//46 476//47 399//47
f 474//169 475//46 382//46
f 473//168 474//169 381//169
f 472//43 473//168 367//168
f 471//42 472//43 366//43
f 470//41 471//42 355//42
f 469//40 470//41 305//41
f 468//39 469//40 304//40
f 467//38 468//39 297//39
f 466//37 467//38 291//38
f 465//167 466//37 290//37
f 464//166 465//167 289//167
f 463//34 464//166 296//166
f 462//33 463//34 295//34
f 461//32 462//33 303//33
f 460//31 461//32 302//32
f 459//30 460//31 301//31
f 458//165 459//30 334//30
f 457//28 458//165 333//165
f 456//27 457//28 332//28
f 455//164 456//27 354//27
f 454//24 455//164 380//164
f 453//25 454//24 379//24
f 452//22 453//25 353//25
f 451//21 452//22 352//22
f 450//19 451//21 351//21
f 449//18 450//19 350//19
f 448//16 449//18 349//18
f 447//163 448//16 331//16
f 446//14 447//163 330//163
f 445//13 446//14 329//14
f 444//162 445//13 328//13
f 443//11 444//162 398//162
f 442//10 443//11 365//11
f 441//9 442//10 364//10
f 440//8 441//9 378//9
f 439//7 440//8 377//8
f 438//161 439//7 376//7
f 437//160 438//161 397//161
f 436//4 437//160 396//160
f 435//159 436//4 432//4
f 434//1 435//159 431//3
f 433//2 434//1 430//1
f 577//215 66//215 68//215
f 577//215 578//215 64//215
f 579//215 580//215 68//215
f 64//215 66//215 577//215
f 581//215 62//215 64//215
f 582//215 60//215 62//215
f 583//215 72//215 74//215
f 583//215 579//215 70//215
f 68//215 580//215 577//215
f 62//215 581//215 582//215
f 584//215 58//215 60//215
f 584//215 585//215 56//215
f 585//215 586//215 54//215
f 586//215 587//215 52//215
f 588//215 186//215 188//215
f 589//215 184//215 186//215
f 70//215 72//215 583//215
f 64//215 578//215 581//215
f 56//215 58//215 584//215
f 52//215 54//215 586//215
f 186//215 588//215 589//215
f 589//215 590//215 182//215
f 591//215 178//215 180//215
f 592//215 176//215 178//215
f 593//215 146//215 148//215
f 593//215 594//215 144//215
f 595//215 596//215 126//215
f 596//215 597//215 124//215
f 68//215 70//215 579//215
f 54//215 56//215 585//215
f 182//215 184//215 589//215
f 590//215 598//215 180//215
f 178//215 591//215 592//215
f 599//215 174//215 176//215
f 600//215 170//215 172//215
f 600//215 601//215 168//215
f 602//215 150//215 152//215
f 603//215 148//215 150//215
f 144//215 146//215 593//215
f 594//215 604//215 142//215
f 605//215 132//215 134//215
f 605//215 606//215 130//215
f 595//215 128//215 130//215
f 124//215 126//215 596//215
f 607//215 92//215 94//215
f 607//215 608//215 90//215
f 609//215 610//215 74//215
f 60//215 582//215 584//215
f 611//215 48//215 50//215
f 611//215 612//215 46//215
f 613//215 28//215 30//215
f 614//215 26//215 28//215
f 614//215 615//215 24//215
f 615//215 616//215 22//215
f 180//215 182//215 590//215
f 176//215 592//215 599//215
f 617//215 172//215 174//215
f 168//215 170//215 600//215
f 618//215 154//215 156//215
f 618//215 619//215 152//215
f 150//215 602//215 603//215
f 142//215 144//215 594//215
f 130//215 132//215 605//215
f 126//215 128//215 595//215
f 597//215 620//215 122//215
f 620//215 621//215 120//215
f 622//215 104//215 106//215
f 622//215 623//215 102//215
f 624//215 94//215 96//215
f 90//215 92//215 607//215
f 74//215 610//215 583//215
f 587//215 625//215 50//215
f 46//215 48//215 611//215
f 612//215 626//215 44//215
f 627//215 38//215 40//215
f 628//215 36//215 38//215
f 629//215 32//215 34//215
f 629//215 630//215 30//215
f 28//215 613//215 614//215
f 22//215 24//215 615//215
f 631//215 216//215 218//215
f 631//215 632//215 214//215
f 180//215 598//215 591//215
f 172//215 617//215 600//215
f 601//215 633//215 166//215
f 633//215 634//215 164//215
f 635//215 162//215 164//215
f 636//215 160//215 162//215
f 637//215 158//215 160//215
f 637//215 638//215 156//215
f 152//215 154//215 618//215
f 148//215 603//215 593//215
f 639//215 140//215 142//215
f 639//215 640//215 138//215
f 641//215 136//215 138//215
f 641//215 642//215 134//215
f 130//215 606//215 595//215
f 120//215 122//215 620//215
f 643//215 112//215 114//215
f 643//215 644//215 110//215
f 645//215 106//215 108//215
f 102//215 104//215 622//215
f 646//215 100//215 102//215
f 646//215 647//215 98//215
f 648//215 96//215 98//215
f 94//215 624//215 607//215
f 649//215 88//215 90//215
f 649//215 650//215 86//215
f 651//215 82//215 84//215
f 651//215 652//215 80//215
f 653//215 78//215 80//215
f 653//215 609//215 76//215
f 50//215 52//215 587//215
f 44//215 46//215 612//215
f 38//215 627//215 628//215
f 628//215 654//215 34//215
f 30//215 32//215 629//215
f 24//215 26//215 614//215
f 655//215 218//215 220//215
f 214//215 216//215 631//215
f 656//215 190//215 192//215
f 656//215 657//215 188//215
f 174//215 599//215 617//215
f 164//215 166//215 633//215
f 162//215 635//215 636//215
f 156//215 158//215 637//215
f 152//215 619//215 602//215
f 138//215 140//215 639//215
f 134//215 136//215 641//215
f 122//215 124//215 597//215
f 110//215 112//215 643//215
f 644//215 658//215 108//215
f 106//215 645//215 622//215
f 98//215 100//215 646//215
f 96//215 648//215 624//215
f 86//215 88//215 649//215
f 659//215 84//215 86//215
f 80//215 82//215 651//215
f 76//215 78//215 653//215
f 50//215 625//215 611//215
f 660//215 42//215 44//215
f 660//215 661//215 40//215
f 34//215 36//215 628//215
f 30//215 630//215 613//215
f 662//215 18//215 20//215
f 662//215 663//215 16//215
f 218//215 655//215 631//215
f 632//215 664//215 212//215
f 665//215 210//215 212//215
f 665//215 666//215 208//215
f 667//215 668//215 198//215
f 668//215 669//215 196//215
f 670//215 192//215 194//215
f 188//215 190//215 656//215
f 166//215 168//215 601//215
f 160//215 636//215 637//215
f 142//215 604//215 639//215
f 134//215 642//215 605//215
f 671//215 118//215 120//215
f 671//215 672//215 116//215
f 108//215 110//215 644//215
f 102//215 623//215 646//215
f 90//215 608//215 649//215
f 84//215 659//215 651//215
f 74//215 76//215 609//215
f 40//215 42//215 660//215
f 34//215 654//215 629//215
f 673//215 20//215 22//215
f 16//215 18//215 662//215
f 663//215 674//215 14//215
f 675//215 12//215 14//215
f 675//215 676//215 10//215
f 677//215 234//215 236//215
f 678//215 232//215 234//215
f 679//215 228//215 230//215
f 679//215 680//215 226//215
f 681//215 222//215 224//215
f 681//215 682//215 220//215
f 212//215 214//215 632//215
f 208//215 210//215 665//215
f 683//215 204//215 206//215
f 683//215 684//215 202//215
f 667//215 200//215 202//215
f 196//215 198//215 668//215
f 669//215 685//215 194//215
f 192//215 670//215 656//215
f 164//215 634//215 635//215
f 138//215 640//215 641//215
f 116//215 118//215 671//215
f 672//215 686//215 114//215
f 108//215 658//215 645//215
f 86//215 650//215 659//215
f 44//215 626//215 660//215
f 22//215 616//215 673//215
f 14//215 16//215 663//215
f 10//215 12//215 675//215
f 687//215 8//215 10//215
f 687//215 688//215 6//215
f 234//215 677//215 678//215
f 678//215 689//215 230//215
f 226//215 228//215 679//215
f 680//215 690//215 224//215
f 220//215 222//215 681//215
f 212//215 664//215 665//215
f 691//215 206//215 208//215
f 202//215 204//215 683//215
f 198//215 200//215 667//215
f 194//215 685//215 670//215
f 156//215 638//215 618//215
f 114//215 116//215 672//215
f 98//215 647//215 648//215
f 40//215 661//215 627//215
f 14//215 674//215 675//215
f 6//215 8//215 687//215
f 692//215 693//215 268//215
f 693//215 694//215 266//215
f 230//215 232//215 678//215
f 224//215 226//215 680//215
f 220//215 682//215 655//215
f 206//215 691//215 683//215
f 194//215 196//215 669//215
f 120//215 621//215 671//215
f 80//215 652//215 653//215
f 10//215 676//215 687//215
f 695//215 286//215 2//215
f 696//215 284//215 286//215
f 697//215 278//215 280//215
f 697//215 698//215 276//215
f 699//215 274//215 276//215
f 699//215 700//215 272//215
f 700//215 692//215 270//215
f 266//215 268//215 693//215
f 230//215 689//215 679//215
f 208//215 666//215 691//215
f 188//215 657//215 588//215
f 20//215 673//215 662//215
f 701//215 702//215 1//215
f 702//215 703//215 2//215
f 286//215 695//215 696//215
f 696//215 704//215 282//215
f 705//215 280//215 282//215
f 276//215 278//215 697//215
f 272//215 274//215 699//215
f 268//215 270//215 692//215
f 706//215 264//215 266//215
f 706//215 707//215 262//215
f 708//215 254//215 256//215
f 708//215 709//215 252//215
f 710//215 250//215 252//215
f 710//215 711//215 248//215
f 712//215 713//215 242//215
f 713//215 714//215 240//215
f 224//215 690//215 681//215
f 114//215 686//215 643//215
f 701//215 4//215 6//215
f 2//215 1//215 702//215
f 282//215 284//215 696//215
f 280//215 705//215 697//215
f 270//215 272//215 700//215
f 262//215 264//215 706//215
f 715//215 260//215 262//215
f 715//215 716//215 258//215
f 717//215 256//215 258//215
f 252//215 254//215 708//215
f 248//215 250//215 710//215
f 711//215 718//215 246//215
f 712//215 244//215 246//215
f 240//215 242//215 713//215
f 719//215 238//215 240//215
f 719//215 720//215 236//215
f 202//215 684//215 667//215
f 1//215 4//215 701//215
f 282//215 704//215 705//215
f 266//215 694//215 706//215
f 258//215 260//215 715//215
f 256//215 717//215 708//215
f 246//215 248//215 711//215
f 242//215 244//215 712//215
f 236//215 238//215 719//215
f 6//215 688//215 701//215
f 276//215 698//215 699//215
f 258//215 716//215 717//215
f 246//215 718//215 712//215
f 236//215 720//215 677//215
f 262//215 707//215 715//215
f 240//215 714//215 719//215
f 252//215 709//215 710//215
f 2//215 703//215 695//215
f 721//1 722//2 703//2
f 723//3 721//1 702//1
f 724//4 723//3 701//159
f 725//160 724//4 688//4
f 726//161 725//160 687//160
f 727//7 726//161 676//161
f 728//8 727//7 675//7
f 729//9 728//8 674//8
f 730//10 729//9 663//9
f 731//11 730//10 662//10
f 732//162 731//11 673//11
f 733//13 732//162 616//162
f 734//14 733//13 615//13
f 735//163 734//14 614//14
f 736//16 735//163 613//163
f 737//18 736//16 630//16
f 738//19 737//18 629//18
f 739//21 738//19 654//19
f 740//22 739//21 628//21
f 741//25 740//22 627//22
f 742//24 741//25 661//25
f 743//164 742//24 660//24
f 744//27 743//164 626//164
f 745//28 744//27 612//27
f 746//165 745//28 611//28
f 747//30 746//165 625//165
f 748//31 747//30 587//30
f 749//32 748//31 586//31
f 750//33 749//32 585//32
f 751//34 750//33 584//33
f 752//166 751//34 582//34
f 753//167 752//166 581//166
f 754//37 753//167 578//167
f 755//38 754//37 577//37
f 756//39 755//38 580//38
f 757//40 756//39 579//39
f 758//41 757//40 583//40
f 759//42 758//41 610//41
f 760//43 759//42 609//42
f 761//168 760//43 653//43
f 762//169 761//168 652//168
f 763//46 762//169 651//169
f 764//47 763//46 659//46
f 765//48 764//47 650//47
f 766//49 765//48 649//48
f 767//50 766//49 608//49
f 768//170 767//50 607//50
f 769//52 768//170 624//170
f 770//53 769//52 648//52
f 771//171 770//53 647//53
f 772//55 771//171 646//171
f 773//58 772//55 623//55
f 774//57 773//58 622//58
f 775//59 774//57 645//57
f 776//60 775//59 658//59
f 777//172 776//60 644//60
f 778//64 777//172 643//172
f 779//173 778//64 686//64
f 780//65 779//173 672//173
f 781//66 780//65 671//65
f 782//174 781//66 621//66
f 783//68 782//174 620//174
f 784//69 783//68 597//68
f 785//70 784//69 596//69
f 786//71 785//70 595//70
f 787//74 786//71 606//71
f 788//175 787//74 605//74
f 789//176 788//175 642//175
f 790//76 789//176 641//176
f 791//77 790//76 640//76
f 792//78 791//77 639//77
f 793//79 792//78 604//78
f 794//80 793//79 594//79
f 795//81 794//80 593//80
f 796//82 795//81 603//81
f 797//177 796//82 602//82
f 798//178 797//177 619//177
f 799//85 798//178 618//178
f 800//86 799//85 638//85
f 801//88 800//86 637//86
f 802//89 801//88 636//88
f 803//90 802//89 635//89
f 804//179 803//90 634//90
f 805//92 804//179 633//179
f 806//93 805//92 601//92
f 807//180 806//93 600//93
f 808//95 807//180 617//180
f 809//181 808//95 599//95
f 810//182 809//181 592//181
f 811//100 810//182 591//182
f 812//183 811//100 598//100
f 813//102 812//183 590//183
f 814//184 813//102 589//102
f 815//185 814//184 588//184
f 816//106 815//185 657//185
f 817//186 816//106 656//106
f 818//187 817//186 670//186
f 819//188 818//187 685//187
f 820//189 819//188 669//188
f 821//190 820//189 668//216
f 822//191 821//190 667//190
f 823//113 822//191 684//191
f 824//192 823//113 683//113
f 825//193 824//192 691//192
f 826//194 825//193 666//193
f 827//117 826//194 665//194
f 828//195 827//117 664//117
f 829//119 828//195 632//195
f 830//196 829//119 631//119
f 831//121 830//196 655//196
f 832//197 831//121 682//121
f 833//198 832//197 681//197
f 834//199 833//198 690//198
f 835//125 834//199 680//199
f 836//200 835//125 679//125
f 837//201 836//200 689//200
f 838//202 837//201 678//201
f 839//203 838//202 677//202
f 840//204 839//203 720//203
f 841//205 840//204 719//204
f 842//132 841//205 714//205
f 843//206 842//132 713//132
f 844//207 843//206 712//206
f 845//135 844//207 718//207
f 846//208 845//135 711//135
f 847//138 846//208 710//208
f 848//209 847//138 709//138
f 849//142 848//209 708//209
f 850//141 849//142 717//142
f 851//210 850//141 716//141
f 852//144 851//210 715//210
f 853//146 852//144 707//144
f 854//211 853//146 706//146
f 855//148 854//211 694//211
f 856//149 855//148 693//148
f 857//150 856//149 692//149
f 858//151 857//150 700//150
f 859//152 858//151 699//151
f 860//212 859//152 698//152
f 861//213 860//212 697//212
f 862//155 861//213 705//213
f 863//214 862//155 704//155
f 864//157 863//214 696//156
f 722//2 864//157 695//157
f 695//157 703//2 722//2
f 696//156 695//157 864//157
f 704//155 696//156 863//214
f 705//213 704//155 862//155
f 697//212 705//213 861//213
f 698//152 697//212 860//212
f 699//151 698//152 859//152
f 700//150 699//151 858//151
f 692//149 700//150 857//150
f 693//148 692//149 856//149
f 694//211 693//148 855//148
f 706//146 694//211 854//211
f 707//144 706//146 853//146
f 715//210 707//144 852//144
f 716//141 715//210 851//210
f 717//142 716//141 850//141
f 708//209 717//142 849//142
f 709//138 708//209 848//209
f 710//208 709//138 847//138
f 711//135 710//208 846//208
f 718//207 711//135 845//135
f 712//206 718//207 844//207
f 713//132 712//206 843//206
f 714//205 713//132 842//132
f 719//204 714//205 841//205
f 720//203 719//204 840//204
f 677//202 720//203 839//203
f 678//201 677//202 838//202
f 689//200 678//201 837//201
f 679//125 689//200 836//200
f 680//199 679//125 835//125
f 690//198 680//199 834//199
f 681//197 690//198 833//198
f 682//121 681//197 832//197
f 655//196 682//121 831//121
f 631//119 655//196 830//196
f 632//195 631//119 829//119
f 664//117 632//195 828//195
f 665//194 664//117 827//117
f 666//193 665//194 826//194
f 691//192 666//193 825//193
f 683//113 691//192 824//192
f 684//191 683//113 823//113
f 667//190 684//191 822//191
f 668//216 667//190 821//190
f 669//188 668//216 820//189
f 685//187 669//188 819//188
f 670//186 685//187 818//187
f 656//106 670//186 817//186
f 657//185 656//106 816//106
f 588//184 657//185 815//185
f 589//102 588//184 814//184
f 590//183 589//102 813//102
f 598//100 590//183 812//183
f 591//182 598//100 811//100
f 592//181 591//182 810//182
f 599//95 592//181 809//181
f 617//180 599//95 808//95
f 600//93 617//180 807//180
f 601//92 600//93 806//93
f 633//179 601//92 805//92
f 634//90 633//179 804//179
f 635//89 634//90 803//90
f 636//88 635//89 802//89
f 637//86 636//88 801//88
f 638//85 637//86 800//86
f 618//178 638//85 799//85
f 619//177 618//178 798//178
f 602//82 619//177 797//177
f 603//81 602//82 796//82
f 593//80 603//81 795//81
f 594//79 593//80 794//80
f 604//78 594//79 793//79
f 639//77 604//78 792//78
f 640//76 639//77 791//77
f 641//176 640//76 790//76
f 642//175 641//176 789//176
f 605//74 642//175 788//175
f 606//71 605//74 787//74
f 595//70 606//71 786//71
f 596//69 595//70 785//70
f 597//68 596//69 784//69
f 620//174 597//68 783//68
f 621//66 620//174 782//174
f 671//65 621//66 781//66
f 672//173 671//65 780//65
f 686//64 672//173 779//173
f 643//172 686//64 778//64
f 644//60 643//172 777//172
f 658//59 644//60 776//60
f 645//57 658//59 775//59
f 622//58 645//57 774//57
f 623//55 622//58 773//58
f 646//171 623//55 772//55
f 647//53 646//171 771//171
f 648//52 647//53 770//53
f 624//170 648//52 769//52
f 607//50 624//170 768//170
f 608//49 607//50 767//50
f 649//48 608//49 766//49
f 650//47 649//48 765//48
f 659//46 650//47 764//47
f 651//169 659//46 763//46
f 652//168 651//169 762//169
f 653//43 652//168 761//168
f 609//42 653//43 760//43
f 610//41 609//42 759//42
f 583//40 610//41 758//41
f 579//39 583//40 757//40
f 580//38 579//39 756//39
f 577//37 580//38 755//38
f 578//167 577//37 754//37
f 581//166 578//167 753//167
f 582//34 581//166 752//166
f 584//33 582//34 751//34
f 585//32 584//33 750//33
f 586//31 585//32 749//32
f 587//30 586//31 748//31
f 625//165 587//30 747//30
f 611//28 625//165 746//165
f 612//27 611//28 745//28
f 626//164 612//27 744//27
f 660//24 626//164 743//164
f 661//25 660//24 742//24
f 627//22 661//25 741//25
f 628//21 627//22 740//22
f 654//19 628//21 739//21
f 629//18 654//19 738//19
f 630//16 629//18 737//18
f 613//163 630//16 736//16
f 614//14 613//163 735//163
f 615//13 614//14 734//14
f 616//162 615//13 733//13
f 673//11 616//162 732//162
f 662//10 673//11 731//11
f 663//9 662//10 730//10
f 674//8 663//9 729//9
f 675//7 674//8 728//8
f 676//161 675//7 727//7
f 687//160 676//161 726//161
f 688//4 687//160 725//160
f 701//159 688//4 724//4
f 702//1 701//159 723//3
f 703//2 702//1 721//1
f 497//158 865//158 866//158
f 515//158 867//158 868//158
f 866//158 498//158 497//158
f 515//158 869//158 867//158
f 497//158 496//158 865//158
f 866//158 870//158 498//158
f 515//158 871//158 869//158
f 872//158 530//158 529//158
f 873//158 511//158 510//158
f 865//158 490//158 489//158
f 865//158 492//158 491//158
f 865//158 494//158 493//158
f 515//158 874//158 871//158
f 515//158 875//158 876//158
f 877//158 515//158 514//158
f 872//158 517//158 516//158
f 872//158 519//158 518//158
f 872//158 524//158 523//158
f 872//158 527//158 526//158
f 529//158 528//158 872//158
f 510//158 878//158 873//158
f 865//158 484//158 483//158
f 489//158 488//158 865//158
f 493//158 492//158 865//158
f 870//158 499//158 498//158
f 879//158 880//158 881//158
f 876//158 874//158 515//158
f 514//158 882//158 877//158
f 518//158 517//158 872//158
f 872//158 525//158 524//158
f 528//158 527//158 872//158
f 510//158 883//158 878//158
f 882//158 513//158 512//158
f 510//158 884//158 885//158
f 510//158 886//158 887//158
f 510//158 888//158 889//158
f 510//158 890//158 891//158
f 892//158 462//158 461//158
f 892//158 464//158 463//158
f 865//158 485//158 484//158
f 865//158 487//158 486//158
f 491//158 490//158 865//158
f 496//158 495//158 865//158
f 870//158 504//158 503//158
f 482//158 881//158 893//158
f 879//158 894//158 880//158
f 895//158 896//158 897//158
f 895//158 898//158 899//158
f 877//158 875//158 515//158
f 872//158 520//158 519//158
f 872//158 522//158 521//158
f 526//158 525//158 872//158
f 512//158 511//158 882//158
f 510//158 900//158 901//158
f 885//158 902//158 510//158
f 889//158 886//158 510//158
f 510//158 903//158 904//158
f 891//158 905//158 510//158
f 461//158 460//158 892//158
f 892//158 465//158 464//158
f 486//158 485//158 865//158
f 495//158 494//158 865//158
f 870//158 501//158 500//158
f 503//158 502//158 870//158
f 893//158 906//158 482//158
f 879//158 907//158 894//158
f 895//158 908//158 896//158
f 895//158 909//158 898//158
f 895//158 910//158 911//158
f 531//158 912//158 913//158
f 531//158 914//158 915//158
f 516//158 515//158 872//158
f 523//158 522//158 872//158
f 882//158 514//158 513//158
f 510//158 916//158 917//158
f 510//158 918//158 900//158
f 887//158 884//158 510//158
f 510//158 919//158 920//158
f 905//158 903//158 510//158
f 892//158 457//158 456//158
f 463//158 462//158 892//158
f 879//158 474//158 473//158
f 879//158 476//158 475//158
f 488//158 487//158 865//158
f 502//158 501//158 870//158
f 881//158 482//158 879//158
f 895//158 921//158 922//158
f 895//158 923//158 908//158
f 911//158 909//158 895//158
f 531//158 924//158 925//158
f 531//158 926//158 912//158
f 915//158 927//158 531//158
f 531//158 928//158 929//158
f 531//158 872//158 930//158
f 521//158 520//158 872//158
f 917//158 883//158 510//158
f 902//158 918//158 510//158
f 904//158 919//158 510//158
f 510//158 931//158 932//158
f 510//158 933//158 934//158
f 933//158 509//158 508//158
f 892//158 458//158 457//158
f 892//158 466//158 465//158
f 892//158 468//158 467//158
f 473//158 892//158 879//158
f 879//158 477//158 476//158
f 500//158 499//158 870//158
f 879//158 935//158 907//158
f 879//158 936//158 937//158
f 879//158 938//158 939//158
f 895//158 940//158 921//158
f 895//158 941//158 942//158
f 895//158 943//158 923//158
f 895//158 944//158 910//158
f 895//158 945//158 946//158
f 925//158 895//158 531//158
f 531//158 947//158 926//158
f 531//158 948//158 949//158
f 929//158 914//158 531//158
f 930//158 950//158 531//158
f 873//158 882//158 511//158
f 920//158 888//158 510//158
f 934//158 931//158 510//158
f 932//158 890//158 510//158
f 505//158 870//158 951//158
f 933//158 510//158 509//158
f 952//158 549//158 548//158
f 952//158 552//158 551//158
f 952//158 555//158 554//158
f 892//158 445//158 444//158
f 892//158 459//158 458//158
f 467//158 466//158 892//158
f 892//158 472//158 471//158
f 475//158 474//158 879//158
f 879//158 480//158 479//158
f 870//158 505//158 504//158
f 483//158 482//158 865//158
f 937//158 935//158 879//158
f 879//158 953//158 954//158
f 879//158 955//158 938//158
f 895//158 956//158 940//158
f 942//158 957//158 895//158
f 899//158 943//158 895//158
f 895//158 958//158 945//158
f 895//158 959//158 960//158
f 895//158 961//158 962//158
f 531//158 963//158 924//158
f 949//158 947//158 531//158
f 950//158 928//158 531//158
f 872//158 531//158 530//158
f 951//158 506//158 505//158
f 951//158 933//158 506//158
f 508//158 507//158 933//158
f 952//158 537//158 536//158
f 952//158 550//158 549//158
f 952//158 553//158 552//158
f 952//158 556//158 555//158
f 952//158 558//158 557//158
f 952//158 562//158 561//158
f 892//158 441//158 440//158
f 444//158 443//158 892//158
f 460//158 459//158 892//158
f 892//158 470//158 469//158
f 473//158 472//158 892//158
f 479//158 478//158 879//158
f 879//158 482//158 481//158
f 906//158 865//158 482//158
f 879//158 964//158 965//158
f 939//158 953//158 879//158
f 879//158 966//158 967//158
f 879//158 968//158 969//158
f 879//158 970//158 971//158
f 895//158 972//158 973//158
f 957//158 956//158 895//158
f 895//158 974//158 975//158
f 946//158 944//158 895//158
f 895//158 976//158 977//158
f 895//158 978//158 979//158
f 962//158 959//158 895//158
f 925//158 980//158 895//158
f 927//158 948//158 531//158
f 901//158 916//158 510//158
f 507//158 506//158 933//158
f 952//158 538//158 537//158
f 952//158 540//158 539//158
f 548//158 547//158 952//158
f 554//158 553//158 952//158
f 952//158 559//158 558//158
f 561//158 560//158 952//158
f 892//158 442//158 441//158
f 892//158 446//158 445//158
f 892//158 454//158 453//158
f 469//158 468//158 892//158
f 478//158 477//158 879//158
f 879//158 981//158 982//158
f 954//158 964//158 879//158
f 967//158 983//158 879//158
f 879//158 984//158 985//158
f 971//158 968//158 879//158
f 879//158 986//158 987//158
f 879//158 988//158 989//158
f 879//158 990//158 991//158
f 922//158 972//158 895//158
f 897//158 974//158 895//158
f 979//158 976//158 895//158
f 960//158 992//158 895//158
f 895//158 993//158 994//158
f 895//158 995//158 996//158
f 913//158 963//158 531//158
f 868//158 872//158 515//158
f 895//158 533//158 532//158
f 895//158 535//158 534//158
f 539//158 538//158 952//158
f 551//158 550//158 952//158
f 560//158 559//158 952//158
f 952//158 566//158 565//158
f 952//158 573//158 572//158
f 443//158 442//158 892//158
f 892//158 448//158 447//158
f 892//158 450//158 449//158
f 892//158 452//158 451//158
f 892//158 455//158 454//158
f 471//158 470//158 892//158
f 982//158 936//158 879//158
f 983//158 955//158 879//158
f 879//158 997//158 984//158
f 987//158 970//158 879//158
f 991//158 988//158 879//158
f 975//158 941//158 895//158
f 992//158 978//158 895//158
f 996//158 993//158 895//158
f 534//158 533//158 895//158
f 536//158 895//158 952//158
f 952//158 544//158 543//158
f 952//158 546//158 545//158
f 557//158 556//158 952//158
f 952//158 564//158 563//158
f 952//158 567//158 566//158
f 952//158 570//158 569//158
f 572//158 571//158 952//158
f 892//158 438//158 437//158
f 447//158 446//158 892//158
f 451//158 450//158 892//158
f 456//158 455//158 892//158
f 965//158 981//158 879//158
f 879//158 998//158 999//158
f 969//158 997//158 879//158
f 879//158 1000//158 990//158
f 895//158 1001//158 1002//158
f 977//158 958//158 895//158
f 980//158 995//158 895//158
f 536//158 535//158 895//158
f 545//158 544//158 952//158
f 563//158 562//158 952//158
f 952//158 568//158 567//158
f 571//158 570//158 952//158
f 892//158 439//158 438//158
f 449//158 448//158 892//158
f 481//158 480//158 879//158
f 879//158 1003//158 1004//158
f 879//158 1005//158 998//158
f 879//158 1006//158 1007//158
f 989//158 986//158 879//158
f 879//158 1008//158 1009//158
f 973//158 1001//158 895//158
f 895//158 1010//158 1011//158
f 532//158 531//158 895//158
f 952//158 542//158 541//158
f 547//158 546//158 952//158
f 569//158 568//158 952//158
f 952//158 576//158 575//158
f 440//158 439//158 892//158
f 1004//158 966//158 879//158
f 1007//158 1005//158 879//158
f 1009//158 1000//158 879//158
f 1011//158 961//158 895//158
f 541//158 540//158 952//158
f 565//158 564//158 952//158
f 575//158 574//158 952//158
f 453//158 452//158 892//158
f 985//158 1006//158 879//158
f 994//158 1010//158 895//158
f 574//158 573//158 952//158
f 892//158 434//158 433//158
f 999//158 1003//158 879//158
f 879//158 1002//158 1012//158
f 543//158 542//158 952//158
f 433//158 952//158 892//158
f 433//158 576//158 952//158
f 892//158 436//158 435//158
f 1012//158 1008//158 879//158
f 437//158 436//158 892//158
f 435//158 434//158 892//158
f 1002//158 879//158 895//158
f 952//40 895//40 1013//40
f 1013//40 1014//40 952//40
f 879//40 892//40 1015//40
f 1015//40 1016//40 879//40
f 1017//1 1018//2 917//2
f 1019//3 1017//1 916//1
f 1020//4 1019//3 901//3
f 1021//160 1020//4 900//4
f 1022//161 1021//160 918//160
f 1023//7 1022//161 902//161
f 1024//8 1023//7 885//7
f 1025//9 1024//8 884//8
f 1026//10 1025//9 887//9
f 1027//11 1026//10 886//10
f 1028//162 1027//11 889//11
f 1029//13 1028//162 888//162
f 1030//14 1029//13 920//13
f 1031//163 1030//14 919//14
f 1032//16 1031//163 904//163
f 1033//18 1032//16 903//16
f 1034//19 1033//18 905//18
f 1035//21 1034//19 891//19
f 1036//22 1035//21 890//21
f 1037//25 1036//22 932//22
f 1038//24 1037//25 931//25
f 1039//164 1038//24 934//24
f 1040//27 1039//164 933//164
f 1041//28 1040//27 951//27
f 1042//165 1041//28 870//28
f 1043//30 1042//165 866//165
f 1044//31 1043//30 865//30
f 1045//32 1044//31 906//31
f 1046//33 1045//32 893//32
f 1047//34 1046//33 881//33
f 1048//166 1047//34 880//34
f 1049//167 1048//166 894//166
f 1050//37 1049//167 907//167
f 1051//38 1050//37 935//37
f 1052//39 1051//38 937//38
f 1053//40 1052//39 936//39
f 1054//41 1053//40 982//40
f 1055//42 1054//41 981//41
f 1056//43 1055//42 965//42
f 1057//168 1056//43 964//43
f 1058//169 1057//168 954//168
f 1059//46 1058//169 953//169
f 1060//47 1059//46 939//46
f 1061//48 1060//47 938//47
f 1062//49 1061//48 955//48
f 1063//50 1062//49 983//49
f 1064//170 1063//50 967//50
f 1065//52 1064//170 966//170
f 1066//53 1065//52 1004//52
f 1067//171 1066//53 1003//53
f 1068//55 1067//171 999//171
f 1069//58 1068//55 998//55
f 1070//57 1069//58 1005//58
f 1071//59 1070//57 1007//57
f 1072//60 1071//59 1006//59
f 1073//172 1072//60 985//60
f 1074//64 1073//172 984//172
f 1075//173 1074//64 997//64
f 1076//65 1075//173 969//173
f 1077//66 1076//65 968//65
f 1078//174 1077//66 971//66
f 1079//68 1078//174 970//174
f 1080//69 1079//68 987//68
f 1081//70 1080//69 986//69
f 1082//71 1081//70 989//70
f 1083//74 1082//71 988//71
f 1084//175 1083//74 991//74
f 1085//176 1084//175 990//175
f 1086//76 1085//176 1000//176
f 1087//217 1086//76 1009//76
f 1088//78 1087//217 1008//77
f 1089//79 1088//78 1012//78
f 1090//80 1089//79 1002//79
f 1091//81 1090//80 1001//80
f 1092//82 1091//81 973//218
f 1093//177 1092//82 972//82
f 1094//84 1093//177 922//177
f 1095//85 1094//84 921//178
f 1096//86 1095//85 940//85
f 1097//88 1096//86 956//86
f 1098//89 1097//88 957//88
f 1099//90 1098//89 942//89
f 1100//179 1099//90 941//90
f 1101//92 1100//179 975//179
f 1102//93 1101//92 974//92
f 1103//180 1102//93 897//93
f 1104//95 1103//180 896//180
f 1105//181 1104//95 908//95
f 1106//182 1105//181 923//181
f 1107//100 1106//182 943//182
f 1108//183 1107//100 899//100
f 1109//102 1108//183 898//183
f 1110//184 1109//102 909//102
f 1111//185 1110//184 911//184
f 1112//106 1111//185 910//185
f 1113//186 1112//106 944//106
f 1114//187 1113//186 946//186
f 1115//188 1114//187 945//187
f 1116//189 1115//188 958//188
f 1117//190 1116//189 977//189
f 1118//191 1117//190 976//190
f 1119//113 1118//191 979//191
f 1120//192 1119//113 978//113
f 1121//193 1120//192 992//192
f 1122//194 1121//193 960//193
f 1123//117 1122//194 959//194
f 1124//195 1123//117 962//117
f 1125//119 1124//195 961//195
f 1126//196 1125//119 1011//119
f 1127//121 1126//196 1010//196
f 1128//197 1127//121 994//121
f 1129//198 1128//197 993//197
f 1130//199 1129//198 996//198
f 1131//125 1130//199 995//199
f 1132//200 1131//125 980//125
f 1133//201 1132//200 925//200
f 1134//202 1133//201 924//201
f 1135//203 1134//202 963//202
f 1136//204 1135//203 913//203
f 1137//205 1136//204 912//204
f 1138//132 1137//205 926//205
f 1139//206 1138//132 947//132
f 1140//207 1139//206 949//206
f 1141//135 1140//207 948//207
f 1142//208 1141//135 927//135
f 1143//138 1142//208 915//208
f 1144//209 1143//138 914//138
f 1145//142 1144//209 929//209
f 1146//141 1145//142 928//142
f 1147//210 1146//141 950//141
f 1148//144 1147//210 930//210
f 1149//146 1148//144 872//144
f 1150//211 1149//146 868//146
f 1151//148 1150//211 867//211
f 1152//149 1151//148 869//148
f 1153//150 1152//149 871//149
f 1154//151 1153//150 874//150
f 1155//152 1154//151 876//151
f 1156//212 1155//152 875//152
f 1157//213 1156//212 877//212
f 1158//155 1157//213 882//213
f 1159//156 1158//155 873//155
f 1160//157 1159//156 878//156
f 1018//2 1160//157 883//157
f 883//157 917//2 1018//2
f 878//156 883//157 1160//157
f 873//155 878//156 1159//156
f 882//213 873//155 1158//155
f 877//212 882//213 1157//213
f 875//152 877//212 1156//212
f 876//151 875//152 1155//152
f 874//150 876//151 1154//151
f 871//149 874//150 1153//150
f 869//148 871//149 1152//149
f 867//211 869//148 1151//148
f 868//146 867//211 1150//211
f 872//144 868//146 1149//146
f 930//210 872//144 1148//144
f 950//141 930//210 1147//210
f 928//142 950//141 1146//141
f 929//209 928//142 1145//142
f 914//138 929//209 1144//209
f 915//208 914//138 1143//138
f 927//135 915//208 1142//208
f 948//207 927//135 1141//135
f 949//206 948//207 1140//207
f 947//132 949//206 1139//206
f 926//205 947//132 1138//132
f 912//204 926//205 1137//205
f 913//203 912//204 1136//204
f 963//202 913//203 1135//203
f 924//201 963//202 1134//202
f 925//200 924//201 1133//201
f 980//125 925//200 1132//200
f 995//199 980//125 1131//125
f 996//198 995//199 1130//199
f 993//197 996//198 1129//198
f 994//121 993//197 1128//197
f 1010//196 994//121 1127//121
f 1011//119 1010//196 1126//196
f 961//195 1011//119 1125//119
f 962//117 961//195 1124//195
f 959//194 962//117 1123//117
f 960//193 959//194 1122//194
f 992//192 960//193 1121//193
f 978//113 992//192 1120//192
f 979//191 978//113 1119//113
f 976//190 979//191 1118//191
f 977//189 976//190 1117//190
f 958//188 977//189 1116//189
f 945//187 958//188 1115//188
f 946//186 945//187 1114//187
f 944//106 946//186 1113//186
f 910//185 944//106 1112//106
f 911//184 910//185 1111//185
f 909//102 911//184 1110//184
f 898//183 909//102 1109//102
f 899//100 898//183 1108//183
f 943//182 899//100 1107//100
f 923//181 943//182 1106//182
f 908//95 923//181 1105//181
f 896//180 908//95 1104//95
f 897//93 896//180 1103//180
f 974//92 897//93 1102//93
f 975//179 974//92 1101//92
f 941//90 975//179 1100//179
f 942//89 941//90 1099//90
f 957//88 942//89 1098//89
f 956//86 957//88 1097//88
f 940//85 956//86 1096//86
f 921//178 940//85 1095//85
f 922//177 921//178 1094//84
f 972//82 922//177 1093//177
f 973//218 972//82 1092//82
f 1001//80 973//218 1091//81
f 1002//79 1001//80 1090//80
f 1012//78 1002//79 1089//79
f 1008//77 1012//78 1088//78
f 1009//76 1008//77 1087//217
f 1000//176 1009//76 1086//76
f 990//175 1000//176 1085//176
f 991//74 990//175 1084//175
f 988//71 991//74 1083//74
f 989//70 988//71 1082//71
f 986//69 989//70 1081//70
f 987//68 986//69 1080//69
f 970//174 987//68 1079//68
f 971//66 970//174 1078//174
f 968//65 971//66 1077//66
f 969//173 968//65 1076//65
f 997//64 969//173 1075//173
f 984//172 997//64 1074//64
f 985//60 984//172 1073//172
f 1006//59 985//60 1072//60
f 1007//57 1006//59 1071//59
f 1005//58 1007//57 1070//57
f 998//55 1005//58 1069//58
f 999//171 998//55 1068//55
f 1003//53 999//171 1067//171
f 1004//52 1003//53 1066//53
f 966//170 1004//52 1065//52
f 967//50 966//170 1064//170
f 983//49 967//50 1063//50
f 955//48 983//49 1062//49
f 938//47 955//48 1061//48
f 939//46 938//47 1060//47
f 953//169 939//46 1059//46
f 954//168 953//169 1058//169
f 964//43 954//168 1057//168
f 965//42 964//43 1056//43
f 981//41 965//42 1055//42
f 982//40 981//41 1054//41
f 936//39 982//40 1053//40
f 937//38 936//39 1052//39
f 935//37 937//38 1051//38
f 907//167 935//37 1050//37
f 894//166 907//167 1049//167
f 880//34 894//166 1048//166
f 881//33 880//34 1047//34
f 893//32 881//33 1046//33
f 906//31 893//32 1045//32
f 865//30 906//31 1044//31
f 866//165 865//30 1043//30
f 870//28 866//165 1042//165
f 951//27 870//28 1041//28
f 933//164 951//27 1040//27
f 934//24 933//164 1039//164
f 931//25 934//24 1038//24
f 932//22 931//25 1037//25
f 890//21 932//22 1036//22
f 891//19 890//21 1035//21
f 905//18 891//19 1034//19
f 903//16 905//18 1033//18
f 904//163 903//16 1032//16
f 919//14 904//163 1031//163
f 920//13 919//14 1030//14
f 888//162 920//13 1029//13
f 889//11 888//162 1028//162
f 886//10 889//11 1027//11
f 887//9 886//10 1026//10
f 884//8 887//9 1025//9
f 885//7 884//8 1024//8
f 902//161 885//7 1023//7
f 918//160 902//161 1022//161
f 900//4 918//160 1021//160
f 901//3 900//4 1020//4
f 916//1 901//3 1019//3
f 917//2 916//1 1017//1
f 1049//158 1050//158 1161//158
f 1050//158 1051//158 1162//158
f 1047//158 1048//158 1163//158
f 1048//158 1049//158 1164//158
f 1162//158 1161//158 1050//158
f 1052//158 1165//158 1162//158
f 1044//158 1166//158 1167//158
f 1045//158 1168//158 1166//158
f 1046//158 1169//158 1168//158
f 1046//158 1047//158 1170//158
f 1164//158 1163//158 1048//158
f 1162//158 1051//158 1052//158
f 1053//158 1171//158 1165//158
f 1053//158 1054//158 1172//158
f 1017//158 1173//158 1174//158
f 1019//158 1175//158 1173//158
f 1021//158 1176//158 1177//158
f 1021//158 1022//158 1178//158
f 1166//158 1044//158 1045//158
f 1170//158 1169//158 1046//158
f 1161//158 1164//158 1049//158
f 1172//158 1171//158 1053//158
f 1109//158 1110//158 1179//158
f 1110//158 1111//158 1180//158
f 1125//158 1181//158 1182//158
f 1125//158 1126//158 1183//158
f 1151//158 1184//158 1185//158
f 1152//158 1186//158 1184//158
f 1159//158 1187//158 1188//158
f 1159//158 1160//158 1189//158
f 1018//158 1174//158 1189//158
f 1173//158 1017//158 1019//158
f 1178//158 1176//158 1021//158
f 1022//158 1023//158 1190//158
f 1024//158 1191//158 1190//158
f 1024//158 1025//158 1192//158
f 1030//158 1031//158 1193//158
f 1031//158 1032//158 1194//158
f 1168//158 1045//158 1046//158
f 1165//158 1052//158 1053//158
f 1105//158 1106//158 1195//158
f 1106//158 1107//158 1196//158
f 1109//158 1197//158 1198//158
f 1180//158 1179//158 1110//158
f 1112//158 1199//158 1180//158
f 1112//158 1113//158 1200//158
f 1183//158 1181//158 1125//158
f 1126//158 1127//158 1201//158
f 1184//158 1151//158 1152//158
f 1153//158 1202//158 1186//158
f 1154//158 1203//158 1202//158
f 1154//158 1155//158 1204//158
f 1156//158 1205//158 1204//158
f 1156//158 1157//158 1206//158
f 1158//158 1188//158 1206//158
f 1189//158 1187//158 1159//158
f 1174//158 1018//158 1017//158
f 1019//158 1020//158 1177//158
f 1190//158 1178//158 1022//158
f 1192//158 1191//158 1024//158
f 1028//158 1207//158 1208//158
f 1028//158 1029//158 1209//158
f 1030//158 1210//158 1209//158
f 1194//158 1193//158 1031//158
f 1041//158 1211//158 1212//158
f 1041//158 1042//158 1213//158
f 1042//158 1043//158 1167//158
f 1163//158 1170//158 1047//158
f 1063//158 1214//158 1215//158
f 1063//158 1064//158 1216//158
f 1098//158 1099//158 1217//158
f 1099//158 1100//158 1218//158
f 1104//158 1105//158 1219//158
f 1196//158 1195//158 1106//158
f 1108//158 1198//158 1196//158
f 1179//158 1197//158 1109//158
f 1200//158 1199//158 1112//158
f 1113//158 1114//158 1220//158
f 1116//158 1221//158 1222//158
f 1117//158 1223//158 1221//158
f 1122//158 1224//158 1225//158
f 1122//158 1123//158 1226//158
f 1124//158 1182//158 1226//158
f 1201//158 1183//158 1126//158
f 1186//158 1152//158 1153//158
f 1204//158 1203//158 1154//158
f 1206//158 1205//158 1156//158
f 1188//158 1158//158 1159//158
f 1177//158 1175//158 1019//158
f 1190//158 1023//158 1024//158
f 1026//158 1227//158 1192//158
f 1026//158 1027//158 1208//158
f 1209//158 1207//158 1028//158
f 1193//158 1210//158 1030//158
f 1033//158 1228//158 1194//158
f 1033//158 1034//158 1229//158
f 1036//158 1230//158 1231//158
f 1036//158 1037//158 1232//158
f 1040//158 1212//158 1233//158
f 1213//158 1211//158 1041//158
f 1167//158 1043//158 1044//158
f 1055//158 1234//158 1172//158
f 1216//158 1214//158 1063//158
f 1064//158 1065//158 1235//158
f 1069//158 1236//158 1237//158
f 1069//158 1070//158 1238//158
f 1097//158 1098//158 1239//158
f 1218//158 1217//158 1099//158
f 1101//158 1240//158 1218//158
f 1101//158 1102//158 1241//158
f 1103//158 1242//158 1241//158
f 1103//158 1104//158 1243//158
f 1195//158 1219//158 1105//158
f 1198//158 1108//158 1109//158
f 1220//158 1200//158 1113//158
f 1115//158 1222//158 1220//158
f 1221//158 1116//158 1117//158
f 1117//158 1118//158 1244//158
f 1119//158 1245//158 1244//158
f 1119//158 1120//158 1246//158
f 1226//158 1224//158 1122//158
f 1182//158 1124//158 1125//158
f 1128//158 1247//158 1201//158
f 1128//158 1129//158 1248//158
f 1131//158 1249//158 1250//158
f 1131//158 1132//158 1251//158
f 1133//158 1134//158 1252//158
f 1134//158 1135//158 1253//158
f 1202//158 1153//158 1154//158
f 1206//158 1157//158 1158//158
f 1177//158 1020//158 1021//158
f 1208//158 1227//158 1026//158
f 1209//158 1029//158 1030//158
f 1229//158 1228//158 1033//158
f 1035//158 1231//158 1229//158
f 1232//158 1230//158 1036//158
f 1212//158 1040//158 1041//158
f 1172//158 1054//158 1055//158
f 1056//158 1254//158 1234//158
f 1056//158 1057//158 1255//158
f 1058//158 1256//158 1255//158
f 1058//158 1059//158 1257//158
f 1061//158 1258//158 1259//158
f 1061//158 1062//158 1215//158
f 1235//158 1216//158 1064//158
f 1065//158 1066//158 1260//158
f 1067//158 1261//158 1260//158
f 1067//158 1068//158 1237//158
f 1238//158 1236//158 1069//158
f 1070//158 1071//158 1262//158
f 1073//158 1263//158 1264//158
f 1073//158 1074//158 1265//158
f 1096//158 1266//158 1267//158
f 1096//158 1097//158 1268//158
f 1217//158 1239//158 1098//158
f 1241//158 1240//158 1101//158
f 1243//158 1242//158 1103//158
f 1196//158 1107//158 1108//158
f 1220//158 1114//158 1115//158
f 1244//158 1223//158 1117//158
f 1246//158 1245//158 1119//158
f 1120//158 1121//158 1225//158
f 1226//158 1123//158 1124//158
f 1248//158 1247//158 1128//158
f 1130//158 1250//158 1248//158
f 1251//158 1249//158 1131//158
f 1133//158 1269//158 1251//158
f 1253//158 1252//158 1134//158
f 1204//158 1155//158 1156//158
f 1192//158 1025//158 1026//158
f 1194//158 1032//158 1033//158
f 1231//158 1035//158 1036//158
f 1038//158 1270//158 1232//158
f 1038//158 1039//158 1233//158
f 1167//158 1213//158 1042//158
f 1255//158 1254//158 1056//158
f 1257//158 1256//158 1058//158
f 1059//158 1060//158 1259//158
f 1215//158 1258//158 1061//158
f 1260//158 1235//158 1065//158
f 1237//158 1261//158 1067//158
f 1262//158 1238//158 1070//158
f 1072//158 1264//158 1262//158
f 1265//158 1263//158 1073//158
f 1268//158 1266//158 1096//158
f 1218//158 1100//158 1101//158
f 1219//158 1243//158 1104//158
f 1222//158 1115//158 1116//158
f 1225//158 1246//158 1120//158
f 1201//158 1127//158 1128//158
f 1250//158 1130//158 1131//158
f 1252//158 1269//158 1133//158
f 1138//158 1271//158 1272//158
f 1139//158 1273//158 1271//158
f 1189//158 1160//158 1018//158
f 1229//158 1034//158 1035//158
f 1233//158 1270//158 1038//158
f 1234//158 1055//158 1056//158
f 1259//158 1257//158 1059//158
f 1215//158 1062//158 1063//158
f 1237//158 1068//158 1069//158
f 1264//158 1072//158 1073//158
f 1078//158 1274//158 1275//158
f 1079//158 1276//158 1274//158
f 1239//158 1268//158 1097//158
f 1180//158 1111//158 1112//158
f 1225//158 1121//158 1122//158
f 1251//158 1132//158 1133//158
f 1271//158 1138//158 1139//158
f 1139//158 1140//158 1277//158
f 1144//158 1278//158 1279//158
f 1144//158 1145//158 1280//158
f 1208//158 1027//158 1028//158
f 1233//158 1039//158 1040//158
f 1259//158 1060//158 1061//158
f 1262//158 1071//158 1072//158
f 1075//158 1281//158 1265//158
f 1075//158 1076//158 1282//158
f 1274//158 1078//158 1079//158
f 1079//158 1080//158 1283//158
f 1082//158 1284//158 1285//158
f 1082//158 1083//158 1286//158
f 1090//158 1287//158 1288//158
f 1090//158 1091//158 1289//158
f 1094//158 1290//158 1291//158
f 1094//158 1095//158 1267//158
f 1241//158 1102//158 1103//158
f 1248//158 1129//158 1130//158
f 1136//158 1292//158 1253//158
f 1136//158 1137//158 1272//158
f 1277//158 1273//158 1139//158
f 1141//158 1293//158 1277//158
f 1142//158 1294//158 1293//158
f 1142//158 1143//158 1279//158
f 1280//158 1278//158 1144//158
f 1145//158 1146//158 1295//158
f 1147//158 1296//158 1295//158
f 1147//158 1148//158 1297//158
f 1232//158 1037//158 1038//158
f 1260//158 1066//158 1067//158
f 1282//158 1281//158 1075//158
f 1076//158 1077//158 1275//158
f 1283//158 1276//158 1079//158
f 1081//158 1285//158 1283//158
f 1286//158 1284//158 1082//158
f 1083//158 1084//158 1298//158
f 1289//158 1287//158 1090//158
f 1091//158 1092//158 1299//158
f 1093//158 1291//158 1299//158
f 1267//158 1290//158 1094//158
f 1244//158 1118//158 1119//158
f 1272//158 1292//158 1136//158
f 1277//158 1140//158 1141//158
f 1279//158 1294//158 1142//158
f 1295//158 1280//158 1145//158
f 1297//158 1296//158 1147//158
f 1149//158 1300//158 1297//158
f 1149//158 1150//158 1185//158
f 1255//158 1057//158 1058//158
f 1275//158 1282//158 1076//158
f 1283//158 1080//158 1081//158
f 1298//158 1286//158 1083//158
f 1299//158 1289//158 1091//158
f 1291//158 1093//158 1094//158
f 1253//158 1135//158 1136//158
f 1293//158 1141//158 1142//158
f 1295//158 1146//158 1147//158
f 1185//158 1300//158 1149//158
f 1265//158 1074//158 1075//158
f 1285//158 1081//158 1082//158
f 1087//158 1088//158 1301//158
f 1088//158 1089//158 1288//158
f 1299//158 1092//158 1093//158
f 1272//158 1137//158 1138//158
f 1297//158 1148//158 1149//158
f 1275//158 1077//158 1078//158
f 1085//158 1302//158 1298//158
f 1085//158 1086//158 1303//158
f 1087//158 1304//158 1303//158
f 1288//158 1301//158 1088//158
f 1267//158 1095//158 1096//158
f 1185//158 1150//158 1151//158
f 1303//158 1302//158 1085//158
f 1301//158 1304//158 1087//158
f 1279//158 1143//158 1144//158
f 1303//158 1086//158 1087//158
f 1298//158 1084//158 1085//158
f 1288//158 1089//158 1090//158
f 1305//1 1306//2 1174//2
f 1307//3 1305//1 1173//1
f 1308//4 1307//3 1175//3
f 1309//5 1308//4 1177//4
f 1310//6 1309//5 1176//5
f 1311//7 1310//6 1178//6
f 1312//8 1311//7 1190//219
f 1313//9 1312//8 1191//8
f 1314//10 1313//9 1192//9
f 1315//11 1314//10 1227//10
f 1316//12 1315//11 1208//11
f 1317//13 1316//12 1207//12
f 1318//14 1317//13 1209//13
f 1319//17 1318//14 1210//14
f 1320//16 1319//17 1193//17
f 1321//20 1320//16 1194//220
f 1322//19 1321//20 1228//20
f 1323//21 1322//19 1229//19
f 1324//22 1323//21 1231//21
f 1325//25 1324//22 1230//22
f 1326//24 1325//25 1232//23
f 1327//26 1326//24 1270//24
f 1328//27 1327//26 1233//26
f 1329//28 1328//27 1212//27
f 1330//29 1329//28 1211//28
f 1331//30 1330//29 1213//29
f 1332//31 1331//30 1167//30
f 1333//32 1332//31 1166//31
f 1334//33 1333//32 1168//32
f 1335//34 1334//33 1169//33
f 1336//35 1335//34 1170//34
f 1337//36 1336//35 1163//35
f 1338//37 1337//36 1164//36
f 1339//38 1338//37 1161//37
f 1340//39 1339//38 1162//38
f 1341//40 1340//39 1165//39
f 1342//41 1341//40 1171//40
f 1343//42 1342//41 1172//41
f 1344//43 1343//42 1234//42
f 1345//44 1344//43 1254//43
f 1346//45 1345//44 1255//44
f 1347//46 1346//45 1256//45
f 1348//47 1347//46 1257//46
f 1349//48 1348//47 1259//47
f 1350//49 1349//48 1258//48
f 1351//50 1350//49 1215//49
f 1352//51 1351//50 1214//50
f 1353//52 1352//51 1216//51
f 1354//53 1353//52 1235//52
f 1355//54 1354//53 1260//53
f 1356//55 1355//54 1261//54
f 1357//58 1356//55 1237//55
f 1358//57 1357//58 1236//56
f 1359//59 1358//57 1238//57
f 1360//60 1359//59 1262//59
f 1361//61 1360//60 1264//60
f 1362//64 1361//61 1263//172
f 1363//63 1362//64 1265//64
f 1364//65 1363//63 1281//221
f 1365//66 1364//65 1282//65
f 1366//67 1365//66 1275//66
f 1367//68 1366//67 1274//67
f 1368//69 1367//68 1276//68
f 1369//70 1368//69 1283//69
f 1370//71 1369//70 1285//70
f 1371//74 1370//71 1284//71
f 1372//73 1371//74 1286//74
f 1373//75 1372//73 1298//73
f 1374//76 1373//75 1302//75
f 1375//77 1374//76 1303//76
f 1376//78 1375//77 1304//77
f 1377//79 1376//78 1301//78
f 1378//80 1377//79 1288//79
f 1379//81 1378//80 1287//80
f 1380//82 1379//81 1289//81
f 1381//83 1380//82 1299//82
f 1382//84 1381//83 1291//83
f 1383//85 1382//84 1290//84
f 1384//86 1383//85 1267//85
f 1385//88 1384//86 1266//86
f 1386//89 1385//88 1268//88
f 1387//90 1386//89 1239//89
f 1388//91 1387//90 1217//90
f 1389//92 1388//91 1218//91
f 1390//93 1389//92 1240//92
f 1391//96 1390//93 1241//93
f 1392//95 1391//96 1242//94
f 1393//181 1392//95 1243//95
f 1394//99 1393//181 1219//97
f 1395//100 1394//99 1195//99
f 1396//101 1395//100 1196//100
f 1397//104 1396//101 1198//101
f 1398//103 1397//104 1197//102
f 1399//105 1398//103 1179//103
f 1400//106 1399//105 1180//105
f 1401//107 1400//106 1199//106
f 1402//108 1401//107 1200//107
f 1403//109 1402//108 1220//108
f 1404//110 1403//109 1222//109
f 1405//111 1404//110 1221//110
f 1406//112 1405//111 1223//111
f 1407//113 1406//112 1244//112
f 1408//114 1407//113 1245//113
f 1409//115 1408//114 1246//114
f 1410//116 1409//115 1225//115
f 1411//117 1410//116 1224//116
f 1412//118 1411//117 1226//117
f 1413//119 1412//118 1182//118
f 1414//120 1413//119 1181//119
f 1415//121 1414//120 1183//120
f 1416//122 1415//121 1201//121
f 1417//123 1416//122 1247//122
f 1418//124 1417//123 1248//123
f 1419//125 1418//124 1250//124
f 1420//126 1419//125 1249//125
f 1421//127 1420//126 1251//126
f 1422//128 1421//127 1269//127
f 1423//129 1422//128 1252//128
f 1424//130 1423//129 1253//129
f 1425//131 1424//130 1292//130
f 1426//132 1425//131 1272//131
f 1427//133 1426//132 1271//132
f 1428//134 1427//133 1273//133
f 1429//137 1428//134 1277//134
f 1430//136 1429//137 1293//135
f 1431//138 1430//136 1294//136
f 1432//139 1431//138 1279//138
f 1433//140 1432//139 1278//139
f 1434//222 1433//140 1280//140
f 1435//145 1434//222 1295//141
f 1436//144 1435//145 1296//143
f 1437//146 1436//144 1297//144
f 1438//147 1437//146 1300//146
f 1439//148 1438//147 1185//147
f 1440//149 1439//148 1184//148
f 1441//150 1440//149 1186//149
f 1442//151 1441//150 1202//150
f 1443//223 1442//151 1203//151
f 1444//153 1443//223 1204//152
f 1445//154 1444//153 1205//153
f 1446//155 1445//154 1206//154
f 1447//156 1446//155 1188//155
f 1448//157 1447//156 1187//156
f 1306//2 1448//157 1189//157
f 1189//157 1174//2 1306//2
f 1187//156 1189//157 1448//157
f 1188//155 1187//156 1447//156
f 1206//154 1188//155 1446//155
f 1205//153 1206//154 1445//154
f 1204//152 1205//153 1444//153
f 1203//151 1204//152 1443//223
f 1202//150 1203//151 1442//151
f 1186//149 1202//150 1441//150
f 1184//148 1186//149 1440//149
f 1185//147 1184//148 1439//148
f 1300//146 1185//147 1438//147
f 1297//144 1300//146 1437//146
f 1296//143 1297//144 1436//144
f 1295//141 1296//143 1435//145
f 1280//140 1295//141 1434//222
f 1278//139 1280//140 1433//140
f 1279//138 1278//139 1432//139
f 1294//136 1279//138 1431//138
f 1293//135 1294//136 1430//136
f 1277//134 1293//135 1429//137
f 1273//133 1277//134 1428//134
f 1271//132 1273//133 1427//133
f 1272//131 1271//132 1426//132
f 1292//130 1272//131 1425//131
f 1253//129 1292//130 1424//130
f 1252//128 1253//129 1423//129
f 1269//127 1252//128 1422//128
f 1251//126 1269//127 1421//127
f 1249//125 1251//126 1420//126
f 1250//124 1249//125 1419//125
f 1248//123 1250//124 1418//124
f 1247//122 1248//123 1417//123
f 1201//121 1247//122 1416//122
f 1183//120 1201//121 1415//121
f 1181//119 1183//120 1414//120
f 1182//118 1181//119 1413//119
f 1226//117 1182//118 1412//118
f 1224//116 1226//117 1411//117
f 1225//115 1224//116 1410//116
f 1246//114 1225//115 1409//115
f 1245//113 1246//114 1408//114
f 1244//112 1245//113 1407//113
f 1223//111 1244//112 1406//112
f 1221//110 1223//111 1405//111
f 1222//109 1221//110 1404//110
f 1220//108 1222//109 1403//109
f 1200//107 1220//108 1402//108
f 1199//106 1200//107 1401//107
f 1180//105 1199//106 1400//106
f 1179//103 1180//105 1399//105
f 1197//102 1179//103 1398//103
f 1198//101 1197//102 1397//104
f 1196//100 1198//101 1396//101
f 1195//99 1196//100 1395//100
f 1219//97 1195//99 1394//99
f 1243//95 1219//97 1393//181
f 1242//94 1243//95 1392//95
f 1241//93 1242//94 1391//96
f 1240//92 1241//93 1390//93
f 1218//91 1240//92 1389//92
f 1217//90 1218//91 1388//91
f 1239//89 1217//90 1387//90
f 1268//88 1239//89 1386//89
f 1266//86 1268//88 1385//88
f 1267//85 1266//86 1384//86
f 1290//84 1267//85 1383//85
f 1291//83 1290//84 1382//84
f 1299//82 1291//83 1381//83
f 1289//81 1299//82 1380//82
f 1287//80 1289//81 1379//81
f 1288//79 1287//80 1378//80
f 1301//78 1288//79 1377//79
f 1304//77 1301//78 1376//78
f 1303//76 1304//77 1375//77
f 1302//75 1303//76 1374//76
f 1298//73 1302//75 1373//75
f 1286//74 1298//73 1372//73
f 1284//71 1286//74 1371//74
f 1285//70 1284//71 1370//71
f 1283//69 1285//70 1369//70
f 1276//68 1283//69 1368//69
f 1274//67 1276//68 1367//68
f 1275//66 1274//67 1366//67
f 1282//65 1275//66 1365//66
f 1281//221 1282//65 1364//65
f 1265//64 1281//221 1363//63
f 1263//172 1265//64 1362//64
f 1264//60 1263//172 1361//61
f 1262//59 1264//60 1360//60
f 1238//57 1262//59 1359//59
f 1236//56 1238//57 1358//57
f 1237//55 1236//56 1357//58
f 1261//54 1237//55 1356//55
f 1260//53 1261//54 1355//54
f 1235//52 1260//53 1354//53
f 1216//51 1235//52 1353//52
f 1214//50 1216//51 1352//51
f 1215//49 1214//50 1351//50
f 1258//48 1215//49 1350//49
f 1259//47 1258//48 1349//48
f 1257//46 1259//47 1348//47
f 1256//45 1257//46 1347//46
f 1255//44 1256//45 1346//45
f 1254//43 1255//44 1345//44
f 1234//42 1254//43 1344//43
f 1172//41 1234//42 1343//42
f 1171//40 1172//41 1342//41
f 1165//39 1171//40 1341//40
f 1162//38 1165//39 1340//39
f 1161//37 1162//38 1339//38
f 1164//36 1161//37 1338//37
f 1163//35 1164//36 1337//36
f 1170//34 1163//35 1336//35
f 1169//33 1170//34 1335//34
f 1168//32 1169//33 1334//33
f 1166//31 1168//32 1333//32
f 1167//30 1166//31 1332//31
f 1213//29 1167//30 1331//30
f 1211//28 1213//29 1330//29
f 1212//27 1211//28 1329//28
f 1233//26 1212//27 1328//27
f 1270//24 1233//26 1327//26
f 1232//23 1270//24 1326//24
f 1230//22 1232//23 1325//25
f 1231//21 1230//22 1324//22
f 1229//19 1231//21 1323//21
f 1228//20 1229//19 1322//19
f 1194//220 1228//20 1321//20
f 1193//17 1194//220 1320//16
f 1210//14 1193//17 1319//17
f 1209//13 1210//14 1318//14
f 1207//12 1209//13 1317//13
f 1208//11 1207//12 1316//12
f 1227//10 1208//11 1315//11
f 1192//9 1227//10 1314//10
f 1191//8 1192//9 1313//9
f 1190//219 1191//8 1312//8
f 1178//6 1190//219 1311//7
f 1176//5 1178//6 1310//6
f 1177//4 1176//5 1309//5
f 1175//3 1177//4 1308//4
f 1173//1 1175//3 1307//3
f 1174//2 1173//1 1305//1
f 1449//215 1338//215 1339//215
f 1449//215 1450//215 1337//215
f 1451//215 1452//215 1339//215
f 1337//215 1338//215 1449//215
f 1453//215 1336//215 1337//215
f 1454//215 1335//215 1336//215
f 1455//215 1341//215 1342//215
f 1455//215 1451//215 1340//215
f 1339//215 1452//215 1449//215
f 1336//215 1453//215 1454//215
f 1456//215 1334//215 1335//215
f 1456//215 1457//215 1333//215
f 1457//215 1458//215 1332//215
f 1458//215 1459//215 1331//215
f 1460//215 1413//215 1414//215
f 1460//215 1461//215 1412//215
f 1462//215 1398//215 1399//215
f 1463//215 1397//215 1398//215
f 1340//215 1341//215 1455//215
f 1337//215 1450//215 1453//215
f 1333//215 1334//215 1456//215
f 1331//215 1332//215 1458//215
f 1464//215 1414//215 1415//215
f 1412//215 1413//215 1460//215
f 1465//215 1400//215 1401//215
f 1465//215 1466//215 1399//215
f 1398//215 1462//215 1463//215
f 1463//215 1467//215 1396//215
f 1468//215 1394//215 1395//215
f 1469//215 1393//215 1394//215
f 1339//215 1340//215 1451//215
f 1332//215 1333//215 1457//215
f 1414//215 1464//215 1460//215
f 1461//215 1470//215 1411//215
f 1471//215 1410//215 1411//215
f 1471//215 1472//215 1409//215
f 1473//215 1474//215 1404//215
f 1474//215 1475//215 1403//215
f 1476//215 1401//215 1402//215
f 1399//215 1400//215 1465//215
f 1396//215 1397//215 1463//215
f 1467//215 1477//215 1395//215
f 1394//215 1468//215 1469//215
f 1478//215 1392//215 1393//215
f 1479//215 1387//215 1388//215
f 1480//215 1386//215 1387//215
f 1481//215 1482//215 1342//215
f 1335//215 1454//215 1456//215
f 1483//215 1329//215 1330//215
f 1483//215 1484//215 1328//215
f 1485//215 1319//215 1320//215
f 1486//215 1318//215 1319//215
f 1487//215 1422//215 1423//215
f 1488//215 1421//215 1422//215
f 1489//215 1419//215 1420//215
f 1489//215 1490//215 1418//215
f 1491//215 1416//215 1417//215
f 1491//215 1492//215 1415//215
f 1411//215 1412//215 1461//215
f 1409//215 1410//215 1471//215
f 1493//215 1407//215 1408//215
f 1493//215 1494//215 1406//215
f 1473//215 1405//215 1406//215
f 1403//215 1404//215 1474//215
f 1475//215 1495//215 1402//215
f 1401//215 1476//215 1465//215
f 1395//215 1396//215 1467//215
f 1393//215 1469//215 1478//215
f 1496//215 1391//215 1392//215
f 1496//215 1497//215 1390//215
f 1498//215 1389//215 1390//215
f 1498//215 1499//215 1388//215
f 1387//215 1479//215 1480//215
f 1500//215 1385//215 1386//215
f 1501//215 1351//215 1352//215
f 1501//215 1502//215 1350//215
f 1342//215 1482//215 1455//215
f 1459//215 1503//215 1330//215
f 1328//215 1329//215 1483//215
f 1484//215 1504//215 1327//215
f 1319//215 1485//215 1486//215
f 1486//215 1505//215 1317//215
f 1506//215 1316//215 1317//215
f 1506//215 1507//215 1315//215
f 1508//215 1309//215 1310//215
f 1508//215 1509//215 1308//215
f 1422//215 1487//215 1488//215
f 1488//215 1510//215 1420//215
f 1418//215 1419//215 1489//215
f 1490//215 1511//215 1417//215
f 1415//215 1416//215 1491//215
f 1411//215 1470//215 1471//215
f 1512//215 1408//215 1409//215
f 1406//215 1407//215 1493//215
f 1404//215 1405//215 1473//215
f 1402//215 1495//215 1476//215
f 1395//215 1477//215 1468//215
f 1390//215 1391//215 1496//215
f 1388//215 1389//215 1498//215
f 1386//215 1480//215 1500//215
f 1513//215 1384//215 1385//215
f 1513//215 1514//215 1383//215
f 1515//215 1357//215 1358//215
f 1515//215 1516//215 1356//215
f 1517//215 1352//215 1353//215
f 1350//215 1351//215 1501//215
f 1518//215 1344//215 1345//215
f 1518//215 1481//215 1343//215
f 1330//215 1331//215 1459//215
f 1327//215 1328//215 1484//215
f 1519//215 1324//215 1325//215
f 1519//215 1520//215 1323//215
f 1521//215 1321//215 1322//215
f 1521//215 1522//215 1320//215
f 1317//215 1318//215 1486//215
f 1315//215 1316//215 1506//215
f 1523//215 1312//215 1313//215
f 1523//215 1524//215 1311//215
f 1525//215 1310//215 1311//215
f 1308//215 1309//215 1508//215
f 1526//215 1527//215 1305//215
f 1527//215 1528//215 1306//215
f 1529//215 1447//215 1448//215
f 1529//215 1530//215 1446//215
f 1531//215 1532//215 1439//215
f 1532//215 1533//215 1438//215
f 1420//215 1421//215 1488//215
f 1417//215 1418//215 1490//215
f 1415//215 1492//215 1464//215
f 1408//215 1512//215 1493//215
f 1402//215 1403//215 1475//215
f 1392//215 1478//215 1496//215
f 1388//215 1499//215 1479//215
f 1383//215 1384//215 1513//215
f 1534//215 1535//215 1366//215
f 1535//215 1536//215 1365//215
f 1537//215 1361//215 1362//215
f 1537//215 1538//215 1360//215
f 1539//215 1358//215 1359//215
f 1356//215 1357//215 1515//215
f 1540//215 1355//215 1356//215
f 1540//215 1541//215 1354//215
f 1542//215 1353//215 1354//215
f 1352//215 1517//215 1501//215
f 1543//215 1349//215 1350//215
f 1543//215 1544//215 1348//215
f 1545//215 1346//215 1347//215
f 1545//215 1546//215 1345//215
f 1343//215 1344//215 1518//215
f 1330//215 1503//215 1483//215
f 1547//215 1326//215 1327//215
f 1547//215 1548//215 1325//215
f 1323//215 1324//215 1519//215
f 1520//215 1549//215 1322//215
f 1320//215 1321//215 1521//215
f 1317//215 1505//215 1506//215
f 1311//215 1312//215 1523//215
f 1310//215 1525//215 1508//215
f 1526//215 1307//215 1308//215
f 1306//215 1305//215 1527//215
f 1446//215 1447//215 1529//215
f 1530//215 1550//215 1445//215
f 1551//215 1444//215 1445//215
f 1551//215 1552//215 1443//215
f 1553//215 1442//215 1443//215
f 1553//215 1554//215 1441//215
f 1554//215 1531//215 1440//215
f 1438//215 1439//215 1532//215
f 1555//215 1432//215 1433//215
f 1555//215 1556//215 1431//215
f 1557//215 1430//215 1431//215
f 1557//215 1558//215 1429//215
f 1559//215 1560//215 1426//215
f 1560//215 1561//215 1425//215
f 1420//215 1510//215 1489//215
f 1409//215 1472//215 1512//215
f 1399//215 1466//215 1462//215
f 1385//215 1500//215 1513//215
f 1562//215 1370//215 1371//215
f 1562//215 1563//215 1369//215
f 1534//215 1367//215 1368//215
f 1365//215 1366//215 1535//215
f 1360//215 1361//215 1537//215
f 1538//215 1564//215 1359//215
f 1358//215 1539//215 1515//215
f 1354//215 1355//215 1540//215
f 1353//215 1542//215 1517//215
f 1348//215 1349//215 1543//215
f 1565//215 1347//215 1348//215
f 1345//215 1346//215 1545//215
f 1342//215 1343//215 1481//215
f 1325//215 1326//215 1547//215
f 1322//215 1323//215 1520//215
f 1320//215 1522//215 1485//215
f 1566//215 1314//215 1315//215
f 1566//215 1567//215 1313//215
f 1311//215 1524//215 1525//215
f 1305//215 1307//215 1526//215
f 1445//215 1446//215 1530//215
f 1443//215 1444//215 1551//215
f 1441//215 1442//215 1553//215
f 1439//215 1440//215 1531//215
f 1568//215 1435//215 1436//215
f 1568//215 1569//215 1434//215
f 1570//215 1433//215 1434//215
f 1431//215 1432//215 1555//215
f 1429//215 1430//215 1557//215
f 1558//215 1571//215 1428//215
f 1559//215 1427//215 1428//215
f 1425//215 1426//215 1560//215
f 1572//215 1424//215 1425//215
f 1572//215 1573//215 1423//215
f 1417//215 1511//215 1491//215
f 1390//215 1497//215 1498//215
f 1574//215 1382//215 1383//215
f 1574//215 1575//215 1381//215
f 1576//215 1378//215 1379//215
f 1576//215 1577//215 1377//215
f 1578//215 1371//215 1372//215
f 1369//215 1370//215 1562//215
f 1563//215 1579//215 1368//215
f 1366//215 1367//215 1534//215
f 1580//215 1363//215 1364//215
f 1580//215 1581//215 1362//215
f 1359//215 1360//215 1538//215
f 1356//215 1516//215 1540//215
f 1350//215 1502//215 1543//215
f 1347//215 1565//215 1545//215
f 1327//215 1504//215 1547//215
f 1322//215 1549//215 1521//215
f 1313//215 1314//215 1566//215
f 1308//215 1509//215 1526//215
f 1445//215 1550//215 1551//215
f 1440//215 1441//215 1554//215
f 1582//215 1437//215 1438//215
f 1582//215 1583//215 1436//215
f 1434//215 1435//215 1568//215
f 1433//215 1570//215 1555//215
f 1428//215 1429//215 1558//215
f 1426//215 1427//215 1559//215
f 1423//215 1424//215 1572//215
f 1406//215 1494//215 1473//215
f 1381//215 1382//215 1574//215
f 1575//215 1584//215 1380//215
f 1585//215 1379//215 1380//215
f 1377//215 1378//215 1576//215
f 1586//215 1376//215 1377//215
f 1587//215 1375//215 1376//215
f 1371//215 1578//215 1562//215
f 1368//215 1579//215 1534//215
f 1588//215 1364//215 1365//215
f 1362//215 1363//215 1580//215
f 1359//215 1564//215 1539//215
f 1348//215 1544//215 1565//215
f 1325//215 1548//215 1519//215
f 1313//215 1567//215 1523//215
f 1528//215 1589//215 1448//215
f 1443//215 1552//215 1553//215
f 1436//215 1437//215 1582//215
f 1434//215 1569//215 1570//215
f 1428//215 1571//215 1559//215
f 1423//215 1573//215 1487//215
f 1380//215 1381//215 1575//215
f 1379//215 1585//215 1576//215
f 1376//215 1586//215 1587//215
f 1587//215 1590//215 1374//215
f 1591//215 1373//215 1374//215
f 1591//215 1592//215 1372//215
f 1368//215 1369//215 1563//215
f 1364//215 1588//215 1580//215
f 1354//215 1541//215 1542//215
f 1315//215 1507//215 1566//215
f 1448//215 1589//215 1529//215
f 1436//215 1583//215 1568//215
f 1425//215 1561//215 1572//215
f 1380//215 1584//215 1585//215
f 1374//215 1375//215 1587//215
f 1372//215 1373//215 1591//215
f 1365//215 1536//215 1588//215
f 1345//215 1546//215 1518//215
f 1438//215 1533//215 1582//215
f 1383//215 1514//215 1574//215
f 1374//215 1590//215 1591//215
f 1362//215 1581//215 1537//215
f 1431//215 1556//215 1557//215
f 1372//215 1592//215 1578//215
f 1377//215 1577//215 1586//215
f 1448//215 1306//215 1528//215
f 1593//1 1594//2 1528//2
f 1595//3 1593//1 1527//1
f 1596//4 1595//3 1526//3
f 1597//160 1596//4 1509//4
f 1598//161 1597//160 1508//160
f 1599//7 1598//161 1525//161
f 1600//8 1599//7 1524//7
f 1601//9 1600//8 1523//8
f 1602//10 1601//9 1567//9
f 1603//11 1602//10 1566//10
f 1604//162 1603//11 1507//11
f 1605//13 1604//162 1506//162
f 1606//14 1605//13 1505//13
f 1607//163 1606//14 1486//14
f 1608//16 1607//163 1485//163
f 1609//18 1608//16 1522//16
f 1610//19 1609//18 1521//18
f 1611//21 1610//19 1549//19
f 1612//22 1611//21 1520//21
f 1613//25 1612//22 1519//22
f 1614//24 1613//25 1548//25
f 1615//164 1614//24 1547//24
f 1616//27 1615//164 1504//164
f 1617//28 1616//27 1484//27
f 1618//165 1617//28 1483//28
f 1619//30 1618//165 1503//165
f 1620//31 1619//30 1459//30
f 1621//32 1620//31 1458//31
f 1622//33 1621//32 1457//32
f 1623//34 1622//33 1456//33
f 1624//166 1623//34 1454//34
f 1625//167 1624//166 1453//166
f 1626//37 1625//167 1450//167
f 1627//38 1626//37 1449//37
f 1628//39 1627//38 1452//38
f 1629//40 1628//39 1451//39
f 1630//41 1629//40 1455//40
f 1631//42 1630//41 1482//41
f 1632//43 1631//42 1481//42
f 1633//168 1632//43 1518//43
f 1634//169 1633//168 1546//168
f 1635//46 1634//169 1545//169
f 1636//47 1635//46 1565//46
f 1637//48 1636//47 1544//47
f 1638//49 1637//48 1543//48
f 1639//50 1638//49 1502//49
f 1640//170 1639//50 1501//50
f 1641//52 1640//170 1517//170
f 1642//53 1641//52 1542//52
f 1643//171 1642//53 1541//53
f 1644//55 1643//171 1540//171
f 1645//58 1644//55 1516//55
f 1646//57 1645//58 1515//58
f 1647//59 1646//57 1539//57
f 1648//60 1647//59 1564//59
f 1649//172 1648//60 1538//60
f 1650//64 1649//172 1537//172
f 1651//173 1650//64 1581//64
f 1652//65 1651//173 1580//173
f 1653//66 1652//65 1588//65
f 1654//174 1653//66 1536//66
f 1655//68 1654//174 1535//174
f 1656//69 1655//68 1534//68
f 1657//70 1656//69 1579//69
f 1658//71 1657//70 1563//70
f 1659//74 1658//71 1562//71
f 1660//175 1659//74 1578//74
f 1661//176 1660//175 1592//175
f 1662//76 1661//176 1591//176
f 1663//217 1662//76 1590//76
f 1664//78 1663//217 1587//77
f 1665//79 1664//78 1586//78
f 1666//80 1665//79 1577//79
f 1667//81 1666//80 1576//80
f 1668//82 1667//81 1585//218
f 1669//177 1668//82 1584//82
f 1670//178 1669//177 1575//177
f 1671//85 1670//178 1574//178
f 1672//86 1671//85 1514//85
f 1673//88 1672//86 1513//86
f 1674//89 1673//88 1500//88
f 1675//90 1674//89 1480//89
f 1676//179 1675//90 1479//90
f 1677//92 1676//179 1499//179
f 1678//93 1677//92 1498//92
f 1679//180 1678//93 1497//93
f 1680//95 1679//180 1496//180
f 1681//181 1680//95 1478//95
f 1682//182 1681//181 1469//181
f 1683//100 1682//182 1468//182
f 1684//183 1683//100 1477//100
f 1685//102 1684//183 1467//183
f 1686//184 1685//102 1463//102
f 1687//185 1686//184 1462//184
f 1688//106 1687//185 1466//185
f 1689//186 1688//106 1465//106
f 1690//187 1689//186 1476//186
f 1691//188 1690//187 1495//187
f 1692//189 1691//188 1475//188
f 1693//190 1692//189 1474//189
f 1694//191 1693//190 1473//190
f 1695//113 1694//191 1494//191
f 1696//192 1695//113 1493//113
f 1697//193 1696//192 1512//192
f 1698//194 1697//193 1472//193
f 1699//117 1698//194 1471//194
f 1700//195 1699//117 1470//117
f 1701//119 1700//195 1461//195
f 1702//196 1701//119 1460//119
f 1703//121 1702//196 1464//196
f 1704//197 1703//121 1492//121
f 1705//198 1704//197 1491//197
f 1706//199 1705//198 1511//198
f 1707//125 1706//199 1490//199
f 1708//200 1707//125 1489//125
f 1709//201 1708//200 1510//200
f 1710//202 1709//201 1488//201
f 1711//203 1710//202 1487//202
f 1712//204 1711//203 1573//203
f 1713//205 1712//204 1572//204
f 1714//132 1713//205 1561//205
f 1715//206 1714//132 1560//132
f 1716//207 1715//206 1559//206
f 1717//135 1716//207 1571//207
f 1718//208 1717//135 1558//135
f 1719//138 1718//208 1557//208
f 1720//209 1719//138 1556//138
f 1721//142 1720//209 1555//209
f 1722//141 1721//142 1570//142
f 1723//210 1722//141 1569//141
f 1724//144 1723//210 1568//210
f 1725//146 1724//144 1583//144
f 1726//211 1725//146 1582//146
f 1727//148 1726//211 1533//211
f 1728//149 1727//148 1532//148
f 1729//150 1728//149 1531//149
f 1730//151 1729//150 1554//150
f 1731//152 1730//151 1553//151
f 1732//212 1731//152 1552//152
f 1733//213 1732//212 1551//212
f 1734//155 1733//213 1550//213
f 1735//156 1734//155 1530//155
f 1736//157 1735//156 1529//156
f 1594//2 1736//157 1589//157
f 1589//157 1528//2 1594//2
f 1529//156 1589//157 1736//157
f 1530//155 1529//156 1735//156
f 1550//213 1530//155 1734//155
f 1551//212 1550//213 1733//213
f 1552//152 1551//212 1732//212
f 1553//151 1552//152 1731//152
f 1554//150 1553//151 1730//151
f 1531//149 1554//150 1729//150
f 1532//148 1531//149 1728//149
f 1533//211 1532//148 1727//148
f 1582//146 1533//211 1726//211
f 1583//144 1582//146 1725//146
f 1568//210 1583//144 1724//144
f 1569//141 1568//210 1723//210
f 1570//142 1569//141 1722//141
f 1555//209 1570//142 1721//142
f 1556//138 1555//209 1720//209
f 1557//208 1556//138 1719//138
f 1558//135 1557//208 1718//208
f 1571//207 1558//135 1717//135
f 1559//206 1571//207 1716//207
f 1560//132 1559//206 1715//206
f 1561//205 1560//132 1714//132
f 1572//204 1561//205 1713//205
f 1573//203 1572//204 1712//204
f 1487//202 1573//203 1711//203
f 1488//201 1487//202 1710//202
f 1510//200 1488//201 1709//201
f 1489//125 1510//200 1708//200
f 1490//199 1489//125 1707//125
f 1511//198 1490//199 1706//199
f 1491//197 1511//198 1705//198
f 1492//121 1491//197 1704//197
f 1464//196 1492//121 1703//121
f 1460//119 1464//196 1702//196
f 1461//195 1460//119 1701//119
f 1470//117 1461//195 1700//195
f 1471//194 1470//117 1699//117
f 1472//193 1471//194 1698//194
f 1512//192 1472//193 1697//193
f 1493//113 1512//192 1696//192
f 1494//191 1493//113 1695//113
f 1473//190 1494//191 1694//191
f 1474//189 1473//190 1693//190
f 1475//188 1474//189 1692//189
f 1495//187 1475//188 1691//188
f 1476//186 1495//187 1690//187
f 1465//106 1476//186 1689//186
f 1466//185 1465//106 1688//106
f 1462//184 1466//185 1687//185
f 1463//102 1462//184 1686//184
f 1467//183 1463//102 1685//102
f 1477//100 1467//183 1684//183
f 1468//182 1477//100 1683//100
f 1469//181 1468//182 1682//182
f 1478//95 1469//181 1681//181
f 1496//180 1478//95 1680//95
f 1497//93 1496//180 1679//180
f 1498//92 1497//93 1678//93
f 1499//179 1498//92 1677//92
f 1479//90 1499//179 1676//179
f 1480//89 1479//90 1675//90
f 1500//88 1480//89 1674//89
f 1513//86 1500//88 1673//88
f 1514//85 1513//86 1672//86
f 1574//178 1514//85 1671//85
f 1575//177 1574//178 1670//178
f 1584//82 1575//177 1669//177
f 1585//218 1584//82 1668//82
f 1576//80 1585//218 1667//81
f 1577//79 1576//80 1666//80
f 1586//78 1577//79 1665//79
f 1587//77 1586//78 1664//78
f 1590//76 1587//77 1663//217
f 1591//176 1590//76 1662//76
f 1592//175 1591//176 1661//176
f 1578//74 1592//175 1660//175
f 1562//71 1578//74 1659//74
f 1563//70 1562//71 1658//71
f 1579//69 1563//70 1657//70
f 1534//68 1579//69 1656//69
f 1535//174 1534//68 1655//68
f 1536//66 1535//174 1654//174
f 1588//65 1536//66 1653//66
f 1580//173 1588//65 1652//65
f 1581//64 1580//173 1651//173
f 1537//172 1581//64 1650//64
f 1538//60 1537//172 1649//172
f 1564//59 1538//60 1648//60
f 1539//57 1564//59 1647//59
f 1515//58 1539//57 1646//57
f 1516//55 1515//58 1645//58
f 1540//171 1516//55 1644//55
f 1541//53 1540//171 1643//171
f 1542//52 1541//53 1642//53
f 1517//170 1542//52 1641//52
f 1501//50 1517//170 1640//170
f 1502//49 1501//50 1639//50
f 1543//48 1502//49 1638//49
f 1544//47 1543//48 1637//48
f 1565//46 1544//47 1636//47
f 1545//169 1565//46 1635//46
f 1546//168 1545//169 1634//169
f 1518//43 1546//168 1633//168
f 1481//42 1518//43 1632//43
f 1482//41 1481//42 1631//42
f 1455//40 1482//41 1630//41
f 1451//39 1455//40 1629//40
f 1452//38 1451//39 1628//39
f 1449//37 1452//38 1627//38
f 1450//167 1449//37 1626//37
f 1453//166 1450//167 1625//167
f 1454//34 1453//166 1624//166
f 1456//33 1454//34 1623//34
f 1457//32 1456//33 1622//33
f 1458//31 1457//32 1621//32
f 1459//30 1458//31 1620//31
f 1503//165 1459//30 1619//30
f 1483//28 1503//165 1618//165
f 1484//27 1483//28 1617//28
f 1504//164 1484//27 1616//27
f 1547//24 1504//164 1615//164
f 1548//25 1547//24 1614//24
f 1519//22 1548//25 1613//25
f 1520//21 1519//22 1612//22
f 1549//19 1520//21 1611//21
f 1521//18 1549//19 1610//19
f 1522//16 1521//18 1609//18
f 1485//163 1522//16 1608//16
f 1486//14 1485//163 1607//163
f 1505//13 1486//14 1606//14
f 1506//162 1505//13 1605//13
f 1507//11 1506//162 1604//162
f 1566//10 1507//11 1603//11
f 1567//9 1566//10 1602//10
f 1523//8 1567//9 1601//9
f 1524//7 1523//8 1600//8
f 1525//161 1524//7 1599//7
f 1508//160 1525//161 1598//161
f 1509//4 1508//160 1597//160
f 1526//3 1509//4 1596//4
f 1527//1 1526//3 1595//3
f 1528//2 1527//1 1593//1
f 801//215 1727//215 1728//215
f 801//215 1726//215 1727//215
f 801//215 1724//215 1725//215
f 1737//215 1654//215 1655//215
f 1734//215 1735//215 797//215
f 1725//215 1726//215 801//215
f 801//215 1721//215 1722//215
f 801//215 1719//215 1720//215
f 1737//215 1657//215 1658//215
f 1655//215 1656//215 1737//215
f 1736//215 1594//215 793//215
f 798//215 1733//215 1734//215
f 801//215 1723//215 1724//215
f 1720//215 1721//215 801//215
f 801//215 1714//215 1715//215
f 1013//215 1668//215 1669//215
f 1737//215 1664//224 1665//215
f 1737//215 1661//215 1662//215
f 1737//215 1659//215 1660//215
f 1656//215 1657//215 1737//215
f 794//215 1735//215 1736//215
f 1594//215 791//215 792//215
f 1733//215 799//215 800//215
f 797//215 798//215 1734//215
f 801//215 1731//215 1732//215
f 801//215 1729//215 1730//215
f 1722//215 1723//215 801//215
f 801//215 1716//215 1717//215
f 801//215 1713//215 1714//215
f 1013//215 1673//215 1674//215
f 1669//215 1670//215 1013//215
f 1013//215 1666//215 1667//224
f 1665//215 1013//215 1737//215
f 1662//215 1663//225 1737//215
f 1663//225 1664//224 1737//215
f 1658//215 1659//215 1737//215
f 1601//215 768//215 769//215
f 793//215 794//215 1736//215
f 1594//215 790//215 791//215
f 1594//215 788//215 789//215
f 798//215 799//215 1733//215
f 1730//215 1731//215 801//215
f 801//215 1718//215 1719//215
f 1715//215 1716//215 801//215
f 1013//215 1672//215 1673//215
f 1670//215 1671//215 1013//215
f 1665//215 1666//215 1013//215
f 1660//215 1661//215 1737//215
f 1604//215 1738//215 768//215
f 769//215 1600//215 1601//215
f 792//215 793//215 1594//215
f 1594//215 787//215 788//215
f 1713//215 802//215 803//215
f 1732//215 1733//215 801//215
f 1717//215 1718//215 801//215
f 1671//215 1672//215 1013//215
f 768//215 1603//215 1604//215
f 1601//215 1602//215 768//215
f 1713//215 813//215 814//215
f 1713//215 805//215 806//215
f 1735//215 795//215 796//215
f 789//215 790//215 1594//215
f 1713//215 801//215 802//215
f 1728//215 1729//215 801//215
f 1013//215 1675//215 1676//215
f 1667//224 1668//215 1013//215
f 1737//215 1637//215 1638//215
f 1738//215 1605//215 1606//215
f 1602//215 1603//215 768//215
f 1738//215 765//215 766//215
f 769//215 1595//215 1596//215
f 814//215 815//215 1713//215
f 1713//215 804//215 805//215
f 794//215 795//215 1735//215
f 800//215 801//215 1733//215
f 1594//215 776//215 777//215
f 1013//215 1678//215 1679//215
f 1674//215 1675//215 1013//215
f 1737//215 1652//215 1653//215
f 1737//215 1648//215 1649//215
f 1737//215 1636//215 1637//215
f 1738//215 1607//215 1608//215
f 1604//215 1605//215 1738//215
f 1738//215 764//215 765//215
f 1596//215 1597//215 769//215
f 769//215 1594//215 1593//215
f 815//215 816//215 1713//215
f 806//215 807//215 1713//215
f 803//215 804//215 1713//215
f 1594//215 783//215 784//215
f 1594//215 780//215 781//215
f 1594//215 778//215 779//215
f 1594//215 775//215 776//215
f 1013//215 1677//215 1678//215
f 1653//215 1654//215 1737//215
f 1737//215 1647//215 1648//215
f 1737//215 1645//215 1646//215
f 1737//215 1640//215 1641//215
f 1638//215 1639//215 1737//215
f 1737//215 1634//215 1635//215
f 1737//215 1632//215 1633//215
f 1737//215 1738//215 1623//215
f 1606//215 1607//215 1738//215
f 766//215 767//215 1738//215
f 769//215 1598//215 1599//215
f 1593//215 1595//215 769//215
f 1738//215 752//215 753//215
f 1738//215 750//215 751//215
f 1738//215 746//215 747//215
f 1738//215 735//215 736//215
f 1738//215 731//215 732//215
f 1738//215 721//225 723//224
f 1014//215 849//215 850//215
f 1014//215 843//215 844//215
f 1014//215 841//215 842//215
f 1713//215 812//215 813//215
f 1713//215 808//215 809//215
f 796//215 797//215 1735//215
f 1594//215 785//215 786//215
f 1594//215 782//215 783//215
f 779//215 780//215 1594//215
f 1594//215 774//215 775//215
f 1013//215 1685//215 1686//215
f 1013//215 1680//215 1681//215
f 1676//215 1677//215 1013//215
f 1737//215 1650//215 1651//215
f 1646//215 1647//215 1737//215
f 1639//215 1640//215 1737//215
f 1633//215 1634//215 1737//215
f 1737//215 1624//215 1625//215
f 1738//215 1622//215 1623//215
f 767//215 768//215 1738//215
f 1597//215 1598//215 769//215
f 1738//215 762//215 763//215
f 1738//215 760//215 761//215
f 1738//215 754//215 755//215
f 751//215 752//215 1738//215
f 1738//215 745//215 746//215
f 1738//215 743//215 744//215
f 1738//215 738//215 739//215
f 1738//215 734//215 735//215
f 1738//215 730//215 731//215
f 1738//215 728//215 729//215
f 1738//215 725//215 726//215
f 723//224 724//215 1738//215
f 724//215 725//215 1738//215
f 1738//215 1014//215 722//215
f 1014//215 853//215 854//215
f 1014//215 848//215 849//215
f 1014//215 846//215 847//215
f 842//215 843//215 1014//215
f 816//215 817//215 1713//215
f 807//215 808//215 1713//215
f 784//215 785//215 1594//215
f 777//215 778//215 1594//215
f 1594//215 772//215 773//215
f 1594//215 770//225 771//215
f 1013//215 1687//215 1688//215
f 1013//215 1684//215 1685//215
f 1013//215 1682//215 1683//215
f 1679//215 1680//215 1013//215
f 1649//215 1650//215 1737//215
f 1635//215 1636//215 1737//215
f 1737//215 1630//215 1631//215
f 1737//215 1626//215 1627//215
f 1623//215 1624//215 1737//215
f 1738//215 1609//215 1610//215
f 1599//215 1600//215 769//215
f 761//215 762//215 1738//215
f 1738//215 758//215 759//215
f 1738//215 756//215 757//215
f 753//215 754//215 1738//215
f 1738//215 748//215 749//215
f 744//215 745//215 1738//215
f 1738//215 741//215 742//215
f 1738//215 737//215 738//215
f 1738//215 733//215 734//215
f 729//215 730//215 1738//215
f 726//215 727//215 1738//215
f 727//215 728//215 1738//215
f 722//215 721//225 1738//215
f 1014//215 859//215 860//215
f 854//215 855//215 1014//215
f 1014//215 851//215 852//215
f 847//215 848//215 1014//215
f 844//215 845//215 1014//215
f 1014//215 839//215 840//215
f 1014//215 1013//215 824//215
f 1713//215 819//215 820//215
f 817//215 818//215 1713//215
f 1713//215 810//215 811//215
f 786//215 787//215 1594//215
f 773//215 774//215 1594//215
f 781//215 782//215 1594//215
f 1594//215 769//215 770//225
f 771//215 772//215 1594//215
f 823//215 1710//215 1711//215
f 1013//215 1695//215 1696//215
f 1688//215 1689//215 1013//215
f 1683//215 1684//215 1013//215
f 1651//215 1652//215 1737//215
f 1737//215 1642//215 1643//215
f 1631//215 1632//215 1737//215
f 1737//215 1628//215 1629//215
f 1625//215 1626//215 1737//215
f 1738//215 1620//215 1621//215
f 1738//215 1612//215 1613//215
f 1610//215 1611//215 1738//215
f 763//215 764//215 1738//215
f 757//215 758//215 1738//215
f 749//215 750//215 1738//215
f 742//215 743//215 1738//215
f 739//215 740//215 1738//215
f 732//215 733//215 1738//215
f 1014//215 858//215 859//215
f 1014//215 856//215 857//215
f 852//215 853//215 1014//215
f 845//215 846//215 1014//215
f 1014//215 838//215 839//215
f 1013//215 823//215 824//215
f 1713//215 821//215 822//215
f 818//215 819//215 1713//215
f 809//215 810//215 1713//215
f 1711//215 1712//215 823//215
f 823//215 1013//215 1708//215
f 1013//215 1705//215 1706//215
f 1013//215 1698//215 1699//215
f 1696//215 1697//215 1013//215
f 1013//215 1691//215 1692//215
f 1689//215 1690//215 1013//215
f 1681//215 1682//215 1013//215
f 1643//215 1644//215 1737//215
f 1629//215 1630//215 1737//215
f 1621//215 1622//215 1738//215
f 1738//215 1617//215 1618//215
f 1738//215 1615//215 1616//215
f 1613//215 1614//215 1738//215
f 1608//215 1609//215 1738//215
f 755//215 756//215 1738//215
f 740//215 741//215 1738//215
f 857//215 858//215 1014//215
f 850//215 851//215 1014//215
f 1014//215 837//215 838//215
f 1014//215 835//215 836//215
f 1014//215 833//215 834//215
f 1014//215 826//215 827//215
f 824//215 825//215 1014//215
f 820//215 821//215 1713//215
f 823//215 1709//215 1710//215
f 1013//215 1707//215 1708//215
f 1013//215 1704//215 1705//215
f 1013//215 1702//215 1703//215
f 1013//215 1700//215 1701//215
f 1697//215 1698//215 1013//215
f 1013//215 1693//215 1694//215
f 1690//215 1691//215 1013//215
f 1644//215 1645//215 1737//215
f 1627//215 1628//215 1737//215
f 1618//215 1619//215 1738//215
f 1614//215 1615//215 1738//215
f 759//215 760//215 1738//215
f 736//215 737//215 1738//215
f 1014//215 863//225 864//215
f 1014//215 861//215 862//224
f 855//215 856//215 1014//215
f 836//215 837//215 1014//215
f 1014//215 832//215 833//215
f 1014//215 830//215 831//215
f 1014//215 828//215 829//215
f 825//215 826//215 1014//215
f 811//215 812//215 1713//215
f 1708//215 1709//215 823//215
f 1703//215 1704//215 1013//215
f 1699//215 1700//215 1013//215
f 1692//215 1693//215 1013//215
f 1641//215 1642//215 1737//215
f 1616//215 1617//215 1738//215
f 747//215 748//215 1738//215
f 862//224 863//225 1014//215
f 840//215 841//215 1014//215
f 831//215 832//215 1014//215
f 827//215 828//215 1014//215
f 1712//215 1713//215 823//215
f 1701//215 1702//215 1013//215
f 1686//215 1687//215 1013//215
f 1611//215 1612//215 1738//215
f 860//215 861//215 1014//215
f 829//215 830//215 1014//215
f 1706//215 1707//215 1013//215
f 1619//215 1620//215 1738//215
f 834//215 835//215 1014//215
f 1694//215 1695//215 1013//215
f 822//215 823//215 1713//215
f 864//215 722//215 1014//215
f 1739//226 1738//226 1737//226
f 1740//226 1741//226 1739//226
f 1739//226 1742//226 1740//226
f 1740//226 1743//226 1744//226
f 1743//226 1740//226 1745//226
f 1744//226 1741//226 1740//226
f 1737//226 1742//226 1739//226
f 1745//226 1746//227 1743//226
f 1747//228 1748//229 1749//229
f 1750//230 1747//228 1751//231
f 1752//232 1750//230 1753//230
f 1754//232 1755//233 1744//233
f 1744//233 1743//234 1754//232
f 1755//233 1756//235 1741//236
f 1739//79 1741//236 1756//235
f 1756//235 1757//79 1739//79
f 1741//236 1744//233 1755//233
f 1743//234 1752//232 1754//232
f 1753//230 1754//232 1752//232
f 1751//231 1753//230 1750//230
f 1749//229 1751//231 1747//228
f 1758//237 1759//237 1760//238
f 1761//238 1760//238 1762//239
f 1763//240 1762//239 1764//241
f 1759//237 1746//242 1745//243
f 1759//237 1758//237 1746//242
f 1740//244 1765//244 1766//243
f 1742//2 1767//2 1765//244
f 1765//244 1740//244 1742//2
f 1766//243 1745//243 1740//244
f 1745//243 1766//243 1759//237
f 1764//241 1768//241 1763//240
f 1762//239 1763//240 1761//238
f 1760//238 1761//238 1758//237
f 1768//241 1764//241 1769//241
f 1769//241 1770//241 1768//241
f 1748//229 1771//229 1772//229
f 1772//229 1749//229 1748//229
f 1014//79 1738//79 892//79
f 892//79 1757//79 1773//79
f 892//79 952//79 1014//79
f 1773//79 1015//79 892//79
f 892//79 1739//79 1757//79
f 1774//79 1775//79 1015//79
f 1015//79 1773//79 1774//79
f 1738//79 1739//79 892//79
f 879//2 1016//2 1776//2
f 1777//2 1776//2 1016//2
f 1767//2 1742//2 879//2
f 1013//2 895//2 879//2
f 1776//2 1767//2 879//2
f 879//2 1742//2 1737//2
f 879//2 1737//2 1013//2
f 1016//2 1778//2 1777//2
f 1775//40 1774//40 1777//40
f 1777//40 1778//40 1775//40
f 1765//245 1767//245 1757//245
f 1773//245 1757//245 1767//245
f 1767//245 1776//245 1773//245
f 1757//245 1756//245 1765//245
f 1755//245 1766//245 1765//245
f 1756//245 1755//245 1765//245
f 1754//245 1759//245 1766//245
f 1772//245 1779//245 1780//245
f 1754//245 1760//245 1759//245
f 1781//245 1772//245 1782//245
f 1769//245 1764//245 1749//245
f 1772//245 1781//245 1779//245
f 1755//245 1754//245 1766//245
f 1782//245 1783//245 1781//245
f 1780//245 1769//245 1772//245
f 1754//245 1753//245 1760//245
f 1749//245 1772//245 1769//245
f 1751//245 1762//245 1760//245
f 1764//245 1751//245 1749//245
f 1751//245 1764//245 1762//245
f 1753//245 1751//245 1760//245
f 1783//245 1784//245 1781//245
f 1785//79 1786//79 1787//236
f 1788//236 1787//236 1789//246
f 1790//246 1789//246 1791//232
f 1792//232 1791//232 1784//247
f 1784//247 1793//230 1792//232
f 1794//228 1793//230 1783//230
f 1771//229 1794//228 1782//228
f 1782//228 1772//229 1771//229
f 1783//230 1782//228 1794//228
f 1784//247 1783//230 1793//230
f 1791//232 1792//232 1790//246
f 1789//246 1790//246 1788//236
f 1787//236 1788//236 1785//79
f 1770//241 1769//241 1780//240
f 1795//240 1780//240 1779//238
f 1796//237 1797//238 1781//248
f 1797//238 1779//238 1781//248
f 1798//249 1799//249 1796//237
f 1800//250 1801//250 1799//249
f 1802//2 1803//2 1801//250
f 1801//250 1800//250 1802//2
f 1799//249 1798//249 1800//250
f 1796//237 1804//237 1798//249
f 1781//248 1804//237 1796//237
f 1779//238 1797//238 1795//240
f 1780//240 1795//240 1770//241
f 1805//215 1806//215 1807//215
f 1808//215 1809//215 1810//215
f 1807//215 1811//215 1805//215
f 1808//215 1812//215 1809//215
f 1808//215 1813//215 1814//215
f 1808//215 1815//215 1816//215
f 1810//215 1805//215 1808//215
f 1816//215 1813//215 1808//215
f 1814//215 1812//215 1808//215
f 1808//215 1817//215 1818//215
f 1819//215 1820//215 1821//215
f 1819//215 1822//215 1823//215
f 1818//215 1815//215 1808//215
f 1808//215 1819//215 1824//215
f 1825//215 1826//215 1827//215
f 1819//215 1828//215 1820//215
f 1823//215 1829//215 1819//215
f 1819//215 1808//215 1830//215
f 1824//215 1817//215 1808//215
f 1825//215 1831//215 1826//215
f 1829//215 1828//215 1819//215
f 1819//215 1832//215 1833//215
f 1819//215 1834//215 1835//215
f 1811//215 1808//215 1805//215
f 1825//215 1836//215 1831//215
f 1819//215 1837//215 1838//215
f 1819//215 1839//215 1840//215
f 1833//215 1822//215 1819//215
f 1835//215 1841//215 1819//215
f 1830//215 1842//215 1819//215
f 1825//215 1843//215 1836//215
f 1775//215 1844//215 1845//215
f 1846//215 1847//215 1848//215
f 1838//215 1849//215 1819//215
f 1849//215 1850//215 1819//215
f 1819//215 1851//215 1852//215
f 1821//215 1839//215 1819//215
f 1842//215 1834//215 1819//215
f 1825//215 1853//215 1843//215
f 1825//215 1854//215 1855//215
f 1825//215 1856//215 1857//215
f 1845//215 1858//215 1775//215
f 1775//215 1859//215 1860//215
f 1846//215 1861//215 1862//215
f 1848//215 1863//215 1846//215
f 1016//215 1864//215 1865//215
f 1016//215 1866//215 1825//215
f 1819//215 1850//215 1867//215
f 1852//215 1837//215 1819//215
f 1841//215 1832//215 1819//215
f 1855//215 1853//215 1825//215
f 1857//215 1868//215 1825//215
f 1825//215 1869//215 1870//215
f 1825//215 1866//215 1871//215
f 1015//215 1872//215 1873//215
f 1775//215 1874//215 1844//215
f 1775//215 1875//215 1876//215
f 1775//215 1877//215 1878//215
f 1775//215 1879//215 1859//215
f 1775//215 1880//215 1881//215
f 1775//215 1882//215 1883//215
f 1775//215 1884//215 1885//215
f 1862//215 1886//215 1846//215
f 1863//215 1887//215 1846//215
f 1846//215 1888//215 1889//215
f 1890//215 1807//215 1806//215
f 1016//215 1891//215 1892//215
f 1825//215 1864//215 1016//215
f 1867//215 1893//215 1819//215
f 1893//215 1825//215 1819//215
f 1840//215 1851//215 1819//215
f 1868//215 1854//215 1825//215
f 1871//215 1869//215 1825//215
f 1015//215 1894//215 1872//215
f 1015//215 1895//215 1896//215
f 1876//215 1874//215 1775//215
f 1860//215 1877//215 1775//215
f 1775//215 1897//215 1898//215
f 1883//215 1880//215 1775//215
f 1775//215 1899//215 1900//215
f 1775//215 1901//215 1902//215
f 1775//215 1903//215 1904//215
f 1775//215 1905//215 1906//215
f 1775//215 1907//215 1908//215
f 1885//215 1909//215 1775//215
f 1910//215 1911//215 1912//215
f 1846//215 1913//215 1861//215
f 1846//215 1914//215 1915//215
f 1887//215 1916//215 1846//215
f 1846//215 1917//215 1888//215
f 1918//215 1919//215 1920//215
f 1919//215 1918//215 1890//215
f 1016//215 1921//215 1922//215
f 1865//215 1891//215 1016//215
f 1870//215 1856//215 1825//215
f 1016//215 1923//215 1924//215
f 1873//215 1016//215 1015//215
f 1015//215 1925//215 1926//215
f 1896//215 1927//215 1015//215
f 1775//215 1928//215 1929//215
f 1858//215 1930//215 1775//215
f 1898//215 1879//215 1775//215
f 1775//215 1931//215 1932//215
f 1881//215 1933//215 1775//215
f 1902//215 1899//215 1775//215
f 1906//215 1903//215 1775//215
f 1909//215 1907//215 1775//215
f 1912//215 1775//215 1910//215
f 1912//215 1934//215 1775//215
f 1910//215 1935//215 1936//215
f 1915//215 1913//215 1846//215
f 1889//215 1847//215 1846//215
f 1806//215 1919//215 1890//215
f 1917//215 1846//215 1937//215
f 1775//215 1938//215 1939//215
f 1892//215 1921//215 1016//215
f 1827//215 1819//215 1825//215
f 1873//215 1923//215 1016//215
f 1927//215 1925//215 1015//215
f 1015//215 1940//215 1941//215
f 1015//215 1942//215 1943//215
f 1015//215 1944//215 1945//215
f 1930//215 1928//215 1775//215
f 1932//215 1897//215 1775//215
f 1775//215 1946//215 1947//215
f 1900//215 1882//215 1775//215
f 1775//215 1948//215 1949//215
f 1908//215 1905//215 1775//215
f 1775//215 1950//215 1951//215
f 1936//215 1911//215 1910//215
f 1916//215 1914//215 1846//215
f 1937//215 1918//215 1917//215
f 1775//215 1952//215 1953//215
f 1939//215 1954//215 1775//215
f 1954//215 1955//215 1775//215
f 1016//215 1956//215 1957//215
f 1016//215 1958//215 1959//215
f 1016//215 1960//215 1961//215
f 1016//215 1962//215 1963//215
f 1926//215 1894//215 1015//215
f 1015//215 1964//215 1940//215
f 1015//215 1965//215 1966//215
f 1015//215 1967//215 1968//215
f 1943//215 1969//215 1015//215
f 1969//215 1967//215 1015//215
f 1945//215 1970//215 1015//215
f 1970//215 1942//215 1015//215
f 1878//215 1875//215 1775//215
f 1933//215 1946//215 1775//215
f 1904//215 1948//215 1775//215
f 1951//215 1971//215 1775//215
f 1910//215 1972//215 1973//215
f 1920//215 1917//215 1918//215
f 1974//215 1975//215 1976//215
f 1953//215 1977//215 1775//215
f 1977//215 1978//215 1775//215
f 1775//215 1979//215 1980//215
f 1016//215 1981//215 1982//215
f 1016//215 1983//215 1984//215
f 1959//215 1956//215 1016//215
f 1016//215 1985//215 1986//215
f 1961//215 1987//215 1016//215
f 1016//215 1988//215 1989//215
f 1963//215 1990//215 1016//215
f 1016//215 1991//215 1992//215
f 1924//215 1866//215 1016//215
f 1015//215 1993//215 1994//215
f 1015//215 1995//215 1996//215
f 1966//215 1964//215 1015//215
f 1015//215 1997//215 1998//215
f 1968//215 1999//215 1015//215
f 1775//215 2000//215 1944//215
f 1775//215 2001//215 2002//215
f 1947//215 1931//215 1775//215
f 1971//215 1884//215 1775//215
f 1973//215 1935//215 1910//215
f 1910//215 1974//215 2003//215
f 1976//215 1846//215 1974//215
f 1974//215 1910//215 2004//215
f 1955//215 1952//215 1775//215
f 1775//215 2005//215 2006//215
f 1980//215 2007//215 1775//215
f 1775//215 2008//215 2009//215
f 1775//215 1778//215 2010//215
f 1778//215 2011//215 2012//215
f 1778//215 2013//215 2014//215
f 1778//215 2015//215 2016//215
f 1778//215 2017//215 2018//215
f 1778//215 2019//215 2020//215
f 1016//215 2021//215 2022//215
f 1016//215 2023//215 2024//215
f 1016//215 2025//215 2026//215
f 1016//215 2027//215 2028//215
f 1982//215 2029//215 1016//215
f 1957//215 1983//215 1016//215
f 1016//215 2030//215 2031//215
f 1016//215 2032//215 2033//215
f 1016//215 2034//215 2035//215
f 1987//215 1985//215 1016//215
f 1990//215 1988//215 1016//215
f 1922//215 1991//215 1016//215
f 1996//215 1993//215 1015//215
f 1015//215 2036//215 2037//215
f 1015//215 2038//215 2039//215
f 1015//215 2040//215 2041//215
f 1998//215 1965//215 1015//215
f 2002//215 2000//215 1775//215
f 1949//215 1901//215 1775//215
f 2003//215 1972//215 1910//215
f 2004//215 1975//215 1974//215
f 2006//215 1938//215 1775//215
f 2007//215 2042//215 1775//215
f 2009//215 2043//215 1775//215
f 2043//215 2044//215 1775//215
f 2010//215 2045//215 1775//215
f 1778//215 2046//215 2047//215
f 2014//215 2011//215 1778//215
f 1778//215 2048//215 2015//215
f 1778//215 2049//215 2050//215
f 2020//215 2017//215 1778//215
f 2018//215 2051//215 1778//215
f 2022//215 1778//215 1016//215
f 2022//215 2019//215 1778//215
f 2026//215 2023//215 1016//215
f 2029//215 2027//215 1016//215
f 1016//215 2052//215 2053//215
f 2031//215 1958//215 1016//215
f 2035//215 2032//215 1016//215
f 1989//215 1960//215 1016//215
f 1994//215 1895//215 1015//215
f 1015//215 2054//215 2055//215
f 1015//215 2056//215 2036//215
f 1015//215 2057//215 2058//215
f 2041//215 2038//215 1015//215
f 1015//215 2059//215 2060//215
f 1999//215 1997//215 1015//215
f 1929//215 2001//215 1775//215
f 1886//215 1974//215 1846//215
f 1775//215 1978//215 2061//215
f 2042//215 2005//215 1775//215
f 2045//215 2008//215 1775//215
f 1778//215 2062//215 2063//215
f 2012//215 2046//215 1778//215
f 1778//215 2064//215 2065//215
f 1778//215 2066//215 2048//215
f 1778//215 2067//215 2068//215
f 2050//215 2069//215 1778//215
f 1778//215 2051//215 2070//215
f 2024//215 2071//215 1016//215
f 1016//215 2072//215 1981//215
f 1016//215 2073//215 2052//215
f 2033//215 2030//215 1016//215
f 1992//215 1962//215 1016//215
f 2037//215 2054//215 1015//215
f 1015//215 2074//215 2057//215
f 1015//215 2075//215 2040//215
f 1941//215 2059//215 1015//215
f 1934//215 1950//215 1775//215
f 2063//215 2010//215 1778//215
f 2065//215 2013//215 1778//215
f 2068//215 2066//215 1778//215
f 2069//215 2076//215 1778//215
f 1778//215 2077//215 2078//215
f 1778//215 2079//215 2080//215
f 1778//215 2081//215 2082//215
f 2070//215 2083//215 1778//215
f 2071//215 2021//215 1016//215
f 2053//215 2072//215 1016//215
f 1986//215 2034//215 1016//215
f 2058//215 2056//215 1015//215
f 2060//215 2075//215 1015//215
f 2061//215 1910//215 1775//215
f 1775//215 2044//215 2084//215
f 2047//215 2062//215 1778//215
f 2076//215 2067//215 1778//215
f 2080//215 2077//215 1778//215
f 1778//215 2085//215 2086//215
f 1778//215 2087//215 2081//215
f 1984//215 2073//215 1016//215
f 2039//215 2074//215 1015//215
f 2084//215 1979//215 1775//215
f 2016//215 2064//215 1778//215
f 1778//215 2088//215 2089//215
f 2086//215 2079//215 1778//215
f 1778//215 2090//215 2091//215
f 2083//215 2087//215 1778//215
f 2055//215 1995//215 1015//215
f 2089//215 2092//215 1778//215
f 2091//215 2085//215 1778//215
f 2028//215 2025//215 1016//215
f 2092//215 2049//215 1778//215
f 2082//215 2090//215 1778//215
f 2078//215 2088//215 1778//215
f 1944//215 1015//215 1775//215
f 2093//158 2094//158 2095//158
f 2096//158 2097//158 2098//158
f 2095//158 2099//158 2093//158
f 2094//158 2100//158 2101//158
f 2096//158 2102//158 2097//158
f 2096//158 2103//158 2104//158
f 1774//158 2105//158 2106//158
f 1774//158 2107//158 2108//158
f 2101//158 2095//158 2094//158
f 2109//158 2110//158 2111//158
f 2096//158 2112//158 2113//158
f 2096//158 2114//158 2102//158
f 2096//158 2115//158 2103//158
f 1774//158 2116//158 2105//158
f 1774//158 2117//158 2118//158
f 1774//158 2119//158 2120//158
f 1774//158 2121//158 2122//158
f 1774//158 2123//158 2124//158
f 1774//158 2125//158 2126//158
f 1774//158 2127//158 2128//158
f 1774//158 2129//158 2107//158
f 2110//158 2109//158 2130//158
f 2111//158 2093//158 2109//158
f 2113//158 2131//158 2096//158
f 2096//158 2132//158 2114//158
f 2096//158 2133//158 2134//158
f 2104//158 2135//158 2096//158
f 2118//158 2116//158 1774//158
f 2122//158 2119//158 1774//158
f 1774//158 2136//158 2137//158
f 1774//158 2138//158 2139//158
f 2126//158 2123//158 1774//158
f 2128//158 2140//158 1774//158
f 1774//158 2141//158 2142//158
f 1774//158 2143//158 2144//158
f 2108//158 2145//158 1774//158
f 1773//158 2146//158 2147//158
f 1773//158 2148//158 2149//158
f 1773//158 2150//158 2151//158
f 2099//158 2109//158 2093//158
f 2094//158 2152//158 2153//158
f 2098//158 2112//158 2096//158
f 2135//158 2133//158 2096//158
f 1774//158 2154//158 2155//158
f 2120//158 2117//158 1774//158
f 1774//158 2156//158 2157//158
f 2139//158 2136//158 1774//158
f 1774//158 2158//158 2125//158
f 1774//158 2159//158 2160//158
f 2142//158 2127//158 1774//158
f 2145//158 2143//158 1774//158
f 1773//158 2161//158 2162//251
f 2147//158 2163//158 1773//158
f 2163//158 2164//158 1773//158
f 2151//158 2148//158 1773//158
f 1773//158 2165//158 2166//158
f 2153//158 2100//158 2094//158
f 2134//158 2132//158 2096//158
f 2155//158 2167//158 1774//158
f 2167//158 2168//158 1774//158
f 2157//158 2121//158 1774//158
f 2124//158 2138//158 1774//158
f 1774//158 2169//158 2170//158
f 1774//158 2171//158 2172//158
f 2140//158 2159//158 1774//158
f 1774//158 2173//158 2129//158
f 1774//158 2174//158 2175//158
f 1774//158 2176//252 2177//158
f 1774//158 2178//158 2179//158
f 1773//158 2180//251 2181//158
f 2162//251 2182//252 1773//158
f 2182//252 2180//251 1773//158
f 2164//158 2161//158 1773//158
f 2166//158 2150//158 1773//158
f 1773//158 2183//158 2184//158
f 2115//158 2096//158 2185//158
f 2131//158 2110//158 2096//158
f 2106//158 2154//158 1774//158
f 2170//158 2158//158 1774//158
f 2160//158 2171//158 1774//158
f 2175//158 2173//158 1774//158
f 2179//158 2176//252 1774//158
f 2181//158 1774//158 1773//158
f 2181//158 2178//158 1774//158
f 2184//158 2165//158 1773//158
f 1773//158 2186//158 2187//158
f 1773//158 2188//158 2189//158
f 1773//158 2190//158 2191//158
f 1773//158 2192//158 2193//158
f 1776//158 2194//158 2192//158
f 1776//158 2195//158 2196//158
f 1774//158 2197//158 2198//158
f 1774//158 2199//158 2200//158
f 1774//158 2201//158 2202//158
f 2115//158 2203//158 2204//158
f 2130//158 2096//158 2110//158
f 2094//158 2205//158 2206//158
f 2094//158 2207//158 2208//158
f 2137//158 2156//158 1774//158
f 2144//158 2141//158 1774//158
f 2149//158 2146//158 1773//158
f 1773//158 2209//158 2210//158
f 2189//158 2186//158 1773//158
f 2187//158 2211//158 1773//158
f 2191//158 2212//158 1773//158
f 2212//158 2213//158 1773//158
f 1773//158 2214//158 2215//158
f 2192//158 1773//158 1776//158
f 2193//158 2214//158 1773//158
f 1776//158 2216//158 2217//158
f 2196//158 2218//158 1776//158
f 2196//158 2219//158 2218//158
f 2220//158 2196//158 2221//251
f 1776//158 2222//158 2223//158
f 2200//158 2197//158 1774//158
f 2198//158 2224//158 1774//158
f 2202//158 2225//158 1774//158
f 2185//158 2203//158 2115//158
f 2094//158 2226//158 2227//158
f 2228//158 2229//158 2230//158
f 2228//158 2231//158 2232//158
f 2208//158 2205//158 2094//158
f 2094//158 2233//158 2234//158
f 2094//158 2235//158 2236//158
f 2094//158 2237//158 2238//158
f 2172//158 2169//158 1774//158
f 2210//158 2239//158 1773//158
f 2239//158 2183//158 1773//158
f 1773//158 2240//158 2241//158
f 1773//158 2242//158 2243//158
f 2215//158 2190//158 1773//158
f 2217//158 2194//158 1776//158
f 1776//158 2244//158 2245//158
f 1776//158 2246//158 2247//158
f 1776//158 2248//158 2249//158
f 2221//251 2250//158 2220//158
f 2223//158 2251//158 1776//158
f 2251//158 2195//158 1776//158
f 1776//158 2252//158 2253//158
f 1776//158 2254//158 2255//158
f 2221//251 2256//158 2257//158
f 2258//158 2221//251 2259//158
f 2259//158 2260//158 2261//158
f 1774//158 2262//158 2263//158
f 1774//158 2264//158 2265//158
f 1774//158 2224//158 2266//158
f 2225//158 2199//158 1774//158
f 2094//158 2267//158 2152//158
f 2094//158 2268//158 2226//158
f 2232//158 2229//158 2228//158
f 1774//158 2168//158 2231//158
f 2094//158 2269//158 2270//158
f 2234//158 2207//158 2094//158
f 2236//158 2271//158 2094//158
f 2238//158 2272//158 2094//158
f 2272//158 2235//158 2094//158
f 2177//158 2174//158 1774//158
f 2241//158 2209//158 1773//158
f 1773//158 2273//158 2274//158
f 2243//158 2188//158 1773//158
f 1773//158 2213//158 2275//158
f 2247//158 2244//158 1776//158
f 1776//158 2276//158 2277//158
f 2249//158 2278//158 1776//158
f 2278//158 2276//158 1776//158
f 2220//158 2219//158 2196//158
f 2253//158 2222//158 1776//158
f 2255//158 2279//158 1776//158
f 2279//158 2252//158 1776//158
f 1776//158 2280//158 2281//158
f 2221//251 2282//158 2256//158
f 2261//158 2283//158 2259//158
f 1777//158 2284//158 2285//158
f 2265//158 2262//158 1774//158
f 2263//158 2286//158 1774//158
f 2227//158 2267//158 2094//158
f 2228//158 2287//158 2288//158
f 2228//158 2289//158 2290//158
f 2231//158 2228//158 1774//158
f 2230//158 2289//158 2228//158
f 2094//158 2291//158 2292//158
f 2206//158 2269//158 2094//158
f 2094//158 2293//158 2294//158
f 2094//158 2295//158 2296//158
f 2094//158 2259//158 2297//158
f 2274//158 2298//158 1773//158
f 2275//158 2242//158 1773//158
f 2245//158 2216//158 1776//158
f 1776//158 2299//158 2300//158
f 1776//158 2301//158 2302//158
f 1776//158 2303//158 2304//158
f 2281//158 2254//158 1776//158
f 2221//251 2258//158 2282//158
f 2259//158 2094//158 2260//158
f 1777//158 2305//158 2306//158
f 2285//158 2307//158 1777//158
f 1777//158 2308//158 2309//158
f 1777//158 2310//158 2311//158
f 2266//158 2264//158 1774//158
f 1774//158 2228//158 2312//158
f 2288//158 2115//158 2228//158
f 2270//158 2291//158 2094//158
f 2271//158 2293//158 2094//158
f 2296//158 2313//158 2094//158
f 2313//158 2237//158 2094//158
f 2297//158 2314//158 2094//158
f 2314//158 2295//158 2094//158
f 2298//158 2240//158 1773//158
f 2300//158 2248//158 1776//158
f 2304//158 2301//158 1776//158
f 2259//158 2283//158 2258//158
f 1777//158 2315//158 2305//158
f 1777//158 2316//158 2317//158
f 2307//158 2318//158 1777//158
f 1777//158 2319//158 2320//158
f 2311//158 2308//158 1777//158
f 1774//158 2321//158 2322//158
f 1774//158 2323//158 2324//158
f 2312//158 2201//158 1774//158
f 2290//158 2287//158 2228//158
f 2294//158 2233//158 2094//158
f 2211//158 2273//158 1773//158
f 2302//158 2299//158 1776//158
f 2257//158 2250//158 2221//251
f 2218//158 2303//158 1776//158
f 1776//158 2325//158 2326//158
f 1777//158 2327//158 2315//158
f 2318//158 2316//158 1777//158
f 2309//158 2319//158 1777//158
f 1777//158 2328//158 2329//158
f 2322//158 1777//158 1774//158
f 2322//158 2330//158 1777//158
f 2324//158 2331//158 1774//158
f 2204//158 2228//158 2115//158
f 2277//158 2246//158 1776//158
f 2326//158 2280//158 1776//158
f 2317//158 2327//158 1777//158
f 2329//158 2310//158 1777//158
f 1777//158 2330//158 2332//158
f 2331//158 2321//158 1774//158
f 2292//158 2268//158 2094//158
f 1776//158 2333//158 2334//158
f 1776//158 2335//158 2336//158
f 2320//158 2284//158 1777//158
f 1774//158 2286//158 2337//158
f 1776//158 2338//158 2339//158
f 2336//158 2333//158 1776//158
f 1776//158 2340//158 2341//158
f 1776//158 2342//158 2343//158
f 2332//158 2328//158 1777//158
f 2334//158 2338//158 1776//158
f 2343//158 2340//158 1776//158
f 1777//158 2344//158 2345//158
f 2337//158 2323//158 1774//158
f 2341//158 2335//158 1776//158
f 1776//158 2346//158 2347//158
f 1776//158 2348//158 2349//158
f 1776//158 2350//158 2351//158
f 1777//158 2352//158 2353//251
f 2345//158 2354//158 1777//158
f 2354//158 2352//158 1777//158
f 1777//158 2355//158 2356//158
f 1777//158 2357//158 2358//158
f 1777//158 2359//158 2360//158
f 2339//158 2325//158 1776//158
f 2347//158 2361//158 1776//158
f 2349//158 2362//158 1776//158
f 2351//158 2363//158 1776//158
f 2363//158 2348//158 1776//158
f 1777//158 2364//158 2355//158
f 1777//158 2365//158 2366//158
f 1777//158 2367//158 2368//158
f 2360//158 2357//158 1777//158
f 1777//158 2369//158 2370//158
f 2361//158 2342//158 1776//158
f 2362//158 2346//158 1776//158
f 1776//158 2371//251 2372//158
f 1776//158 2373//251 2374//252
f 1777//158 2375//158 2376//158
f 2356//158 2344//158 1777//158
f 2366//158 2377//158 1777//158
f 1777//158 2378//158 2379//158
f 2358//158 2367//158 1777//158
f 1777//158 2380//158 2369//158
f 2374//252 2371//251 1776//158
f 2372//158 2350//158 1776//158
f 2376//158 1776//158 1777//158
f 2376//158 2373//251 1776//158
f 2377//158 2364//158 1777//158
f 2368//158 2378//158 1777//158
f 2306//158 2380//158 1777//158
f 2379//158 2365//158 1777//158
f 2370//158 2359//158 1777//158
f 2353//251 2375//158 1777//158
f 1945//1 1944//2 2179//2
f 1970//159 1945//1 2178//1
f 1942//4 1970//159 2181//159
f 1943//5 1942//4 2180//253
f 1969//161 1943//5 2182//5
f 1967//219 1969//161 2162//161
f 1968//8 1967//219 2161//219
f 1999//9 1968//8 2164//8
f 1997//254 1999//9 2163//9
f 1998//11 1997//254 2147//254
f 1965//12 1998//11 2146//11
f 1966//13 1965//12 2149//12
f 1964//14 1966//13 2148//13
f 1940//163 1964//14 2151//14
f 1941//16 1940//163 2150//17
f 2059//18 1941//16 2166//16
f 2060//255 2059//18 2165//18
f 2075//21 2060//255 2184//19
f 2040//256 2075//21 2183//21
f 2041//25 2040//256 2239//256
f 2038//24 2041//25 2210//25
f 2039//164 2038//24 2209//24
f 2074//27 2039//164 2241//164
f 2057//28 2074//27 2240//27
f 2058//29 2057//28 2298//28
f 2056//30 2058//29 2274//29
f 2036//257 2056//30 2273//30
f 2037//32 2036//257 2211//257
f 2054//33 2037//32 2187//32
f 2055//258 2054//33 2186//33
f 1995//166 2055//258 2189//258
f 1996//36 1995//166 2188//166
f 1993//37 1996//36 2243//36
f 1994//259 1993//37 2242//37
f 1895//39 1994//259 2275//259
f 1896//40 1895//39 2213//39
f 1927//41 1896//40 2212//40
f 1925//260 1927//41 2191//41
f 1926//43 1925//260 2190//260
f 1894//44 1926//43 2215//43
f 1872//169 1894//44 2214//44
f 1873//261 1872//169 2193//169
f 1923//47 1873//261 2192//261
f 1924//48 1923//47 2194//47
f 1866//262 1924//48 2217//48
f 1871//50 1866//262 2216//262
f 1869//51 1871//50 2245//50
f 1870//52 1869//51 2244//51
f 1856//53 1870//52 2247//52
f 1857//171 1856//53 2246//53
f 1868//55 1857//171 2277//171
f 1854//58 1868//55 2276//55
f 1855//57 1854//58 2278//58
f 1853//59 1855//57 2249//263
f 1843//264 1853//59 2248//59
f 1836//172 1843//264 2300//60
f 1831//64 1836//172 2299//172
f 1826//173 1831//64 2302//62
f 1827//65 1826//173 2301//173
f 1819//66 1827//65 2304//65
f 1824//67 1819//66 2303//66
f 1817//68 1824//67 2218//67
f 1818//265 1817//68 2219//68
f 1815//70 1818//265 2220//265
f 1816//71 1815//70 2250//70
f 1813//72 1816//71 2257//71
f 1814//175 1813//72 2256//72
f 1812//75 1814//175 2282//175
f 1809//76 1812//75 2258//75
f 1810//217 1809//76 2283//76
f 1805//78 1810//217 2261//217
f 1806//79 1805//78 2260//78
f 1919//80 1806//79 2094//79
f 1920//218 1919//80 2093//80
f 1917//82 1920//218 2111//218
f 1888//83 1917//82 2110//82
f 1889//178 1888//83 2131//83
f 1847//87 1889//178 2113//178
f 1848//86 1847//87 2112//87
f 1863//88 1848//86 2098//86
f 1887//89 1863//88 2097//88
f 1916//90 1887//89 2102//266
f 1914//91 1916//90 2114//90
f 1915//92 1914//91 2132//91
f 1913//93 1915//92 2134//92
f 1861//180 1913//93 2133//93
f 1862//98 1861//180 2135//180
f 1886//181 1862//98 2104//95
f 1974//99 1886//181 2103//181
f 2003//100 1974//99 2115//267
f 1972//268 2003//100 2288//100
f 1973//102 1972//268 2287//101
f 1935//103 1973//102 2290//102
f 1936//269 1935//103 2289//103
f 1911//106 1936//269 2230//269
f 1912//107 1911//106 2229//106
f 1934//108 1912//107 2232//107
f 1950//109 1934//108 2231//108
f 1951//270 1950//109 2168//109
f 1971//111 1951//270 2167//110
f 1884//112 1971//111 2155//111
f 1885//271 1884//112 2154//112
f 1909//192 1885//271 2106//271
f 1907//115 1909//192 2105//192
f 1908//116 1907//115 2116//115
f 1905//272 1908//116 2118//116
f 1906//118 1905//272 2117//272
f 1903//119 1906//118 2120//118
f 1904//120 1903//119 2119//119
f 1948//273 1904//120 2122//120
f 1949//122 1948//273 2121//273
f 1901//123 1949//122 2157//122
f 1902//199 1901//123 2156//123
f 1899//274 1902//199 2137//199
f 1900//126 1899//274 2136//274
f 1882//127 1900//126 2139//126
f 1883//275 1882//127 2138//127
f 1880//129 1883//275 2124//128
f 1881//130 1880//129 2123//129
f 1933//131 1881//130 2126//130
f 1946//132 1933//131 2125//131
f 1947//276 1946//132 2158//132
f 1931//134 1947//276 2170//276
f 1932//135 1931//134 2169//134
f 1897//136 1932//135 2172//135
f 1898//138 1897//136 2171//136
f 1879//139 1898//138 2160//138
f 1859//142 1879//139 2159//277
f 1860//141 1859//142 2140//142
f 1877//143 1860//141 2128//141
f 1878//144 1877//143 2127//210
f 1875//146 1878//144 2142//144
f 1876//147 1875//146 2141//146
f 1874//148 1876//147 2144//147
f 1844//278 1874//148 2143//148
f 1845//150 1844//278 2145//278
f 1858//151 1845//150 2108//150
f 1930//223 1858//151 2107//151
f 1928//212 1930//223 2129//223
f 1929//154 1928//212 2173//212
f 2001//279 1929//154 2175//154
f 2002//214 2001//279 2174//155
f 2000//157 2002//214 2177//214
f 1944//2 2000//157 2176//157
f 2176//157 2179//2 1944//2
f 2177//214 2176//157 2000//157
f 2174//155 2177//214 2002//214
f 2175//154 2174//155 2001//279
f 2173//212 2175//154 1929//154
f 2129//223 2173//212 1928//212
f 2107//151 2129//223 1930//223
f 2108//150 2107//151 1858//151
f 2145//278 2108//150 1845//150
f 2143//148 2145//278 1844//278
f 2144//147 2143//148 1874//148
f 2141//146 2144//147 1876//147
f 2142//144 2141//146 1875//146
f 2127//210 2142//144 1878//144
f 2128//141 2127//210 1877//143
f 2140//142 2128//141 1860//141
f 2159//277 2140//142 1859//142
f 2160//138 2159//277 1879//139
f 2171//136 2160//138 1898//138
f 2172//135 2171//136 1897//136
f 2169//134 2172//135 1932//135
f 2170//276 2169//134 1931//134
f 2158//132 2170//276 1947//276
f 2125//131 2158//132 1946//132
f 2126//130 2125//131 1933//131
f 2123//129 2126//130 1881//130
f 2124//128 2123//129 1880//129
f 2138//127 2124//128 1883//275
f 2139//126 2138//127 1882//127
f 2136//274 2139//126 1900//126
f 2137//199 2136//274 1899//274
f 2156//123 2137//199 1902//199
f 2157//122 2156//123 1901//123
f 2121//273 2157//122 1949//122
f 2122//120 2121//273 1948//273
f 2119//119 2122//120 1904//120
f 2120//118 2119//119 1903//119
f 2117//272 2120//118 1906//118
f 2118//116 2117//272 1905//272
f 2116//115 2118//116 1908//116
f 2105//192 2116//115 1907//115
f 2106//271 2105//192 1909//192
f 2154//112 2106//271 1885//271
f 2155//111 2154//112 1884//112
f 2167//110 2155//111 1971//111
f 2168//109 2167//110 1951//270
f 2231//108 2168//109 1950//109
f 2232//107 2231//108 1934//108
f 2229//106 2232//107 1912//107
f 2230//269 2229//106 1911//106
f 2289//103 2230//269 1936//269
f 2290//102 2289//103 1935//103
f 2287//101 2290//102 1973//102
f 2288//100 2287//101 1972//268
f 2115//267 2288//100 2003//100
f 2103//181 2115//267 1974//99
f 2104//95 2103//181 1886//181
f 2135//180 2104//95 1862//98
f 2133//93 2135//180 1861//180
f 2134//92 2133//93 1913//93
f 2132//91 2134//92 1915//92
f 2114//90 2132//91 1914//91
f 2102//266 2114//90 1916//90
f 2097//88 2102//266 1887//89
f 2098//86 2097//88 1863//88
f 2112//87 2098//86 1848//86
f 2113//178 2112//87 1847//87
f 2131//83 2113//178 1889//178
f 2110//82 2131//83 1888//83
f 2111//218 2110//82 1917//82
f 2093//80 2111//218 1920//218
f 2094//79 2093//80 1919//80
f 2260//78 2094//79 1806//79
f 2261//217 2260//78 1805//78
f 2283//76 2261//217 1810//217
f 2258//75 2283//76 1809//76
f 2282//175 2258//75 1812//75
f 2256//72 2282//175 1814//175
f 2257//71 2256//72 1813//72
f 2250//70 2257//71 1816//71
f 2220//265 2250//70 1815//70
f 2219//68 2220//265 1818//265
f 2218//67 2219//68 1817//68
f 2303//66 2218//67 1824//67
f 2304//65 2303//66 1819//66
f 2301//173 2304//65 1827//65
f 2302//62 2301//173 1826//173
f 2299//172 2302//62 1831//64
f 2300//60 2299//172 1836//172
f 2248//59 2300//60 1843//264
f 2249//263 2248//59 1853//59
f 2278//58 2249//263 1855//57
f 2276//55 2278//58 1854//58
f 2277//171 2276//55 1868//55
f 2246//53 2277//171 1857//171
f 2247//52 2246//53 1856//53
f 2244//51 2247//52 1870//52
f 2245//50 2244//51 1869//51
f 2216//262 2245//50 1871//50
f 2217//48 2216//262 1866//262
f 2194//47 2217//48 1924//48
f 2192//261 2194//47 1923//47
f 2193//169 2192//261 1873//261
f 2214//44 2193//169 1872//169
f 2215//43 2214//44 1894//44
f 2190//260 2215//43 1926//43
f 2191//41 2190//260 1925//260
f 2212//40 2191//41 1927//41
f 2213//39 2212//40 1896//40
f 2275//259 2213//39 1895//39
f 2242//37 2275//259 1994//259
f 2243//36 2242//37 1993//37
f 2188//166 2243//36 1996//36
f 2189//258 2188//166 1995//166
f 2186//33 2189//258 2055//258
f 2187//32 2186//33 2054//33
f 2211//257 2187//32 2037//32
f 2273//30 2211//257 2036//257
f 2274//29 2273//30 2056//30
f 2298//28 2274//29 2058//29
f 2240//27 2298//28 2057//28
f 2241//164 2240//27 2074//27
f 2209//24 2241//164 2039//164
f 2210//25 2209//24 2038//24
f 2239//256 2210//25 2041//25
f 2183//21 2239//256 2040//256
f 2184//19 2183//21 2075//21
f 2165//18 2184//19 2060//255
f 2166//16 2165//18 2059//18
f 2150//17 2166//16 1941//16
f 2151//14 2150//17 1940//163
f 2148//13 2151//14 1964//14
f 2149//12 2148//13 1966//13
f 2146//11 2149//12 1965//12
f 2147//254 2146//11 1998//11
f 2163//9 2147//254 1997//254
f 2164//8 2163//9 1999//9
f 2161//219 2164//8 1968//8
f 2162//161 2161//219 1967//219
f 2182//5 2162//161 1969//161
f 2180//253 2182//5 1943//5
f 2181//159 2180//253 1942//4
f 2178//1 2181//159 1970//159
f 2179//2 2178//1 1945//1
f 1811//1 1807//2 2095//2
f 1808//159 1811//1 2101//1
f 1830//4 1808//159 2100//159
f 1842//5 1830//4 2153//4
f 1834//161 1842//5 2152//5
f 1835//219 1834//161 2267//161
f 1841//8 1835//219 2227//219
f 1832//9 1841//8 2226//8
f 1833//254 1832//9 2268//9
f 1822//11 1833//254 2292//254
f 1823//12 1822//11 2291//11
f 1829//13 1823//12 2270//12
f 1828//14 1829//13 2269//13
f 1820//163 1828//14 2206//14
f 1821//220 1820//163 2205//163
f 1839//18 1821//220 2208//16
f 1840//19 1839//18 2207//18
f 1851//21 1840//19 2234//255
f 1852//256 1851//21 2233//21
f 1837//25 1852//256 2294//22
f 1838//24 1837//25 2293//25
f 1849//164 1838//24 2271//24
f 1850//27 1849//164 2236//164
f 1867//28 1850//27 2235//27
f 1893//29 1867//28 2272//28
f 1825//30 1893//29 2238//29
f 1864//257 1825//30 2237//30
f 1865//32 1864//257 2313//257
f 1891//33 1865//32 2296//32
f 1892//258 1891//33 2295//33
f 1921//166 1892//258 2314//258
f 1922//36 1921//166 2297//166
f 1991//37 1922//36 2259//36
f 1992//259 1991//37 2221//37
f 1962//39 1992//259 2196//259
f 1963//40 1962//39 2195//39
f 1990//41 1963//40 2251//40
f 1988//260 1990//41 2223//41
f 1989//43 1988//260 2222//260
f 1960//44 1989//43 2253//43
f 1961//169 1960//44 2252//44
f 1987//261 1961//169 2279//169
f 1985//47 1987//261 2255//261
f 1986//48 1985//47 2254//47
f 2034//262 1986//48 2281//48
f 2035//50 2034//262 2280//262
f 2032//51 2035//50 2326//50
f 2033//52 2032//51 2325//51
f 2030//53 2033//52 2339//52
f 2031//171 2030//53 2338//53
f 1958//55 2031//171 2334//171
f 1959//58 1958//55 2333//55
f 1956//263 1959//58 2336//58
f 1957//59 1956//263 2335//263
f 1983//60 1957//59 2341//59
f 1984//172 1983//60 2340//264
f 2073//64 1984//172 2343//172
f 2052//173 2073//64 2342//64
f 2053//65 2052//173 2361//173
f 2072//66 2053//65 2347//65
f 1981//67 2072//66 2346//66
f 1982//68 1981//67 2362//67
f 2029//265 1982//68 2349//68
f 2027//70 2029//265 2348//265
f 2028//71 2027//70 2363//70
f 2025//72 2028//71 2351//71
f 2026//175 2025//72 2350//72
f 2023//75 2026//175 2372//175
f 2024//280 2023//75 2371//75
f 2071//217 2024//280 2374//76
f 2021//78 2071//217 2373//217
f 2022//79 2021//78 2376//78
f 2019//80 2022//79 2375//79
f 2020//218 2019//80 2353//80
f 2017//82 2020//218 2352//218
f 2018//83 2017//82 2354//281
f 2051//178 2018//83 2345//83
f 2070//87 2051//178 2344//178
f 2083//86 2070//87 2356//87
f 2087//88 2083//86 2355//86
f 2081//89 2087//88 2364//88
f 2082//90 2081//89 2377//266
f 2090//91 2082//90 2366//90
f 2091//92 2090//91 2365//91
f 2085//93 2091//92 2379//92
f 2086//180 2085//93 2378//93
f 2079//95 2086//180 2368//94
f 2080//181 2079//95 2367//95
f 2077//267 2080//181 2358//181
f 2078//100 2077//267 2357//99
f 2088//101 2078//100 2360//100
f 2089//102 2088//101 2359//101
f 2092//103 2089//102 2370//102
f 2049//269 2092//103 2369//103
f 2050//106 2049//269 2380//269
f 2069//107 2050//106 2306//106
f 2076//108 2069//107 2305//107
f 2067//109 2076//108 2315//108
f 2068//110 2067//109 2327//109
f 2066//111 2068//110 2317//270
f 2048//112 2066//111 2316//111
f 2015//271 2048//112 2318//112
f 2016//192 2015//271 2307//271
f 2064//115 2016//192 2285//192
f 2065//116 2064//115 2284//115
f 2013//272 2065//116 2320//116
f 2014//118 2013//272 2319//272
f 2011//119 2014//118 2309//118
f 2012//120 2011//119 2308//119
f 2046//273 2012//120 2311//120
f 2047//122 2046//273 2310//273
f 2062//123 2047//122 2329//122
f 2063//199 2062//123 2328//123
f 2010//274 2063//199 2332//199
f 2045//126 2010//274 2330//274
f 2008//127 2045//126 2322//126
f 2009//128 2008//127 2321//127
f 2043//129 2009//128 2331//275
f 2044//130 2043//129 2324//129
f 2084//131 2044//130 2323//130
f 1979//132 2084//131 2337//131
f 1980//276 1979//132 2286//132
f 2007//134 1980//276 2263//276
f 2042//135 2007//134 2262//134
f 2005//136 2042//135 2265//135
f 2006//138 2005//136 2264//282
f 1938//277 2006//138 2266//138
f 1939//142 1938//277 2224//139
f 1954//141 1939//142 2198//142
f 1955//210 1954//141 2197//222
f 1952//144 1955//210 2200//210
f 1953//146 1952//144 2199//144
f 1977//147 1953//146 2225//146
f 1978//148 1977//147 2202//147
f 2061//278 1978//148 2201//148
f 1910//150 2061//278 2312//278
f 2004//151 1910//150 2228//150
f 1975//223 2004//151 2204//151
f 1976//212 1975//223 2203//223
f 1846//154 1976//212 2185//212
f 1937//155 1846//154 2096//154
f 1918//214 1937//155 2130//155
f 1890//157 1918//214 2109//214
f 1807//2 1890//157 2099//157
f 2099//157 2095//2 1807//2
f 2109//214 2099//157 1890//157
f 2130//155 2109//214 1918//214
f 2096//154 2130//155 1937//155
f 2185//212 2096//154 1846//154
f 2203//223 2185//212 1976//212
f 2204//151 2203//223 1975//223
f 2228//150 2204//151 2004//151
f 2312//278 2228//150 1910//150
f 2201//148 2312//278 2061//278
f 2202//147 2201//148 1978//148
f 2225//146 2202//147 1977//147
f 2199//144 2225//146 1953//146
f 2200//210 2199//144 1952//144
f 2197//222 2200//210 1955//210
f 2198//142 2197//222 1954//141
f 2224//139 2198//142 1939//142
f 2266//138 2224//139 1938//277
f 2264//282 2266//138 2006//138
f 2265//135 2264//282 2005//136
f 2262//134 2265//135 2042//135
f 2263//276 2262//134 2007//134
f 2286//132 2263//276 1980//276
f 2337//131 2286//132 1979//132
f 2323//130 2337//131 2084//131
f 2324//129 2323//130 2044//130
f 2331//275 2324//129 2043//129
f 2321//127 2331//275 2009//128
f 2322//126 2321//127 2008//127
f 2330//274 2322//126 2045//126
f 2332//199 2330//274 2010//274
f 2328//123 2332//199 2063//199
f 2329//122 2328//123 2062//123
f 2310//273 2329//122 2047//122
f 2311//120 2310//273 2046//273
f 2308//119 2311//120 2012//120
f 2309//118 2308//119 2011//119
f 2319//272 2309//118 2014//118
f 2320//116 2319//272 2013//272
f 2284//115 2320//116 2065//116
f 2285//192 2284//115 2064//115
f 2307//271 2285//192 2016//192
f 2318//112 2307//271 2015//271
f 2316//111 2318//112 2048//112
f 2317//270 2316//111 2066//111
f 2327//109 2317//270 2068//110
f 2315//108 2327//109 2067//109
f 2305//107 2315//108 2076//108
f 2306//106 2305//107 2069//107
f 2380//269 2306//106 2050//106
f 2369//103 2380//269 2049//269
f 2370//102 2369//103 2092//103
f 2359//101 2370//102 2089//102
f 2360//100 2359//101 2088//101
f 2357//99 2360//100 2078//100
f 2358//181 2357//99 2077//267
f 2367//95 2358//181 2080//181
f 2368//94 2367//95 2079//95
f 2378//93 2368//94 2086//180
f 2379//92 2378//93 2085//93
f 2365//91 2379//92 2091//92
f 2366//90 2365//91 2090//91
f 2377//266 2366//90 2082//90
f 2364//88 2377//266 2081//89
f 2355//86 2364//88 2087//88
f 2356//87 2355//86 2083//86
f 2344//178 2356//87 2070//87
f 2345//83 2344//178 2051//178
f 2354//281 2345//83 2018//83
f 2352//218 2354//281 2017//82
f 2353//80 2352//218 2020//218
f 2375//79 2353//80 2019//80
f 2376//78 2375//79 2022//79
f 2373//217 2376//78 2021//78
f 2374//76 2373//217 2071//217
f 2371//75 2374//76 2024//280
f 2372//175 2371//75 2023//75
f 2350//72 2372//175 2026//175
f 2351//71 2350//72 2025//72
f 2363//70 2351//71 2028//71
f 2348//265 2363//70 2027//70
f 2349//68 2348//265 2029//265
f 2362//67 2349//68 1982//68
f 2346//66 2362//67 1981//67
f 2347//65 2346//66 2072//66
f 2361//173 2347//65 2053//65
f 2342//64 2361//173 2052//173
f 2343//172 2342//64 2073//64
f 2340//264 2343//172 1984//172
f 2341//59 2340//264 1983//60
f 2335//263 2341//59 1957//59
f 2336//58 2335//263 1956//263
f 2333//55 2336//58 1959//58
f 2334//171 2333//55 1958//55
f 2338//53 2334//171 2031//171
f 2339//52 2338//53 2030//53
f 2325//51 2339//52 2033//52
f 2326//50 2325//51 2032//51
f 2280//262 2326//50 2035//50
f 2281//48 2280//262 2034//262
f 2254//47 2281//48 1986//48
f 2255//261 2254//47 1985//47
f 2279//169 2255//261 1987//261
f 2252//44 2279//169 1961//169
f 2253//43 2252//44 1960//44
f 2222//260 2253//43 1989//43
f 2223//41 2222//260 1988//260
f 2251//40 2223//41 1990//41
f 2195//39 2251//40 1963//40
f 2196//259 2195//39 1962//39
f 2221//37 2196//259 1992//259
f 2259//36 2221//37 1991//37
f 2297//166 2259//36 1922//36
f 2314//258 2297//166 1921//166
f 2295//33 2314//258 1892//258
f 2296//32 2295//33 1891//33
f 2313//257 2296//32 1865//32
f 2237//30 2313//257 1864//257
f 2238//29 2237//30 1825//30
f 2272//28 2238//29 1893//29
f 2235//27 2272//28 1867//28
f 2236//164 2235//27 1850//27
f 2271//24 2236//164 1849//164
f 2293//25 2271//24 1838//24
f 2294//22 2293//25 1837//25
f 2233//21 2294//22 1852//256
f 2234//255 2233//21 1851//21
f 2207//18 2234//255 1840//19
f 2208//16 2207//18 1839//18
f 2205//163 2208//16 1821//220
f 2206//14 2205//163 1820//163
f 2269//13 2206//14 1828//14
f 2270//12 2269//13 1829//13
f 2291//11 2270//12 1823//12
f 2292//254 2291//11 1822//11
f 2268//9 2292//254 1833//254
f 2226//8 2268//9 1832//9
f 2227//219 2226//8 1841//8
f 2267//161 2227//219 1835//219
f 2152//5 2267//161 1834//161
f 2153//4 2152//5 1842//5
f 2100//159 2153//4 1830//4
f 2101//1 2100//159 1808//159
f 2095//2 2101//1 1811//1
f 2381//215 2382//215 1793//215
f 2383//215 2384//215 1785//215
f 1793//215 1794//215 2381//215
f 1785//215 2385//215 2386//215
f 1785//215 2387//215 2388//215
f 1785//215 2389//215 2390//215
f 1785//215 1788//215 2383//215
f 2391//215 2383//215 1788//215
f 2392//215 2391//215 1792//215
f 1794//215 1771//215 2381//215
f 2382//215 2392//215 1793//215
f 2393//215 2394//215 2395//215
f 2388//215 2385//215 1785//215
f 2384//215 2389//215 1785//215
f 1788//215 1790//215 2391//215
f 2396//215 1750//215 1752//283
f 1743//284 2397//215 2398//215
f 1768//215 2399//215 2400//215
f 2401//215 2402//215 2403//215
f 2393//215 2404//215 2394//215
f 2393//215 2405//215 2406//215
f 2393//215 2407//215 2408//215
f 2393//215 2409//215 2410//215
f 2390//215 2387//215 1785//215
f 1792//215 1793//215 2392//215
f 1771//215 2411//215 2412//215
f 2396//215 1747//215 1750//215
f 2396//215 2413//215 1748//215
f 1743//284 2414//215 2415//215
f 1743//284 2416//215 2397//215
f 2398//215 2414//215 1743//284
f 1746//224 2417//215 2418//215
f 1746//224 2419//215 2420//215
f 2421//215 1746//224 1758//285
f 2400//215 2422//215 1768//215
f 2422//215 2423//215 1768//215
f 1768//215 2424//215 2425//215
f 1768//215 2426//215 2427//215
f 1768//215 2428//225 2429//215
f 2403//215 2430//215 2431//215
f 2403//215 2432//215 2401//215
f 2406//215 2404//215 2393//215
f 2393//215 2401//215 2433//215
f 2393//215 2434//215 2435//215
f 2410//215 2407//215 2393//215
f 2436//215 2437//215 2438//215
f 2436//215 2439//215 2440//215
f 2436//215 2435//215 2441//215
f 2442//215 2438//215 2443//215
f 1785//215 2444//215 2445//215
f 1790//215 1792//215 2391//215
f 2412//215 2446//215 1771//215
f 1771//215 2447//215 2448//215
f 1771//215 2449//215 2450//215
f 1748//215 1747//215 2396//215
f 2418//215 1743//284 1746//224
f 1746//224 2451//215 2452//215
f 2420//215 2453//215 1746//224
f 2453//215 2451//215 1746//224
f 2421//215 1763//215 1768//215
f 1758//285 1761//215 2421//215
f 2423//215 2454//215 1768//215
f 1768//215 2455//215 2424//215
f 2425//215 2399//215 1768//215
f 1768//215 2456//215 2457//215
f 1768//215 2458//215 2459//215
f 2429//215 2426//215 1768//215
f 2427//215 2460//215 1768//215
f 2461//215 2462//215 2463//215
f 2431//215 2464//215 2403//215
f 2432//215 2465//215 2401//215
f 2433//215 2405//215 2393//215
f 2408//215 2434//215 2393//215
f 2440//215 2437//215 2436//215
f 2441//215 2466//215 2436//215
f 2442//215 2467//215 2468//215
f 2443//215 2469//215 2442//215
f 2470//215 2471//215 2472//215
f 2470//215 2473//215 2474//215
f 2470//215 2475//215 2476//215
f 2470//215 2477//215 2478//215
f 2479//215 2480//286 2481//287
f 2482//215 2483//215 2484//215
f 2482//215 2485//215 2486//215
f 2482//215 2487//287 2488//288
f 2482//215 2489//215 2490//288
f 2482//215 2491//289 2492//290
f 2482//215 2493//291 2494//288
f 2386//215 2444//215 1785//215
f 2448//215 2411//215 1771//215
f 2450//215 2495//215 1771//215
f 2495//215 2447//215 1771//215
f 1748//215 2496//215 2449//215
f 1748//215 2497//215 2498//215
f 1752//283 1743//284 2396//215
f 2413//215 2497//215 1748//215
f 2418//215 2416//215 1743//284
f 2452//215 2417//215 1746//224
f 1761//215 1763//215 2421//215
f 1768//215 2499//215 2455//215
f 2459//215 2456//215 1768//215
f 2457//215 2499//215 1768//215
f 1768//215 2500//215 2501//215
f 2460//215 2500//215 1768//215
f 1768//215 2502//215 2503//215
f 2463//215 1768//215 2461//215
f 1803//215 2504//215 2505//215
f 1803//215 2506//215 2507//215
f 2403//215 2508//215 2509//215
f 2403//215 2510//215 2511//215
f 2403//215 2512//215 2513//215
f 2464//215 2514//215 2403//215
f 2465//215 2433//215 2401//215
f 2435//215 2436//215 2393//215
f 2466//215 2439//215 2436//215
f 2442//215 2515//215 2467//215
f 2469//215 2516//215 2442//215
f 2474//215 2471//215 2470//215
f 2476//215 2517//215 2470//215
f 2470//215 2518//215 2477//215
f 2479//215 2519//215 2480//286
f 2481//287 2520//288 2479//215
f 2521//215 2522//215 2523//215
f 2521//215 2524//215 2525//215
f 2526//215 2525//215 2524//215
f 2484//215 2527//215 2482//215
f 2527//215 2528//215 2482//215
f 2486//215 2529//215 2482//215
f 2482//215 2530//215 2531//215
f 2482//215 2532//215 2533//215
f 2490//288 2487//287 2482//215
f 2488//288 2534//292 2482//215
f 2494//288 2491//289 2482//215
f 2492//290 2489//215 2482//215
f 2446//215 2381//215 1771//215
f 2449//215 1771//215 1748//215
f 1748//215 2535//215 2536//215
f 2498//215 2537//215 1748//215
f 1746//224 2538//215 2539//215
f 1768//215 2540//215 2421//215
f 2454//215 2541//215 1768//215
f 2463//215 2502//215 1768//215
f 1803//215 2542//215 2543//215
f 2507//215 2504//215 1803//215
f 2505//215 2542//215 1803//215
f 2509//215 1803//215 2403//215
f 2509//215 2544//215 1803//215
f 2513//215 2510//215 2403//215
f 2402//215 2430//215 2403//215
f 2438//215 2442//215 2436//215
f 2516//215 2515//215 2442//215
f 2517//215 2473//215 2470//215
f 2470//215 2468//215 2518//215
f 2545//215 2546//215 2547//215
f 2479//215 2548//290 2549//215
f 2479//215 2550//287 2551//215
f 2520//288 2550//287 2479//215
f 2521//215 2552//215 2553//215
f 2523//215 2554//215 2521//215
f 2554//215 2552//215 2521//215
f 2526//215 2555//215 2556//215
f 2524//215 2555//215 2526//215
f 2529//215 2483//215 2482//215
f 2531//215 2557//215 2482//215
f 2482//215 2558//215 2532//215
f 2533//215 2559//215 2482//215
f 2482//215 2560//215 2561//215
f 1748//215 2537//215 2535//215
f 2536//215 2496//215 1748//215
f 2415//215 2396//215 1743//284
f 2421//215 2538//215 1746//224
f 1768//215 2562//215 2563//215
f 2503//215 2428//225 1768//215
f 2564//215 1797//215 1796//215
f 2564//215 1770//215 1795//215
f 2565//215 1801//215 1803//215
f 2565//215 1796//215 1799//215
f 2543//215 2566//215 1803//215
f 2403//215 2567//215 2568//215
f 2403//215 2569//215 2570//215
f 2514//215 2512//215 2403//215
f 2468//215 2571//215 2442//215
f 2468//215 2470//215 2572//215
f 2478//215 2475//215 2470//215
f 2573//215 2574//215 2575//215
f 2573//215 2576//215 2577//215
f 2578//215 2579//215 2580//215
f 2581//215 2582//215 2583//215
f 2545//215 2581//215 2584//215
f 2545//215 2585//215 2546//215
f 2479//215 2586//289 2548//290
f 2549//215 2587//293 2479//215
f 2551//215 2586//289 2479//215
f 2479//215 2588//225 2589//215
f 2479//215 2590//215 2591//215
f 2479//215 2592//215 2593//215
f 2479//215 2594//215 2595//215
f 2525//215 2522//215 2521//215
f 2482//215 2596//215 2597//215
f 2557//215 2485//215 2482//215
f 2559//215 2598//215 2482//215
f 2561//215 2599//215 2482//215
f 2599//215 2558//215 2482//215
f 2482//215 2600//215 2601//224
f 2534//292 2602//215 2482//215
f 2539//215 2419//215 1746//224
f 2563//215 2603//215 1768//215
f 2603//215 2540//215 1768//215
f 2501//215 2458//215 1768//215
f 2604//215 1768//215 1770//215
f 1795//215 1797//215 2564//215
f 1799//215 1801//215 2565//215
f 1803//215 2605//215 2606//215
f 1803//215 2566//215 2607//215
f 2544//215 2506//215 1803//215
f 2570//215 2567//215 2403//215
f 2395//215 2409//215 2393//215
f 2472//215 2608//215 2470//215
f 2572//215 2571//215 2468//215
f 2577//215 2574//215 2573//215
f 2580//215 2609//215 2578//215
f 2578//215 2573//215 2610//215
f 2583//215 2611//215 2581//215
f 2581//215 2612//215 2613//215
f 2584//215 2614//215 2545//215
f 2545//215 2615//215 2585//215
f 2616//215 2617//215 2618//215
f 2618//215 2619//215 2620//215
f 2618//215 2621//215 2622//215
f 2591//215 2588//225 2479//215
f 2589//215 2519//215 2479//215
f 2593//215 2623//215 2479//215
f 2623//215 2624//215 2479//215
f 2595//215 2625//215 2479//215
f 2625//215 2592//215 2479//215
f 2556//215 2482//215 2526//215
f 2626//215 2479//215 2627//215
f 2597//215 2628//215 2482//215
f 2482//215 2602//215 2600//215
f 2601//224 2560//215 2482//215
f 2482//215 2629//215 2493//291
f 2463//215 2462//215 2630//215
f 2541//215 2562//215 1768//215
f 1768//215 2631//215 2632//215
f 1770//215 2564//215 2604//215
f 2604//215 2631//215 1768//215
f 1803//215 2633//215 2565//215
f 2606//215 2634//215 1803//215
f 2634//215 2633//215 1803//215
f 1803//215 2635//215 2636//215
f 2607//215 2637//215 1803//215
f 2637//215 2635//215 1803//215
f 2568//215 2508//215 2403//215
f 2472//215 2638//215 2639//215
f 2472//215 2640//215 2641//215
f 2472//215 2642//215 2643//215
f 2575//215 2644//215 2573//215
f 2609//215 2645//215 2578//215
f 2610//215 2646//215 2578//215
f 2612//215 2647//215 2648//215
f 2612//215 2649//215 2650//215
f 2612//215 2578//215 2651//215
f 2581//215 2652//215 2653//215
f 2613//215 2582//215 2581//215
f 2545//215 2654//215 2655//215
f 2614//215 2656//215 2545//215
f 2545//215 2657//215 2658//215
f 2547//215 2659//215 2545//215
f 2616//215 2660//215 2617//215
f 2620//215 2661//215 2618//215
f 2622//215 2662//215 2618//215
f 2662//215 2663//215 2618//215
f 1785//215 2664//215 2665//215
f 1785//215 2666//215 2667//215
f 1785//215 2668//215 2669//215
f 1785//215 2670//215 2671//215
f 1785//215 2672//215 2629//215
f 2629//215 2482//215 2673//215
f 2479//215 2624//215 2674//215
f 2627//215 2521//215 2626//215
f 2528//215 2596//215 2482//215
f 2630//215 2675//215 2463//215
f 2632//215 2461//215 1768//215
f 2636//215 2605//215 1803//215
f 2511//215 2569//215 2403//215
f 2472//215 2676//215 2677//215
f 2641//215 2638//215 2472//215
f 2639//215 2676//215 2472//215
f 2472//215 2678//215 2679//215
f 2472//215 2680//215 2681//215
f 2472//215 2682//225 2642//215
f 2643//215 2683//215 2472//215
f 2644//215 2610//215 2573//215
f 2646//215 2579//215 2578//215
f 2650//215 2647//215 2612//215
f 2651//215 2684//215 2612//215
f 2611//215 2652//215 2581//215
f 2656//215 2654//215 2545//215
f 2659//215 2657//215 2545//215
f 2616//215 2658//215 2660//215
f 2618//215 2685//215 2686//215
f 2661//215 2687//215 2618//215
f 2663//215 2619//215 2618//215
f 2665//215 2618//215 1785//215
f 2665//215 2621//215 2618//215
f 1785//215 2688//215 2666//215
f 2667//215 2664//215 1785//215
f 1785//215 2689//215 2668//215
f 2669//215 2688//215 1785//215
f 1785//215 2690//215 2691//215
f 1785//215 2692//215 2693//215
f 2671//215 2694//215 1785//215
f 2694//215 2695//215 1785//215
f 2629//215 2696//215 1785//215
f 2696//215 2670//215 1785//215
f 2673//215 2697//215 2629//215
f 2697//215 2696//215 2629//215
f 2479//215 2698//215 2699//215
f 2479//215 2700//215 2701//215
f 2479//215 2626//215 2702//215
f 2628//215 2526//215 2482//215
f 2445//215 2672//215 1785//215
f 2675//215 2479//215 2463//215
f 1796//215 2565//215 2564//215
f 2472//215 2703//215 2704//215
f 2472//215 2705//215 2706//215
f 2681//215 2678//215 2472//215
f 2645//215 2651//215 2578//215
f 2684//215 2649//215 2612//215
f 2655//215 2615//215 2545//215
f 2618//215 2707//215 2616//215
f 2618//215 2708//215 2709//215
f 2618//215 2710//215 2711//215
f 2687//215 2685//215 2618//215
f 1785//215 2712//215 2690//215
f 2691//215 2689//215 1785//215
f 2693//215 2713//215 1785//215
f 2713//215 2714//215 1785//215
f 2695//215 2692//215 1785//215
f 2674//215 2590//215 2479//215
f 2699//215 2715//215 2479//215
f 2715//215 2594//215 2479//215
f 2702//215 2700//215 2479//215
f 2598//215 2530//215 2482//215
f 2677//215 2608//215 2472//215
f 2706//215 2703//215 2472//215
f 2683//215 2680//215 2472//215
f 2577//215 2716//215 2717//215
f 2648//215 2613//215 2612//215
f 2658//215 2616//215 2545//215
f 2711//215 2708//215 2618//215
f 2709//215 2718//215 2618//215
f 2714//215 2712//215 1785//215
f 2553//215 2626//215 2521//215
f 2679//215 2705//215 2472//215
f 2472//215 2719//215 2720//215
f 2577//215 2721//215 2722//215
f 2577//215 2723//215 2724//215
f 2577//215 2725//215 2726//215
f 2577//215 2727//215 2728//215
f 2717//215 2729//215 2577//215
f 2729//215 2730//215 2577//215
f 2653//215 2584//215 2581//215
f 2701//215 2698//215 2479//215
f 2704//215 2640//215 2472//215
f 2720//215 2731//224 2472//215
f 2731//224 2732//215 2472//215
f 2577//215 2733//215 2734//215
f 2577//215 2735//215 2736//215
f 2577//215 2737//215 2738//215
f 2724//215 2721//215 2577//215
f 2728//215 2725//215 2577//215
f 2577//215 2739//215 2740//215
f 2718//215 2707//215 2618//215
f 2618//215 2741//215 2742//215
f 2732//215 2682//225 2472//215
f 2734//215 2472//215 2577//215
f 2734//215 2719//215 2472//215
f 2738//215 2735//215 2577//215
f 2736//215 2733//215 2577//215
f 2726//215 2723//215 2577//215
f 2740//215 2716//215 2577//215
f 2742//215 2710//215 2618//215
f 2587//293 2463//215 2479//215
f 2722//215 2737//215 2577//215
f 2576//215 2739//215 2577//215
f 2730//215 2727//215 2577//215
f 2686//215 2741//215 2618//215
f 2577//119 2743//119 2744//195
f 2574//195 2744//195 2745//117
f 2575//117 2745//117 2746//194
f 2644//194 2746//194 2747//294
f 2610//294 2747//294 2748//114
f 2646//295 2748//114 2749//296
f 2579//296 2749//296 2750//112
f 2580//112 2750//112 2751//297
f 2609//297 2751//297 2752//189
f 2645//189 2752//189 2753//298
f 2651//298 2753//298 2754//299
f 2684//299 2754//299 2755//300
f 2649//300 2755//300 2756//106
f 2650//106 2756//106 2757//301
f 2647//301 2757//301 2758//103
f 2648//103 2758//103 2759//302
f 2613//302 2759//302 2760//183
f 2582//183 2760//183 2761//100
f 2583//100 2761//100 2762//303
f 2611//303 2762//303 2763//304
f 2652//304 2763//304 2764//95
f 2653//95 2764//95 2765//96
f 2584//96 2765//96 2766//93
f 2614//93 2766//93 2767//305
f 2656//305 2767//305 2768//179
f 2654//179 2768//179 2769//306
f 2655//307 2769//306 2770//308
f 2615//308 2770//308 2771//309
f 2585//310 2771//309 2772//86
f 2546//86 2772//86 2773//311
f 2547//311 2773//311 2774//312
f 2659//84 2774//312 2775//313
f 2657//313 2775//313 2776//314
f 2658//314 2776//314 2777//81
f 2660//81 2777//81 2778//315
f 2617//315 2778//315 2779//79
f 2779//79 2618//79 2617//315
f 2778//315 2617//315 2660//81
f 2777//81 2660//81 2658//314
f 2776//314 2658//314 2657//313
f 2775//313 2657//313 2659//84
f 2774//312 2659//84 2547//311
f 2773//311 2547//311 2546//86
f 2772//86 2546//86 2585//310
f 2771//309 2585//310 2615//308
f 2770//308 2615//308 2655//307
f 2769//306 2655//307 2654//179
f 2768//179 2654//179 2656//305
f 2767//305 2656//305 2614//93
f 2766//93 2614//93 2584//96
f 2765//96 2584//96 2653//95
f 2764//95 2653//95 2652//304
f 2763//304 2652//304 2611//303
f 2762//303 2611//303 2583//100
f 2761//100 2583//100 2582//183
f 2760//183 2582//183 2613//302
f 2759//302 2613//302 2648//103
f 2758//103 2648//103 2647//301
f 2757//301 2647//301 2650//106
f 2756//106 2650//106 2649//300
f 2755//300 2649//300 2684//299
f 2754//299 2684//299 2651//298
f 2753//298 2651//298 2645//189
f 2752//189 2645//189 2609//297
f 2751//297 2609//297 2580//112
f 2750//112 2580//112 2579//296
f 2749//296 2579//296 2646//295
f 2748//114 2646//295 2610//294
f 2747//294 2610//294 2644//194
f 2746//194 2644//194 2575//117
f 2745//117 2575//117 2574//195
f 2744//195 2574//195 2577//119
f 2743//119 2577//119 2472//119
f 2472//119 2780//119 2743//119
f 2403//2 2781//2 2782//316
f 2432//316 2782//316 2783//156
f 2465//156 2783//156 2784//317
f 2433//317 2784//317 2785//318
f 2405//318 2785//318 2786//153
f 2406//153 2786//153 2787//319
f 2404//319 2787//319 2788//151
f 2394//151 2788//151 2789//320
f 2395//321 2789//320 2790//322
f 2409//322 2790//322 2791//323
f 2410//324 2791//323 2792//211
f 2407//211 2792//211 2793//325
f 2408//325 2793//325 2794//144
f 2434//144 2794//144 2795//145
f 2435//145 2795//145 2796//141
f 2441//141 2796//141 2797//326
f 2466//326 2797//326 2798//327
f 2439//327 2798//327 2799//138
f 2440//138 2799//138 2800//208
f 2437//208 2800//208 2801//328
f 2438//329 2801//328 2802//134
f 2443//134 2802//134 2803//330
f 2469//330 2803//330 2804//132
f 2516//132 2804//132 2805//331
f 2515//331 2805//331 2806//332
f 2467//332 2806//332 2807//333
f 2468//334 2807//333 2808//202
f 2518//202 2808//202 2809//335
f 2477//335 2809//335 2810//126
f 2478//126 2810//126 2811//336
f 2475//336 2811//336 2812//337
f 2476//124 2812//337 2813//338
f 2517//338 2813//338 2814//197
f 2473//339 2814//197 2815//121
f 2474//121 2815//121 2816//196
f 2471//196 2816//196 2780//119
f 2780//119 2472//119 2471//196
f 2816//196 2471//196 2474//121
f 2815//121 2474//121 2473//339
f 2814//197 2473//339 2517//338
f 2813//338 2517//338 2476//124
f 2812//337 2476//124 2475//336
f 2811//336 2475//336 2478//126
f 2810//126 2478//126 2477//335
f 2809//335 2477//335 2518//202
f 2808//202 2518//202 2468//334
f 2807//333 2468//334 2467//332
f 2806//332 2467//332 2515//331
f 2805//331 2515//331 2516//132
f 2804//132 2516//132 2469//330
f 2803//330 2469//330 2443//134
f 2802//134 2443//134 2438//329
f 2801//328 2438//329 2437//208
f 2800//208 2437//208 2440//138
f 2799//138 2440//138 2439//327
f 2798//327 2439//327 2466//326
f 2797//326 2466//326 2441//141
f 2796//141 2441//141 2435//145
f 2795//145 2435//145 2434//144
f 2794//144 2434//144 2408//325
f 2793//325 2408//325 2407//211
f 2792//211 2407//211 2410//324
f 2791//323 2410//324 2409//322
f 2790//322 2409//322 2395//321
f 2789//320 2395//321 2394//151
f 2788//151 2394//151 2404//319
f 2787//319 2404//319 2406//153
f 2786//153 2406//153 2405//318
f 2785//318 2405//318 2433//317
f 2784//317 2433//317 2465//156
f 2783//156 2465//156 2432//316
f 2782//316 2432//316 2403//2
f 2817//78 2818//79 2510//79
f 2819//217 2817//78 2513//78
f 2820//76 2819//217 2512//217
f 2821//176 2820//76 2514//76
f 2822//175 2821//176 2464//176
f 2823//74 2822//175 2431//175
f 2824//340 2823//74 2430//74
f 2825//341 2824//340 2402//340
f 2826//342 2825//341 2401//343
f 2827//344 2826//342 2393//265
f 2828//345 2827//344 2436//346
f 2829//347 2828//345 2442//345
f 2830//348 2829//347 2571//347
f 2831//221 2830//348 2572//348
f 2832//349 2831//221 2470//221
f 2833//172 2832//349 2608//349
f 2834//350 2833//172 2677//172
f 2835//59 2834//350 2676//350
f 2836//57 2835//59 2639//59
f 2837//351 2836//57 2638//57
f 2838//352 2837//351 2641//351
f 2839//171 2838//352 2640//352
f 2840//353 2839//171 2704//171
f 2841//354 2840//353 2703//353
f 2842//355 2841//354 2706//354
f 2843//356 2842//355 2705//355
f 2844//49 2843//356 2679//356
f 2845//357 2844//49 2678//49
f 2846//358 2845//357 2681//357
f 2847//261 2846//358 2680//358
f 2848//359 2847//261 2683//261
f 2849//168 2848//359 2643//360
f 2850//361 2849//168 2642//168
f 2851//42 2850//361 2682//361
f 2852//362 2851//42 2732//363
f 2853//40 2852//362 2731//362
f 2854//364 2853//40 2720//40
f 2855//365 2854//364 2719//364
f 2856//366 2855//365 2734//38
f 2857//36 2856//366 2733//366
f 2858//367 2857//36 2736//368
f 2859//258 2858//367 2735//369
f 2860//370 2859//258 2738//258
f 2861//371 2860//370 2737//370
f 2862//372 2861//371 2722//371
f 2863//373 2862//372 2721//372
f 2864//374 2863//373 2724//375
f 2865//376 2864//374 2723//374
f 2866//377 2865//376 2726//376
f 2867//164 2866//377 2725//27
f 2868//378 2867//164 2728//164
f 2869//379 2868//378 2727//378
f 2870//22 2869//379 2730//379
f 2871//21 2870//22 2729//22
f 2872//380 2871//21 2717//21
f 2873//18 2872//380 2716//380
f 2874//381 2873//18 2740//18
f 2875//15 2874//381 2739//381
f 2876//382 2875//15 2576//15
f 2877//383 2876//382 2573//382
f 2878//384 2877//383 2578//383
f 2879//385 2878//384 2612//384
f 2880//254 2879//385 2581//386
f 2881//387 2880//254 2545//388
f 2882//389 2881//387 2616//390
f 2883//7 2882//389 2707//389
f 2884//161 2883//7 2718//7
f 2885//160 2884//161 2709//161
f 2886//4 2885//160 2708//160
f 2887//159 2886//4 2711//4
f 2888//1 2887//159 2710//159
f 2889//2 2888//1 2742//1
f 2890//157 2889//2 2741//2
f 2891//214 2890//157 2686//157
f 2892//155 2891//214 2685//214
f 2893//213 2892//155 2687//155
f 2894//212 2893//213 2661//213
f 2895//152 2894//212 2620//212
f 2896//391 2895//152 2619//152
f 2897//320 2896//391 2663//391
f 2898//392 2897//320 2662//320
f 2899//324 2898//392 2622//392
f 2900//393 2899//324 2621//324
f 2901//146 2900//393 2665//393
f 2902//394 2901//146 2664//146
f 2903//145 2902//394 2667//394
f 2904//395 2903//145 2666//145
f 2905//142 2904//395 2688//396
f 2906//397 2905//142 2669//398
f 2907//138 2906//397 2668//397
f 2908//136 2907//138 2689//138
f 2909//399 2908//136 2691//136
f 2910//400 2909//399 2690//399
f 2911//206 2910//400 2712//400
f 2912//401 2911//206 2714//206
f 2913//402 2912//401 2713//401
f 2914//403 2913//402 2693//402
f 2915//404 2914//403 2692//405
f 2916//406 2915//404 2695//334
f 2917//407 2916//406 2694//406
f 2918//408 2917//407 2671//407
f 2919//125 2918//408 2670//408
f 2920//124 2919//125 2696//125
f 2921//409 2920//124 2697//124
f 2922//339 2921//409 2673//409
f 2923//410 2922//339 2482//339
f 2924//411 2923//410 2556//121
f 2925//119 2924//411 2555//412
f 2926//413 2925//119 2524//119
f 2927//117 2926//413 2521//414
f 2928//415 2927//117 2627//416
f 2929//417 2928//415 2479//415
f 2930//114 2929//417 2675//417
f 2931//113 2930//114 2630//114
f 2932//418 2931//113 2462//113
f 2933//419 2932//418 2461//418
f 2934//420 2933//419 2632//419
f 2935//298 2934//420 2631//420
f 2936//421 2935//298 2604//422
f 2937//423 2936//421 2564//424
f 2938//425 2937//423 2565//423
f 2939//185 2938//425 2633//425
f 2940//426 2939//185 2634//185
f 2941//427 2940//426 2606//426
f 2942//101 2941//427 2605//427
f 2943//100 2942//101 2636//101
f 2944//428 2943//100 2635//100
f 2945//429 2944//428 2637//428
f 2946//430 2945//429 2607//181
f 2947//96 2946//430 2566//431
f 2948//432 2947//96 2543//96
f 2949//92 2948//432 2542//432
f 2950//433 2949//92 2505//92
f 2951//434 2950//433 2504//433
f 2952//435 2951//434 2507//434
f 2953//310 2952//435 2506//435
f 2954//436 2953//310 2544//310
f 2955//85 2954//436 2509//436
f 2956//178 2955//85 2508//85
f 2957//177 2956//178 2568//178
f 2958//82 2957//177 2567//177
f 2959//218 2958//82 2570//82
f 2960//80 2959//218 2569//218
f 2818//79 2960//80 2511//80
f 2511//80 2510//79 2818//79
f 2569//218 2511//80 2960//80
f 2570//82 2569//218 2959//218
f 2567//177 2570//82 2958//82
f 2568//178 2567//177 2957//177
f 2508//85 2568//178 2956//178
f 2509//436 2508//85 2955//85
f 2544//310 2509//436 2954//436
f 2506//435 2544//310 2953//310
f 2507//434 2506//435 2952//435
f 2504//433 2507//434 2951//434
f 2505//92 2504//433 2950//433
f 2542//432 2505//92 2949//92
f 2543//96 2542//432 2948//432
f 2566//431 2543//96 2947//96
f 2607//181 2566//431 2946//430
f 2637//428 2607//181 2945//429
f 2635//100 2637//428 2944//428
f 2636//101 2635//100 2943//100
f 2605//427 2636//101 2942//101
f 2606//426 2605//427 2941//427
f 2634//185 2606//426 2940//426
f 2633//425 2634//185 2939//185
f 2565//423 2633//425 2938//425
f 2564//424 2565//423 2937//423
f 2604//422 2564//424 2936//421
f 2631//420 2604//422 2935//298
f 2632//419 2631//420 2934//420
f 2461//418 2632//419 2933//419
f 2462//113 2461//418 2932//418
f 2630//114 2462//113 2931//113
f 2675//417 2630//114 2930//114
f 2479//415 2675//417 2929//417
f 2627//416 2479//415 2928//415
f 2521//414 2627//416 2927//117
f 2524//119 2521//414 2926//413
f 2555//412 2524//119 2925//119
f 2556//121 2555//412 2924//411
f 2482//339 2556//121 2923//410
f 2673//409 2482//339 2922//339
f 2697//124 2673//409 2921//409
f 2696//125 2697//124 2920//124
f 2670//408 2696//125 2919//125
f 2671//407 2670//408 2918//408
f 2694//406 2671//407 2917//407
f 2695//334 2694//406 2916//406
f 2692//405 2695//334 2915//404
f 2693//402 2692//405 2914//403
f 2713//401 2693//402 2913//402
f 2714//206 2713//401 2912//401
f 2712//400 2714//206 2911//206
f 2690//399 2712//400 2910//400
f 2691//136 2690//399 2909//399
f 2689//138 2691//136 2908//136
f 2668//397 2689//138 2907//138
f 2669//398 2668//397 2906//397
f 2688//396 2669//398 2905//142
f 2666//145 2688//396 2904//395
f 2667//394 2666//145 2903//145
f 2664//146 2667//394 2902//394
f 2665//393 2664//146 2901//146
f 2621//324 2665//393 2900//393
f 2622//392 2621//324 2899//324
f 2662//320 2622//392 2898//392
f 2663//391 2662//320 2897//320
f 2619//152 2663//391 2896//391
f 2620//212 2619//152 2895//152
f 2661//213 2620//212 2894//212
f 2687//155 2661//213 2893//213
f 2685//214 2687//155 2892//155
f 2686//157 2685//214 2891//214
f 2741//2 2686//157 2890//157
f 2742//1 2741//2 2889//2
f 2710//159 2742//1 2888//1
f 2711//4 2710//159 2887//159
f 2708//160 2711//4 2886//4
f 2709//161 2708//160 2885//160
f 2718//7 2709//161 2884//161
f 2707//389 2718//7 2883//7
f 2616//390 2707//389 2882//389
f 2545//388 2616//390 2881//387
f 2581//386 2545//388 2880//254
f 2612//384 2581//386 2879//385
f 2578//383 2612//384 2878//384
f 2573//382 2578//383 2877//383
f 2576//15 2573//382 2876//382
f 2739//381 2576//15 2875//15
f 2740//18 2739//381 2874//381
f 2716//380 2740//18 2873//18
f 2717//21 2716//380 2872//380
f 2729//22 2717//21 2871//21
f 2730//379 2729//22 2870//22
f 2727//378 2730//379 2869//379
f 2728//164 2727//378 2868//378
f 2725//27 2728//164 2867//164
f 2726//376 2725//27 2866//377
f 2723//374 2726//376 2865//376
f 2724//375 2723//374 2864//374
f 2721//372 2724//375 2863//373
f 2722//371 2721//372 2862//372
f 2737//370 2722//371 2861//371
f 2738//258 2737//370 2860//370
f 2735//369 2738//258 2859//258
f 2736//368 2735//369 2858//367
f 2733//366 2736//368 2857//36
f 2734//38 2733//366 2856//366
f 2719//364 2734//38 2855//365
f 2720//40 2719//364 2854//364
f 2731//362 2720//40 2853//40
f 2732//363 2731//362 2852//362
f 2682//361 2732//363 2851//42
f 2642//168 2682//361 2850//361
f 2643//360 2642//168 2849//168
f 2683//261 2643//360 2848//359
f 2680//358 2683//261 2847//261
f 2681//357 2680//358 2846//358
f 2678//49 2681//357 2845//357
f 2679//356 2678//49 2844//49
f 2705//355 2679//356 2843//356
f 2706//354 2705//355 2842//355
f 2703//353 2706//354 2841//354
f 2704//171 2703//353 2840//353
f 2640//352 2704//171 2839//171
f 2641//351 2640//352 2838//352
f 2638//57 2641//351 2837//351
f 2639//59 2638//57 2836//57
f 2676//350 2639//59 2835//59
f 2677//172 2676//350 2834//350
f 2608//349 2677//172 2833//172
f 2470//221 2608//349 2832//349
f 2572//348 2470//221 2831//221
f 2571//347 2572//348 2830//348
f 2442//345 2571//347 2829//347
f 2436//346 2442//345 2828//345
f 2393//265 2436//346 2827//344
f 2401//343 2393//265 2826//342
f 2402//340 2401//343 2825//341
f 2430//74 2402//340 2824//340
f 2431//175 2430//74 2823//74
f 2464//176 2431//175 2822//175
f 2514//76 2464//176 2821//176
f 2512//217 2514//76 2820//76
f 2513//78 2512//217 2819//217
f 2510//79 2513//78 2817//78
f 2961//78 2962//79 2502//79
f 2963//217 2961//78 2463//78
f 2964//76 2963//217 2587//217
f 2965//176 2964//76 2549//76
f 2966//175 2965//176 2548//176
f 2967//74 2966//175 2586//175
f 2968//340 2967//74 2551//74
f 2969//341 2968//340 2550//340
f 2970//342 2969//341 2520//343
f 2971//344 2970//342 2481//265
f 2972//437 2971//344 2480//346
f 2973//66 2972//437 2519//345
f 2974//348 2973//66 2589//66
f 2975//221 2974//348 2588//348
f 2976//349 2975//221 2591//221
f 2977//172 2976//349 2590//349
f 2978//350 2977//172 2674//438
f 2979//59 2978//350 2624//350
f 2980//57 2979//59 2623//59
f 2981//439 2980//57 2593//57
f 2982//352 2981//439 2592//439
f 2983//171 2982//352 2625//352
f 2984//353 2983//171 2595//171
f 2985//354 2984//353 2594//440
f 2986//355 2985//354 2715//354
f 2987//356 2986//355 2699//355
f 2988//441 2987//356 2698//442
f 2989//443 2988//441 2701//441
f 2990//358 2989//443 2700//443
f 2991//46 2990//358 2702//358
f 2992//169 2991//46 2626//46
f 2993//168 2992//169 2553//45
f 2994//361 2993//168 2552//444
f 2995//363 2994//361 2554//361
f 2996//445 2995//363 2523//42
f 2997//40 2996//445 2522//446
f 2998//447 2997//40 2525//40
f 2999//38 2998//447 2526//448
f 3000//366 2999//38 2628//365
f 3001//167 3000//366 2597//366
f 3002//35 3001//167 2596//167
f 3003//34 3002//35 2528//166
f 3004//370 3003//34 2527//34
f 3005//32 3004//370 2484//370
f 3006//372 3005//32 2483//371
f 3007//449 3006//372 2529//372
f 3008//374 3007//449 2486//373
f 3009//376 3008//374 2485//374
f 3010//377 3009//376 2557//376
f 3011//164 3010//377 2531//377
f 3012//378 3011//164 2530//164
f 3013//450 3012//378 2598//378
f 3014//22 3013//450 2559//450
f 3015//21 3014//22 2533//22
f 3016//380 3015//21 2532//21
f 3017//18 3016//380 2558//380
f 3018//381 3017//18 2599//451
f 3019//15 3018//381 2561//381
f 3020//382 3019//15 2560//15
f 3021//13 3020//382 2601//382
f 3022//384 3021//13 2600//13
f 3023//385 3022//384 2602//384
f 3024//254 3023//385 2534//386
f 3025//387 3024//254 2488//388
f 3026//389 3025//387 2487//390
f 3027//7 3026//389 2490//389
f 3028//161 3027//7 2489//7
f 3029//160 3028//161 2492//161
f 3030//4 3029//160 2491//160
f 3031//159 3030//4 2494//4
f 3032//1 3031//159 2493//159
f 3033//2 3032//1 2629//1
f 3034//157 3033//2 2672//2
f 3035//214 3034//157 2445//157
f 3036//155 3035//214 2444//214
f 3037//213 3036//155 2386//155
f 3038//212 3037//213 2385//213
f 3039//152 3038//212 2388//212
f 3040//391 3039//152 2387//152
f 3041//452 3040//391 2390//391
f 3042//392 3041//452 2389//452
f 3043//453 3042//392 2384//392
f 3044//454 3043//453 2383//455
f 3045//146 3044//454 2391//393
f 3046//394 3045//146 2392//146
f 3047//145 3046//394 2382//394
f 3048//396 3047//145 2381//145
f 3049//142 3048//396 2446//396
f 3050//397 3049//142 2412//142
f 3051//138 3050//397 2411//397
f 3052//136 3051//138 2448//138
f 3053//399 3052//136 2447//136
f 3054//456 3053//399 2495//399
f 3055//276 3054//456 2450//456
f 3056//401 3055//276 2449//276
f 3057//402 3056//401 2496//457
f 3058//405 3057//402 2536//402
f 3059//458 3058//405 2535//405
f 3060//459 3059//458 2537//333
f 3061//407 3060//459 2498//459
f 3062//200 3061//407 2497//407
f 3063//125 3062//200 2413//200
f 3064//124 3063//125 2396//125
f 3065//460 3064//124 2415//124
f 3066//339 3065//460 2414//409
f 3067//121 3066//339 2398//339
f 3068//411 3067//121 2397//121
f 3069//119 3068//411 2416//412
f 3070//413 3069//119 2418//119
f 3071//117 3070//413 2417//414
f 3072//415 3071//117 2452//117
f 3073//417 3072//415 2451//415
f 3074//114 3073//417 2453//461
f 3075//113 3074//114 2420//114
f 3076//191 3075//113 2419//113
f 3077//419 3076//191 2539//191
f 3078//462 3077//419 2538//419
f 3079//463 3078//462 2421//462
f 3080//421 3079//463 2540//422
f 3081//423 3080//421 2603//421
f 3082//425 3081//423 2563//423
f 3083//269 3082//425 2562//425
f 3084//464 3083//269 2541//269
f 3085//427 3084//464 2454//464
f 3086//101 3085//427 2423//427
f 3087//100 3086//101 2422//101
f 3088//428 3087//100 2400//100
f 3089//181 3088//428 2399//428
f 3090//430 3089//181 2425//181
f 3091//96 3090//430 2424//430
f 3092//432 3091//96 2455//96
f 3093//92 3092//432 2499//432
f 3094//433 3093//92 2457//92
f 3095//434 3094//433 2456//433
f 3096//435 3095//434 2459//434
f 3097//465 3096//435 2458//266
f 3098//436 3097//465 2501//465
f 3099//85 3098//436 2500//436
f 3100//178 3099//85 2460//85
f 3101//177 3100//178 2427//178
f 3102//82 3101//177 2426//177
f 3103//218 3102//82 2429//82
f 3104//80 3103//218 2428//218
f 2962//79 3104//80 2503//80
f 2503//80 2502//79 2962//79
f 2428//218 2503//80 3104//80
f 2429//82 2428//218 3103//218
f 2426//177 2429//82 3102//82
f 2427//178 2426//177 3101//177
f 2460//85 2427//178 3100//178
f 2500//436 2460//85 3099//85
f 2501//465 2500//436 3098//436
f 2458//266 2501//465 3097//465
f 2459//434 2458//266 3096//435
f 2456//433 2459//434 3095//434
f 2457//92 2456//433 3094//433
f 2499//432 2457//92 3093//92
f 2455//96 2499//432 3092//432
f 2424//430 2455//96 3091//96
f 2425//181 2424//430 3090//430
f 2399//428 2425//181 3089//181
f 2400//100 2399//428 3088//428
f 2422//101 2400//100 3087//100
f 2423//427 2422//101 3086//101
f 2454//464 2423//427 3085//427
f 2541//269 2454//464 3084//464
f 2562//425 2541//269 3083//269
f 2563//423 2562//425 3082//425
f 2603//421 2563//423 3081//423
f 2540//422 2603//421 3080//421
f 2421//462 2540//422 3079//463
f 2538//419 2421//462 3078//462
f 2539//191 2538//419 3077//419
f 2419//113 2539//191 3076//191
f 2420//114 2419//113 3075//113
f 2453//461 2420//114 3074//114
f 2451//415 2453//461 3073//417
f 2452//117 2451//415 3072//415
f 2417//414 2452//117 3071//117
f 2418//119 2417//414 3070//413
f 2416//412 2418//119 3069//119
f 2397//121 2416//412 3068//411
f 2398//339 2397//121 3067//121
f 2414//409 2398//339 3066//339
f 2415//124 2414//409 3065//460
f 2396//125 2415//124 3064//124
f 2413//200 2396//125 3063//125
f 2497//407 2413//200 3062//200
f 2498//459 2497//407 3061//407
f 2537//333 2498//459 3060//459
f 2535//405 2537//333 3059//458
f 2536//402 2535//405 3058//405
f 2496//457 2536//402 3057//402
f 2449//276 2496//457 3056//401
f 2450//456 2449//276 3055//276
f 2495//399 2450//456 3054//456
f 2447//136 2495//399 3053//399
f 2448//138 2447//136 3052//136
f 2411//397 2448//138 3051//138
f 2412//142 2411//397 3050//397
f 2446//396 2412//142 3049//142
f 2381//145 2446//396 3048//396
f 2382//394 2381//145 3047//145
f 2392//146 2382//394 3046//394
f 2391//393 2392//146 3045//146
f 2383//455 2391//393 3044//454
f 2384//392 2383//455 3043//453
f 2389//452 2384//392 3042//392
f 2390//391 2389//452 3041//452
f 2387//152 2390//391 3040//391
f 2388//212 2387//152 3039//152
f 2385//213 2388//212 3038//212
f 2386//155 2385//213 3037//213
f 2444//214 2386//155 3036//155
f 2445//157 2444//214 3035//214
f 2672//2 2445//157 3034//157
f 2629//1 2672//2 3033//2
f 2493//159 2629//1 3032//1
f 2494//4 2493//159 3031//159
f 2491//160 2494//4 3030//4
f 2492//161 2491//160 3029//160
f 2489//7 2492//161 3028//161
f 2490//389 2489//7 3027//7
f 2487//390 2490//389 3026//389
f 2488//388 2487//390 3025//387
f 2534//386 2488//388 3024//254
f 2602//384 2534//386 3023//385
f 2600//13 2602//384 3022//384
f 2601//382 2600//13 3021//13
f 2560//15 2601//382 3020//382
f 2561//381 2560//15 3019//15
f 2599//451 2561//381 3018//381
f 2558//380 2599//451 3017//18
f 2532//21 2558//380 3016//380
f 2533//22 2532//21 3015//21
f 2559//450 2533//22 3014//22
f 2598//378 2559//450 3013//450
f 2530//164 2598//378 3012//378
f 2531//377 2530//164 3011//164
f 2557//376 2531//377 3010//377
f 2485//374 2557//376 3009//376
f 2486//373 2485//374 3008//374
f 2529//372 2486//373 3007//449
f 2483//371 2529//372 3006//372
f 2484//370 2483//371 3005//32
f 2527//34 2484//370 3004//370
f 2528//166 2527//34 3003//34
f 2596//167 2528//166 3002//35
f 2597//366 2596//167 3001//167
f 2628//365 2597//366 3000//366
f 2526//448 2628//365 2999//38
f 2525//40 2526//448 2998//447
f 2522//446 2525//40 2997//40
f 2523//42 2522//446 2996//445
f 2554//361 2523//42 2995//363
f 2552//444 2554//361 2994//361
f 2553//45 2552//444 2993//168
f 2626//46 2553//45 2992//169
f 2702//358 2626//46 2991//46
f 2700//443 2702//358 2990//358
f 2701//441 2700//443 2989//443
f 2698//442 2701//441 2988//441
f 2699//355 2698//442 2987//356
f 2715//354 2699//355 2986//355
f 2594//440 2715//354 2985//354
f 2595//171 2594//440 2984//353
f 2625//352 2595//171 2983//171
f 2592//439 2625//352 2982//352
f 2593//57 2592//439 2981//439
f 2623//59 2593//57 2980//57
f 2624//350 2623//59 2979//59
f 2674//438 2624//350 2978//350
f 2590//349 2674//438 2977//172
f 2591//221 2590//349 2976//349
f 2588//348 2591//221 2975//221
f 2589//66 2588//348 2974//348
f 2519//345 2589//66 2973//66
f 2480//346 2519//345 2972//437
f 2481//265 2480//346 2971//344
f 2520//343 2481//265 2970//342
f 2550//340 2520//343 2969//341
f 2551//74 2550//340 2968//340
f 2586//175 2551//74 2967//74
f 2548//176 2586//175 2966//175
f 2549//76 2548//176 2965//176
f 2587//217 2549//76 2964//76
f 2463//78 2587//217 2963//217
f 2502//79 2463//78 2961//78
f 2403//2 3105//2 3106//2
f 2403//2 3107//466 3108//2
f 1803//2 3109//2 3110//2
f 2403//2 3111//2 3112//2
f 2403//2 3113//2 3114//2
f 2403//2 3115//2 3105//2
f 3106//2 3113//2 2403//2
f 2403//2 3116//2 3117//2
f 3108//2 3118//2 2403//2
f 3118//2 3116//2 2403//2
f 3110//2 3119//2 1803//2
f 3119//2 3120//2 1803//2
f 1803//2 3121//2 3122//2
f 1803//2 3123//2 3124//2
f 2403//2 3125//2 3126//2
f 2403//2 3127//2 3111//2
f 3112//2 3128//2 2403//2
f 3114//2 3129//2 2403//2
f 2403//2 3130//2 3131//2
f 3117//2 3130//2 2403//2
f 2403//2 3132//2 3133//2
f 3122//2 3109//2 1803//2
f 3124//2 3134//2 1803//2
f 1803//2 3135//467 3136//2
f 1803//2 3137//2 3138//2
f 1803//2 3139//2 3140//2
f 1802//2 3141//2 3142//2
f 3126//2 3143//2 2403//2
f 3143//2 3144//2 2403//2
f 3128//2 3125//2 2403//2
f 3129//2 3145//2 2403//2
f 3131//2 3115//2 2403//2
f 3133//2 3146//2 2403//2
f 3146//2 3147//2 2403//2
f 1803//2 3148//2 3132//2
f 3134//2 3121//2 1803//2
f 3136//2 3149//2 1803//2
f 3149//2 3123//2 1803//2
f 3140//2 3137//2 1803//2
f 3138//2 3150//2 1803//2
f 1803//2 3151//2 3152//466
f 1803//2 3153//466 3154//2
f 3142//2 1803//2 1802//2
f 2403//2 3144//2 3155//2
f 2403//2 3145//2 3156//2
f 2403//2 3157//2 3158//2
f 3132//2 2403//2 1803//2
f 1803//2 3159//2 3160//2
f 1803//2 3150//2 3161//2
f 3152//466 3139//2 1803//2
f 3154//2 3162//2 1803//2
f 3142//2 3163//2 1803//2
f 2781//2 3164//2 3165//2
f 2403//2 3147//2 3157//2
f 3158//2 3107//466 2403//2
f 3160//2 3148//2 1803//2
f 3161//2 3135//467 1803//2
f 3162//2 3151//2 1803//2
f 3163//2 3166//2 1803//2
f 2781//2 3167//2 3164//2
f 3165//2 3168//2 2781//2
f 2781//2 3169//2 3170//2
f 3156//2 3127//2 2403//2
f 1803//2 3120//2 3171//2
f 1803//2 3172//466 3173//467
f 3166//2 3174//2 1803//2
f 2781//2 3168//2 3175//2
f 3170//2 3167//2 2781//2
f 2403//2 3176//2 3177//2
f 1803//2 3178//2 3179//2
f 3174//2 3172//466 1803//2
f 3175//2 3180//2 2781//2
f 3177//2 2781//2 2403//2
f 3177//2 3169//2 2781//2
f 3171//2 3159//2 1803//2
f 3173//467 3178//2 1803//2
f 3179//2 3153//466 1803//2
f 3155//2 3176//2 2403//2
f 3175//40 3181//40 3182//40
f 3182//40 3180//40 3175//40
f 3183//468 3181//40 3175//40
f 3184//469 3183//468 3168//470
f 3185//471 3184//469 3165//472
f 3186//473 3185//471 3164//474
f 3187//475 3186//473 3167//476
f 3188//477 3187//475 3170//478
f 3189//479 3188//477 3169//477
f 3190//480 3189//479 3177//479
f 3191//481 3190//480 3176//480
f 3192//482 3191//481 3155//481
f 3193//483 3192//482 3144//484
f 3194//485 3193//483 3143//486
f 3195//487 3194//485 3126//488
f 3196//489 3195//487 3125//487
f 3197//490 3196//489 3128//491
f 3198//492 3197//490 3112//493
f 3199//494 3198//492 3111//495
f 3200//496 3199//494 3127//497
f 3201//498 3200//496 3156//499
f 3202//500 3201//498 3145//501
f 3203//502 3202//500 3129//500
f 3204//503 3203//502 3114//504
f 3205//505 3204//503 3113//503
f 3206//506 3205//505 3106//507
f 3207//508 3206//506 3105//509
f 3208//510 3207//508 3115//508
f 3209//511 3208//510 3131//510
f 3210//512 3209//511 3130//511
f 3211//513 3210//512 3117//512
f 3212//514 3211//513 3116//515
f 3213//516 3212//514 3118//514
f 3214//517 3213//516 3108//516
f 3215//518 3214//517 3107//517
f 3216//519 3215//518 3158//520
f 3217//521 3216//519 3157//519
f 3218//158 3217//521 3147//521
f 3147//521 3146//158 3218//158
f 3157//519 3147//521 3217//521
f 3158//520 3157//519 3216//519
f 3107//517 3158//520 3215//518
f 3108//516 3107//517 3214//517
f 3118//514 3108//516 3213//516
f 3116//515 3118//514 3212//514
f 3117//512 3116//515 3211//513
f 3130//511 3117//512 3210//512
f 3131//510 3130//511 3209//511
f 3115//508 3131//510 3208//510
f 3105//509 3115//508 3207//508
f 3106//507 3105//509 3206//506
f 3113//503 3106//507 3205//505
f 3114//504 3113//503 3204//503
f 3129//500 3114//504 3203//502
f 3145//501 3129//500 3202//500
f 3156//499 3145//501 3201//498
f 3127//497 3156//499 3200//496
f 3111//495 3127//497 3199//494
f 3112//493 3111//495 3198//492
f 3128//491 3112//493 3197//490
f 3125//487 3128//491 3196//489
f 3126//488 3125//487 3195//487
f 3143//486 3126//488 3194//485
f 3144//484 3143//486 3193//483
f 3155//481 3144//484 3192//482
f 3176//480 3155//481 3191//481
f 3177//479 3176//480 3190//480
f 3169//477 3177//479 3189//479
f 3170//478 3169//477 3188//477
f 3167//476 3170//478 3187//475
f 3164//474 3167//476 3186//473
f 3165//472 3164//474 3185//471
f 3168//470 3165//472 3184//469
f 3175//40 3168//470 3183//468
f 3218//158 3146//158 3133//158
f 3133//158 3219//158 3218//158
f 3220//522 3219//158 3133//158
f 3221//523 3220//522 3132//524
f 3222//525 3221//523 3148//523
f 3223//526 3222//525 3160//527
f 3224//528 3223//526 3159//529
f 3225//530 3224//528 3171//531
f 3226//532 3225//530 3120//530
f 3227//533 3226//532 3119//534
f 3228//535 3227//533 3110//536
f 3229//537 3228//535 3109//538
f 3230//539 3229//537 3122//537
f 3231//245 3230//539 3121//540
f 3232//541 3231//245 3134//542
f 3233//543 3232//541 3124//544
f 3234//545 3233//543 3123//543
f 3235//546 3234//545 3149//547
f 3236//548 3235//546 3136//546
f 3237//549 3236//548 3135//550
f 3238//551 3237//549 3161//549
f 3239//552 3238//551 3150//553
f 3240//554 3239//552 3138//552
f 3241//555 3240//554 3137//556
f 3242//557 3241//555 3140//558
f 3243//559 3242//557 3139//560
f 3244//561 3243//559 3152//562
f 3245//563 3244//561 3151//564
f 3246//565 3245//563 3162//563
f 3247//566 3246//565 3154//565
f 3248//567 3247//566 3153//566
f 3249//568 3248//567 3179//567
f 3250//569 3249//568 3178//568
f 3251//570 3250//569 3173//569
f 3252//571 3251//570 3172//570
f 3253//572 3252//571 3174//571
f 3254//573 3253//572 3166//574
f 3255//119 3254//573 3163//573
f 3163//573 3142//119 3255//119
f 3166//574 3163//573 3254//573
f 3174//571 3166//574 3253//572
f 3172//570 3174//571 3252//571
f 3173//569 3172//570 3251//570
f 3178//568 3173//569 3250//569
f 3179//567 3178//568 3249//568
f 3153//566 3179//567 3248//567
f 3154//565 3153//566 3247//566
f 3162//563 3154//565 3246//565
f 3151//564 3162//563 3245//563
f 3152//562 3151//564 3244//561
f 3139//560 3152//562 3243//559
f 3140//558 3139//560 3242//557
f 3137//556 3140//558 3241//555
f 3138//552 3137//556 3240//554
f 3150//553 3138//552 3239//552
f 3161//549 3150//553 3238//551
f 3135//550 3161//549 3237//549
f 3136//546 3135//550 3236//548
f 3149//547 3136//546 3235//546
f 3123//543 3149//547 3234//545
f 3124//544 3123//543 3233//543
f 3134//542 3124//544 3232//541
f 3121//540 3134//542 3231//245
f 3122//537 3121//540 3230//539
f 3109//538 3122//537 3229//537
f 3110//536 3109//538 3228//535
f 3119//534 3110//536 3227//533
f 3120//530 3119//534 3226//532
f 3171//531 3120//530 3225//530
f 3159//529 3171//531 3224//528
f 3160//527 3159//529 3223//526
f 3148//523 3160//527 3222//525
f 3132//524 3148//523 3221//523
f 3133//158 3132//524 3220//522
f 3255//119 3142//119 3141//119
f 3141//119 3256//119 3255//119
f 3257//79 3225//79 3226//79
f 3257//79 3238//79 3239//79
f 3257//79 3231//79 3232//79
f 3257//79 3228//79 3229//79
f 3226//79 3227//79 3257//79
f 3257//79 3241//79 3242//79
f 3239//79 3240//79 3257//79
f 3257//79 3233//79 3234//79
f 3257//79 3230//79 3231//79
f 3227//79 3228//79 3257//79
f 3258//79 3204//79 3205//79
f 3257//79 3245//79 3246//79
f 3240//79 3241//79 3257//79
f 3234//79 3235//79 3257//79
f 3229//79 3230//79 3257//79
f 3257//79 3217//575 3218//576
f 3258//79 3207//79 3208//79
f 3205//79 3206//79 3258//79
f 3206//79 3207//79 3258//79
f 3259//79 3254//79 3255//576
f 3257//79 3244//79 3245//79
f 3242//79 3243//79 3257//79
f 3257//79 3236//79 3237//79
f 3232//79 3233//79 3257//79
f 3218//576 3219//79 3257//79
f 3258//79 3214//79 3215//79
f 3258//79 3212//79 3213//79
f 3258//79 3209//79 3210//79
f 3208//79 3209//79 3258//79
f 3258//79 3202//79 3203//79
f 3258//79 3196//79 3197//79
f 3258//79 3194//79 3195//79
f 3260//79 3182//79 3181//79
f 3259//79 3253//79 3254//79
f 3255//576 3256//79 3259//79
f 3243//79 3244//79 3257//79
f 3235//79 3236//79 3257//79
f 3257//79 3221//79 3222//79
f 3219//79 3220//79 3257//79
f 3215//79 3257//79 3258//79
f 3215//79 3216//577 3257//79
f 3258//79 3211//79 3212//79
f 3213//79 3214//79 3258//79
f 3210//79 3211//79 3258//79
f 3258//79 3201//79 3202//79
f 3203//79 3204//79 3258//79
f 3258//79 3199//79 3200//79
f 3195//79 3196//79 3258//79
f 3197//79 3198//79 3258//79
f 3258//79 3192//79 3193//79
f 3258//79 3190//79 3191//79
f 3181//79 3258//79 3260//79
f 3259//79 3252//79 3253//79
f 3257//79 3251//79 3252//79
f 3237//79 3238//79 3257//79
f 3257//79 3223//79 3224//79
f 3220//79 3221//79 3257//79
f 3216//577 3217//575 3257//79
f 3200//79 3201//79 3258//79
f 3198//79 3199//79 3258//79
f 3191//79 3192//79 3258//79
f 3193//79 3194//79 3258//79
f 3181//79 3183//79 3258//79
f 3252//79 3259//79 3257//79
f 3257//79 3249//79 3250//79
f 3224//79 3225//79 3257//79
f 3222//79 3223//79 3257//79
f 3183//79 3184//79 3258//79
f 3250//79 3251//79 3257//79
f 3257//79 3247//79 3248//79
f 3258//79 3186//79 3187//79
f 3184//79 3185//79 3258//79
f 3248//79 3249//79 3257//79
f 3258//79 3188//79 3189//79
f 3185//79 3186//79 3258//79
f 3246//79 3247//79 3257//79
f 3187//79 3188//79 3258//79
f 3189//79 3190//79 3258//79
f 3261//100 3257//100 3259//100
f 3259//100 3262//100 3261//100
f 3263//119 3264//119 3261//119
f 3261//119 3262//119 3263//119
f 3258//59 3265//59 3266//59
f 3266//59 3260//59 3258//59
f 3267//40 3268//40 3266//40
f 3266//40 3265//40 3267//40
f 3261//158 3088//158 3089//158
f 3257//158 3100//158 3101//158
f 3089//158 3090//158 3261//158
f 3264//158 3065//158 3066//158
f 3264//158 3041//158 3042//158
f 3264//158 3039//158 3040//158
f 3264//158 3037//158 3038//158
f 3264//158 3035//158 3036//158
f 3101//158 3102//158 3257//158
f 3102//158 3103//158 3257//158
f 3257//158 3098//158 3099//158
f 3095//158 3257//158 3261//158
f 3261//158 3092//158 3093//158
f 3090//158 3091//158 3261//158
f 3261//158 3086//158 3087//158
f 3261//158 3084//158 3085//158
f 3261//158 3071//158 3072//158
f 3264//158 3068//158 3069//158
f 3066//158 3067//158 3264//158
f 3067//158 3068//158 3264//158
f 3264//158 3063//158 3064//158
f 3264//158 3047//158 3048//158
f 3264//158 3045//158 3046//158
f 3264//158 3043//158 3044//158
f 3040//158 3041//158 3264//158
f 3036//158 3037//158 3264//158
f 2922//158 3005//158 3006//251
f 3099//158 3100//158 3257//158
f 3257//158 3096//158 3097//158
f 3261//158 3094//158 3095//158
f 3091//158 3092//158 3261//158
f 3085//158 3086//158 3261//158
f 3261//158 3082//158 3083//158
f 3261//158 3073//158 3074//158
f 3261//158 3070//158 3071//158
f 3072//158 3073//158 3261//158
f 3069//158 3261//158 3264//158
f 3069//158 3070//158 3261//158
f 3064//158 3065//158 3264//158
f 3264//158 3050//158 3051//158
f 3048//158 3049//158 3264//158
f 3049//158 3050//158 3264//158
f 3044//158 3045//158 3264//158
f 3046//158 3047//158 3264//158
f 3038//158 3039//158 3264//158
f 2918//252 2919//158 3032//158
f 2922//158 3008//158 3009//158
f 3006//251 3007//158 2922//158
f 3007//158 3008//158 2922//158
f 2922//158 3003//158 3004//158
f 3257//158 3103//158 3104//158
f 3097//158 3098//158 3257//158
f 3093//158 3094//158 3261//158
f 3083//158 3084//158 3261//158
f 3087//158 3088//158 3261//158
f 3261//158 3077//158 3078//158
f 3261//158 3075//158 3076//158
f 3264//158 3052//158 3053//158
f 3042//158 3043//158 3264//158
f 3264//158 3033//158 3034//158
f 3032//158 3264//158 2918//252
f 2879//158 3269//158 3267//158
f 3267//158 2874//158 2875//158
f 3257//158 2946//158 2947//158
f 2922//158 3029//158 3030//158
f 2922//158 3027//578 3028//252
f 2922//158 3025//579 3026//578
f 2922//158 3023//580 3024//581
f 3009//158 3010//252 2922//158
f 3010//252 3011//158 2922//158
f 3004//158 3005//158 2922//158
f 2926//158 2996//158 2997//158
f 2998//158 2924//158 2925//158
f 2926//158 2993//158 2994//158
f 2928//158 2969//581 2970//579
f 2928//158 2965//158 2966//581
f 2928//158 2963//158 2964//579
f 3261//158 3079//158 3080//158
f 3076//158 3077//158 3261//158
f 3264//158 3061//158 3062//158
f 3264//158 3059//158 3060//158
f 3053//158 3054//158 3264//158
f 3032//158 3033//158 3264//158
f 3269//158 2884//158 2885//158
f 3269//158 2880//158 2881//158
f 3267//158 2878//158 2879//158
f 2875//158 2876//158 3267//158
f 2947//158 2948//158 3257//158
f 2948//158 2949//158 3257//158
f 3028//252 3029//158 2922//158
f 3030//158 3031//158 2922//158
f 3024//581 3025//579 2922//158
f 3026//578 3027//578 2922//158
f 2922//158 3021//251 3022//158
f 2922//158 3019//158 3020//158
f 2922//158 3014//158 3015//158
f 2922//158 3001//158 3002//158
f 2922//158 2998//158 2999//158
f 2925//158 2997//158 2998//158
f 2998//158 2922//158 2923//158
f 2994//158 2995//158 2926//158
f 2926//158 2991//158 2992//158
f 2970//579 2971//578 2928//158
f 2971//578 2972//158 2928//158
f 2964//579 2965//158 2928//158
f 2966//581 2967//158 2928//158
f 3095//158 3096//158 3257//158
f 3080//158 3081//158 3261//158
f 3081//158 3082//158 3261//158
f 3074//158 3075//158 3261//158
f 3060//158 3061//158 3264//158
f 3264//158 3056//158 3057//158
f 3054//158 3055//158 3264//158
f 3034//158 3035//158 3264//158
f 3269//158 2895//158 2896//158
f 3269//158 2893//158 2894//158
f 3269//158 2891//158 2892//158
f 3269//158 2889//158 2890//158
f 3269//158 2887//158 2888//158
f 2885//158 2886//158 3269//158
f 3269//158 2882//158 2883//158
f 2879//158 2880//158 3269//158
f 2876//158 2877//158 3267//158
f 3258//158 2953//158 2954//158
f 3257//158 2952//158 2953//158
f 3257//158 2950//158 2951//158
f 2949//158 2950//158 3257//158
f 3020//158 3021//251 2922//158
f 3022//158 3023//580 2922//158
f 2922//158 3017//158 3018//158
f 3015//158 3016//251 2922//158
f 3016//251 3017//158 2922//158
f 2922//158 3012//158 3013//158
f 3002//158 3003//158 2922//158
f 2999//158 3000//158 2922//158
f 3000//158 3001//158 2922//158
f 2923//158 2924//158 2998//158
f 2992//158 2993//158 2926//158
f 2928//158 2980//158 2981//158
f 2928//158 2968//582 2969//581
f 2967//158 2968//582 2928//158
f 3062//158 3063//158 3264//158
f 3057//158 3058//158 3264//158
f 3051//158 3052//158 3264//158
f 3270//158 2901//158 2902//158
f 3270//158 2897//158 2898//158
f 2896//158 3270//158 3269//158
f 2896//158 2897//158 3270//158
f 2892//158 2893//158 3269//158
f 2894//158 2895//158 3269//158
f 2888//158 2889//158 3269//158
f 2883//158 2884//158 3269//158
f 2886//158 2887//158 3269//158
f 2877//158 2878//158 3267//158
f 3258//158 2957//158 2958//158
f 3258//158 2955//158 2956//158
f 2953//158 3258//158 3257//158
f 2954//158 2955//158 3258//158
f 3257//158 2936//158 2937//158
f 3257//158 2932//158 2933//158
f 3018//158 3019//158 2922//158
f 2922//158 3011//158 3012//158
f 3013//158 3014//158 2922//158
f 2995//158 2996//158 2926//158
f 2928//158 2982//158 2983//158
f 2928//158 2979//158 2980//158
f 2981//158 2982//158 2928//158
f 2928//158 2976//158 2977//158
f 2928//158 2974//158 2975//158
f 2928//158 2972//158 2973//252
f 3032//158 2919//158 2920//158
f 3078//158 3079//158 3261//158
f 3055//158 3056//158 3264//158
f 2915//158 3264//158 3270//158
f 3270//158 2907//158 2908//158
f 3270//158 2904//158 2905//158
f 2902//158 2903//158 3270//158
f 2903//158 2904//158 3270//158
f 3270//158 2899//158 2900//158
f 2890//158 2891//158 3269//158
f 2881//158 2882//158 3269//158
f 3267//158 2870//158 2871//158
f 3267//158 2868//158 2869//158
f 2956//158 2957//158 3258//158
f 2951//158 2952//158 3257//158
f 3257//158 2941//158 2942//158
f 3257//158 2939//158 2940//158
f 2937//158 2938//158 3257//158
f 2938//158 2939//158 3257//158
f 2933//158 2934//158 3257//158
f 2934//158 2935//158 3257//158
f 3257//158 2962//158 2961//158
f 2961//158 2928//158 2929//158
f 2991//158 2926//158 2927//158
f 2997//158 2925//158 2926//158
f 2977//158 2978//252 2928//158
f 2978//252 2979//158 2928//158
f 2973//252 2974//158 2928//158
f 2975//158 2976//158 2928//158
f 2928//158 2961//158 2963//158
f 2920//158 2921//158 3032//158
f 3058//158 3059//158 3264//158
f 3264//158 2916//158 2917//158
f 3270//158 2914//158 2915//158
f 3270//158 2910//158 2911//158
f 3270//158 2906//158 2907//158
f 2908//158 2909//158 3270//158
f 2905//158 2906//158 3270//158
f 2898//158 2899//158 3270//158
f 3267//158 2872//158 2873//158
f 2869//158 2870//158 3267//158
f 2871//158 2872//158 3267//158
f 3258//158 2821//158 2822//158
f 3258//158 2819//158 2820//158
f 3258//158 2959//158 2960//158
f 3257//158 2944//158 2945//158
f 2942//158 2943//158 3257//158
f 2943//158 2944//158 3257//158
f 2940//158 2941//158 3257//158
f 2935//158 2936//158 3257//158
f 2961//158 2931//158 3257//158
f 2931//158 2932//158 3257//158
f 2929//158 2930//158 2961//158
f 2930//158 2931//158 2961//158
f 2928//158 2989//158 2990//158
f 2928//158 2987//158 2988//158
f 2928//158 2984//251 2985//158
f 2983//158 2984//251 2928//158
f 3104//158 2962//158 3257//158
f 2921//158 2922//158 3032//158
f 2915//158 2916//158 3264//158
f 2911//158 2912//158 3270//158
f 2912//158 2913//158 3270//158
f 3267//158 2866//158 2867//158
f 3267//158 2864//158 2865//158
f 3267//158 2862//158 2863//158
f 3267//158 2860//158 2861//158
f 3267//158 2857//158 2858//158
f 2827//158 2828//158 3265//158
f 3258//158 2825//158 2826//158
f 3258//158 2823//158 2824//158
f 2820//158 2821//158 3258//158
f 2822//158 2823//158 3258//158
f 2958//158 2959//158 3258//158
f 2927//158 2928//158 2991//158
f 2988//158 2989//158 2928//158
f 2985//158 2986//158 2928//158
f 2917//158 2918//252 3264//158
f 2913//158 2914//158 3270//158
f 2873//158 2874//158 3267//158
f 2865//158 2866//158 3267//158
f 2861//158 2862//158 3267//158
f 3267//158 2856//158 2857//158
f 2858//158 2859//158 3267//158
f 3265//158 2834//158 2835//158
f 2826//158 2827//158 3258//158
f 3258//158 2818//158 2817//158
f 2945//158 2946//158 3257//158
f 2990//158 2991//158 2928//158
f 2900//158 2901//158 3270//158
f 2863//158 2864//158 3267//158
f 3265//158 2850//158 2851//158
f 3265//158 2848//158 2849//158
f 3265//158 2846//158 2847//158
f 3265//158 2844//158 2845//158
f 3265//158 2842//158 2843//158
f 2835//158 2836//158 3265//158
f 2836//158 2837//158 3265//158
f 3265//158 2829//158 2830//158
f 3265//158 3258//158 2827//158
f 2817//158 2819//158 3258//158
f 2986//158 2987//158 2928//158
f 2909//158 2910//158 3270//158
f 2859//158 2860//158 3267//158
f 3267//158 2852//158 2853//158
f 2851//158 3267//158 3265//158
f 2851//158 2852//158 3267//158
f 2847//158 2848//158 3265//158
f 2849//158 2850//158 3265//158
f 2843//158 2844//158 3265//158
f 3265//158 2840//158 2841//158
f 3265//158 2838//158 2839//158
f 3265//158 2832//158 2833//158
f 2830//158 2831//158 3265//158
f 2824//158 2825//158 3258//158
f 3031//158 3032//158 2922//158
f 2867//158 2868//158 3267//158
f 3267//158 2854//158 2855//158
f 2853//158 2854//158 3267//158
f 2845//158 2846//158 3265//158
f 2839//158 2840//158 3265//158
f 2833//158 2834//158 3265//158
f 2828//158 2829//158 3265//158
f 2841//158 2842//158 3265//158
f 2831//158 2832//158 3265//158
f 2855//158 2856//158 3267//158
f 2837//158 2838//158 3265//158
f 2960//158 2818//158 3258//158
f 3267//21 3269//21 3271//21
f 3271//21 3268//21 3267//21
f 3270//138 3264//138 3263//138
f 3263//138 3272//138 3270//138
f 3271//158 2762//158 2761//158
f 3271//158 2757//158 2756//158
f 3271//158 2759//158 2758//158
f 3271//158 2763//158 2762//158
f 3271//158 2774//158 2773//158
f 2758//158 2757//158 3271//158
f 2761//158 2760//158 3271//158
f 3271//158 2767//158 2766//158
f 2773//158 2772//158 3271//158
f 2760//158 2759//158 3271//158
f 3271//158 2765//158 2764//158
f 3271//158 2768//158 2767//158
f 3271//158 2770//158 2769//158
f 3260//158 2792//158 2791//158
f 3260//158 2794//158 2793//158
f 3260//158 2797//158 2796//158
f 3260//158 2803//158 2802//158
f 2772//158 2771//158 3271//158
f 3271//158 2751//158 2750//158
f 2764//158 2763//158 3271//158
f 2769//158 2768//158 3271//158
f 2793//158 2792//158 3260//158
f 2796//158 2795//158 3260//158
f 3260//158 2800//158 2799//158
f 3260//158 2804//158 2803//158
f 3271//158 2775//158 2774//158
f 3271//158 2777//158 2776//158
f 3271//158 2744//158 2743//158
f 3271//158 2746//158 2745//158
f 3271//158 2749//158 2748//158
f 3271//158 2752//158 2751//158
f 3271//158 2755//158 2754//158
f 2766//158 2765//158 3271//158
f 2795//158 2794//158 3260//158
f 3260//158 2801//158 2800//158
f 3260//158 2805//158 2804//158
f 2776//158 2775//158 3271//158
f 3271//158 2779//158 2778//158
f 2745//158 2744//158 3271//158
f 2748//158 2747//158 3271//158
f 3271//158 2753//158 2752//158
f 2756//158 2755//158 3271//158
f 3260//158 2798//158 2797//158
f 2802//158 2801//158 3260//158
f 3260//158 2811//158 2810//158
f 2778//158 2777//158 3271//158
f 3273//158 3274//158 2779//158
f 2747//158 2746//158 3271//158
f 2754//158 2753//158 3271//158
f 2799//158 2798//158 3260//158
f 3260//158 2807//158 2806//158
f 2810//158 2809//158 3260//158
f 3260//158 2813//158 2812//158
f 3260//158 2816//158 2815//158
f 3260//158 3266//158 2780//158
f 3260//158 2790//158 2789//158
f 2779//158 3271//158 3273//158
f 2750//158 2749//158 3271//158
f 2806//158 2805//158 3260//158
f 2809//158 2808//158 3260//158
f 3260//158 2814//158 2813//158
f 2780//158 2816//158 3260//158
f 3260//158 2783//158 2782//158
f 3260//158 2785//158 2784//158
f 3260//158 2787//158 2786//158
f 2789//158 2788//158 3260//158
f 2743//158 3268//158 3271//158
f 2743//158 2780//158 3266//158
f 2808//158 2807//158 3260//158
f 2815//158 2814//158 3260//158
f 2784//158 2783//158 3260//158
f 2788//158 2787//158 3260//158
f 3266//158 3268//158 2743//158
f 2812//158 2811//158 3260//158
f 3182//158 3260//158 2781//158
f 2786//158 2785//158 3260//158
f 2791//158 2790//158 3260//158
f 2782//158 2781//158 3260//158
f 2781//158 3180//158 3182//158
f 2771//158 2770//158 3271//158
f 3262//158 1800//158 1798//158
f 3262//158 3259//158 1802//158
f 1802//158 1800//158 3262//158
f 3141//158 1802//158 3259//158
f 1798//158 1804//158 3262//158
f 3263//158 1787//158 1786//158
f 3263//158 1791//158 1789//158
f 1804//158 1781//158 3262//158
f 1781//158 1784//158 3263//158
f 1789//158 1787//158 3263//158
f 3263//158 3262//158 1781//158
f 3263//158 1784//158 1791//158
f 1786//158 3272//158 3263//158
f 3275//158 3276//158 3272//158
f 3272//158 1786//158 3275//158
f 3259//158 3256//158 3141//158
f 3277//119 3278//119 3276//119
f 3276//119 3275//119 3277//119
f 3279//583 3278//119 3277//119
f 3280//584 3279//583 3281//585
f 3282//586 3280//584 3283//587
f 3284//570 3282//586 3285//571
f 3286//569 3284//570 3287//588
f 3288//568 3286//569 3289//569
f 3290//567 3288//568 3291//568
f 3292//566 3290//567 3293//567
f 3294//589 3292//566 3295//566
f 3296//563 3294//589 3297//565
f 3298//561 3296//563 3299//590
f 3300//591 3298//561 3301//561
f 3302//560 3300//591 3303//591
f 3304//555 3302//560 3305//560
f 3306//556 3304//555 3307//555
f 3308//552 3306//556 3309//554
f 3310//551 3308//552 3311//552
f 3312//549 3310//551 3313//553
f 3314//548 3312//549 3315//549
f 3316//546 3314//548 3317//550
f 3318//592 3316//546 3319//546
f 3320//593 3318//592 3321//592
f 3322//541 3320//593 3323//543
f 3324//542 3322//541 3325//541
f 3326//539 3324//542 3327//594
f 3328//537 3326//539 3329//540
f 3330//535 3328//537 3331//595
f 3332//533 3330//535 3333//535
f 3334//532 3332//533 3335//533
f 3336//530 3334//532 3337//534
f 3338//528 3336//530 3339//530
f 3340//596 3338//528 3341//528
f 3342//525 3340//596 3343//596
f 3344//523 3342//525 3345//525
f 3346//522 3344//523 3347//523
f 3348//158 3346//522 3349//522
f 3349//522 3350//158 3348//158
f 3347//523 3349//522 3346//522
f 3345//525 3347//523 3344//523
f 3343//596 3345//525 3342//525
f 3341//528 3343//596 3340//596
f 3339//530 3341//528 3338//528
f 3337//534 3339//530 3336//530
f 3335//533 3337//534 3334//532
f 3333//535 3335//533 3332//533
f 3331//595 3333//535 3330//535
f 3329//540 3331//595 3328//537
f 3327//594 3329//540 3326//539
f 3325//541 3327//594 3324//542
f 3323//543 3325//541 3322//541
f 3321//592 3323//543 3320//593
f 3319//546 3321//592 3318//592
f 3317//550 3319//546 3316//546
f 3315//549 3317//550 3314//548
f 3313//553 3315//549 3312//549
f 3311//552 3313//553 3310//551
f 3309//554 3311//552 3308//552
f 3307//555 3309//554 3306//556
f 3305//560 3307//555 3304//555
f 3303//591 3305//560 3302//560
f 3301//561 3303//591 3300//591
f 3299//590 3301//561 3298//561
f 3297//565 3299//590 3296//563
f 3295//566 3297//565 3294//589
f 3293//567 3295//566 3292//566
f 3291//568 3293//567 3290//567
f 3289//569 3291//568 3288//568
f 3287//588 3289//569 3286//569
f 3285//571 3287//588 3284//570
f 3283//587 3285//571 3282//586
f 3281//585 3283//587 3280//584
f 3277//119 3281//585 3279//583
f 1785//79 3343//576 3341//79
f 2618//79 3351//79 3352//79
f 1785//79 3309//79 3307//79
f 1785//79 3323//79 3321//79
f 1785//79 3333//79 3331//79
f 1785//79 3337//79 3335//79
f 3341//79 3339//79 1785//79
f 3339//79 3337//79 1785//79
f 3352//79 3353//79 2618//79
f 3353//79 3354//79 2618//79
f 2618//79 3355//79 3356//79
f 3307//79 3305//79 1785//79
f 3305//79 3303//79 1785//79
f 1785//79 3313//79 3311//79
f 3321//79 3319//79 1785//79
f 3319//79 3317//79 1785//79
f 1785//79 3327//79 3325//79
f 3331//79 3329//79 1785//79
f 3329//79 3327//79 1785//79
f 3335//79 3333//79 1785//79
f 3356//79 3351//79 2618//79
f 2618//79 3357//79 3358//79
f 1785//79 3299//79 3297//79
f 3311//79 3309//79 1785//79
f 3325//79 3323//79 1785//79
f 2618//79 3359//79 3360//79
f 3358//79 3355//79 2618//79
f 2618//79 3361//79 3362//79
f 1785//79 3301//79 3299//79
f 3297//79 3295//79 1785//79
f 3303//79 3301//79 1785//79
f 1785//79 3317//79 3315//79
f 1785//79 2618//79 3349//79
f 3360//79 3350//79 2618//79
f 2618//79 3363//79 3364//79
f 3362//79 3357//79 2618//79
f 2618//79 3365//79 3366//79
f 1785//79 3347//79 3345//79
f 3350//79 3349//79 2618//79
f 3364//79 3367//79 2618//79
f 3367//79 3359//79 2618//79
f 2618//79 3354//79 3368//79
f 3366//79 3361//79 2618//79
f 2618//79 3369//576 3370//575
f 3315//79 3313//79 1785//79
f 3349//79 3347//79 1785//79
f 3368//79 3363//79 2618//79
f 3370//575 3365//79 2618//79
f 1786//79 3285//79 3283//79
f 3345//79 3343//576 1785//79
f 1786//79 3287//79 3285//79
f 3283//79 3281//79 1786//79
f 1786//79 3291//79 3289//79
f 2618//79 3371//79 3372//79
f 1786//79 3281//79 3277//79
f 3289//79 3287//79 1786//79
f 1785//79 3295//79 3293//79
f 3372//79 3369//576 2618//79
f 2618//79 3373//79 3374//79
f 3277//79 3275//79 1786//79
f 3293//79 1786//79 1785//79
f 3293//79 3291//79 1786//79
f 3374//79 3371//79 2618//79
f 2618//79 3375//79 3376//576
f 2618//79 3377//597 3378//576
f 2618//79 3379//79 3380//79
f 2779//79 3274//79 3381//79
f 3376//576 3373//79 2618//79
f 2618//79 3382//598 3383//79
f 2618//79 3384//79 3385//79
f 3380//79 3377//597 2618//79
f 3378//576 3384//79 2618//79
f 3381//79 2618//79 2779//79
f 3383//79 3386//79 2618//79
f 3386//79 3375//79 2618//79
f 3381//79 3387//79 2618//79
f 3387//79 3379//79 2618//79
f 3385//79 3382//598 2618//79
f 3269//2 3388//2 3389//2
f 3270//2 3320//2 3322//2
f 3269//2 3390//2 3391//2
f 3269//2 3392//2 3393//2
f 3389//2 3394//2 3269//2
f 3270//2 3326//2 3328//2
f 3322//2 3324//2 3270//2
f 3324//2 3326//2 3270//2
f 3270//2 3302//2 3304//2
f 3269//2 3395//2 3390//2
f 3394//2 3392//2 3269//2
f 3270//2 3336//2 3338//2
f 3270//2 3330//2 3332//2
f 3328//2 3330//2 3270//2
f 3270//2 3316//2 3318//2
f 3270//2 3300//2 3302//2
f 3304//2 3306//2 3270//2
f 3270//2 3292//2 3294//2
f 3269//2 3396//2 3397//2
f 3393//2 3395//2 3269//2
f 3269//2 3346//2 3348//2
f 3270//2 3334//2 3336//2
f 3338//2 3340//2 3270//2
f 3332//2 3334//2 3270//2
f 3270//2 3314//2 3316//2
f 3318//2 3320//2 3270//2
f 3270//2 3310//2 3312//2
f 3306//2 3308//2 3270//2
f 3294//2 3296//2 3270//2
f 3296//2 3298//2 3270//2
f 3397//2 3398//2 3269//2
f 3391//2 3399//2 3269//2
f 3269//2 3400//2 3401//2
f 3269//2 3344//2 3346//2
f 3348//2 3402//2 3269//2
f 3270//2 3340//2 3342//2
f 3312//2 3314//2 3270//2
f 3308//2 3310//2 3270//2
f 3298//2 3300//2 3270//2
f 3269//2 3403//2 3404//2
f 3399//2 3396//2 3269//2
f 3269//2 3405//2 3406//2
f 3401//2 3407//2 3269//2
f 3402//2 3400//2 3269//2
f 3342//2 3269//2 3270//2
f 3342//2 3344//2 3269//2
f 3272//2 3276//2 3278//2
f 3398//2 3403//2 3269//2
f 3407//2 3405//2 3269//2
f 3278//2 3270//2 3272//2
f 3406//2 3388//2 3269//2
f 3278//2 3279//2 3270//2
f 3269//2 3408//2 3409//2
f 3279//2 3280//2 3270//2
f 3409//2 3410//2 3269//2
f 3404//2 3411//2 3269//2
f 3270//2 3284//2 3286//2
f 3280//2 3282//2 3270//2
f 3269//2 3412//2 3413//2
f 3269//2 3414//2 3415//2
f 3269//2 3416//2 3417//2
f 3411//2 3408//2 3269//2
f 3270//2 3288//2 3290//2
f 3282//2 3284//2 3270//2
f 3271//2 3418//2 3419//466
f 3269//2 3420//466 3418//2
f 3415//2 3412//2 3269//2
f 3269//2 3421//2 3422//2
f 3410//2 3416//2 3269//2
f 3286//2 3288//2 3270//2
f 3418//2 3271//2 3269//2
f 3419//466 3273//2 3271//2
f 3422//2 3414//2 3269//2
f 3269//2 3423//2 3424//2
f 3290//2 3292//2 3270//2
f 3413//2 3420//466 3269//2
f 3417//2 3423//2 3269//2
f 3424//2 3421//2 3269//2
f 3348//158 3350//158 3360//158
f 3360//158 3402//158 3348//158
f 3400//521 3402//158 3360//158
f 3401//519 3400//521 3359//521
f 3407//520 3401//519 3367//519
f 3405//599 3407//520 3364//518
f 3406//516 3405//599 3363//517
f 3388//514 3406//516 3368//600
f 3389//513 3388//514 3354//514
f 3394//601 3389//513 3353//513
f 3392//511 3394//601 3352//512
f 3393//602 3392//511 3351//511
f 3395//508 3393//602 3356//602
f 3390//509 3395//508 3355//508
f 3391//507 3390//509 3358//603
f 3399//604 3391//507 3357//505
f 3396//504 3399//604 3362//604
f 3397//500 3396//504 3361//504
f 3398//498 3397//500 3366//605
f 3403//496 3398//498 3365//501
f 3404//606 3403//496 3370//496
f 3411//492 3404//606 3369//497
f 3408//493 3411//492 3372//492
f 3409//491 3408//493 3371//493
f 3410//487 3409//491 3374//491
f 3416//485 3410//487 3373//607
f 3417//486 3416//485 3376//608
f 3423//484 3417//486 3375//483
f 3424//481 3423//484 3386//482
f 3421//480 3424//481 3383//609
f 3422//479 3421//480 3382//480
f 3414//477 3422//479 3385//479
f 3415//610 3414//477 3384//477
f 3412//611 3415//610 3378//478
f 3413//471 3412//611 3377//476
f 3420//612 3413//471 3380//613
f 3418//470 3420//612 3379//472
f 3419//40 3418//470 3387//468
f 3387//468 3381//40 3419//40
f 3379//472 3387//468 3418//470
f 3380//613 3379//472 3420//612
f 3377//476 3380//613 3413//471
f 3378//478 3377//476 3412//611
f 3384//477 3378//478 3415//610
f 3385//479 3384//477 3414//477
f 3382//480 3385//479 3422//479
f 3383//609 3382//480 3421//480
f 3386//482 3383//609 3424//481
f 3375//483 3386//482 3423//484
f 3376//608 3375//483 3417//486
f 3373//607 3376//608 3416//485
f 3374//491 3373//607 3410//487
f 3371//493 3374//491 3409//491
f 3372//492 3371//493 3408//493
f 3369//497 3372//492 3411//492
f 3370//496 3369//497 3404//606
f 3365//501 3370//496 3403//496
f 3366//605 3365//501 3398//498
f 3361//504 3366//605 3397//500
f 3362//604 3361//504 3396//504
f 3357//505 3362//604 3399//604
f 3358//603 3357//505 3391//507
f 3355//508 3358//603 3390//509
f 3356//602 3355//508 3395//508
f 3351//511 3356//602 3393//602
f 3352//512 3351//511 3392//511
f 3353//513 3352//512 3394//601
f 3354//514 3353//513 3389//513
f 3368//600 3354//514 3388//514
f 3363//517 3368//600 3406//516
f 3364//518 3363//517 3405//599
f 3367//519 3364//518 3407//520
f 3359//521 3367//519 3401//519
f 3360//158 3359//521 3400//521
f 3419//40 3381//40 3274//40
f 3274//40 3273//40 3419//40
