# Blender v2.82 (sub 7) OBJ File: ''
# www.blender.org
mtllib gsmini_elastomer.mtl
o gsmini_elastomer_transformed_enclosed
v -0.009700 -0.047161 -0.007250
v -0.009635 -0.047148 -0.007250
v -0.009640 -0.047149 -0.009999
v -0.009635 -0.047148 -0.009999
v -0.009571 -0.047138 -0.007250
v -0.009588 -0.047141 -0.009999
v -0.009571 -0.047138 -0.009999
v -0.009506 -0.047131 -0.007250
v -0.009554 -0.047136 -0.009999
v -0.009506 -0.047131 -0.009999
v -0.009440 -0.047126 -0.007250
v -0.009495 -0.047130 -0.009999
v -0.009484 -0.047129 -0.009999
v -0.009375 -0.047125 -0.007250
v -0.009380 -0.047125 -0.010000
v -0.009375 -0.047125 -0.010000
v 0.008375 -0.047125 -0.007250
v -0.000500 -0.047125 -0.010000
v 0.001750 -0.047125 -0.010000
v 0.008440 -0.047126 -0.007250
v 0.008435 -0.047126 -0.010000
v 0.008440 -0.047127 -0.010000
v 0.008506 -0.047131 -0.007250
v 0.008495 -0.047130 -0.009999
v 0.008506 -0.047131 -0.009999
v 0.008571 -0.047138 -0.007250
v 0.008554 -0.047136 -0.009999
v 0.008571 -0.047138 -0.009999
v 0.008635 -0.047148 -0.007250
v 0.008588 -0.047141 -0.009999
v 0.008613 -0.047144 -0.009999
v 0.008700 -0.047161 -0.007250
v 0.008671 -0.047154 -0.010000
v 0.008700 -0.047161 -0.010000
v 0.008763 -0.047176 -0.007250
v 0.008728 -0.047167 -0.010000
v 0.008745 -0.047172 -0.010000
v 0.008826 -0.047194 -0.007250
v 0.008785 -0.047182 -0.010000
v 0.008797 -0.047186 -0.010000
v 0.008888 -0.047216 -0.007250
v 0.008849 -0.047202 -0.010000
v 0.008871 -0.047209 -0.010000
v 0.008949 -0.047239 -0.007250
v 0.008927 -0.047230 -0.010000
v 0.008949 -0.047239 -0.010000
v 0.009009 -0.047266 -0.007250
v 0.008983 -0.047254 -0.010000
v 0.009009 -0.047266 -0.010000
v 0.009068 -0.047295 -0.007250
v 0.009057 -0.047290 -0.010000
v 0.009067 -0.047295 -0.010000
v 0.009125 -0.047326 -0.007250
v 0.009089 -0.047306 -0.010000
v 0.009125 -0.047326 -0.010000
v 0.009181 -0.047360 -0.007250
v 0.009161 -0.047348 -0.010000
v 0.009181 -0.047360 -0.010000
v 0.009235 -0.047396 -0.007250
v 0.009204 -0.047375 -0.010000
v 0.009235 -0.047396 -0.010000
v 0.009288 -0.047435 -0.007250
v 0.009286 -0.047434 -0.010000
v 0.009288 -0.047435 -0.010000
v 0.009339 -0.047476 -0.007250
v 0.009333 -0.047471 -0.010000
v 0.009339 -0.047476 -0.010000
v 0.009388 -0.047519 -0.007250
v 0.009369 -0.047502 -0.009999
v 0.009388 -0.047519 -0.009999
v 0.009436 -0.047564 -0.007250
v 0.009402 -0.047531 -0.009999
v 0.009436 -0.047565 -0.009999
v 0.009481 -0.047612 -0.007250
v 0.009473 -0.047603 -0.009999
v 0.009481 -0.047612 -0.009999
v 0.009524 -0.047661 -0.007250
v 0.009523 -0.047660 -0.009999
v 0.009524 -0.047661 -0.009999
v 0.009565 -0.047712 -0.007250
v 0.009560 -0.047706 -0.010000
v 0.009565 -0.047712 -0.010000
v 0.009604 -0.047765 -0.007250
v 0.009576 -0.047728 -0.010000
v 0.009596 -0.047753 -0.010000
v 0.009640 -0.047819 -0.007250
v 0.009629 -0.047802 -0.010000
v 0.009640 -0.047819 -0.010000
v 0.009674 -0.047875 -0.007250
v 0.009668 -0.047866 -0.010000
v 0.009674 -0.047875 -0.010000
v 0.009706 -0.047932 -0.007250
v 0.009680 -0.047886 -0.010000
v 0.009706 -0.047932 -0.010000
v 0.009734 -0.047991 -0.007250
v 0.009722 -0.047966 -0.010000
v 0.009732 -0.047986 -0.010000
v 0.009761 -0.048051 -0.007250
v 0.009756 -0.048040 -0.010000
v 0.009761 -0.048051 -0.010000
v 0.009785 -0.048112 -0.007250
v 0.009783 -0.048110 -0.010000
v 0.009784 -0.048112 -0.010000
v 0.009806 -0.048174 -0.007250
v 0.009804 -0.048169 -0.010000
v 0.009805 -0.048174 -0.010000
v 0.009824 -0.048237 -0.007250
v 0.009815 -0.048206 -0.010000
v 0.009824 -0.048237 -0.010000
v 0.009839 -0.048300 -0.007250
v 0.009835 -0.048279 -0.010000
v 0.009838 -0.048294 -0.010000
v 0.009852 -0.048365 -0.007250
v 0.009850 -0.048352 -0.010000
v 0.009852 -0.048365 -0.010000
v 0.009862 -0.048429 -0.007250
v 0.009859 -0.048410 -0.009999
v 0.009861 -0.048425 -0.009999
v 0.009869 -0.048494 -0.007250
v 0.009867 -0.048467 -0.009999
v 0.009869 -0.048494 -0.009999
v 0.009874 -0.048560 -0.007250
v 0.009872 -0.048525 -0.009999
v 0.009872 -0.048528 -0.009999
v 0.009875 -0.048625 -0.007250
v 0.009873 -0.048560 -0.010000
v 0.009874 -0.048580 -0.010000
v 0.009875 -0.070875 -0.007250
v 0.009875 -0.059750 -0.010000
v 0.009875 -0.062768 -0.010000
v 0.009874 -0.070940 -0.007250
v 0.009873 -0.070940 -0.010000
v 0.009872 -0.070975 -0.009999
v 0.009869 -0.071006 -0.007250
v 0.009869 -0.071006 -0.009999
v 0.009862 -0.071071 -0.007250
v 0.009867 -0.071033 -0.009999
v 0.009862 -0.071071 -0.009999
v 0.009852 -0.071135 -0.007250
v 0.009854 -0.071126 -0.010000
v 0.009852 -0.071135 -0.010000
v 0.009839 -0.071200 -0.007250
v 0.009850 -0.071148 -0.010000
v 0.009839 -0.071200 -0.010000
v 0.009824 -0.071263 -0.007250
v 0.009835 -0.071220 -0.010000
v 0.009833 -0.071229 -0.010000
v 0.009806 -0.071326 -0.007250
v 0.009815 -0.071294 -0.010000
v 0.009805 -0.071326 -0.010000
v 0.009785 -0.071388 -0.007250
v 0.009798 -0.071350 -0.010000
v 0.009784 -0.071388 -0.010000
v 0.009761 -0.071449 -0.007250
v 0.009767 -0.071433 -0.010000
v 0.009761 -0.071449 -0.010000
v 0.009734 -0.071509 -0.007250
v 0.009756 -0.071460 -0.010000
v 0.009734 -0.071509 -0.010000
v 0.009706 -0.071568 -0.007250
v 0.009722 -0.071534 -0.010000
v 0.009706 -0.071567 -0.010000
v 0.009674 -0.071625 -0.007250
v 0.009680 -0.071614 -0.010000
v 0.009677 -0.071620 -0.010000
v 0.009640 -0.071681 -0.007250
v 0.009646 -0.071672 -0.010000
v 0.009640 -0.071681 -0.010000
v 0.009604 -0.071735 -0.007250
v 0.009604 -0.071734 -0.010000
v 0.009565 -0.071788 -0.007250
v 0.009576 -0.071772 -0.010000
v 0.009565 -0.071788 -0.010000
v 0.009524 -0.071839 -0.007250
v 0.009529 -0.071833 -0.009999
v 0.009524 -0.071839 -0.009999
v 0.009481 -0.071888 -0.007250
v 0.009485 -0.071884 -0.009999
v 0.009481 -0.071888 -0.009999
v 0.009436 -0.071936 -0.007250
v 0.009440 -0.071932 -0.009999
v 0.009436 -0.071935 -0.009999
v 0.009388 -0.071981 -0.007250
v 0.009402 -0.071969 -0.009999
v 0.009388 -0.071981 -0.009999
v 0.009339 -0.072024 -0.007250
v 0.009369 -0.071998 -0.009999
v 0.009357 -0.072009 -0.009999
v 0.009288 -0.072065 -0.007250
v 0.009311 -0.072047 -0.010000
v 0.009288 -0.072065 -0.010000
v 0.009235 -0.072104 -0.007250
v 0.009239 -0.072101 -0.010000
v 0.009235 -0.072104 -0.010000
v 0.009181 -0.072140 -0.007250
v 0.009190 -0.072134 -0.010000
v 0.009181 -0.072140 -0.010000
v 0.009125 -0.072174 -0.007250
v 0.009161 -0.072152 -0.010000
v 0.009140 -0.072165 -0.010000
v 0.009068 -0.072205 -0.007250
v 0.009089 -0.072194 -0.010000
v 0.009067 -0.072205 -0.010000
v 0.009009 -0.072234 -0.007250
v 0.009041 -0.072219 -0.010000
v 0.009036 -0.072221 -0.010000
v 0.008949 -0.072261 -0.007250
v 0.008953 -0.072259 -0.010000
v 0.008949 -0.072261 -0.010000
v 0.008888 -0.072284 -0.007250
v 0.008927 -0.072270 -0.010000
v 0.008888 -0.072284 -0.010000
v 0.008826 -0.072306 -0.007250
v 0.008849 -0.072298 -0.010000
v 0.008841 -0.072301 -0.010000
v 0.008763 -0.072324 -0.007250
v 0.008785 -0.072318 -0.010000
v 0.008763 -0.072324 -0.010000
v 0.008700 -0.072339 -0.007250
v 0.008728 -0.072333 -0.010000
v 0.008700 -0.072339 -0.010000
v 0.008635 -0.072352 -0.007250
v 0.008640 -0.072351 -0.009999
v 0.008635 -0.072352 -0.009999
v 0.008571 -0.072362 -0.007250
v 0.008588 -0.072359 -0.009999
v 0.008571 -0.072362 -0.009999
v 0.008506 -0.072369 -0.007250
v 0.008554 -0.072364 -0.009999
v 0.008506 -0.072369 -0.009999
v 0.008440 -0.072374 -0.007250
v 0.008495 -0.072370 -0.009999
v 0.008484 -0.072371 -0.009999
v 0.008375 -0.072375 -0.007250
v 0.008380 -0.072375 -0.010000
v 0.008375 -0.072375 -0.010000
v -0.009375 -0.072375 -0.007250
v -0.000500 -0.072375 -0.010000
v -0.002750 -0.072375 -0.010000
v -0.009440 -0.072374 -0.007250
v -0.009435 -0.072374 -0.010000
v -0.009440 -0.072373 -0.010000
v -0.009506 -0.072369 -0.007250
v -0.009495 -0.072370 -0.009999
v -0.009506 -0.072369 -0.009999
v -0.009571 -0.072362 -0.007250
v -0.009554 -0.072364 -0.009999
v -0.009571 -0.072362 -0.009999
v -0.009635 -0.072352 -0.007250
v -0.009588 -0.072359 -0.009999
v -0.009613 -0.072356 -0.009999
v -0.009700 -0.072339 -0.007250
v -0.009671 -0.072346 -0.010000
v -0.009700 -0.072339 -0.010000
v -0.009763 -0.072324 -0.007250
v -0.009728 -0.072333 -0.010000
v -0.009745 -0.072328 -0.010000
v -0.009826 -0.072306 -0.007250
v -0.009785 -0.072318 -0.010000
v -0.009797 -0.072314 -0.010000
v -0.009888 -0.072284 -0.007250
v -0.009849 -0.072298 -0.010000
v -0.009871 -0.072291 -0.010000
v -0.009949 -0.072261 -0.007250
v -0.009927 -0.072270 -0.010000
v -0.009949 -0.072261 -0.010000
v -0.010009 -0.072234 -0.007250
v -0.009983 -0.072246 -0.010000
v -0.010009 -0.072234 -0.010000
v -0.010068 -0.072205 -0.007250
v -0.010057 -0.072210 -0.010000
v -0.010068 -0.072205 -0.010000
v -0.010125 -0.072174 -0.007250
v -0.010089 -0.072194 -0.010000
v -0.010125 -0.072174 -0.010000
v -0.010181 -0.072140 -0.007250
v -0.010161 -0.072152 -0.010000
v -0.010181 -0.072140 -0.010000
v -0.010235 -0.072104 -0.007250
v -0.010204 -0.072125 -0.010000
v -0.010235 -0.072104 -0.010000
v -0.010288 -0.072065 -0.007250
v -0.010286 -0.072066 -0.010000
v -0.010288 -0.072065 -0.010000
v -0.010339 -0.072024 -0.007250
v -0.010333 -0.072029 -0.010000
v -0.010339 -0.072024 -0.010000
v -0.010388 -0.071981 -0.007250
v -0.010369 -0.071998 -0.009999
v -0.010388 -0.071981 -0.009999
v -0.010436 -0.071936 -0.007250
v -0.010402 -0.071969 -0.009999
v -0.010436 -0.071935 -0.009999
v -0.010481 -0.071888 -0.007250
v -0.010473 -0.071897 -0.009999
v -0.010481 -0.071888 -0.009999
v -0.010524 -0.071839 -0.007250
v -0.010524 -0.071840 -0.009999
v -0.010565 -0.071788 -0.007250
v -0.010560 -0.071794 -0.010000
v -0.010565 -0.071788 -0.010000
v -0.010604 -0.071735 -0.007250
v -0.010577 -0.071772 -0.010000
v -0.010596 -0.071747 -0.010000
v -0.010640 -0.071681 -0.007250
v -0.010629 -0.071698 -0.010000
v -0.010640 -0.071681 -0.010000
v -0.010674 -0.071625 -0.007250
v -0.010668 -0.071634 -0.010000
v -0.010674 -0.071625 -0.010000
v -0.010706 -0.071568 -0.007250
v -0.010680 -0.071614 -0.010000
v -0.010706 -0.071568 -0.010000
v -0.010735 -0.071509 -0.007250
v -0.010722 -0.071534 -0.010000
v -0.010732 -0.071514 -0.010000
v -0.010761 -0.071449 -0.007250
v -0.010756 -0.071460 -0.010000
v -0.010761 -0.071449 -0.010000
v -0.010785 -0.071388 -0.007250
v -0.010783 -0.071390 -0.010000
v -0.010784 -0.071388 -0.010000
v -0.010806 -0.071326 -0.007250
v -0.010804 -0.071331 -0.010000
v -0.010805 -0.071326 -0.010000
v -0.010824 -0.071263 -0.007250
v -0.010815 -0.071294 -0.010000
v -0.010824 -0.071263 -0.010000
v -0.010839 -0.071200 -0.007250
v -0.010835 -0.071221 -0.010000
v -0.010838 -0.071206 -0.010000
v -0.010852 -0.071135 -0.007250
v -0.010850 -0.071148 -0.010000
v -0.010852 -0.071135 -0.010000
v -0.010862 -0.071071 -0.007250
v -0.010860 -0.071090 -0.009999
v -0.010861 -0.071075 -0.009999
v -0.010869 -0.071006 -0.007250
v -0.010867 -0.071033 -0.009999
v -0.010869 -0.071006 -0.009999
v -0.010874 -0.070940 -0.007250
v -0.010872 -0.070975 -0.009999
v -0.010872 -0.070972 -0.009999
v -0.010875 -0.070875 -0.007250
v -0.010873 -0.070940 -0.010000
v -0.010874 -0.070920 -0.010000
v -0.010875 -0.048625 -0.007250
v -0.010875 -0.059750 -0.010000
v -0.010875 -0.056732 -0.010000
v -0.010874 -0.048560 -0.007250
v -0.010873 -0.048560 -0.010000
v -0.010872 -0.048528 -0.009999
v -0.010869 -0.048494 -0.007250
v -0.010872 -0.048525 -0.009999
v -0.010869 -0.048494 -0.009999
v -0.010862 -0.048429 -0.007250
v -0.010867 -0.048467 -0.009999
v -0.010862 -0.048429 -0.009999
v -0.010852 -0.048364 -0.007250
v -0.010854 -0.048374 -0.010000
v -0.010852 -0.048365 -0.010000
v -0.010839 -0.048300 -0.007250
v -0.010850 -0.048352 -0.010000
v -0.010839 -0.048300 -0.010000
v -0.010824 -0.048237 -0.007250
v -0.010835 -0.048280 -0.010000
v -0.010833 -0.048271 -0.010000
v -0.010806 -0.048174 -0.007250
v -0.010815 -0.048206 -0.010000
v -0.010805 -0.048174 -0.010000
v -0.010785 -0.048112 -0.007250
v -0.010798 -0.048150 -0.010000
v -0.010784 -0.048112 -0.010000
v -0.010761 -0.048051 -0.007250
v -0.010767 -0.048067 -0.010000
v -0.010761 -0.048051 -0.010000
v -0.010735 -0.047991 -0.007250
v -0.010756 -0.048040 -0.010000
v -0.010734 -0.047991 -0.010000
v -0.010705 -0.047932 -0.007250
v -0.010722 -0.047966 -0.010000
v -0.010706 -0.047933 -0.010000
v -0.010674 -0.047875 -0.007250
v -0.010680 -0.047886 -0.010000
v -0.010677 -0.047880 -0.010000
v -0.010640 -0.047819 -0.007250
v -0.010646 -0.047828 -0.010000
v -0.010640 -0.047819 -0.010000
v -0.010604 -0.047765 -0.007250
v -0.010604 -0.047766 -0.010000
v -0.010565 -0.047712 -0.007250
v -0.010576 -0.047728 -0.010000
v -0.010565 -0.047712 -0.010000
v -0.010524 -0.047661 -0.007250
v -0.010529 -0.047667 -0.009999
v -0.010524 -0.047661 -0.009999
v -0.010481 -0.047612 -0.007250
v -0.010485 -0.047616 -0.009999
v -0.010481 -0.047612 -0.009999
v -0.010436 -0.047564 -0.007250
v -0.010440 -0.047568 -0.009999
v -0.010436 -0.047565 -0.009999
v -0.010388 -0.047519 -0.007250
v -0.010402 -0.047531 -0.009999
v -0.010388 -0.047519 -0.009999
v -0.010339 -0.047476 -0.007250
v -0.010369 -0.047502 -0.009999
v -0.010357 -0.047491 -0.009999
v -0.010288 -0.047435 -0.007250
v -0.010311 -0.047453 -0.010000
v -0.010288 -0.047435 -0.010000
v -0.010235 -0.047396 -0.007250
v -0.010239 -0.047399 -0.010000
v -0.010235 -0.047396 -0.010000
v -0.010181 -0.047360 -0.007250
v -0.010190 -0.047366 -0.010000
v -0.010181 -0.047360 -0.010000
v -0.010125 -0.047326 -0.007250
v -0.010161 -0.047348 -0.010000
v -0.010140 -0.047335 -0.010000
v -0.010068 -0.047295 -0.007250
v -0.010089 -0.047306 -0.010000
v -0.010068 -0.047295 -0.010000
v -0.010009 -0.047266 -0.007250
v -0.010041 -0.047281 -0.010000
v -0.010036 -0.047279 -0.010000
v -0.009949 -0.047239 -0.007250
v -0.009953 -0.047241 -0.010000
v -0.009949 -0.047239 -0.010000
v -0.009888 -0.047216 -0.007250
v -0.009927 -0.047230 -0.010000
v -0.009888 -0.047216 -0.010000
v -0.009826 -0.047194 -0.007250
v -0.009849 -0.047202 -0.010000
v -0.009841 -0.047199 -0.010000
v -0.009763 -0.047176 -0.007250
v -0.009785 -0.047182 -0.010000
v -0.009763 -0.047176 -0.010000
v -0.009728 -0.047167 -0.010000
v -0.009700 -0.047161 -0.010000
v -0.009299 -0.047767 -0.010302
v -0.009375 -0.047768 -0.010292
v -0.009299 -0.047673 -0.010263
v -0.009375 -0.047674 -0.010256
v -0.009375 -0.047631 -0.010238
v -0.009392 -0.047674 -0.010253
v -0.009383 -0.047580 -0.010215
v -0.009433 -0.047579 -0.010206
v -0.009375 -0.047512 -0.010186
v -0.009423 -0.047485 -0.010168
v -0.009375 -0.047489 -0.010176
v -0.009375 -0.047487 -0.010175
v -0.009299 -0.047488 -0.010182
v -0.009299 -0.047396 -0.010138
v -0.009214 -0.047396 -0.010142
v -0.009214 -0.047305 -0.010096
v -0.009045 -0.047304 -0.010101
v -0.009044 -0.047214 -0.010051
v -0.008875 -0.047214 -0.010053
v -0.009044 -0.047125 -0.010000
v -0.008875 -0.047125 -0.010000
v -0.009375 -0.047769 -0.010293
v -0.009401 -0.047768 -0.010288
v -0.009410 -0.047863 -0.010322
v -0.009375 -0.047863 -0.010330
v -0.009375 -0.047871 -0.010333
v -0.009299 -0.047861 -0.010339
v -0.009299 -0.047956 -0.010374
v -0.009215 -0.047860 -0.010348
v -0.009215 -0.047955 -0.010385
v -0.009130 -0.047860 -0.010357
v -0.009131 -0.047955 -0.010395
v -0.009046 -0.047859 -0.010366
v -0.009046 -0.047954 -0.010404
v -0.008961 -0.047858 -0.010373
v -0.008962 -0.047953 -0.010413
v -0.008877 -0.047858 -0.010380
v -0.008877 -0.047953 -0.010421
v -0.008792 -0.047857 -0.010387
v -0.008792 -0.047952 -0.010428
v -0.008707 -0.047856 -0.010393
v -0.008708 -0.047951 -0.010434
v -0.008538 -0.047855 -0.010403
v -0.008538 -0.047950 -0.010445
v -0.008368 -0.047854 -0.010410
v -0.008368 -0.047949 -0.010454
v -0.008198 -0.047853 -0.010415
v -0.008198 -0.047948 -0.010459
v -0.008035 -0.047851 -0.010418
v -0.008035 -0.048006 -0.010487
v -0.006518 -0.047854 -0.010424
v -0.006518 -0.048005 -0.010494
v -0.005000 -0.047892 -0.010446
v -0.005000 -0.048005 -0.010497
v -0.002750 -0.047895 -0.010451
v -0.002750 -0.048051 -0.010524
v -0.000500 -0.047954 -0.010480
v -0.000500 -0.048052 -0.010523
v 0.001750 -0.048051 -0.010524
v -0.000500 -0.048173 -0.010577
v 0.001750 -0.048209 -0.010591
v -0.000500 -0.048209 -0.010591
v 0.001750 -0.048370 -0.010653
v -0.000500 -0.048396 -0.010664
v 0.001750 -0.048532 -0.010711
v -0.000500 -0.048532 -0.010711
v -0.000500 -0.048623 -0.010742
v -0.002750 -0.048532 -0.010711
v -0.002750 -0.048695 -0.010763
v -0.005000 -0.048631 -0.010733
v -0.005000 -0.048696 -0.010753
v -0.006518 -0.048631 -0.010726
v -0.005000 -0.048722 -0.010761
v -0.006518 -0.048792 -0.010772
v -0.005000 -0.048792 -0.010780
v -0.005000 -0.048861 -0.010798
v -0.002750 -0.048860 -0.010810
v -0.005000 -0.048936 -0.010819
v -0.002750 -0.049027 -0.010852
v -0.005000 -0.049027 -0.010839
v -0.005000 -0.049117 -0.010859
v -0.006518 -0.049118 -0.010848
v -0.005000 -0.049153 -0.010867
v -0.005000 -0.049194 -0.010875
v -0.002750 -0.049194 -0.010889
v -0.005000 -0.049282 -0.010891
v -0.002750 -0.049362 -0.010920
v -0.005000 -0.049371 -0.010907
v -0.005000 -0.049447 -0.010918
v -0.006518 -0.049447 -0.010904
v -0.005000 -0.049532 -0.010930
v -0.006518 -0.049613 -0.010925
v -0.005000 -0.049591 -0.010938
v -0.005000 -0.049702 -0.010949
v -0.002750 -0.049702 -0.010968
v -0.005000 -0.049780 -0.010957
v -0.002750 -0.049872 -0.010984
v -0.005000 -0.049812 -0.010960
v -0.005000 -0.049872 -0.010964
v -0.006518 -0.049864 -0.010945
v -0.006518 -0.049947 -0.010950
v -0.008035 -0.049930 -0.010923
v -0.008035 -0.049947 -0.010924
v -0.008207 -0.049938 -0.010917
v -0.008207 -0.050022 -0.010919
v -0.008378 -0.050022 -0.010908
v -0.008378 -0.050034 -0.010907
v -0.008433 -0.050034 -0.010902
v -0.008433 -0.051903 -0.010923
v -0.008470 -0.050034 -0.010899
v -0.008514 -0.051903 -0.010913
v -0.008514 -0.050034 -0.010893
v -0.008549 -0.050034 -0.010889
v -0.008549 -0.050022 -0.010890
v -0.008595 -0.050034 -0.010883
v -0.008718 -0.050022 -0.010867
v -0.008681 -0.050034 -0.010872
v -0.008718 -0.050034 -0.010866
v -0.008676 -0.051903 -0.010890
v -0.008837 -0.051903 -0.010862
v -0.008684 -0.053750 -0.010900
v -0.008732 -0.053750 -0.010892
v -0.008684 -0.056732 -0.010915
v -0.008778 -0.056732 -0.010898
v -0.008732 -0.059750 -0.010909
v -0.008778 -0.059750 -0.010900
v -0.008778 -0.062768 -0.010898
v -0.008872 -0.062768 -0.010878
v -0.008837 -0.065750 -0.010871
v -0.008872 -0.065750 -0.010864
v -0.008837 -0.067597 -0.010862
v -0.008961 -0.065750 -0.010846
v -0.008997 -0.067597 -0.010829
v -0.008997 -0.065750 -0.010837
v -0.009150 -0.065750 -0.010799
v -0.009150 -0.062768 -0.010810
v -0.009156 -0.065750 -0.010798
v -0.009188 -0.065750 -0.010789
v -0.009156 -0.067597 -0.010791
v -0.009314 -0.067597 -0.010748
v -0.009222 -0.069466 -0.010762
v -0.009302 -0.069466 -0.010741
v -0.009222 -0.069478 -0.010763
v -0.009375 -0.069478 -0.010720
v -0.009375 -0.069548 -0.010719
v -0.009467 -0.069548 -0.010692
v -0.009375 -0.069562 -0.010718
v -0.009466 -0.069638 -0.010690
v -0.009375 -0.069638 -0.010717
v -0.009375 -0.069645 -0.010717
v -0.009222 -0.069646 -0.010759
v -0.009375 -0.069728 -0.010715
v -0.009222 -0.069734 -0.010756
v -0.009375 -0.069738 -0.010715
v -0.009222 -0.069823 -0.010751
v -0.009375 -0.069817 -0.010709
v -0.009375 -0.069823 -0.010709
v -0.009466 -0.069907 -0.010677
v -0.009375 -0.069907 -0.010704
v -0.009375 -0.069911 -0.010703
v -0.009222 -0.069911 -0.010745
v -0.009222 -0.070000 -0.010737
v -0.009055 -0.070000 -0.010775
v -0.009055 -0.070088 -0.010766
v -0.008886 -0.070089 -0.010798
v -0.008886 -0.070177 -0.010787
v -0.008717 -0.070177 -0.010814
v -0.008717 -0.070265 -0.010801
v -0.008547 -0.070266 -0.010822
v -0.008547 -0.070353 -0.010807
v -0.008377 -0.070354 -0.010822
v -0.008377 -0.070441 -0.010806
v -0.008207 -0.070441 -0.010816
v -0.008207 -0.070529 -0.010797
v -0.008035 -0.070529 -0.010800
v -0.008035 -0.070545 -0.010797
v -0.006518 -0.070546 -0.010812
v -0.008035 -0.070616 -0.010781
v -0.006518 -0.070708 -0.010772
v -0.008035 -0.070652 -0.010773
v -0.008035 -0.070702 -0.010759
v -0.008207 -0.070702 -0.010757
v -0.008035 -0.070707 -0.010758
v -0.008206 -0.070793 -0.010733
v -0.008035 -0.070793 -0.010735
v -0.008145 -0.070875 -0.010711
v -0.008035 -0.070875 -0.010712
v -0.008035 -0.070966 -0.010684
v -0.006518 -0.070869 -0.010726
v -0.006518 -0.071028 -0.010675
v -0.005000 -0.070990 -0.010695
v -0.005000 -0.071028 -0.010681
v -0.002750 -0.070968 -0.010711
v -0.002750 -0.071130 -0.010653
v -0.000500 -0.071104 -0.010664
v -0.000500 -0.071291 -0.010591
v 0.001750 -0.071130 -0.010653
v 0.001750 -0.071291 -0.010591
v 0.004000 -0.071199 -0.010620
v 0.004000 -0.071290 -0.010584
v 0.005518 -0.071185 -0.010619
v 0.005518 -0.071341 -0.010559
v 0.007035 -0.071270 -0.010579
v 0.007035 -0.071340 -0.010551
v 0.007198 -0.071262 -0.010579
v 0.007198 -0.071360 -0.010541
v 0.007368 -0.071261 -0.010573
v 0.007368 -0.071359 -0.010535
v 0.007539 -0.071260 -0.010563
v 0.007538 -0.071358 -0.010525
v 0.007709 -0.071260 -0.010549
v 0.007708 -0.071357 -0.010512
v 0.007793 -0.071259 -0.010540
v 0.007793 -0.071356 -0.010505
v 0.007878 -0.071259 -0.010531
v 0.007878 -0.071356 -0.010496
v 0.007963 -0.071258 -0.010521
v 0.007962 -0.071355 -0.010487
v 0.008047 -0.071258 -0.010510
v 0.008047 -0.071354 -0.010476
v 0.008131 -0.071257 -0.010498
v 0.008131 -0.071354 -0.010465
v 0.008215 -0.071257 -0.010485
v 0.008215 -0.071353 -0.010453
v 0.008299 -0.071256 -0.010471
v 0.008299 -0.071353 -0.010440
v 0.008375 -0.071256 -0.010457
v 0.008375 -0.071352 -0.010428
v 0.008537 -0.071253 -0.010416
v 0.008524 -0.071446 -0.010360
v 0.008725 -0.071349 -0.010337
v 0.008719 -0.071446 -0.010310
v 0.008920 -0.071347 -0.010283
v 0.008913 -0.071445 -0.010258
v 0.009108 -0.071443 -0.010204
v 0.009102 -0.071541 -0.010181
v 0.009199 -0.071540 -0.010154
v 0.009096 -0.071638 -0.010157
v 0.009194 -0.071638 -0.010132
v 0.009090 -0.071736 -0.010132
v 0.009286 -0.071736 -0.010084
v 0.009182 -0.071833 -0.010085
v 0.009280 -0.071833 -0.010062
v 0.009176 -0.071930 -0.010060
v 0.009275 -0.071931 -0.010038
v 0.009269 -0.072028 -0.010014
v 0.009333 -0.072029 -0.010000
v 0.008375 -0.071732 -0.010292
v 0.008401 -0.071732 -0.010288
v 0.008375 -0.071826 -0.010256
v 0.008392 -0.071826 -0.010253
v 0.008375 -0.071869 -0.010238
v 0.008383 -0.071920 -0.010215
v 0.008375 -0.071919 -0.010216
v 0.008375 -0.071731 -0.010293
v 0.008299 -0.071733 -0.010302
v 0.008410 -0.071637 -0.010322
v 0.008375 -0.071638 -0.010329
v 0.008299 -0.071827 -0.010263
v 0.009057 -0.072210 -0.010000
v 0.009064 -0.072123 -0.010026
v 0.008964 -0.072121 -0.010044
v 0.008972 -0.072025 -0.010073
v 0.008872 -0.072023 -0.010092
v 0.008880 -0.071928 -0.010122
v 0.008780 -0.071926 -0.010141
v 0.008788 -0.071831 -0.010171
v 0.008689 -0.071830 -0.010192
v 0.008697 -0.071734 -0.010223
v 0.008599 -0.071733 -0.010245
v 0.008606 -0.071638 -0.010276
v 0.008508 -0.071638 -0.010299
v 0.008516 -0.071542 -0.010330
v 0.008375 -0.071542 -0.010363
v 0.008957 -0.072217 -0.010014
v 0.009009 -0.072234 -0.010000
v 0.008983 -0.072246 -0.010000
v 0.009163 -0.072124 -0.010008
v 0.009071 -0.072026 -0.010054
v 0.008979 -0.071929 -0.010102
v 0.008887 -0.071831 -0.010150
v 0.008795 -0.071735 -0.010201
v 0.008705 -0.071638 -0.010253
v 0.008712 -0.071542 -0.010282
v 0.008375 -0.071448 -0.010396
v 0.008299 -0.071544 -0.010374
v 0.008299 -0.071449 -0.010408
v 0.008215 -0.071545 -0.010385
v 0.008215 -0.071449 -0.010420
v 0.008131 -0.071545 -0.010395
v 0.008131 -0.071450 -0.010431
v 0.008046 -0.071546 -0.010404
v 0.008046 -0.071451 -0.010441
v 0.007962 -0.071547 -0.010413
v 0.007962 -0.071451 -0.010451
v 0.007877 -0.071547 -0.010421
v 0.007877 -0.071452 -0.010459
v 0.007792 -0.071548 -0.010428
v 0.007793 -0.071452 -0.010467
v 0.007708 -0.071549 -0.010434
v 0.007708 -0.071453 -0.010474
v 0.007538 -0.071550 -0.010445
v 0.007538 -0.071454 -0.010486
v 0.007368 -0.071551 -0.010454
v 0.007368 -0.071455 -0.010495
v 0.007198 -0.071552 -0.010459
v 0.007198 -0.071456 -0.010501
v 0.007035 -0.071494 -0.010487
v 0.007035 -0.071463 -0.010501
v 0.005518 -0.071495 -0.010494
v 0.007035 -0.071458 -0.010503
v 0.007035 -0.071360 -0.010543
v 0.009125 -0.072174 -0.010000
v 0.008856 -0.072214 -0.010029
v 0.008864 -0.072119 -0.010061
v 0.008806 -0.072213 -0.010036
v 0.008764 -0.072117 -0.010077
v 0.008756 -0.072212 -0.010043
v 0.008714 -0.072116 -0.010085
v 0.008705 -0.072210 -0.010050
v 0.008664 -0.072115 -0.010092
v 0.008655 -0.072209 -0.010057
v 0.008614 -0.072113 -0.010100
v 0.008604 -0.072207 -0.010063
v 0.008564 -0.072112 -0.010107
v 0.008554 -0.072206 -0.010069
v 0.008513 -0.072111 -0.010114
v 0.008503 -0.072204 -0.010075
v 0.008463 -0.072109 -0.010121
v 0.008453 -0.072202 -0.010080
v 0.008407 -0.072154 -0.010107
v 0.008402 -0.072200 -0.010086
v 0.008375 -0.072194 -0.010090
v 0.008375 -0.072199 -0.010088
v 0.008299 -0.072195 -0.010094
v 0.008375 -0.072245 -0.010065
v 0.008214 -0.072286 -0.010049
v 0.008375 -0.072285 -0.010046
v 0.008375 -0.072292 -0.010042
v 0.008391 -0.072293 -0.010042
v 0.008375 -0.072325 -0.010026
v 0.008385 -0.072338 -0.010019
v 0.008375 -0.072338 -0.010019
v 0.008871 -0.072291 -0.010000
v 0.008826 -0.072305 -0.010000
v 0.008816 -0.072308 -0.010000
v 0.008797 -0.072314 -0.010000
v 0.008798 -0.072308 -0.010002
v 0.008747 -0.072306 -0.010008
v 0.008745 -0.072328 -0.010000
v 0.008696 -0.072305 -0.010014
v 0.008671 -0.072346 -0.010000
v 0.008645 -0.072303 -0.010019
v 0.008595 -0.072301 -0.010024
v 0.008590 -0.072347 -0.010005
v 0.008544 -0.072299 -0.010029
v 0.008539 -0.072345 -0.010009
v 0.008493 -0.072297 -0.010034
v 0.008487 -0.072343 -0.010012
v 0.008442 -0.072295 -0.010038
v 0.008436 -0.072341 -0.010016
v 0.008375 -0.071637 -0.010330
v 0.008299 -0.071639 -0.010339
v 0.008375 -0.071629 -0.010333
v 0.008215 -0.071640 -0.010348
v 0.008130 -0.071640 -0.010357
v 0.008046 -0.071641 -0.010366
v 0.007961 -0.071642 -0.010373
v 0.007877 -0.071642 -0.010380
v 0.007792 -0.071643 -0.010387
v 0.007707 -0.071644 -0.010393
v 0.007538 -0.071645 -0.010403
v 0.007368 -0.071646 -0.010410
v 0.007198 -0.071647 -0.010415
v 0.007035 -0.071646 -0.010419
v 0.005518 -0.071646 -0.010424
v 0.004000 -0.071608 -0.010446
v 0.004000 -0.071495 -0.010497
v 0.001750 -0.071605 -0.010451
v 0.001750 -0.071449 -0.010524
v -0.000500 -0.071546 -0.010480
v -0.000500 -0.071448 -0.010523
v -0.002750 -0.071449 -0.010524
v -0.000500 -0.071327 -0.010577
v -0.002750 -0.071291 -0.010591
v 0.008375 -0.071543 -0.010363
v 0.008375 -0.071920 -0.010216
v 0.008375 -0.071988 -0.010186
v 0.008433 -0.071921 -0.010206
v 0.008423 -0.072015 -0.010168
v 0.008473 -0.072016 -0.010160
v 0.008299 -0.071920 -0.010223
v 0.008613 -0.072356 -0.009999
v 0.008440 -0.072373 -0.010000
v 0.008435 -0.072374 -0.010000
v 0.009838 -0.070974 -0.010016
v 0.009837 -0.071025 -0.010013
v 0.009791 -0.070976 -0.010038
v 0.009791 -0.071027 -0.010034
v 0.009745 -0.070979 -0.010059
v 0.009744 -0.071030 -0.010055
v 0.009698 -0.070981 -0.010080
v 0.009697 -0.071032 -0.010075
v 0.009650 -0.071034 -0.010095
v 0.009695 -0.071133 -0.010065
v 0.009648 -0.071135 -0.010084
v 0.009693 -0.071234 -0.010054
v 0.009645 -0.071235 -0.010071
v 0.009690 -0.071334 -0.010041
v 0.009594 -0.071337 -0.010074
v 0.009687 -0.071435 -0.010028
v 0.009591 -0.071437 -0.010059
v 0.009683 -0.071535 -0.010013
v 0.009587 -0.071536 -0.010043
v 0.009867 -0.071023 -0.009999
v 0.009874 -0.070920 -0.010000
v 0.009838 -0.070922 -0.010018
v 0.009792 -0.070925 -0.010040
v 0.009745 -0.070928 -0.010063
v 0.009699 -0.070930 -0.010084
v 0.009653 -0.070933 -0.010106
v 0.009606 -0.070935 -0.010126
v 0.009604 -0.071036 -0.010115
v 0.009559 -0.070937 -0.010147
v 0.009557 -0.071038 -0.010134
v 0.009513 -0.070940 -0.010167
v 0.009509 -0.071040 -0.010153
v 0.009466 -0.070942 -0.010187
v 0.009462 -0.071041 -0.010172
v 0.009419 -0.070944 -0.010206
v 0.009415 -0.071043 -0.010190
v 0.009372 -0.070945 -0.010225
v 0.009368 -0.071045 -0.010208
v 0.009324 -0.070947 -0.010243
v 0.009320 -0.071046 -0.010225
v 0.009230 -0.070950 -0.010279
v 0.009225 -0.071049 -0.010260
v 0.009135 -0.070953 -0.010314
v 0.009129 -0.071051 -0.010293
v 0.009039 -0.070955 -0.010347
v 0.009034 -0.071053 -0.010325
v 0.008943 -0.070957 -0.010378
v 0.008938 -0.071055 -0.010355
v 0.008750 -0.070960 -0.010438
v 0.008744 -0.071058 -0.010413
v 0.008550 -0.071059 -0.010468
v 0.008375 -0.071138 -0.010492
v 0.008375 -0.071254 -0.010457
v 0.008299 -0.071159 -0.010500
v 0.009874 -0.070918 -0.010000
v 0.009875 -0.070875 -0.010000
v 0.009793 -0.070794 -0.010043
v 0.009792 -0.070875 -0.010043
v 0.009768 -0.070875 -0.010054
v 0.009793 -0.070875 -0.010042
v 0.009813 -0.070875 -0.010032
v 0.009859 -0.071090 -0.009999
v 0.009837 -0.071076 -0.010010
v 0.009836 -0.071127 -0.010007
v 0.009790 -0.071078 -0.010031
v 0.009789 -0.071129 -0.010027
v 0.009742 -0.071131 -0.010046
v 0.009787 -0.071231 -0.010018
v 0.009740 -0.071232 -0.010036
v 0.009785 -0.071332 -0.010007
v 0.009737 -0.071333 -0.010024
v 0.009783 -0.071390 -0.010000
v 0.009778 -0.071405 -0.010000
v 0.009838 -0.071206 -0.010000
v 0.009831 -0.071237 -0.010000
v 0.009824 -0.071263 -0.010000
v 0.009804 -0.071331 -0.010000
v 0.009706 -0.071568 -0.010000
v 0.009732 -0.071514 -0.010000
v 0.009674 -0.071625 -0.010000
v 0.009668 -0.071634 -0.010000
v 0.009583 -0.071635 -0.010025
v 0.009490 -0.071537 -0.010072
v 0.009486 -0.071636 -0.010053
v 0.009393 -0.071539 -0.010100
v 0.009389 -0.071637 -0.010080
v 0.009297 -0.071539 -0.010128
v 0.009291 -0.071638 -0.010106
v 0.009629 -0.071698 -0.010000
v 0.009578 -0.071734 -0.010007
v 0.009481 -0.071735 -0.010034
v 0.009384 -0.071735 -0.010059
v 0.009604 -0.071735 -0.010000
v 0.009596 -0.071747 -0.010000
v 0.009560 -0.071794 -0.010000
v 0.009476 -0.071833 -0.010013
v 0.009523 -0.071840 -0.009999
v 0.009473 -0.071897 -0.009999
v 0.009378 -0.071834 -0.010038
v 0.009444 -0.071927 -0.009999
v 0.009373 -0.071931 -0.010015
v 0.009339 -0.072024 -0.010000
v 0.009286 -0.072066 -0.010000
v 0.009265 -0.072082 -0.010000
v 0.009170 -0.072027 -0.010034
v 0.009077 -0.071930 -0.010081
v 0.009084 -0.071833 -0.010107
v 0.008985 -0.071832 -0.010129
v 0.008992 -0.071735 -0.010156
v 0.008894 -0.071735 -0.010178
v 0.008901 -0.071638 -0.010206
v 0.008803 -0.071638 -0.010229
v 0.008907 -0.071542 -0.010232
v 0.009204 -0.072125 -0.010000
v 0.009838 -0.070875 -0.010019
v 0.008214 -0.072375 -0.010000
v 0.008044 -0.072375 -0.010000
v 0.008044 -0.072286 -0.010051
v 0.008214 -0.072195 -0.010096
v 0.008045 -0.072196 -0.010101
v 0.008214 -0.072104 -0.010142
v 0.008045 -0.072105 -0.010149
v 0.008214 -0.072013 -0.010186
v 0.008045 -0.072014 -0.010195
v 0.008214 -0.071921 -0.010229
v 0.008045 -0.071922 -0.010240
v 0.008214 -0.071828 -0.010271
v 0.008046 -0.071829 -0.010284
v 0.008215 -0.071734 -0.010310
v 0.008046 -0.071735 -0.010325
v 0.009875 -0.070794 -0.010000
v 0.009875 -0.070705 -0.010000
v 0.009875 -0.070616 -0.010000
v 0.007705 -0.072375 -0.010000
v 0.007536 -0.072375 -0.010000
v 0.007536 -0.072287 -0.010056
v 0.007366 -0.072287 -0.010057
v 0.007536 -0.072198 -0.010111
v 0.007367 -0.072198 -0.010113
v 0.007536 -0.072108 -0.010164
v 0.007367 -0.072109 -0.010167
v 0.007537 -0.072017 -0.010215
v 0.007367 -0.072018 -0.010219
v 0.007537 -0.071925 -0.010265
v 0.007367 -0.071926 -0.010269
v 0.007537 -0.071832 -0.010312
v 0.007367 -0.071834 -0.010318
v 0.007537 -0.071739 -0.010358
v 0.007368 -0.071740 -0.010365
v 0.007875 -0.072375 -0.010000
v 0.007366 -0.072375 -0.010000
v 0.007035 -0.072287 -0.010058
v 0.007035 -0.072228 -0.010096
v 0.005518 -0.072229 -0.010098
v 0.007035 -0.072201 -0.010114
v 0.005518 -0.072087 -0.010186
v 0.007035 -0.072110 -0.010169
v 0.007035 -0.072086 -0.010183
v 0.007035 -0.072022 -0.010222
v 0.007197 -0.072019 -0.010222
v 0.007035 -0.072020 -0.010223
v 0.007035 -0.071942 -0.010266
v 0.005518 -0.071943 -0.010270
v 0.007035 -0.071840 -0.010322
v 0.005518 -0.071796 -0.010349
v 0.007035 -0.071836 -0.010324
v 0.007035 -0.071795 -0.010345
v 0.007197 -0.071835 -0.010322
v 0.007197 -0.071742 -0.010370
v 0.007705 -0.072286 -0.010055
v 0.007706 -0.072197 -0.010108
v 0.007706 -0.072107 -0.010160
v 0.007706 -0.072016 -0.010210
v 0.007707 -0.071924 -0.010258
v 0.007707 -0.071831 -0.010305
v 0.007707 -0.071738 -0.010350
v 0.007035 -0.072375 -0.010000
v 0.005518 -0.072375 -0.010000
v 0.004000 -0.072340 -0.010023
v 0.004000 -0.072228 -0.010097
v 0.001750 -0.072340 -0.010024
v 0.001750 -0.072205 -0.010115
v -0.000500 -0.072204 -0.010114
v -0.000500 -0.072176 -0.010133
v -0.002750 -0.072205 -0.010115
v -0.002750 -0.072059 -0.010206
v -0.005000 -0.072087 -0.010186
v -0.005000 -0.072058 -0.010203
v -0.006518 -0.072087 -0.010186
v -0.005000 -0.072000 -0.010238
v -0.006518 -0.071943 -0.010270
v -0.005000 -0.071942 -0.010270
v -0.005000 -0.071909 -0.010289
v -0.002750 -0.071910 -0.010292
v -0.005000 -0.071806 -0.010346
v -0.002750 -0.071759 -0.010374
v -0.005000 -0.071758 -0.010370
v -0.005000 -0.071647 -0.010426
v -0.006518 -0.071646 -0.010424
v -0.005000 -0.071608 -0.010446
v -0.006518 -0.071495 -0.010494
v -0.005000 -0.071495 -0.010497
v -0.005000 -0.071448 -0.010518
v -0.005000 -0.071405 -0.010537
v -0.005000 -0.071341 -0.010563
v -0.006518 -0.071341 -0.010559
v -0.005000 -0.071290 -0.010584
v -0.006518 -0.071185 -0.010619
v -0.005000 -0.071199 -0.010620
v -0.005000 -0.071130 -0.010645
v 0.007875 -0.072286 -0.010053
v 0.007875 -0.072197 -0.010105
v 0.007876 -0.072106 -0.010155
v 0.007876 -0.072015 -0.010203
v 0.007876 -0.071923 -0.010250
v 0.007876 -0.071830 -0.010295
v 0.007877 -0.071736 -0.010339
v 0.004000 -0.072375 -0.010000
v 0.001750 -0.072375 -0.010000
v -0.000500 -0.072340 -0.010023
v -0.002750 -0.072340 -0.010024
v -0.005000 -0.072228 -0.010097
v -0.005000 -0.072190 -0.010123
v -0.006518 -0.072229 -0.010098
v -0.008035 -0.072201 -0.010114
v -0.008035 -0.072110 -0.010169
v -0.008367 -0.072198 -0.010113
v -0.008367 -0.072109 -0.010167
v -0.008536 -0.072108 -0.010164
v -0.008537 -0.072017 -0.010215
v -0.008706 -0.072016 -0.010210
v -0.008707 -0.071924 -0.010258
v -0.008876 -0.071923 -0.010250
v -0.008876 -0.071830 -0.010295
v -0.009046 -0.071829 -0.010284
v -0.009046 -0.071735 -0.010325
v -0.009215 -0.071734 -0.010310
v -0.009130 -0.071640 -0.010357
v -0.009215 -0.071640 -0.010348
v -0.009215 -0.071545 -0.010385
v -0.009299 -0.071544 -0.010374
v -0.009299 -0.071449 -0.010408
v -0.009375 -0.071448 -0.010396
v -0.009375 -0.071446 -0.010397
v -0.009524 -0.071446 -0.010360
v -0.009375 -0.071385 -0.010417
v -0.009375 -0.071352 -0.010427
v -0.009299 -0.071353 -0.010440
v -0.009375 -0.071256 -0.010456
v -0.009299 -0.071256 -0.010471
v -0.009375 -0.071253 -0.010457
v -0.009299 -0.071159 -0.010500
v -0.009375 -0.071141 -0.010491
v -0.009299 -0.071062 -0.010528
v -0.009375 -0.071061 -0.010511
v 0.009875 -0.069993 -0.010000
v 0.009875 -0.070171 -0.010000
v 0.009795 -0.069993 -0.010052
v 0.009795 -0.070171 -0.010051
v 0.009705 -0.070171 -0.010105
v 0.009704 -0.070349 -0.010101
v 0.009613 -0.070350 -0.010152
v 0.009613 -0.070528 -0.010146
v 0.009521 -0.070528 -0.010193
v 0.009520 -0.070617 -0.010189
v 0.009427 -0.070617 -0.010233
v 0.009427 -0.070706 -0.010227
v 0.009333 -0.070706 -0.010269
v 0.009333 -0.070795 -0.010261
v 0.009238 -0.070795 -0.010300
v 0.009237 -0.070875 -0.010291
v 0.009233 -0.070875 -0.010292
v 0.009143 -0.070875 -0.010328
v 0.009112 -0.070875 -0.010340
v 0.009047 -0.070875 -0.010362
v 0.009043 -0.070875 -0.010363
v 0.009048 -0.070795 -0.010374
v 0.008951 -0.070875 -0.010395
v 0.008952 -0.070795 -0.010408
v 0.008947 -0.070875 -0.010396
v 0.008887 -0.070875 -0.010417
v 0.008855 -0.070875 -0.010427
v 0.008758 -0.070875 -0.010456
v 0.008755 -0.070875 -0.010457
v 0.008759 -0.070795 -0.010471
v 0.008661 -0.070795 -0.010501
v 0.008759 -0.070707 -0.010486
v 0.008662 -0.070707 -0.010516
v 0.008760 -0.070619 -0.010500
v 0.008662 -0.070619 -0.010531
v 0.008760 -0.070530 -0.010512
v 0.008662 -0.070530 -0.010545
v 0.008663 -0.070442 -0.010557
v 0.008564 -0.070530 -0.010575
v 0.008564 -0.070442 -0.010589
v 0.008465 -0.070531 -0.010604
v 0.008465 -0.070442 -0.010618
v 0.008375 -0.070508 -0.010633
v 0.008375 -0.070442 -0.010643
v 0.008222 -0.070440 -0.010681
v 0.008375 -0.070439 -0.010643
v 0.008375 -0.070353 -0.010656
v 0.008465 -0.070353 -0.010631
v 0.008375 -0.070352 -0.010656
v 0.008375 -0.070252 -0.010671
v 0.008222 -0.070264 -0.010707
v 0.008222 -0.070176 -0.010719
v 0.008054 -0.070265 -0.010744
v 0.008055 -0.070177 -0.010756
v 0.007886 -0.070265 -0.010775
v 0.007886 -0.070177 -0.010787
v 0.007717 -0.070265 -0.010801
v 0.007717 -0.070177 -0.010814
v 0.007547 -0.070266 -0.010822
v 0.007548 -0.070178 -0.010835
v 0.007377 -0.070266 -0.010837
v 0.007377 -0.070178 -0.010851
v 0.007207 -0.070266 -0.010848
v 0.007207 -0.070178 -0.010861
v 0.007035 -0.070224 -0.010860
v 0.007035 -0.070178 -0.010866
v 0.005518 -0.070218 -0.010879
v 0.007035 -0.070090 -0.010878
v 0.005518 -0.070053 -0.010904
v 0.007035 -0.070052 -0.010884
v 0.007035 -0.070007 -0.010890
v 0.007207 -0.070002 -0.010885
v 0.007035 -0.069913 -0.010899
v 0.007207 -0.069913 -0.010894
v 0.007035 -0.069886 -0.010902
v 0.007207 -0.069824 -0.010902
v 0.007035 -0.069824 -0.010908
v 0.007035 -0.069789 -0.010911
v 0.005518 -0.069887 -0.010925
v 0.005518 -0.069720 -0.010940
v 0.004000 -0.069798 -0.010949
v 0.004000 -0.069720 -0.010957
v 0.001750 -0.069798 -0.010968
v 0.001750 -0.069628 -0.010984
v -0.000500 -0.069706 -0.010982
v -0.000500 -0.069628 -0.010988
v -0.002750 -0.069628 -0.010984
v -0.002750 -0.069466 -0.010994
v -0.005000 -0.069553 -0.010968
v -0.005000 -0.069466 -0.010973
v -0.006518 -0.069466 -0.010953
v -0.005000 -0.067608 -0.011038
v -0.006518 -0.065750 -0.011038
v -0.005000 -0.065750 -0.011089
v -0.005000 -0.062750 -0.011143
v -0.002764 -0.065750 -0.011138
v -0.002764 -0.059750 -0.011227
v -0.002750 -0.065750 -0.011139
v -0.002750 -0.059750 -0.011228
v -0.000500 -0.062750 -0.011226
v -0.000500 -0.059750 -0.011250
v 0.001750 -0.059750 -0.011228
v -0.000500 -0.056750 -0.011226
v 0.001750 -0.053750 -0.011139
v -0.000500 -0.053750 -0.011155
v -0.000500 -0.051891 -0.011087
v -0.002750 -0.053750 -0.011139
v -0.002750 -0.050034 -0.010994
v -0.002764 -0.053750 -0.011138
v -0.005000 -0.051892 -0.011038
v -0.005000 -0.053750 -0.011089
v -0.006518 -0.053750 -0.011038
v -0.005000 -0.056750 -0.011143
v -0.006518 -0.059750 -0.011091
v -0.005000 -0.059750 -0.011161
v 0.009875 -0.069814 -0.010000
v 0.009875 -0.069466 -0.010000
v 0.009875 -0.070349 -0.010000
v 0.009794 -0.070349 -0.010049
v 0.009704 -0.070528 -0.010097
v 0.009612 -0.070617 -0.010143
v 0.009520 -0.070706 -0.010184
v 0.009426 -0.070795 -0.010221
v 0.009374 -0.070875 -0.010236
v 0.009347 -0.070875 -0.010248
v 0.009795 -0.069815 -0.010053
v 0.009706 -0.069993 -0.010108
v 0.009614 -0.070172 -0.010157
v 0.009522 -0.070350 -0.010202
v 0.009428 -0.070528 -0.010239
v 0.009334 -0.070617 -0.010276
v 0.009239 -0.070706 -0.010309
v 0.009144 -0.070795 -0.010338
v 0.009875 -0.070527 -0.010000
v 0.009794 -0.070527 -0.010047
v 0.009703 -0.070617 -0.010095
v 0.009612 -0.070706 -0.010139
v 0.009519 -0.070795 -0.010179
v 0.009467 -0.070875 -0.010195
v 0.009425 -0.070875 -0.010214
v 0.009795 -0.069466 -0.010053
v 0.009792 -0.069466 -0.010055
v 0.009706 -0.069815 -0.010110
v 0.009701 -0.069466 -0.010116
v 0.009655 -0.069466 -0.010145
v 0.009655 -0.067597 -0.010146
v 0.009617 -0.069466 -0.010168
v 0.009515 -0.067597 -0.010231
v 0.009527 -0.069466 -0.010223
v 0.009523 -0.069466 -0.010225
v 0.009526 -0.069637 -0.010221
v 0.009434 -0.069637 -0.010274
v 0.009433 -0.069815 -0.010270
v 0.009340 -0.069816 -0.010320
v 0.009339 -0.069994 -0.010313
v 0.009245 -0.069994 -0.010360
v 0.009243 -0.070173 -0.010351
v 0.009149 -0.070173 -0.010395
v 0.009147 -0.070351 -0.010382
v 0.009052 -0.070351 -0.010423
v 0.009050 -0.070529 -0.010405
v 0.008954 -0.070529 -0.010442
v 0.008954 -0.070618 -0.010432
v 0.008857 -0.070618 -0.010466
v 0.008856 -0.070707 -0.010454
v 0.009794 -0.070705 -0.010045
v 0.009703 -0.070795 -0.010090
v 0.009746 -0.070875 -0.010065
v 0.009702 -0.070875 -0.010086
v 0.009746 -0.070877 -0.010065
v 0.009699 -0.070879 -0.010087
v 0.009794 -0.070616 -0.010046
v 0.009703 -0.070706 -0.010093
v 0.009611 -0.070795 -0.010135
v 0.009653 -0.070875 -0.010110
v 0.009610 -0.070875 -0.010131
v 0.009658 -0.070882 -0.010107
v 0.009875 -0.067597 -0.010000
v 0.009875 -0.065750 -0.010000
v 0.009792 -0.065750 -0.010055
v 0.009793 -0.067597 -0.010056
v 0.009715 -0.065750 -0.010107
v 0.009681 -0.065750 -0.010130
v 0.009552 -0.065750 -0.010208
v 0.009553 -0.062768 -0.010210
v 0.009515 -0.065750 -0.010231
v 0.009481 -0.065750 -0.010251
v 0.009372 -0.067597 -0.010312
v 0.009435 -0.069466 -0.010275
v 0.009373 -0.069466 -0.010310
v 0.009342 -0.069637 -0.010324
v 0.009246 -0.069816 -0.010367
v 0.009150 -0.069995 -0.010405
v 0.009053 -0.070173 -0.010437
v 0.008956 -0.070352 -0.010462
v 0.008858 -0.070530 -0.010478
v -0.005000 -0.072340 -0.010023
v 0.009715 -0.062768 -0.010108
v -0.005000 -0.072375 -0.010000
v -0.006518 -0.072375 -0.010000
v -0.008035 -0.072287 -0.010058
v -0.008035 -0.072228 -0.010096
v -0.008366 -0.072287 -0.010057
v -0.008536 -0.072198 -0.010111
v -0.008706 -0.072107 -0.010160
v -0.008876 -0.072015 -0.010203
v -0.009045 -0.071922 -0.010240
v -0.009214 -0.071828 -0.010271
v -0.009299 -0.071733 -0.010302
v -0.009299 -0.071639 -0.010339
v -0.009375 -0.071638 -0.010329
v 0.009875 -0.056732 -0.010000
v 0.009715 -0.056732 -0.010108
v 0.009715 -0.059750 -0.010107
v 0.009680 -0.059750 -0.010130
v 0.009875 -0.053750 -0.010000
v 0.009875 -0.051903 -0.010000
v 0.009792 -0.053750 -0.010055
v 0.009715 -0.053750 -0.010107
v 0.009681 -0.053750 -0.010130
v 0.009655 -0.051903 -0.010146
v 0.009552 -0.053750 -0.010208
v 0.009515 -0.051903 -0.010231
v 0.009515 -0.053750 -0.010231
v 0.009481 -0.053750 -0.010251
v 0.009553 -0.056732 -0.010210
v 0.009387 -0.056732 -0.010306
v 0.009480 -0.059750 -0.010253
v 0.009386 -0.059750 -0.010305
v 0.009387 -0.062768 -0.010306
v 0.009275 -0.059750 -0.010366
v 0.009218 -0.062768 -0.010397
v 0.009217 -0.059750 -0.010395
v 0.009065 -0.059750 -0.010471
v 0.009218 -0.056732 -0.010397
v 0.009046 -0.056732 -0.010481
v 0.009066 -0.053750 -0.010468
v 0.009046 -0.053750 -0.010477
v 0.009080 -0.051903 -0.010460
v 0.008930 -0.051903 -0.010527
v 0.008964 -0.050034 -0.010508
v 0.008930 -0.050034 -0.010522
v 0.008961 -0.049863 -0.010506
v 0.008864 -0.049863 -0.010547
v 0.008862 -0.049684 -0.010540
v 0.008765 -0.049773 -0.010583
v 0.008764 -0.049683 -0.010579
v 0.008566 -0.049683 -0.010650
v 0.008665 -0.049594 -0.010610
v 0.008566 -0.049593 -0.010645
v 0.008566 -0.049504 -0.010638
v 0.008466 -0.049504 -0.010670
v 0.008466 -0.049414 -0.010662
v 0.008375 -0.049414 -0.010688
v 0.008375 -0.049412 -0.010688
v 0.008222 -0.049412 -0.010729
v 0.008375 -0.049325 -0.010679
v 0.008222 -0.049324 -0.010719
v 0.008375 -0.049324 -0.010679
v 0.008375 -0.049248 -0.010671
v 0.008466 -0.049325 -0.010653
v 0.008465 -0.049147 -0.010631
v 0.008565 -0.049325 -0.010622
v 0.008565 -0.049147 -0.010601
v 0.008664 -0.049326 -0.010588
v 0.008663 -0.049147 -0.010569
v 0.008762 -0.049326 -0.010553
v 0.008761 -0.049148 -0.010535
v 0.008860 -0.049326 -0.010516
v 0.008859 -0.049148 -0.010499
v 0.008957 -0.049326 -0.010478
v 0.008956 -0.049148 -0.010462
v 0.009053 -0.049327 -0.010437
v 0.009052 -0.049149 -0.010423
v 0.009149 -0.049327 -0.010395
v 0.009147 -0.049149 -0.010382
v 0.009244 -0.049327 -0.010351
v 0.009242 -0.049149 -0.010339
v 0.009337 -0.049328 -0.010305
v 0.009336 -0.049149 -0.010295
v 0.009431 -0.049328 -0.010258
v 0.009429 -0.049150 -0.010249
v 0.009523 -0.049328 -0.010208
v 0.009522 -0.049150 -0.010202
v 0.009614 -0.049328 -0.010157
v 0.009613 -0.049150 -0.010152
v 0.009705 -0.049329 -0.010105
v 0.009704 -0.049151 -0.010101
v 0.009795 -0.049329 -0.010051
v 0.009794 -0.049151 -0.010049
v 0.009875 -0.049151 -0.010000
v 0.009875 -0.048973 -0.010000
v -0.008035 -0.072375 -0.010000
v -0.008366 -0.072375 -0.010000
v -0.008536 -0.072375 -0.010000
v -0.008536 -0.072287 -0.010056
v -0.008705 -0.072375 -0.010000
v -0.008705 -0.072286 -0.010055
v -0.008875 -0.072375 -0.010000
v -0.008875 -0.072286 -0.010053
v -0.009044 -0.072375 -0.010000
v -0.009044 -0.072286 -0.010051
v -0.009214 -0.072286 -0.010049
v -0.009214 -0.072195 -0.010096
v -0.009299 -0.072195 -0.010094
v -0.009299 -0.072104 -0.010138
v -0.009375 -0.072153 -0.010110
v -0.009375 -0.072106 -0.010132
v -0.009413 -0.072108 -0.010128
v -0.009375 -0.072076 -0.010147
v -0.009423 -0.072015 -0.010168
v -0.009375 -0.072013 -0.010175
v -0.009375 -0.072011 -0.010176
v -0.009299 -0.072012 -0.010182
v -0.009375 -0.071988 -0.010186
v -0.009299 -0.071920 -0.010223
v -0.009375 -0.071920 -0.010216
v 0.009875 -0.050034 -0.010000
v 0.009795 -0.050034 -0.010053
v 0.009793 -0.051903 -0.010056
v 0.009792 -0.050034 -0.010055
v 0.009701 -0.050034 -0.010116
v 0.009706 -0.049685 -0.010110
v 0.009655 -0.050034 -0.010145
v 0.009616 -0.049685 -0.010165
v 0.009617 -0.050034 -0.010168
v 0.009526 -0.049863 -0.010221
v 0.009527 -0.050034 -0.010223
v 0.009523 -0.050034 -0.010225
v 0.009435 -0.050034 -0.010275
v 0.009372 -0.051903 -0.010312
v 0.009373 -0.050034 -0.010310
v 0.009341 -0.050034 -0.010327
v 0.009342 -0.049863 -0.010324
v 0.009248 -0.049863 -0.010372
v 0.009246 -0.049684 -0.010367
v 0.009152 -0.049684 -0.010413
v 0.009150 -0.049505 -0.010405
v 0.009055 -0.049505 -0.010449
v 0.009875 -0.049686 -0.010000
v 0.009875 -0.049507 -0.010000
v 0.009875 -0.049329 -0.010000
v 0.009795 -0.049507 -0.010052
v 0.009706 -0.049507 -0.010108
v 0.009615 -0.049507 -0.010162
v 0.009524 -0.049506 -0.010214
v 0.009432 -0.049506 -0.010265
v 0.009339 -0.049506 -0.010313
v 0.009245 -0.049506 -0.010360
v 0.009875 -0.048884 -0.010000
v 0.009795 -0.049685 -0.010053
v 0.009525 -0.049685 -0.010218
v 0.009433 -0.049685 -0.010270
v 0.009340 -0.049685 -0.010320
v 0.009794 -0.048884 -0.010046
v 0.009794 -0.048973 -0.010047
v 0.009703 -0.048883 -0.010095
v 0.009704 -0.048972 -0.010097
v 0.009612 -0.048883 -0.010143
v 0.009613 -0.048972 -0.010146
v 0.009520 -0.048883 -0.010189
v 0.009521 -0.048972 -0.010193
v 0.009427 -0.048883 -0.010233
v 0.009428 -0.048972 -0.010239
v 0.009334 -0.048883 -0.010276
v 0.009335 -0.048971 -0.010283
v 0.009240 -0.048882 -0.010318
v 0.009241 -0.048971 -0.010325
v 0.009145 -0.048882 -0.010357
v 0.009146 -0.048971 -0.010366
v 0.009050 -0.048882 -0.010395
v 0.009050 -0.048971 -0.010405
v 0.008954 -0.048882 -0.010432
v 0.008954 -0.048971 -0.010442
v 0.008857 -0.048882 -0.010466
v 0.008858 -0.048970 -0.010478
v 0.008760 -0.048881 -0.010500
v 0.008760 -0.048970 -0.010512
v 0.008662 -0.048881 -0.010531
v 0.008662 -0.048970 -0.010545
v 0.008564 -0.048881 -0.010561
v 0.008564 -0.048970 -0.010575
v 0.008465 -0.048881 -0.010589
v 0.008465 -0.048969 -0.010604
v 0.008375 -0.048886 -0.010613
v 0.008375 -0.048992 -0.010633
v 0.008222 -0.048973 -0.010666
v 0.008222 -0.049060 -0.010681
v 0.008054 -0.048973 -0.010700
v 0.008054 -0.049060 -0.010716
v 0.007886 -0.048972 -0.010730
v 0.007886 -0.049060 -0.010746
v 0.007717 -0.048972 -0.010754
v 0.007717 -0.049059 -0.010771
v 0.007547 -0.048972 -0.010774
v 0.007547 -0.049059 -0.010791
v 0.007377 -0.048972 -0.010788
v 0.007377 -0.049059 -0.010806
v 0.007207 -0.048971 -0.010797
v 0.007207 -0.049059 -0.010816
v 0.007035 -0.048971 -0.010800
v 0.007035 -0.049061 -0.010821
v 0.005518 -0.048954 -0.010812
v 0.005518 -0.049118 -0.010848
v 0.004000 -0.049027 -0.010839
v 0.004000 -0.049117 -0.010859
v 0.001750 -0.049027 -0.010852
v 0.001750 -0.049194 -0.010889
v -0.000500 -0.049085 -0.010869
v -0.000500 -0.049194 -0.010891
v -0.000500 -0.049320 -0.010917
v -0.000500 -0.049362 -0.010924
v -0.002750 -0.049532 -0.010947
v -0.000500 -0.049556 -0.010955
v -0.000500 -0.049702 -0.010972
v -0.000500 -0.049795 -0.010982
v 0.001750 -0.049702 -0.010968
v 0.001750 -0.049872 -0.010984
v 0.004000 -0.049780 -0.010957
v 0.004000 -0.049812 -0.010960
v 0.005518 -0.049780 -0.010940
v 0.005518 -0.049864 -0.010945
v 0.007035 -0.049854 -0.010919
v 0.007035 -0.049864 -0.010920
v 0.007207 -0.049854 -0.010914
v 0.007207 -0.049938 -0.010917
v 0.007378 -0.049938 -0.010905
v 0.007378 -0.050022 -0.010908
v 0.007549 -0.050022 -0.010890
v 0.007433 -0.050034 -0.010902
v 0.007470 -0.050034 -0.010899
v 0.007433 -0.051903 -0.010923
v 0.007514 -0.051903 -0.010913
v 0.007501 -0.053750 -0.010929
v 0.007514 -0.053750 -0.010927
v 0.007495 -0.056732 -0.010946
v 0.007590 -0.056732 -0.010932
v 0.007501 -0.059750 -0.010949
v 0.007590 -0.059750 -0.010934
v 0.007590 -0.062768 -0.010932
v 0.007684 -0.062768 -0.010915
v 0.007676 -0.065750 -0.010901
v 0.007684 -0.065750 -0.010900
v 0.007676 -0.067597 -0.010890
v 0.007837 -0.067597 -0.010862
v 0.007718 -0.069466 -0.010866
v 0.007836 -0.069466 -0.010846
v 0.007718 -0.069478 -0.010867
v 0.007887 -0.069478 -0.010838
v 0.007718 -0.069562 -0.010865
v 0.007887 -0.069562 -0.010836
v 0.007718 -0.069646 -0.010862
v 0.007887 -0.069646 -0.010833
v 0.007718 -0.069735 -0.010857
v 0.007887 -0.069735 -0.010829
v 0.007718 -0.069824 -0.010851
v 0.007887 -0.069823 -0.010823
v 0.007718 -0.069912 -0.010844
v 0.007887 -0.069912 -0.010816
v 0.007718 -0.070001 -0.010835
v 0.007887 -0.070000 -0.010808
v 0.007717 -0.070089 -0.010825
v 0.007886 -0.070089 -0.010798
v 0.009875 -0.048795 -0.010000
v 0.009794 -0.048795 -0.010045
v 0.009703 -0.048794 -0.010093
v 0.009612 -0.048794 -0.010139
v 0.009520 -0.048794 -0.010184
v 0.009427 -0.048794 -0.010227
v 0.009333 -0.048794 -0.010269
v 0.009239 -0.048794 -0.010309
v 0.009144 -0.048794 -0.010348
v 0.009049 -0.048793 -0.010385
v 0.008953 -0.048793 -0.010420
v 0.008856 -0.048793 -0.010454
v 0.008759 -0.048793 -0.010486
v 0.008662 -0.048793 -0.010516
v 0.008563 -0.048793 -0.010545
v 0.008465 -0.048793 -0.010572
v 0.008375 -0.048799 -0.010596
v 0.008375 -0.048881 -0.010612
v 0.008221 -0.048799 -0.010632
v 0.008221 -0.048886 -0.010650
v 0.008054 -0.048799 -0.010665
v 0.008054 -0.048886 -0.010683
v 0.007885 -0.048799 -0.010693
v 0.007886 -0.048885 -0.010712
v 0.007716 -0.048798 -0.010717
v 0.007716 -0.048885 -0.010736
v 0.007547 -0.048798 -0.010735
v 0.007547 -0.048885 -0.010755
v 0.007377 -0.048798 -0.010748
v 0.007377 -0.048885 -0.010769
v 0.007207 -0.048798 -0.010757
v 0.007207 -0.048884 -0.010778
v 0.007035 -0.048848 -0.010773
v 0.007035 -0.048884 -0.010781
v 0.005518 -0.048792 -0.010772
v 0.004000 -0.048861 -0.010798
v 0.004000 -0.048936 -0.010819
v 0.001750 -0.048860 -0.010810
v -0.000500 -0.049026 -0.010854
v 0.009875 -0.048706 -0.010000
v 0.009875 -0.048625 -0.010000
v 0.009793 -0.048706 -0.010043
v 0.009703 -0.048705 -0.010090
v 0.009611 -0.048705 -0.010135
v 0.009519 -0.048705 -0.010179
v 0.009426 -0.048705 -0.010221
v 0.009333 -0.048705 -0.010261
v 0.009239 -0.048705 -0.010300
v 0.009144 -0.048705 -0.010338
v 0.009048 -0.048705 -0.010374
v 0.008952 -0.048705 -0.010408
v 0.008856 -0.048705 -0.010440
v 0.008759 -0.048705 -0.010471
v 0.008661 -0.048705 -0.010501
v 0.008563 -0.048705 -0.010529
v 0.008465 -0.048705 -0.010555
v 0.008375 -0.048739 -0.010584
v 0.008375 -0.048793 -0.010595
v 0.009792 -0.048625 -0.010042
v 0.009768 -0.048625 -0.010054
v 0.009746 -0.048625 -0.010065
v 0.009746 -0.048623 -0.010065
v 0.009702 -0.048625 -0.010087
v 0.009700 -0.048621 -0.010088
v 0.009700 -0.048625 -0.010088
v 0.009658 -0.048618 -0.010107
v 0.009654 -0.048625 -0.010110
v 0.009608 -0.048625 -0.010133
v 0.009604 -0.048625 -0.010135
v 0.009561 -0.048625 -0.010154
v 0.009559 -0.048563 -0.010147
v 0.009518 -0.048625 -0.010173
v 0.009513 -0.048560 -0.010167
v 0.009514 -0.048625 -0.010175
v 0.009466 -0.048558 -0.010187
v 0.009467 -0.048625 -0.010195
v 0.009425 -0.048625 -0.010214
v 0.009421 -0.048625 -0.010216
v 0.009368 -0.048625 -0.010239
v 0.009372 -0.048555 -0.010225
v 0.009324 -0.048553 -0.010243
v 0.009368 -0.048455 -0.010208
v 0.009320 -0.048454 -0.010225
v 0.009316 -0.048355 -0.010207
v 0.009225 -0.048451 -0.010260
v 0.009220 -0.048353 -0.010240
v 0.009129 -0.048449 -0.010293
v 0.009124 -0.048351 -0.010271
v 0.009034 -0.048447 -0.010325
v 0.008932 -0.048347 -0.010332
v 0.008938 -0.048445 -0.010355
v 0.008744 -0.048442 -0.010413
v 0.008750 -0.048540 -0.010438
v 0.008550 -0.048441 -0.010468
v 0.008563 -0.048625 -0.010511
v 0.008561 -0.048625 -0.010512
v 0.008464 -0.048625 -0.010537
v 0.008375 -0.048625 -0.010559
v 0.008375 -0.048704 -0.010577
v 0.008299 -0.048625 -0.010575
v 0.008375 -0.048708 -0.010578
v 0.008221 -0.048708 -0.010612
v 0.009793 -0.048625 -0.010042
v 0.009792 -0.048575 -0.010040
v 0.009823 -0.048625 -0.010027
v 0.009838 -0.048578 -0.010018
v 0.009838 -0.048526 -0.010016
v 0.009838 -0.048625 -0.010019
v 0.009874 -0.048582 -0.010000
v -0.009214 -0.072375 -0.010000
v -0.009375 -0.072338 -0.010019
v -0.009375 -0.072291 -0.010042
v -0.009391 -0.072293 -0.010042
v -0.009375 -0.072285 -0.010045
v -0.009396 -0.072247 -0.010064
v -0.009375 -0.072245 -0.010065
v -0.009402 -0.072200 -0.010086
v -0.009375 -0.072199 -0.010087
v -0.009375 -0.072194 -0.010090
v -0.009375 -0.072375 -0.010000
v -0.009375 -0.072360 -0.010009
v -0.009380 -0.072375 -0.010000
v -0.009385 -0.072338 -0.010019
v -0.009436 -0.072341 -0.010016
v -0.009484 -0.072371 -0.009999
v -0.009375 -0.071060 -0.010512
v -0.009550 -0.071059 -0.010468
v -0.009375 -0.070963 -0.010537
v -0.009561 -0.070875 -0.010512
v -0.009563 -0.070875 -0.010511
v -0.009563 -0.070795 -0.010529
v -0.009638 -0.070875 -0.010492
v -0.009661 -0.070795 -0.010501
v -0.009755 -0.070875 -0.010457
v -0.009759 -0.070795 -0.010471
v -0.009758 -0.070875 -0.010456
v -0.009856 -0.070795 -0.010440
v -0.009855 -0.070875 -0.010427
v -0.009884 -0.070875 -0.010418
v -0.009943 -0.070957 -0.010378
v -0.009947 -0.070875 -0.010396
v -0.009951 -0.070875 -0.010395
v -0.009952 -0.070795 -0.010408
v -0.010048 -0.070795 -0.010374
v -0.010049 -0.070707 -0.010385
v -0.010144 -0.070706 -0.010348
v -0.010145 -0.070618 -0.010357
v -0.010240 -0.070618 -0.010318
v -0.010241 -0.070529 -0.010325
v -0.010335 -0.070529 -0.010283
v -0.010336 -0.070351 -0.010295
v -0.010429 -0.070350 -0.010249
v -0.010431 -0.070172 -0.010258
v -0.010523 -0.070172 -0.010208
v -0.010524 -0.069994 -0.010214
v -0.010615 -0.069993 -0.010162
v -0.010616 -0.069815 -0.010165
v -0.010706 -0.069815 -0.010110
v -0.010655 -0.069466 -0.010145
v -0.010702 -0.069466 -0.010116
v -0.010655 -0.067597 -0.010146
v -0.010793 -0.067597 -0.010056
v -0.010715 -0.065750 -0.010107
v -0.010792 -0.065750 -0.010055
v -0.010716 -0.062768 -0.010108
v -0.010875 -0.062768 -0.010000
v -0.009375 -0.071543 -0.010363
v -0.009375 -0.071610 -0.010340
v -0.009375 -0.071637 -0.010330
v -0.009375 -0.071542 -0.010364
v -0.009516 -0.071542 -0.010330
v -0.009410 -0.071637 -0.010322
v -0.009712 -0.071542 -0.010282
v -0.009719 -0.071446 -0.010310
v -0.009907 -0.071542 -0.010232
v -0.009913 -0.071445 -0.010258
v -0.010102 -0.071541 -0.010181
v -0.010108 -0.071443 -0.010204
v -0.010199 -0.071540 -0.010154
v -0.010205 -0.071442 -0.010176
v -0.010297 -0.071539 -0.010128
v -0.010302 -0.071441 -0.010148
v -0.010394 -0.071539 -0.010100
v -0.010398 -0.071440 -0.010119
v -0.010490 -0.071537 -0.010072
v -0.010495 -0.071438 -0.010090
v -0.010587 -0.071536 -0.010043
v -0.010591 -0.071437 -0.010059
v -0.010683 -0.071535 -0.010013
v -0.010687 -0.071435 -0.010028
v -0.010734 -0.071509 -0.010000
v -0.009375 -0.071732 -0.010292
v -0.009299 -0.071827 -0.010263
v -0.009214 -0.071921 -0.010229
v -0.009045 -0.072014 -0.010195
v -0.008876 -0.072106 -0.010155
v -0.008706 -0.072197 -0.010108
v -0.009375 -0.071731 -0.010293
v -0.009401 -0.071732 -0.010288
v -0.009375 -0.071826 -0.010256
v -0.009375 -0.071846 -0.010248
v -0.009375 -0.071919 -0.010216
v -0.009500 -0.071733 -0.010267
v -0.009508 -0.071638 -0.010299
v -0.009599 -0.071733 -0.010245
v -0.009606 -0.071638 -0.010276
v -0.009697 -0.071734 -0.010223
v -0.009705 -0.071638 -0.010253
v -0.009795 -0.071734 -0.010201
v -0.009803 -0.071638 -0.010229
v -0.009894 -0.071735 -0.010178
v -0.009901 -0.071638 -0.010206
v -0.009992 -0.071735 -0.010156
v -0.009998 -0.071638 -0.010181
v -0.010090 -0.071736 -0.010132
v -0.010096 -0.071638 -0.010157
v -0.010194 -0.071638 -0.010132
v -0.010291 -0.071638 -0.010106
v -0.010389 -0.071637 -0.010080
v -0.010486 -0.071636 -0.010053
v -0.010583 -0.071635 -0.010025
v -0.009383 -0.071920 -0.010215
v -0.009392 -0.071826 -0.010253
v 0.008375 -0.048440 -0.010512
v 0.008375 -0.048439 -0.010511
v 0.008299 -0.048438 -0.010528
v 0.008375 -0.048359 -0.010491
v 0.008299 -0.048341 -0.010500
v 0.008215 -0.048340 -0.010515
v 0.008215 -0.048243 -0.010485
v 0.008131 -0.048243 -0.010498
v 0.008131 -0.048146 -0.010465
v 0.008047 -0.048146 -0.010476
v 0.008046 -0.048049 -0.010441
v 0.007962 -0.048049 -0.010451
v 0.007962 -0.047953 -0.010413
v 0.007877 -0.047953 -0.010421
v 0.007877 -0.047858 -0.010380
v 0.007792 -0.047857 -0.010387
v 0.007877 -0.047764 -0.010339
v 0.007707 -0.047762 -0.010350
v 0.007707 -0.047669 -0.010305
v 0.007537 -0.047668 -0.010312
v 0.007537 -0.047575 -0.010265
v 0.007367 -0.047574 -0.010269
v 0.007367 -0.047482 -0.010219
v 0.007197 -0.047481 -0.010222
v 0.007367 -0.047391 -0.010167
v 0.007035 -0.047414 -0.010183
v 0.007035 -0.047390 -0.010169
v 0.005518 -0.047413 -0.010186
v 0.007035 -0.047299 -0.010114
v 0.005518 -0.047271 -0.010098
v 0.007035 -0.047272 -0.010096
v 0.007035 -0.047213 -0.010058
v 0.007366 -0.047213 -0.010057
v 0.007366 -0.047125 -0.010000
v 0.007536 -0.047125 -0.010000
v 0.008375 -0.048537 -0.010537
v 0.008375 -0.047958 -0.010364
v 0.008516 -0.047958 -0.010330
v 0.008524 -0.048054 -0.010360
v 0.008712 -0.047958 -0.010282
v 0.008719 -0.048054 -0.010310
v 0.008907 -0.047958 -0.010232
v 0.008913 -0.048055 -0.010258
v 0.009102 -0.047959 -0.010181
v 0.009108 -0.048057 -0.010204
v 0.009199 -0.047960 -0.010154
v 0.009205 -0.048058 -0.010176
v 0.009297 -0.047961 -0.010128
v 0.009302 -0.048059 -0.010148
v 0.009393 -0.047961 -0.010100
v 0.009398 -0.048060 -0.010119
v 0.009490 -0.047963 -0.010072
v 0.009495 -0.048062 -0.010090
v 0.009587 -0.047964 -0.010043
v 0.009591 -0.048063 -0.010059
v 0.009683 -0.047965 -0.010013
v 0.009687 -0.048065 -0.010028
v 0.009734 -0.047991 -0.010000
v 0.008375 -0.047957 -0.010363
v 0.008299 -0.047956 -0.010374
v 0.008410 -0.047863 -0.010322
v 0.008375 -0.047890 -0.010340
v 0.008375 -0.047863 -0.010330
v 0.008299 -0.047861 -0.010339
v 0.009036 -0.047279 -0.010000
v 0.009041 -0.047281 -0.010000
v 0.008957 -0.047283 -0.010014
v 0.008964 -0.047379 -0.010044
v 0.008864 -0.047381 -0.010061
v 0.008872 -0.047477 -0.010092
v 0.008773 -0.047478 -0.010110
v 0.008780 -0.047574 -0.010141
v 0.008681 -0.047575 -0.010160
v 0.008689 -0.047670 -0.010192
v 0.008590 -0.047671 -0.010213
v 0.008599 -0.047767 -0.010245
v 0.008500 -0.047767 -0.010267
v 0.008508 -0.047862 -0.010299
v 0.009064 -0.047377 -0.010026
v 0.009140 -0.047335 -0.010000
v 0.009163 -0.047376 -0.010008
v 0.009071 -0.047474 -0.010054
v 0.009170 -0.047473 -0.010034
v 0.009077 -0.047570 -0.010081
v 0.009176 -0.047570 -0.010060
v 0.009084 -0.047667 -0.010107
v 0.009182 -0.047667 -0.010085
v 0.009090 -0.047764 -0.010132
v 0.009286 -0.047764 -0.010084
v 0.009194 -0.047862 -0.010132
v 0.009291 -0.047862 -0.010106
v 0.009190 -0.047366 -0.010000
v 0.008856 -0.047286 -0.010029
v 0.008953 -0.047241 -0.010000
v 0.008816 -0.047192 -0.010000
v 0.008798 -0.047192 -0.010002
v 0.008806 -0.047287 -0.010036
v 0.008756 -0.047288 -0.010043
v 0.008764 -0.047383 -0.010077
v 0.008714 -0.047384 -0.010085
v 0.008673 -0.047480 -0.010127
v 0.008623 -0.047481 -0.010135
v 0.008582 -0.047577 -0.010179
v 0.008573 -0.047482 -0.010144
v 0.008532 -0.047577 -0.010188
v 0.008523 -0.047483 -0.010152
v 0.008482 -0.047578 -0.010197
v 0.008473 -0.047484 -0.010160
v 0.008433 -0.047579 -0.010206
v 0.008423 -0.047485 -0.010168
v 0.008375 -0.047512 -0.010186
v 0.008375 -0.047489 -0.010176
v 0.008299 -0.047488 -0.010182
v 0.008375 -0.047487 -0.010175
v 0.008375 -0.047424 -0.010147
v 0.008413 -0.047392 -0.010128
v 0.008463 -0.047391 -0.010121
v 0.008407 -0.047346 -0.010107
v 0.008453 -0.047298 -0.010080
v 0.008402 -0.047300 -0.010086
v 0.008447 -0.047251 -0.010059
v 0.008396 -0.047253 -0.010064
v 0.008442 -0.047205 -0.010038
v 0.008391 -0.047207 -0.010042
v 0.008436 -0.047159 -0.010016
v 0.008385 -0.047162 -0.010019
v 0.008380 -0.047125 -0.010000
v 0.008826 -0.047195 -0.010000
v 0.008841 -0.047199 -0.010000
v 0.008888 -0.047216 -0.010000
v 0.008696 -0.047195 -0.010014
v 0.008747 -0.047194 -0.010008
v 0.008705 -0.047290 -0.010050
v 0.008763 -0.047176 -0.010000
v 0.008640 -0.047149 -0.009999
v 0.008646 -0.047197 -0.010019
v 0.008655 -0.047291 -0.010057
v 0.008664 -0.047385 -0.010092
v 0.008635 -0.047148 -0.009999
v 0.008590 -0.047153 -0.010005
v 0.008595 -0.047199 -0.010024
v 0.008544 -0.047201 -0.010029
v 0.008554 -0.047294 -0.010069
v 0.008498 -0.047250 -0.010054
v 0.008503 -0.047296 -0.010075
v 0.008375 -0.047862 -0.010329
v 0.008375 -0.047769 -0.010293
v 0.008299 -0.047767 -0.010302
v 0.008401 -0.047768 -0.010288
v 0.008375 -0.047768 -0.010292
v 0.008375 -0.047674 -0.010256
v 0.008299 -0.047673 -0.010263
v 0.008375 -0.047654 -0.010248
v 0.008299 -0.047580 -0.010223
v 0.008375 -0.047581 -0.010216
v 0.008215 -0.047766 -0.010310
v 0.008214 -0.047672 -0.010271
v 0.008046 -0.047671 -0.010284
v 0.008045 -0.047578 -0.010240
v 0.007876 -0.047577 -0.010250
v 0.007876 -0.047485 -0.010203
v 0.007706 -0.047484 -0.010210
v 0.007706 -0.047393 -0.010160
v 0.007536 -0.047392 -0.010164
v 0.007536 -0.047302 -0.010111
v 0.007367 -0.047302 -0.010113
v 0.008214 -0.047579 -0.010229
v 0.008045 -0.047486 -0.010195
v 0.007876 -0.047394 -0.010155
v 0.007706 -0.047303 -0.010108
v 0.007536 -0.047213 -0.010056
v 0.008383 -0.047580 -0.010215
v 0.008392 -0.047674 -0.010253
v 0.008375 -0.047580 -0.010216
v 0.008214 -0.047487 -0.010186
v 0.008214 -0.047396 -0.010142
v 0.008045 -0.047395 -0.010149
v 0.008045 -0.047304 -0.010101
v 0.007875 -0.047303 -0.010105
v 0.007875 -0.047214 -0.010053
v 0.007705 -0.047214 -0.010055
v 0.007875 -0.047125 -0.010000
v 0.007705 -0.047125 -0.010000
v 0.008539 -0.047155 -0.010009
v 0.008487 -0.047157 -0.010012
v 0.008493 -0.047203 -0.010034
v 0.008484 -0.047129 -0.009999
v 0.008375 -0.047125 -0.010000
v 0.008214 -0.047125 -0.010000
v 0.008375 -0.047140 -0.010009
v 0.008375 -0.047162 -0.010019
v 0.008375 -0.047209 -0.010042
v 0.008375 -0.047215 -0.010045
v 0.008214 -0.047214 -0.010049
v 0.008375 -0.047255 -0.010065
v 0.008375 -0.047301 -0.010087
v 0.008375 -0.047306 -0.010090
v 0.008375 -0.047347 -0.010110
v 0.008375 -0.047394 -0.010132
v 0.008299 -0.047396 -0.010138
v 0.008375 -0.048052 -0.010396
v 0.008375 -0.048054 -0.010397
v 0.008375 -0.048115 -0.010417
v 0.008299 -0.048051 -0.010408
v 0.008299 -0.048147 -0.010440
v 0.008215 -0.048051 -0.010420
v 0.008215 -0.048147 -0.010453
v 0.008131 -0.048050 -0.010431
v 0.009837 -0.048475 -0.010013
v 0.009791 -0.048524 -0.010038
v 0.009745 -0.048572 -0.010063
v 0.009862 -0.048429 -0.009999
v 0.009837 -0.048424 -0.010010
v 0.009791 -0.048473 -0.010034
v 0.009745 -0.048521 -0.010059
v 0.009699 -0.048570 -0.010084
v 0.009833 -0.048271 -0.010000
v 0.009787 -0.048269 -0.010018
v 0.009789 -0.048371 -0.010027
v 0.009742 -0.048369 -0.010046
v 0.009790 -0.048422 -0.010031
v 0.009744 -0.048470 -0.010055
v 0.009831 -0.048263 -0.010000
v 0.009836 -0.048373 -0.010007
v 0.009839 -0.048300 -0.010000
v 0.009854 -0.048374 -0.010000
v 0.009785 -0.048168 -0.010007
v 0.009740 -0.048268 -0.010036
v 0.009695 -0.048367 -0.010065
v 0.009697 -0.048468 -0.010075
v 0.009650 -0.048466 -0.010095
v 0.009698 -0.048519 -0.010080
v 0.009653 -0.048567 -0.010106
v 0.009778 -0.048095 -0.010000
v 0.009737 -0.048167 -0.010024
v 0.009767 -0.048067 -0.010000
v 0.009798 -0.048150 -0.010000
v 0.009690 -0.048166 -0.010041
v 0.009693 -0.048266 -0.010054
v 0.009645 -0.048265 -0.010071
v 0.009648 -0.048365 -0.010084
v 0.009601 -0.048364 -0.010102
v 0.009604 -0.048464 -0.010115
v 0.009557 -0.048462 -0.010134
v 0.009677 -0.047880 -0.010000
v 0.009706 -0.047933 -0.010000
v 0.009646 -0.047828 -0.010000
v 0.009583 -0.047865 -0.010025
v 0.009604 -0.047765 -0.010000
v 0.009604 -0.047766 -0.010000
v 0.009578 -0.047766 -0.010007
v 0.009486 -0.047864 -0.010053
v 0.009481 -0.047765 -0.010034
v 0.009529 -0.047667 -0.009999
v 0.009476 -0.047667 -0.010013
v 0.009378 -0.047666 -0.010038
v 0.009384 -0.047765 -0.010059
v 0.009280 -0.047667 -0.010062
v 0.009440 -0.047568 -0.009999
v 0.009373 -0.047569 -0.010015
v 0.009275 -0.047569 -0.010038
v 0.009444 -0.047573 -0.009999
v 0.009485 -0.047616 -0.009999
v 0.009357 -0.047491 -0.009999
v 0.009311 -0.047453 -0.010000
v 0.009269 -0.047472 -0.010014
v 0.009239 -0.047399 -0.010000
v 0.009265 -0.047418 -0.010000
v 0.008044 -0.047125 -0.010000
v -0.010036 -0.072221 -0.010000
v -0.010042 -0.072219 -0.010000
v -0.009957 -0.072217 -0.010014
v -0.009964 -0.072121 -0.010044
v -0.009864 -0.072119 -0.010061
v -0.009872 -0.072023 -0.010092
v -0.009773 -0.072022 -0.010110
v -0.009780 -0.071926 -0.010141
v -0.009681 -0.071925 -0.010160
v -0.009689 -0.071830 -0.010192
v -0.009590 -0.071829 -0.010213
v -0.010064 -0.072123 -0.010026
v -0.010140 -0.072165 -0.010000
v -0.010163 -0.072124 -0.010008
v -0.010071 -0.072026 -0.010054
v -0.010170 -0.072027 -0.010034
v -0.010077 -0.071930 -0.010081
v -0.010176 -0.071930 -0.010060
v -0.010084 -0.071833 -0.010107
v -0.010182 -0.071833 -0.010085
v -0.010286 -0.071736 -0.010084
v -0.010190 -0.072134 -0.010000
v -0.009856 -0.072214 -0.010029
v -0.009953 -0.072259 -0.010000
v -0.009816 -0.072308 -0.010000
v -0.009798 -0.072308 -0.010002
v -0.009806 -0.072213 -0.010036
v -0.009756 -0.072212 -0.010043
v -0.009764 -0.072117 -0.010077
v -0.009714 -0.072116 -0.010085
v -0.009673 -0.072020 -0.010127
v -0.009623 -0.072019 -0.010135
v -0.009582 -0.071923 -0.010179
v -0.009573 -0.072018 -0.010144
v -0.009532 -0.071923 -0.010188
v -0.009523 -0.072017 -0.010152
v -0.009482 -0.071922 -0.010197
v -0.009473 -0.072016 -0.010160
v -0.009433 -0.071921 -0.010206
v -0.009826 -0.072305 -0.010000
v -0.009841 -0.072301 -0.010000
v -0.009888 -0.072284 -0.010000
v -0.009696 -0.072305 -0.010014
v -0.009747 -0.072306 -0.010008
v -0.009705 -0.072210 -0.010050
v -0.009763 -0.072324 -0.010000
v -0.009640 -0.072351 -0.009999
v -0.009646 -0.072303 -0.010019
v -0.009655 -0.072209 -0.010057
v -0.009664 -0.072115 -0.010092
v -0.009635 -0.072352 -0.009999
v -0.009590 -0.072347 -0.010005
v -0.009595 -0.072301 -0.010024
v -0.009544 -0.072299 -0.010029
v -0.009554 -0.072206 -0.010069
v -0.009498 -0.072250 -0.010054
v -0.009503 -0.072204 -0.010075
v -0.009453 -0.072202 -0.010080
v -0.009463 -0.072109 -0.010121
v -0.009407 -0.072154 -0.010107
v -0.009539 -0.072345 -0.010009
v -0.009487 -0.072343 -0.010012
v -0.009493 -0.072297 -0.010034
v -0.010793 -0.070875 -0.010042
v -0.010792 -0.070925 -0.010040
v -0.010823 -0.070875 -0.010027
v -0.010838 -0.070922 -0.010018
v -0.010838 -0.070875 -0.010019
v -0.010874 -0.070918 -0.010000
v -0.010875 -0.070875 -0.010000
v -0.010792 -0.070875 -0.010042
v -0.010794 -0.070794 -0.010043
v -0.010768 -0.070875 -0.010054
v -0.010746 -0.070875 -0.010065
v -0.010703 -0.070795 -0.010090
v -0.010702 -0.070875 -0.010087
v -0.010700 -0.070875 -0.010088
v -0.010700 -0.070879 -0.010088
v -0.010658 -0.070882 -0.010107
v -0.010699 -0.070930 -0.010084
v -0.010653 -0.070933 -0.010106
v -0.010698 -0.070981 -0.010080
v -0.010650 -0.071034 -0.010095
v -0.010697 -0.071032 -0.010075
v -0.010695 -0.071133 -0.010065
v -0.010742 -0.071131 -0.010046
v -0.010740 -0.071232 -0.010036
v -0.010787 -0.071231 -0.010018
v -0.010785 -0.071332 -0.010007
v -0.010838 -0.070974 -0.010016
v -0.010837 -0.071025 -0.010013
v -0.010791 -0.070976 -0.010038
v -0.010746 -0.070928 -0.010063
v -0.010746 -0.070877 -0.010065
v -0.010862 -0.071071 -0.009999
v -0.010837 -0.071076 -0.010010
v -0.010791 -0.071027 -0.010034
v -0.010745 -0.070979 -0.010059
v -0.010833 -0.071229 -0.010000
v -0.010789 -0.071129 -0.010027
v -0.010790 -0.071078 -0.010031
v -0.010744 -0.071030 -0.010055
v -0.010831 -0.071237 -0.010000
v -0.010836 -0.071127 -0.010007
v -0.010839 -0.071200 -0.010000
v -0.010854 -0.071126 -0.010000
v -0.010778 -0.071405 -0.010000
v -0.010737 -0.071333 -0.010024
v -0.010767 -0.071433 -0.010000
v -0.010798 -0.071350 -0.010000
v -0.010690 -0.071334 -0.010041
v -0.010693 -0.071234 -0.010054
v -0.010645 -0.071235 -0.010071
v -0.010648 -0.071135 -0.010084
v -0.010601 -0.071136 -0.010102
v -0.010604 -0.071036 -0.010115
v -0.010557 -0.071038 -0.010134
v -0.010559 -0.070937 -0.010147
v -0.010513 -0.070940 -0.010167
v -0.010518 -0.070875 -0.010173
v -0.010514 -0.070875 -0.010175
v -0.010519 -0.070795 -0.010179
v -0.010468 -0.070875 -0.010195
v -0.010426 -0.070795 -0.010221
v -0.010425 -0.070875 -0.010214
v -0.010421 -0.070875 -0.010216
v -0.010419 -0.070943 -0.010206
v -0.010372 -0.070945 -0.010225
v -0.010415 -0.071043 -0.010190
v -0.010368 -0.071045 -0.010208
v -0.010411 -0.071143 -0.010173
v -0.010316 -0.071145 -0.010207
v -0.010407 -0.071242 -0.010156
v -0.010311 -0.071244 -0.010188
v -0.010403 -0.071341 -0.010138
v -0.010306 -0.071343 -0.010168
v -0.010677 -0.071620 -0.010000
v -0.010706 -0.071567 -0.010000
v -0.010646 -0.071672 -0.010000
v -0.010604 -0.071735 -0.010000
v -0.010604 -0.071734 -0.010000
v -0.010578 -0.071734 -0.010007
v -0.010481 -0.071735 -0.010034
v -0.010524 -0.071839 -0.009999
v -0.010529 -0.071833 -0.009999
v -0.010476 -0.071833 -0.010013
v -0.010378 -0.071834 -0.010038
v -0.010384 -0.071735 -0.010059
v -0.010280 -0.071833 -0.010062
v -0.010440 -0.071932 -0.009999
v -0.010373 -0.071931 -0.010015
v -0.010275 -0.071931 -0.010038
v -0.010444 -0.071927 -0.009999
v -0.010485 -0.071884 -0.009999
v -0.010357 -0.072009 -0.009999
v -0.010311 -0.072047 -0.010000
v -0.010269 -0.072028 -0.010014
v -0.010239 -0.072101 -0.010000
v -0.010265 -0.072082 -0.010000
v -0.010875 -0.070794 -0.010000
v -0.010875 -0.070705 -0.010000
v -0.010794 -0.070705 -0.010045
v -0.010703 -0.070706 -0.010093
v -0.010611 -0.070795 -0.010135
v -0.010612 -0.070706 -0.010139
v -0.010520 -0.070706 -0.010184
v -0.010427 -0.070706 -0.010227
v -0.010333 -0.070795 -0.010261
v -0.010333 -0.070706 -0.010269
v -0.010239 -0.070795 -0.010300
v -0.010239 -0.070706 -0.010309
v -0.010144 -0.070795 -0.010338
v 0.007035 -0.047125 -0.010000
v 0.008044 -0.047214 -0.010051
v 0.008214 -0.047305 -0.010096
v 0.005518 -0.047125 -0.010000
v 0.004000 -0.047125 -0.010000
v 0.004000 -0.047160 -0.010023
v 0.004000 -0.047272 -0.010097
v 0.004000 -0.047310 -0.010123
v 0.001750 -0.047295 -0.010115
v 0.004000 -0.047413 -0.010186
v 0.001750 -0.047441 -0.010206
v 0.004000 -0.047442 -0.010203
v 0.004000 -0.047500 -0.010238
v 0.005518 -0.047557 -0.010270
v 0.007035 -0.047480 -0.010223
v 0.007035 -0.047558 -0.010266
v 0.007197 -0.047573 -0.010273
v 0.007367 -0.047666 -0.010318
v 0.007537 -0.047761 -0.010358
v 0.007707 -0.047856 -0.010393
v 0.007792 -0.047952 -0.010428
v 0.007877 -0.048048 -0.010459
v 0.007962 -0.048145 -0.010487
v 0.008047 -0.048242 -0.010510
v 0.008131 -0.048340 -0.010529
v 0.008216 -0.048438 -0.010544
v 0.008299 -0.048536 -0.010554
v -0.000500 -0.047160 -0.010023
v 0.001750 -0.047160 -0.010024
v -0.000500 -0.047296 -0.010114
v -0.000500 -0.047324 -0.010133
v -0.000500 -0.047442 -0.010205
v -0.000500 -0.047529 -0.010258
v -0.002750 -0.047441 -0.010206
v -0.002750 -0.047590 -0.010292
v -0.005000 -0.047500 -0.010238
v -0.005000 -0.047558 -0.010270
v -0.006518 -0.047557 -0.010270
v -0.005000 -0.047591 -0.010289
v -0.006518 -0.047704 -0.010349
v -0.005000 -0.047694 -0.010346
v -0.005000 -0.047742 -0.010370
v -0.002750 -0.047741 -0.010374
v -0.005000 -0.047853 -0.010426
v -0.010875 -0.069466 -0.010000
v -0.010875 -0.067597 -0.010000
v -0.010795 -0.069466 -0.010053
v -0.010793 -0.069466 -0.010055
v -0.010875 -0.069814 -0.010000
v -0.010875 -0.069993 -0.010000
v -0.010875 -0.065750 -0.010000
v -0.010795 -0.069815 -0.010053
v -0.010875 -0.070171 -0.010000
v -0.010795 -0.069993 -0.010052
v -0.010706 -0.069993 -0.010108
v -0.010875 -0.070349 -0.010000
v -0.010875 -0.070527 -0.010000
v -0.010795 -0.070171 -0.010051
v -0.010705 -0.070171 -0.010105
v -0.010614 -0.070172 -0.010157
v -0.010875 -0.070616 -0.010000
v -0.010794 -0.070616 -0.010046
v -0.010703 -0.070617 -0.010095
v -0.010612 -0.070617 -0.010143
v -0.010520 -0.070617 -0.010189
v -0.010427 -0.070617 -0.010233
v -0.010334 -0.070617 -0.010276
v -0.010794 -0.070527 -0.010047
v -0.010704 -0.070528 -0.010097
v -0.010613 -0.070528 -0.010146
v -0.010521 -0.070528 -0.010193
v -0.010428 -0.070528 -0.010239
v -0.010794 -0.070349 -0.010049
v -0.010704 -0.070349 -0.010101
v -0.010614 -0.070350 -0.010152
v -0.010522 -0.070350 -0.010202
v -0.002750 -0.047125 -0.010000
v -0.005000 -0.047125 -0.010000
v -0.006518 -0.047125 -0.010000
v -0.005000 -0.047160 -0.010023
v -0.002750 -0.047160 -0.010024
v -0.005000 -0.047272 -0.010097
v -0.002750 -0.047295 -0.010115
v -0.005000 -0.047310 -0.010123
v -0.005000 -0.047413 -0.010186
v -0.006518 -0.047413 -0.010186
v -0.005000 -0.047442 -0.010203
v -0.010716 -0.056732 -0.010108
v -0.010792 -0.053750 -0.010055
v -0.010715 -0.053750 -0.010107
v -0.010793 -0.051903 -0.010056
v -0.010655 -0.051903 -0.010146
v -0.010702 -0.050034 -0.010116
v -0.010655 -0.050034 -0.010145
v -0.010706 -0.049685 -0.010110
v -0.010616 -0.049685 -0.010165
v -0.010615 -0.049507 -0.010162
v -0.010524 -0.049506 -0.010214
v -0.010523 -0.049328 -0.010208
v -0.010431 -0.049328 -0.010258
v -0.010429 -0.049150 -0.010249
v -0.010336 -0.049149 -0.010295
v -0.010335 -0.048971 -0.010283
v -0.010241 -0.048971 -0.010325
v -0.010240 -0.048882 -0.010318
v -0.010145 -0.048882 -0.010357
v -0.010144 -0.048794 -0.010348
v -0.010049 -0.048793 -0.010385
v -0.010048 -0.048705 -0.010374
v -0.009952 -0.048705 -0.010408
v -0.009951 -0.048625 -0.010395
v -0.009947 -0.048625 -0.010396
v -0.009943 -0.048543 -0.010378
v -0.009887 -0.048625 -0.010417
v -0.009855 -0.048625 -0.010427
v -0.009856 -0.048705 -0.010440
v -0.009758 -0.048625 -0.010456
v -0.009759 -0.048705 -0.010471
v -0.009755 -0.048625 -0.010457
v -0.009661 -0.048705 -0.010501
v -0.009646 -0.048625 -0.010490
v -0.009563 -0.048705 -0.010529
v -0.009563 -0.048625 -0.010511
v -0.009561 -0.048625 -0.010511
v -0.009550 -0.048441 -0.010468
v -0.009375 -0.048536 -0.010537
v -0.009375 -0.048440 -0.010512
v -0.009299 -0.048438 -0.010528
v -0.009375 -0.048439 -0.010512
v -0.009375 -0.048362 -0.010492
v -0.009537 -0.048247 -0.010416
v -0.009744 -0.048442 -0.010413
v -0.009732 -0.048248 -0.010363
v -0.009932 -0.048347 -0.010332
v -0.009926 -0.048250 -0.010308
v -0.010119 -0.048253 -0.010249
v -0.010113 -0.048155 -0.010227
v -0.010210 -0.048156 -0.010198
v -0.010205 -0.048058 -0.010176
v -0.010301 -0.048059 -0.010148
v -0.010297 -0.047961 -0.010128
v -0.010394 -0.047961 -0.010100
v -0.010389 -0.047863 -0.010080
v -0.010486 -0.047864 -0.010053
v -0.010481 -0.047765 -0.010034
v -0.010578 -0.047766 -0.010007
v -0.010595 -0.047753 -0.010000
v -0.010875 -0.053750 -0.010000
v -0.010875 -0.051903 -0.010000
v -0.010795 -0.050034 -0.010053
v -0.010793 -0.050034 -0.010055
v -0.010795 -0.049685 -0.010053
v -0.010706 -0.049507 -0.010108
v -0.010614 -0.049328 -0.010157
v -0.010522 -0.049150 -0.010202
v -0.010428 -0.048972 -0.010239
v -0.010334 -0.048883 -0.010276
v -0.010239 -0.048794 -0.010309
v -0.010144 -0.048705 -0.010338
v -0.010112 -0.048625 -0.010340
v -0.010047 -0.048625 -0.010362
v -0.010039 -0.048545 -0.010347
v -0.010043 -0.048625 -0.010363
v -0.008035 -0.047125 -0.010000
v -0.008035 -0.047213 -0.010058
v -0.006518 -0.047271 -0.010098
v -0.008035 -0.047272 -0.010096
v -0.008035 -0.047299 -0.010114
v -0.008367 -0.047302 -0.010113
v -0.008035 -0.047390 -0.010169
v -0.008367 -0.047391 -0.010167
v -0.008035 -0.047414 -0.010183
v -0.008035 -0.047478 -0.010222
v -0.008035 -0.047480 -0.010223
v -0.008035 -0.047558 -0.010266
v -0.008035 -0.047660 -0.010322
v -0.008197 -0.047573 -0.010273
v -0.008197 -0.047665 -0.010322
v -0.008367 -0.047666 -0.010318
v -0.008368 -0.047760 -0.010365
v -0.008537 -0.047761 -0.010358
v -0.008366 -0.047125 -0.010000
v -0.008536 -0.047125 -0.010000
v -0.010875 -0.050034 -0.010000
v -0.010875 -0.049686 -0.010000
v -0.010875 -0.049507 -0.010000
v -0.010795 -0.049507 -0.010052
v -0.010875 -0.049329 -0.010000
v -0.010795 -0.049329 -0.010051
v -0.010875 -0.049151 -0.010000
v -0.010794 -0.049151 -0.010049
v -0.010875 -0.048973 -0.010000
v -0.010794 -0.048973 -0.010047
v -0.010794 -0.048884 -0.010046
v -0.010703 -0.048883 -0.010095
v -0.010703 -0.048794 -0.010093
v -0.010612 -0.048794 -0.010139
v -0.010611 -0.048705 -0.010135
v -0.010519 -0.048705 -0.010179
v -0.010577 -0.048625 -0.010147
v -0.010518 -0.048625 -0.010173
v -0.010559 -0.048563 -0.010147
v -0.010513 -0.048560 -0.010167
v -0.010557 -0.048462 -0.010134
v -0.010509 -0.048460 -0.010153
v -0.010553 -0.048362 -0.010120
v -0.010506 -0.048360 -0.010138
v -0.010550 -0.048262 -0.010106
v -0.010502 -0.048261 -0.010123
v -0.010499 -0.048161 -0.010107
v -0.010407 -0.048258 -0.010156
v -0.010403 -0.048159 -0.010138
v -0.010311 -0.048256 -0.010188
v -0.010306 -0.048157 -0.010168
v -0.010215 -0.048254 -0.010219
v -0.010875 -0.048884 -0.010000
v -0.010794 -0.048795 -0.010045
v -0.010703 -0.048705 -0.010090
v -0.010653 -0.048625 -0.010110
v -0.010610 -0.048625 -0.010131
v -0.010658 -0.048618 -0.010107
v -0.010653 -0.048567 -0.010106
v -0.010699 -0.048570 -0.010084
v -0.010698 -0.048519 -0.010080
v -0.010745 -0.048521 -0.010059
v -0.010744 -0.048470 -0.010055
v -0.010791 -0.048473 -0.010034
v -0.010790 -0.048422 -0.010031
v -0.010837 -0.048424 -0.010010
v -0.010836 -0.048373 -0.010007
v -0.010859 -0.048410 -0.009999
v -0.010875 -0.048795 -0.010000
v -0.010793 -0.048706 -0.010043
v -0.010746 -0.048625 -0.010065
v -0.010702 -0.048625 -0.010086
v -0.010746 -0.048623 -0.010065
v -0.010700 -0.048621 -0.010087
v -0.010746 -0.048572 -0.010063
v -0.010875 -0.048706 -0.010000
v -0.010838 -0.048625 -0.010019
v -0.010813 -0.048625 -0.010032
v -0.010838 -0.048578 -0.010018
v -0.010792 -0.048575 -0.010040
v -0.010838 -0.048526 -0.010016
v -0.010791 -0.048524 -0.010038
v -0.010837 -0.048475 -0.010013
v -0.010875 -0.048625 -0.010000
v -0.010874 -0.048582 -0.010000
v -0.010874 -0.048580 -0.010000
v -0.008705 -0.047125 -0.010000
v -0.008536 -0.047213 -0.010056
v -0.008366 -0.047213 -0.010057
v -0.008536 -0.047302 -0.010111
v -0.008536 -0.047392 -0.010164
v -0.008537 -0.047483 -0.010215
v -0.008367 -0.047482 -0.010219
v -0.008537 -0.047575 -0.010265
v -0.008367 -0.047574 -0.010269
v -0.008537 -0.047668 -0.010312
v -0.008705 -0.047214 -0.010055
v -0.008706 -0.047303 -0.010108
v -0.008706 -0.047393 -0.010160
v -0.008706 -0.047484 -0.010210
v -0.008707 -0.047576 -0.010258
v -0.008707 -0.047669 -0.010305
v -0.008707 -0.047762 -0.010350
v -0.009214 -0.047125 -0.010000
v -0.009214 -0.047214 -0.010049
v -0.009375 -0.047162 -0.010019
v -0.009375 -0.047175 -0.010026
v -0.009385 -0.047162 -0.010019
v -0.009391 -0.047207 -0.010042
v -0.009436 -0.047159 -0.010016
v -0.009442 -0.047205 -0.010038
v -0.009487 -0.047157 -0.010012
v -0.009493 -0.047203 -0.010034
v -0.009539 -0.047155 -0.010009
v -0.009544 -0.047201 -0.010029
v -0.009590 -0.047153 -0.010005
v -0.009595 -0.047199 -0.010024
v -0.009646 -0.047197 -0.010019
v -0.009671 -0.047154 -0.010000
v -0.009696 -0.047195 -0.010014
v -0.009435 -0.047126 -0.010000
v -0.009440 -0.047127 -0.010000
v -0.009375 -0.047958 -0.010363
v -0.009516 -0.047958 -0.010330
v -0.009524 -0.048054 -0.010360
v -0.009712 -0.047958 -0.010282
v -0.009719 -0.048054 -0.010310
v -0.009907 -0.047958 -0.010232
v -0.009913 -0.048055 -0.010258
v -0.010102 -0.047959 -0.010181
v -0.010108 -0.048057 -0.010204
v -0.010199 -0.047960 -0.010154
v -0.009375 -0.047957 -0.010363
v -0.009375 -0.047581 -0.010216
v -0.009299 -0.047580 -0.010223
v -0.009375 -0.047580 -0.010216
v -0.010792 -0.048625 -0.010043
v -0.010768 -0.048625 -0.010054
v -0.010793 -0.048625 -0.010042
v -0.010057 -0.047290 -0.010000
v -0.010064 -0.047377 -0.010026
v -0.009964 -0.047379 -0.010044
v -0.009972 -0.047475 -0.010073
v -0.009872 -0.047477 -0.010092
v -0.009880 -0.047572 -0.010122
v -0.009780 -0.047574 -0.010141
v -0.009788 -0.047669 -0.010171
v -0.009689 -0.047670 -0.010192
v -0.009697 -0.047766 -0.010223
v -0.009599 -0.047767 -0.010245
v -0.009606 -0.047862 -0.010276
v -0.009508 -0.047862 -0.010299
v -0.009957 -0.047283 -0.010014
v -0.010009 -0.047266 -0.010000
v -0.009983 -0.047254 -0.010000
v -0.010163 -0.047376 -0.010008
v -0.010071 -0.047474 -0.010054
v -0.009979 -0.047571 -0.010102
v -0.009887 -0.047669 -0.010150
v -0.009795 -0.047765 -0.010201
v -0.009705 -0.047862 -0.010253
v -0.010125 -0.047326 -0.010000
v -0.009856 -0.047286 -0.010029
v -0.009864 -0.047381 -0.010061
v -0.009806 -0.047287 -0.010036
v -0.009764 -0.047383 -0.010077
v -0.009756 -0.047288 -0.010043
v -0.009714 -0.047384 -0.010085
v -0.009705 -0.047290 -0.010050
v -0.009664 -0.047385 -0.010092
v -0.009655 -0.047291 -0.010057
v -0.009614 -0.047387 -0.010100
v -0.009604 -0.047293 -0.010063
v -0.009564 -0.047388 -0.010107
v -0.009554 -0.047294 -0.010069
v -0.009513 -0.047389 -0.010114
v -0.009503 -0.047296 -0.010075
v -0.009463 -0.047391 -0.010121
v -0.009453 -0.047298 -0.010080
v -0.009407 -0.047346 -0.010107
v -0.009402 -0.047300 -0.010086
v -0.009375 -0.047306 -0.010090
v -0.009375 -0.047301 -0.010088
v -0.009299 -0.047305 -0.010094
v -0.009375 -0.047255 -0.010065
v -0.009375 -0.047215 -0.010046
v -0.009375 -0.047208 -0.010042
v -0.009871 -0.047209 -0.010000
v -0.009826 -0.047195 -0.010000
v -0.009816 -0.047192 -0.010000
v -0.009797 -0.047186 -0.010000
v -0.009798 -0.047192 -0.010002
v -0.009747 -0.047194 -0.010008
v -0.009745 -0.047172 -0.010000
v -0.009613 -0.047144 -0.009999
v -0.010861 -0.048425 -0.009999
v -0.010838 -0.048294 -0.010000
v -0.010789 -0.048371 -0.010027
v -0.010742 -0.048369 -0.010046
v -0.010697 -0.048468 -0.010075
v -0.010650 -0.048466 -0.010095
v -0.010606 -0.048565 -0.010126
v -0.010607 -0.048625 -0.010132
v -0.010787 -0.048269 -0.010018
v -0.010831 -0.048263 -0.010000
v -0.010824 -0.048237 -0.010000
v -0.010785 -0.048168 -0.010007
v -0.010740 -0.048268 -0.010036
v -0.010737 -0.048167 -0.010024
v -0.010693 -0.048266 -0.010054
v -0.010690 -0.048165 -0.010041
v -0.010645 -0.048265 -0.010071
v -0.010594 -0.048163 -0.010074
v -0.010598 -0.048263 -0.010089
v -0.010804 -0.048169 -0.010000
v -0.010783 -0.048110 -0.010000
v -0.010778 -0.048095 -0.010000
v -0.010687 -0.048065 -0.010028
v -0.010705 -0.047932 -0.010000
v -0.010683 -0.047965 -0.010013
v -0.010587 -0.047964 -0.010043
v -0.010591 -0.048063 -0.010059
v -0.010495 -0.048062 -0.010090
v -0.010674 -0.047875 -0.010000
v -0.010668 -0.047866 -0.010000
v -0.010732 -0.047986 -0.010000
v -0.010583 -0.047865 -0.010025
v -0.010629 -0.047802 -0.010000
v -0.010604 -0.047765 -0.010000
v -0.010560 -0.047706 -0.010000
v -0.010476 -0.047667 -0.010013
v -0.010523 -0.047660 -0.009999
v -0.010473 -0.047603 -0.009999
v -0.010378 -0.047666 -0.010038
v -0.010384 -0.047765 -0.010059
v -0.010286 -0.047764 -0.010084
v -0.010291 -0.047862 -0.010106
v -0.010194 -0.047862 -0.010132
v -0.010096 -0.047862 -0.010157
v -0.009998 -0.047862 -0.010181
v -0.009901 -0.047862 -0.010206
v -0.009803 -0.047862 -0.010229
v -0.009894 -0.047765 -0.010178
v -0.010444 -0.047573 -0.009999
v -0.010373 -0.047569 -0.010015
v -0.010339 -0.047476 -0.010000
v -0.010333 -0.047471 -0.010000
v -0.010275 -0.047569 -0.010038
v -0.010269 -0.047472 -0.010014
v -0.010176 -0.047570 -0.010060
v -0.010170 -0.047473 -0.010034
v -0.010077 -0.047570 -0.010081
v -0.010286 -0.047434 -0.010000
v -0.010280 -0.047667 -0.010062
v -0.010265 -0.047418 -0.010000
v -0.010204 -0.047375 -0.010000
v 0.008998 -0.071638 -0.010181
v 0.008500 -0.071733 -0.010267
v 0.008590 -0.071829 -0.010213
v 0.008681 -0.071925 -0.010160
v 0.008773 -0.072022 -0.010110
v 0.008673 -0.072020 -0.010127
v 0.008623 -0.072019 -0.010135
v 0.008582 -0.071923 -0.010179
v 0.008573 -0.072018 -0.010144
v 0.008532 -0.071923 -0.010188
v 0.008523 -0.072017 -0.010152
v 0.008482 -0.071922 -0.010197
v 0.008442 -0.071827 -0.010243
v 0.008491 -0.071828 -0.010233
v 0.008396 -0.072247 -0.010064
v 0.008447 -0.072249 -0.010059
v 0.008498 -0.072250 -0.010054
v 0.008299 -0.072012 -0.010182
v 0.008299 -0.072104 -0.010138
v 0.008375 -0.072013 -0.010175
v 0.008375 -0.072106 -0.010134
v 0.008413 -0.072108 -0.010128
v 0.008375 -0.072011 -0.010176
v 0.008375 -0.072153 -0.010111
v 0.008926 -0.071250 -0.010308
v 0.009113 -0.071345 -0.010227
v 0.009119 -0.071247 -0.010249
v 0.009210 -0.071344 -0.010198
v 0.009215 -0.071246 -0.010219
v 0.009306 -0.071343 -0.010168
v 0.009311 -0.071244 -0.010188
v 0.009403 -0.071341 -0.010138
v 0.009407 -0.071242 -0.010156
v 0.009499 -0.071339 -0.010107
v 0.009502 -0.071239 -0.010123
v 0.009550 -0.071238 -0.010106
v 0.009506 -0.071140 -0.010138
v 0.009553 -0.071138 -0.010120
v 0.009459 -0.071141 -0.010156
v 0.009411 -0.071143 -0.010173
v 0.009316 -0.071145 -0.010207
v 0.009220 -0.071147 -0.010240
v 0.009124 -0.071149 -0.010271
v 0.008932 -0.071153 -0.010332
v 0.008732 -0.071252 -0.010363
v 0.009494 -0.071438 -0.010090
v 0.009398 -0.071440 -0.010119
v 0.009302 -0.071441 -0.010148
v 0.009205 -0.071442 -0.010176
v 0.008563 -0.070875 -0.010511
v 0.008561 -0.070875 -0.010511
v 0.008563 -0.070795 -0.010529
v 0.008464 -0.070875 -0.010536
v 0.008465 -0.070795 -0.010555
v 0.008375 -0.070875 -0.010559
v 0.008375 -0.070796 -0.010577
v 0.008299 -0.070875 -0.010575
v 0.008221 -0.070792 -0.010612
v 0.008221 -0.070875 -0.010591
v 0.008216 -0.070875 -0.010593
v 0.008216 -0.070964 -0.010571
v 0.008132 -0.070964 -0.010586
v 0.008132 -0.071062 -0.010559
v 0.008047 -0.071063 -0.010572
v 0.008047 -0.071160 -0.010542
v 0.007963 -0.071161 -0.010554
v 0.008646 -0.070875 -0.010490
v 0.008299 -0.070964 -0.010554
v 0.008375 -0.070964 -0.010537
v 0.008375 -0.071060 -0.010512
v 0.008375 -0.071061 -0.010512
v 0.008299 -0.071062 -0.010528
v 0.008215 -0.071160 -0.010515
v 0.008375 -0.071385 -0.010418
v 0.008375 -0.071446 -0.010397
v 0.009699 -0.070875 -0.010087
v 0.009598 -0.071237 -0.010089
v 0.009601 -0.071136 -0.010102
v 0.009607 -0.070875 -0.010132
v 0.009577 -0.070875 -0.010147
v 0.009518 -0.070875 -0.010173
v 0.009514 -0.070875 -0.010175
v 0.009421 -0.070875 -0.010216
v 0.009616 -0.069815 -0.010165
v 0.009525 -0.069815 -0.010218
v 0.009524 -0.069994 -0.010214
v 0.009432 -0.069994 -0.010265
v 0.009431 -0.070172 -0.010258
v 0.009337 -0.070172 -0.010305
v 0.009336 -0.070351 -0.010295
v 0.009242 -0.070351 -0.010339
v 0.009241 -0.070529 -0.010325
v 0.009146 -0.070529 -0.010366
v 0.009145 -0.070618 -0.010357
v 0.009050 -0.070618 -0.010395
v 0.009049 -0.070707 -0.010385
v 0.008953 -0.070707 -0.010420
v 0.008856 -0.070795 -0.010440
v 0.009615 -0.069993 -0.010162
v 0.009523 -0.070172 -0.010208
v 0.009429 -0.070350 -0.010249
v 0.009335 -0.070529 -0.010283
v 0.009240 -0.070618 -0.010318
v 0.009144 -0.070706 -0.010348
v 0.007035 -0.071653 -0.010415
v 0.007035 -0.071649 -0.010418
v -0.002750 -0.071605 -0.010451
v -0.000500 -0.071605 -0.010451
v 0.001750 -0.071759 -0.010374
v 0.004000 -0.071647 -0.010426
v 0.004000 -0.071758 -0.010370
v 0.007197 -0.071927 -0.010273
v 0.007878 -0.071161 -0.010565
v 0.007794 -0.071162 -0.010575
v 0.007709 -0.071162 -0.010583
v 0.007539 -0.071163 -0.010598
v 0.007369 -0.071163 -0.010609
v 0.007198 -0.071164 -0.010616
v 0.007035 -0.071184 -0.010610
v 0.007035 -0.071164 -0.010617
v 0.007035 -0.071074 -0.010650
v 0.005518 -0.071028 -0.010675
v 0.007035 -0.071027 -0.010665
v 0.007035 -0.070966 -0.010684
v 0.007198 -0.070966 -0.010682
v 0.007145 -0.070875 -0.010711
v 0.007198 -0.070875 -0.010709
v 0.007206 -0.070793 -0.010733
v 0.007206 -0.070875 -0.010709
v 0.007377 -0.070793 -0.010725
v 0.007390 -0.070875 -0.010702
v 0.007547 -0.070793 -0.010712
v 0.007539 -0.070875 -0.010690
v 0.007546 -0.070875 -0.010689
v 0.007539 -0.070965 -0.010664
v 0.007636 -0.070875 -0.010682
v 0.007709 -0.070965 -0.010647
v 0.007709 -0.070875 -0.010673
v 0.007716 -0.070875 -0.010672
v 0.007716 -0.070793 -0.010695
v 0.007794 -0.070875 -0.010663
v 0.007885 -0.070793 -0.010672
v 0.007879 -0.070875 -0.010652
v 0.007963 -0.070875 -0.010638
v 0.007879 -0.070965 -0.010626
v 0.007963 -0.070964 -0.010614
v 0.007879 -0.071063 -0.010596
v 0.007963 -0.071063 -0.010585
v 0.007198 -0.071065 -0.010650
v 0.007369 -0.071065 -0.010643
v 0.007539 -0.071064 -0.010632
v 0.007709 -0.071064 -0.010616
v 0.007794 -0.071063 -0.010607
v 0.007369 -0.070965 -0.010675
v 0.007794 -0.070965 -0.010637
v 0.008131 -0.071160 -0.010529
v 0.008216 -0.071062 -0.010544
v 0.008048 -0.070875 -0.010624
v 0.008054 -0.070792 -0.010644
v 0.008053 -0.070875 -0.010623
v 0.008122 -0.070875 -0.010612
v 0.008048 -0.070964 -0.010601
v 0.008054 -0.070352 -0.010731
v 0.008222 -0.070352 -0.010695
v 0.008054 -0.070440 -0.010716
v 0.008054 -0.070527 -0.010700
v 0.008222 -0.070527 -0.010666
v 0.008054 -0.070614 -0.010683
v 0.008221 -0.070614 -0.010650
v 0.008054 -0.070701 -0.010665
v 0.008221 -0.070701 -0.010632
v 0.007886 -0.070615 -0.010712
v 0.007885 -0.070701 -0.010693
v 0.007716 -0.070702 -0.010717
v 0.004000 -0.071806 -0.010346
v 0.004000 -0.071909 -0.010289
v 0.001750 -0.071910 -0.010292
v 0.004000 -0.071942 -0.010270
v 0.004000 -0.072000 -0.010238
v -0.009055 -0.069912 -0.010783
v -0.008887 -0.070000 -0.010808
v -0.008717 -0.070089 -0.010825
v -0.008548 -0.070178 -0.010835
v -0.008377 -0.070266 -0.010837
v -0.008207 -0.070354 -0.010832
v -0.008035 -0.070381 -0.010831
v -0.008035 -0.070439 -0.010821
v -0.006518 -0.070382 -0.010848
v -0.005000 -0.070473 -0.010839
v -0.005000 -0.070564 -0.010819
v -0.002750 -0.070473 -0.010852
v -0.002750 -0.070640 -0.010810
v -0.000500 -0.070474 -0.010854
v -0.000500 -0.070648 -0.010811
v 0.001750 -0.070640 -0.010810
v 0.001750 -0.070805 -0.010763
v 0.004000 -0.070708 -0.010780
v 0.004000 -0.070778 -0.010761
v 0.005518 -0.070708 -0.010772
v 0.005518 -0.070869 -0.010726
v 0.007035 -0.070793 -0.010735
v 0.007035 -0.070875 -0.010712
v 0.004000 -0.070990 -0.010695
v 0.004000 -0.071028 -0.010681
v 0.001750 -0.070968 -0.010711
v 0.007035 -0.070707 -0.010758
v 0.007207 -0.070702 -0.010757
v 0.007035 -0.070702 -0.010759
v 0.007035 -0.070653 -0.010773
v 0.007035 -0.070616 -0.010781
v 0.005518 -0.070546 -0.010812
v 0.007035 -0.070545 -0.010797
v 0.007035 -0.070529 -0.010800
v 0.007207 -0.070529 -0.010797
v 0.007207 -0.070441 -0.010816
v 0.007377 -0.070441 -0.010806
v 0.007377 -0.070354 -0.010822
v 0.007547 -0.070353 -0.010807
v 0.007886 -0.070440 -0.010746
v 0.007886 -0.070528 -0.010730
v 0.007717 -0.070528 -0.010754
v 0.007716 -0.070615 -0.010736
v 0.007547 -0.070615 -0.010755
v 0.007547 -0.070702 -0.010735
v 0.007377 -0.070702 -0.010748
v 0.007886 -0.070353 -0.010761
v 0.007717 -0.070441 -0.010771
v 0.007547 -0.070528 -0.010774
v 0.007377 -0.070615 -0.010769
v 0.007207 -0.070616 -0.010778
v 0.007377 -0.070528 -0.010788
v 0.007547 -0.070441 -0.010791
v 0.007717 -0.070353 -0.010787
v 0.007207 -0.070354 -0.010832
v 0.007035 -0.070381 -0.010831
v 0.007035 -0.070439 -0.010821
v 0.005518 -0.070382 -0.010848
v 0.004000 -0.070473 -0.010839
v 0.004000 -0.070564 -0.010819
v 0.001750 -0.070473 -0.010852
v 0.007548 -0.070089 -0.010847
v 0.007377 -0.070090 -0.010863
v 0.007548 -0.070001 -0.010857
v 0.007378 -0.070001 -0.010874
v 0.007548 -0.069912 -0.010866
v 0.007378 -0.069913 -0.010883
v 0.007548 -0.069824 -0.010874
v 0.007378 -0.069824 -0.010891
v 0.007548 -0.069735 -0.010880
v 0.007378 -0.069735 -0.010897
v 0.007548 -0.069646 -0.010885
v 0.007378 -0.069646 -0.010902
v 0.007549 -0.069562 -0.010888
v 0.007378 -0.069562 -0.010905
v 0.007549 -0.069478 -0.010890
v 0.007378 -0.069478 -0.010908
v 0.007433 -0.069466 -0.010902
v 0.007378 -0.069466 -0.010907
v 0.007433 -0.067597 -0.010923
v 0.007352 -0.067597 -0.010931
v 0.007400 -0.065750 -0.010940
v 0.007352 -0.065750 -0.010946
v 0.007400 -0.062768 -0.010959
v 0.007305 -0.062768 -0.010970
v 0.007400 -0.059750 -0.010963
v 0.007269 -0.059750 -0.010980
v 0.007305 -0.056732 -0.010970
v 0.007209 -0.056732 -0.010980
v 0.007269 -0.053750 -0.010955
v 0.007209 -0.053750 -0.010959
v 0.007270 -0.051903 -0.010938
v 0.007189 -0.051903 -0.010944
v 0.007207 -0.050034 -0.010919
v 0.007189 -0.050034 -0.010920
v 0.007207 -0.050022 -0.010919
v 0.007103 -0.050034 -0.010923
v 0.007035 -0.050022 -0.010926
v 0.007035 -0.050034 -0.010926
v 0.005518 -0.050034 -0.010953
v 0.007035 -0.051892 -0.010952
v 0.005518 -0.053750 -0.011038
v 0.007035 -0.051903 -0.010952
v 0.007035 -0.053750 -0.010972
v 0.007103 -0.053750 -0.010967
v 0.007035 -0.056732 -0.010993
v 0.007113 -0.056732 -0.010988
v 0.007035 -0.056750 -0.010993
v 0.007035 -0.059750 -0.011000
v 0.005518 -0.059750 -0.011091
v 0.007035 -0.062750 -0.010993
v 0.005518 -0.065750 -0.011038
v 0.007035 -0.062768 -0.010993
v 0.007035 -0.065750 -0.010972
v 0.007103 -0.065750 -0.010967
v 0.007035 -0.067597 -0.010952
v 0.007103 -0.067597 -0.010949
v 0.007035 -0.067608 -0.010952
v 0.007103 -0.069466 -0.010923
v 0.007035 -0.069466 -0.010926
v 0.007035 -0.069478 -0.010926
v 0.005518 -0.069466 -0.010953
v 0.005518 -0.069553 -0.010950
v 0.004000 -0.069553 -0.010968
v 0.004000 -0.069628 -0.010964
v 0.004000 -0.069688 -0.010960
v 0.007207 -0.070090 -0.010874
v 0.007207 -0.069735 -0.010909
v 0.007207 -0.069646 -0.010914
v 0.007207 -0.069562 -0.010917
v 0.007207 -0.069478 -0.010919
v 0.007351 -0.069466 -0.010909
v 0.007270 -0.067597 -0.010938
v 0.007304 -0.065750 -0.010951
v 0.007269 -0.065750 -0.010955
v 0.007209 -0.062768 -0.010980
v 0.007209 -0.059750 -0.010985
v 0.007189 -0.053750 -0.010961
v 0.007113 -0.053750 -0.010966
v 0.007103 -0.051903 -0.010949
v 0.007035 -0.070354 -0.010836
v 0.007035 -0.070266 -0.010852
v 0.004000 -0.070306 -0.010875
v 0.004000 -0.070218 -0.010891
v 0.001750 -0.070306 -0.010889
v 0.001750 -0.070138 -0.010920
v -0.000500 -0.070180 -0.010917
v -0.000500 -0.070138 -0.010924
v -0.002750 -0.070138 -0.010920
v -0.002750 -0.069968 -0.010947
v -0.005000 -0.070053 -0.010918
v -0.005000 -0.069968 -0.010930
v -0.006518 -0.070053 -0.010904
v -0.006518 -0.069887 -0.010925
v -0.008035 -0.070006 -0.010890
v -0.008035 -0.069913 -0.010899
v -0.008207 -0.070002 -0.010885
v -0.008207 -0.069913 -0.010894
v -0.008378 -0.069913 -0.010883
v -0.008378 -0.069824 -0.010891
v -0.008548 -0.069824 -0.010874
v -0.008548 -0.069735 -0.010880
v -0.008718 -0.069735 -0.010857
v -0.008718 -0.069646 -0.010862
v -0.008887 -0.069646 -0.010833
v -0.008887 -0.069562 -0.010836
v -0.009055 -0.069562 -0.010802
v -0.009056 -0.069478 -0.010803
v -0.009156 -0.069466 -0.010779
v 0.007035 -0.069736 -0.010914
v 0.007035 -0.069720 -0.010915
v 0.007035 -0.069646 -0.010919
v 0.005518 -0.069637 -0.010945
v 0.007035 -0.069636 -0.010920
v 0.007035 -0.069570 -0.010923
v 0.007035 -0.069553 -0.010924
v 0.007595 -0.069466 -0.010883
v 0.007549 -0.069466 -0.010889
v 0.007595 -0.067597 -0.010902
v 0.007514 -0.067597 -0.010913
v 0.007589 -0.065750 -0.010915
v 0.007514 -0.065750 -0.010927
v 0.007495 -0.062768 -0.010946
v 0.007400 -0.056732 -0.010959
v 0.007400 -0.053750 -0.010940
v 0.007352 -0.053750 -0.010946
v 0.007352 -0.051903 -0.010931
v 0.007304 -0.053750 -0.010951
v 0.007501 -0.065750 -0.010929
v 0.007470 -0.069466 -0.010899
v 0.007514 -0.069466 -0.010893
v 0.007681 -0.069466 -0.010872
v 0.007589 -0.053750 -0.010915
v 0.007595 -0.051903 -0.010902
v 0.007676 -0.053750 -0.010901
v 0.007676 -0.051903 -0.010890
v 0.007684 -0.053750 -0.010900
v 0.007732 -0.053750 -0.010892
v 0.007684 -0.056732 -0.010915
v 0.007778 -0.056732 -0.010898
v 0.007732 -0.059750 -0.010909
v 0.007778 -0.059750 -0.010900
v 0.007778 -0.062768 -0.010898
v 0.007872 -0.062768 -0.010878
v 0.007837 -0.065750 -0.010871
v 0.007872 -0.065750 -0.010864
v 0.007961 -0.065750 -0.010846
v 0.007997 -0.067597 -0.010829
v 0.007997 -0.065750 -0.010837
v 0.008150 -0.065750 -0.010799
v 0.008150 -0.062768 -0.010810
v 0.008156 -0.065750 -0.010798
v 0.008188 -0.065750 -0.010789
v 0.008156 -0.067597 -0.010791
v 0.008314 -0.067597 -0.010748
v 0.008222 -0.069466 -0.010762
v 0.008304 -0.069466 -0.010741
v 0.008222 -0.069478 -0.010763
v 0.008375 -0.069478 -0.010720
v 0.008375 -0.069548 -0.010719
v 0.008467 -0.069548 -0.010692
v 0.008375 -0.069562 -0.010718
v 0.008466 -0.069638 -0.010690
v 0.008375 -0.069638 -0.010717
v 0.008375 -0.069645 -0.010717
v 0.008222 -0.069646 -0.010759
v 0.008375 -0.069728 -0.010715
v 0.008222 -0.069734 -0.010756
v 0.008375 -0.069738 -0.010715
v 0.008222 -0.069823 -0.010751
v 0.008375 -0.069817 -0.010709
v 0.008375 -0.069823 -0.010709
v 0.008466 -0.069907 -0.010677
v 0.008375 -0.069907 -0.010704
v 0.008375 -0.069911 -0.010703
v 0.008222 -0.069911 -0.010745
v 0.008222 -0.070000 -0.010737
v 0.008055 -0.070000 -0.010775
v 0.008055 -0.070088 -0.010766
v 0.008222 -0.070088 -0.010729
v 0.008375 -0.070088 -0.010688
v 0.008375 -0.070175 -0.010679
v 0.008466 -0.070086 -0.010662
v 0.008466 -0.070175 -0.010653
v 0.008565 -0.070085 -0.010630
v 0.008565 -0.070175 -0.010622
v 0.008665 -0.070085 -0.010597
v 0.008664 -0.070174 -0.010588
v 0.008763 -0.070085 -0.010561
v 0.008762 -0.070174 -0.010553
v 0.008860 -0.070174 -0.010516
v 0.008761 -0.070352 -0.010535
v 0.008859 -0.070352 -0.010499
v 0.007890 -0.069466 -0.010837
v 0.007997 -0.069466 -0.010815
v 0.008055 -0.069478 -0.010803
v 0.008055 -0.069562 -0.010802
v 0.008055 -0.069646 -0.010799
v 0.008055 -0.069734 -0.010795
v 0.008055 -0.069823 -0.010790
v 0.008055 -0.069912 -0.010783
v 0.008055 -0.069466 -0.010802
v 0.008098 -0.069466 -0.010793
v 0.008156 -0.069466 -0.010779
v 0.008222 -0.069562 -0.010762
v 0.009055 -0.069995 -0.010449
v 0.008957 -0.070174 -0.010478
v 0.008958 -0.069995 -0.010490
v 0.008861 -0.069995 -0.010530
v 0.008763 -0.069996 -0.010568
v 0.008665 -0.069996 -0.010604
v 0.008566 -0.069996 -0.010638
v 0.008466 -0.069996 -0.010670
v 0.008375 -0.070086 -0.010688
v 0.008375 -0.069996 -0.010698
v 0.008375 -0.070792 -0.010578
v 0.008375 -0.070761 -0.010584
v 0.008375 -0.070707 -0.010595
v 0.008375 -0.070701 -0.010596
v 0.008465 -0.070707 -0.010572
v 0.008465 -0.070619 -0.010589
v 0.008564 -0.070619 -0.010561
v 0.008375 -0.070619 -0.010612
v 0.008375 -0.070614 -0.010613
v 0.008663 -0.070353 -0.010569
v 0.008565 -0.070353 -0.010601
v 0.008375 -0.070176 -0.010679
v 0.008764 -0.069906 -0.010574
v 0.008665 -0.069906 -0.010610
v 0.008566 -0.069907 -0.010645
v 0.007259 -0.069466 -0.010917
v 0.007207 -0.069466 -0.010919
v 0.007189 -0.069466 -0.010920
v 0.007189 -0.067597 -0.010944
v 0.007113 -0.065750 -0.010966
v 0.007113 -0.062768 -0.010988
v 0.007209 -0.065750 -0.010959
v 0.009276 -0.065750 -0.010364
v 0.009227 -0.065750 -0.010388
v 0.009227 -0.067597 -0.010388
v 0.009217 -0.065750 -0.010393
v 0.009080 -0.067597 -0.010460
v 0.009066 -0.065750 -0.010468
v 0.009046 -0.065750 -0.010477
v 0.009046 -0.062768 -0.010481
v 0.008930 -0.065750 -0.010528
v 0.008871 -0.062768 -0.010559
v 0.008852 -0.065750 -0.010562
v 0.008778 -0.065750 -0.010591
v 0.008779 -0.067597 -0.010589
v 0.008694 -0.065750 -0.010624
v 0.008625 -0.067597 -0.010647
v 0.008634 -0.065750 -0.010648
v 0.008515 -0.065750 -0.010688
v 0.008515 -0.062768 -0.010697
v 0.008470 -0.065750 -0.010704
v 0.008413 -0.065750 -0.010723
v 0.008470 -0.067597 -0.010700
v 0.008466 -0.069466 -0.010692
v 0.008375 -0.069466 -0.010720
v 0.009152 -0.069816 -0.010413
v 0.009056 -0.069816 -0.010458
v 0.009153 -0.069637 -0.010419
v 0.009057 -0.069637 -0.010463
v 0.009080 -0.069466 -0.010455
v 0.009058 -0.069466 -0.010465
v 0.008964 -0.069466 -0.010508
v 0.008930 -0.067597 -0.010527
v 0.008930 -0.069466 -0.010522
v 0.008864 -0.069466 -0.010549
v 0.008864 -0.069637 -0.010547
v 0.008771 -0.069466 -0.010587
v 0.008765 -0.069637 -0.010586
v 0.008766 -0.069548 -0.010588
v 0.008667 -0.069548 -0.010624
v 0.008667 -0.069466 -0.010624
v 0.008625 -0.069466 -0.010639
v 0.008574 -0.069466 -0.010658
v 0.008470 -0.069466 -0.010690
v 0.008567 -0.069548 -0.010659
v 0.008567 -0.069638 -0.010657
v 0.008567 -0.069727 -0.010654
v 0.008862 -0.069816 -0.010540
v 0.008764 -0.069817 -0.010579
v 0.008765 -0.069727 -0.010583
v 0.008566 -0.069817 -0.010650
v 0.008563 -0.070707 -0.010545
v 0.004000 -0.056750 -0.011143
v 0.004000 -0.059750 -0.011161
v 0.001764 -0.059750 -0.011227
v 0.004000 -0.062750 -0.011143
v 0.001764 -0.065750 -0.011138
v 0.004000 -0.065750 -0.011089
v 0.004000 -0.067608 -0.011038
v 0.009154 -0.069466 -0.010421
v 0.009227 -0.069466 -0.010385
v 0.009248 -0.069637 -0.010372
v 0.008961 -0.069637 -0.010506
v 0.008960 -0.069816 -0.010500
v 0.009249 -0.069466 -0.010374
v 0.009341 -0.069466 -0.010327
v 0.008766 -0.069466 -0.010588
v 0.001750 -0.065750 -0.011139
v 0.001750 -0.069466 -0.010994
v 0.004000 -0.069466 -0.010973
v -0.002750 -0.069798 -0.010968
v -0.000500 -0.069798 -0.010972
v -0.000500 -0.069944 -0.010955
v 0.001750 -0.069968 -0.010947
v 0.004000 -0.069909 -0.010938
v 0.004000 -0.069968 -0.010930
v -0.008778 -0.065750 -0.010883
v -0.008676 -0.067597 -0.010890
v -0.008718 -0.069466 -0.010866
v -0.008680 -0.069466 -0.010872
v -0.008718 -0.069478 -0.010867
v -0.008595 -0.069466 -0.010883
v -0.008549 -0.069478 -0.010890
v -0.008549 -0.069466 -0.010889
v -0.008514 -0.069466 -0.010893
v -0.008514 -0.067597 -0.010913
v -0.008470 -0.069466 -0.010899
v -0.008433 -0.067597 -0.010923
v -0.008433 -0.069466 -0.010902
v -0.008378 -0.069466 -0.010907
v -0.008378 -0.069478 -0.010908
v -0.008351 -0.069466 -0.010909
v -0.008258 -0.069466 -0.010917
v -0.008270 -0.067597 -0.010938
v -0.008207 -0.069466 -0.010919
v -0.008189 -0.067597 -0.010944
v -0.008189 -0.069466 -0.010920
v -0.008103 -0.069466 -0.010923
v -0.008207 -0.069478 -0.010919
v -0.008035 -0.069478 -0.010926
v -0.008035 -0.069553 -0.010924
v -0.006518 -0.069553 -0.010950
v -0.008035 -0.069568 -0.010923
v -0.006518 -0.069637 -0.010945
v -0.008035 -0.069636 -0.010920
v -0.008035 -0.069646 -0.010919
v -0.008207 -0.069646 -0.010914
v -0.008035 -0.069720 -0.010915
v -0.008207 -0.069735 -0.010909
v -0.008035 -0.069735 -0.010914
v -0.008035 -0.069787 -0.010911
v -0.006518 -0.069720 -0.010940
v -0.005000 -0.069798 -0.010949
v -0.005000 -0.069909 -0.010938
v 0.004000 -0.070053 -0.010918
v 0.004000 -0.070129 -0.010907
v -0.002750 -0.070306 -0.010889
v -0.000500 -0.070306 -0.010891
v -0.000500 -0.070415 -0.010869
v 0.004000 -0.070383 -0.010859
v 0.004000 -0.070347 -0.010867
v 0.004000 -0.070639 -0.010798
v -0.002750 -0.070805 -0.010763
v -0.000500 -0.070805 -0.010764
v -0.000500 -0.070877 -0.010742
v 0.004000 -0.070869 -0.010733
v 0.004000 -0.070804 -0.010753
v 0.004000 -0.071130 -0.010645
v 0.004000 -0.071341 -0.010563
v 0.004000 -0.071405 -0.010537
v 0.004000 -0.071448 -0.010518
v -0.000500 -0.071761 -0.010373
v -0.000500 -0.071909 -0.010292
v -0.000500 -0.071971 -0.010258
v -0.000500 -0.072058 -0.010205
v 0.001750 -0.072059 -0.010206
v 0.004000 -0.072087 -0.010186
v 0.004000 -0.072190 -0.010123
v 0.004000 -0.072058 -0.010203
v 0.007189 -0.065750 -0.010961
v 0.007778 -0.065750 -0.010883
v 0.007732 -0.065750 -0.010892
v 0.008694 -0.062768 -0.010631
v 0.008852 -0.059750 -0.010567
v 0.008694 -0.059750 -0.010630
v 0.008694 -0.056732 -0.010631
v 0.008634 -0.059750 -0.010654
v 0.008515 -0.056732 -0.010697
v 0.008515 -0.059750 -0.010696
v 0.008413 -0.059750 -0.010732
v 0.008334 -0.062768 -0.010757
v 0.008334 -0.065750 -0.010747
v 0.008314 -0.065750 -0.010753
v 0.008188 -0.059750 -0.010801
v 0.008150 -0.059750 -0.010811
v 0.008150 -0.056732 -0.010810
v 0.007965 -0.056732 -0.010857
v 0.007997 -0.053750 -0.010837
v 0.007961 -0.053750 -0.010846
v 0.007997 -0.051903 -0.010829
v 0.007837 -0.051903 -0.010862
v 0.007889 -0.050034 -0.010837
v 0.007836 -0.050034 -0.010846
v 0.007887 -0.050022 -0.010838
v 0.007718 -0.050022 -0.010867
v 0.007718 -0.049938 -0.010865
v 0.007549 -0.049938 -0.010888
v 0.007548 -0.049854 -0.010885
v 0.007378 -0.049854 -0.010902
v 0.007378 -0.049765 -0.010897
v 0.007207 -0.049765 -0.010909
v 0.007207 -0.049676 -0.010902
v 0.007035 -0.049713 -0.010911
v 0.007035 -0.049676 -0.010908
v 0.005518 -0.049613 -0.010925
v 0.007035 -0.049614 -0.010902
v 0.007035 -0.049587 -0.010899
v 0.007207 -0.049587 -0.010894
v 0.007207 -0.049498 -0.010885
v 0.007378 -0.049587 -0.010883
v 0.007378 -0.049499 -0.010874
v 0.007548 -0.049588 -0.010866
v 0.007548 -0.049499 -0.010857
v 0.007718 -0.049588 -0.010844
v 0.007718 -0.049499 -0.010835
v 0.007887 -0.049588 -0.010816
v 0.007887 -0.049500 -0.010808
v 0.008055 -0.049588 -0.010783
v 0.008055 -0.049500 -0.010775
v 0.008222 -0.049589 -0.010745
v 0.008222 -0.049500 -0.010737
v 0.008375 -0.049589 -0.010703
v 0.008375 -0.049505 -0.010698
v 0.008466 -0.049593 -0.010677
v 0.009386 -0.065750 -0.010303
v 0.009372 -0.065750 -0.010311
v 0.007965 -0.062768 -0.010857
v 0.007962 -0.059750 -0.010860
v 0.007872 -0.056732 -0.010878
v 0.007837 -0.053750 -0.010871
v 0.007778 -0.053750 -0.010883
v 0.007718 -0.050034 -0.010866
v 0.007680 -0.050034 -0.010872
v 0.007595 -0.050034 -0.010883
v 0.007549 -0.050034 -0.010889
v 0.007514 -0.050034 -0.010893
v 0.008871 -0.059750 -0.010559
v 0.008871 -0.056732 -0.010559
v 0.008930 -0.053750 -0.010528
v 0.008852 -0.053750 -0.010562
v 0.008779 -0.051903 -0.010589
v 0.008864 -0.050034 -0.010549
v 0.008771 -0.050034 -0.010587
v 0.008765 -0.049863 -0.010586
v 0.008567 -0.049773 -0.010654
v 0.008375 -0.049762 -0.010715
v 0.008375 -0.049683 -0.010709
v 0.008222 -0.049677 -0.010751
v 0.008375 -0.049677 -0.010709
v 0.008375 -0.049593 -0.010704
v -0.005000 -0.070129 -0.010907
v -0.005000 -0.070218 -0.010891
v -0.006518 -0.070218 -0.010879
v -0.005000 -0.070306 -0.010875
v -0.005000 -0.070347 -0.010867
v -0.005000 -0.070383 -0.010859
v -0.005000 -0.070639 -0.010798
v -0.005000 -0.070708 -0.010780
v -0.005000 -0.070778 -0.010761
v -0.005000 -0.070804 -0.010753
v -0.005000 -0.070869 -0.010733
v -0.000500 -0.070968 -0.010711
v -0.000500 -0.065750 -0.011155
v -0.000500 -0.067609 -0.011087
v -0.000500 -0.069466 -0.011000
v 0.007965 -0.059750 -0.010859
v 0.007872 -0.053750 -0.010864
v 0.008778 -0.053750 -0.010591
v 0.008694 -0.053750 -0.010624
v 0.008634 -0.053750 -0.010648
v 0.008625 -0.051903 -0.010647
v 0.008515 -0.053750 -0.010688
v 0.008470 -0.051903 -0.010700
v 0.008470 -0.053750 -0.010704
v 0.008413 -0.053750 -0.010723
v 0.008334 -0.056732 -0.010757
v 0.008333 -0.059750 -0.010756
v 0.008150 -0.053750 -0.010799
v 0.008156 -0.051903 -0.010791
v 0.008156 -0.053750 -0.010798
v 0.008188 -0.053750 -0.010789
v 0.009552 -0.059750 -0.010209
v 0.009217 -0.053750 -0.010393
v 0.009227 -0.051903 -0.010388
v 0.009227 -0.053750 -0.010388
v 0.009276 -0.053750 -0.010364
v -0.005000 -0.069628 -0.010964
v -0.005000 -0.069688 -0.010960
v -0.005000 -0.069720 -0.010957
v -0.008352 -0.067597 -0.010931
v -0.008400 -0.065750 -0.010940
v -0.008352 -0.065750 -0.010946
v -0.008400 -0.062768 -0.010959
v -0.008305 -0.062768 -0.010970
v -0.008400 -0.059750 -0.010963
v -0.008269 -0.059750 -0.010980
v -0.008305 -0.056732 -0.010970
v -0.008209 -0.056732 -0.010980
v -0.008269 -0.053750 -0.010955
v -0.008209 -0.053750 -0.010959
v -0.008270 -0.051903 -0.010938
v -0.008189 -0.051903 -0.010944
v -0.008207 -0.050034 -0.010919
v -0.008189 -0.050034 -0.010920
v -0.008103 -0.050034 -0.010923
v -0.008035 -0.050022 -0.010926
v -0.008035 -0.050034 -0.010926
v -0.006518 -0.050034 -0.010953
v -0.008035 -0.051892 -0.010952
v -0.008035 -0.051903 -0.010952
v -0.008035 -0.053750 -0.010972
v -0.008103 -0.053750 -0.010967
v -0.008035 -0.056732 -0.010993
v -0.008113 -0.056732 -0.010988
v -0.008035 -0.056750 -0.010993
v -0.008035 -0.059750 -0.011000
v -0.008035 -0.062750 -0.010993
v -0.008035 -0.062768 -0.010993
v -0.008035 -0.065750 -0.010972
v -0.008103 -0.065750 -0.010967
v -0.008035 -0.067597 -0.010952
v -0.008103 -0.067597 -0.010949
v -0.008035 -0.067608 -0.010952
v -0.008035 -0.069466 -0.010926
v -0.006518 -0.071796 -0.010349
v -0.008035 -0.071840 -0.010322
v -0.008035 -0.071942 -0.010266
v -0.008197 -0.071927 -0.010273
v -0.008197 -0.072019 -0.010222
v -0.008367 -0.071926 -0.010269
v -0.008367 -0.072018 -0.010219
v -0.008537 -0.071925 -0.010265
v -0.009464 -0.070875 -0.010537
v -0.009375 -0.070875 -0.010559
v -0.009299 -0.070964 -0.010554
v -0.009299 -0.070875 -0.010575
v -0.009216 -0.070964 -0.010571
v -0.009221 -0.070875 -0.010591
v -0.009216 -0.070875 -0.010593
v -0.009221 -0.070792 -0.010612
v -0.009122 -0.070875 -0.010612
v -0.009054 -0.070792 -0.010644
v -0.009053 -0.070875 -0.010623
v -0.009048 -0.070875 -0.010624
v -0.009048 -0.070964 -0.010601
v -0.008963 -0.070964 -0.010614
v -0.008963 -0.071063 -0.010585
v -0.008879 -0.071063 -0.010596
v -0.008878 -0.071161 -0.010565
v -0.008794 -0.071162 -0.010575
v -0.008793 -0.071259 -0.010540
v -0.008709 -0.071260 -0.010549
v -0.008708 -0.071357 -0.010512
v -0.008538 -0.071358 -0.010525
v -0.008538 -0.071454 -0.010486
v -0.008368 -0.071455 -0.010495
v -0.008368 -0.071551 -0.010454
v -0.008198 -0.071552 -0.010459
v -0.008198 -0.071647 -0.010415
v -0.008035 -0.071649 -0.010418
v -0.008035 -0.071653 -0.010415
v -0.009375 -0.069995 -0.010698
v -0.009466 -0.069996 -0.010670
v -0.009566 -0.069907 -0.010645
v -0.009566 -0.069996 -0.010638
v -0.009665 -0.069906 -0.010610
v -0.009665 -0.069996 -0.010604
v -0.009764 -0.069906 -0.010574
v -0.009763 -0.069996 -0.010568
v -0.009861 -0.069995 -0.010530
v -0.009763 -0.070085 -0.010561
v -0.009860 -0.070174 -0.010516
v -0.009762 -0.070174 -0.010553
v -0.009761 -0.070352 -0.010535
v -0.009663 -0.070353 -0.010569
v -0.009663 -0.070442 -0.010557
v -0.009564 -0.070442 -0.010589
v -0.009564 -0.070530 -0.010575
v -0.009465 -0.070531 -0.010604
v -0.009465 -0.070619 -0.010589
v -0.009375 -0.070614 -0.010613
v -0.009375 -0.070619 -0.010612
v -0.009221 -0.070614 -0.010650
v -0.009221 -0.070701 -0.010632
v -0.009054 -0.070701 -0.010665
v -0.008885 -0.070793 -0.010672
v -0.008963 -0.070875 -0.010638
v -0.008880 -0.070875 -0.010652
v -0.008879 -0.070965 -0.010626
v -0.008794 -0.070965 -0.010637
v -0.008794 -0.071063 -0.010607
v -0.008709 -0.071064 -0.010616
v -0.008709 -0.071162 -0.010583
v -0.008539 -0.071163 -0.010598
v -0.008539 -0.071260 -0.010563
v -0.008368 -0.071261 -0.010573
v -0.008368 -0.071359 -0.010535
v -0.008198 -0.071360 -0.010541
v -0.008198 -0.071456 -0.010501
v -0.008035 -0.071360 -0.010543
v -0.008035 -0.071458 -0.010503
v -0.008035 -0.071074 -0.010650
v -0.008035 -0.071164 -0.010617
v -0.008198 -0.071164 -0.010616
v -0.008035 -0.071184 -0.010610
v -0.008198 -0.071262 -0.010579
v -0.008035 -0.071270 -0.010579
v -0.008035 -0.071340 -0.010551
v -0.008035 -0.070090 -0.010878
v -0.008035 -0.070178 -0.010866
v -0.008207 -0.070090 -0.010874
v -0.008207 -0.070178 -0.010861
v -0.008377 -0.070090 -0.010863
v -0.008377 -0.070178 -0.010851
v -0.008548 -0.070089 -0.010847
v 0.008766 -0.050034 -0.010588
v 0.008667 -0.050034 -0.010624
v 0.008766 -0.049952 -0.010588
v 0.008667 -0.049952 -0.010624
v 0.008567 -0.049862 -0.010657
v 0.008466 -0.049862 -0.010690
v 0.008375 -0.049772 -0.010715
v 0.008375 -0.049855 -0.010717
v 0.008222 -0.049854 -0.010759
v 0.008375 -0.049862 -0.010717
v 0.008222 -0.049938 -0.010762
v 0.008375 -0.049938 -0.010718
v 0.008375 -0.049952 -0.010719
v 0.008467 -0.049952 -0.010692
v 0.008375 -0.050022 -0.010720
v 0.008466 -0.050034 -0.010692
v 0.008375 -0.050034 -0.010720
v 0.008314 -0.051903 -0.010748
v 0.008334 -0.053750 -0.010747
v 0.008314 -0.053750 -0.010753
v 0.008222 -0.050034 -0.010762
v 0.008156 -0.050034 -0.010779
v 0.008222 -0.050022 -0.010763
v 0.008055 -0.050022 -0.010803
v 0.008055 -0.049938 -0.010802
v 0.007887 -0.049938 -0.010836
v 0.007887 -0.049854 -0.010833
v 0.007718 -0.049854 -0.010862
v 0.007718 -0.049765 -0.010857
v 0.007548 -0.049765 -0.010880
v 0.007548 -0.049676 -0.010874
v 0.007378 -0.049676 -0.010891
v 0.007258 -0.050034 -0.010917
v 0.007351 -0.050034 -0.010909
v 0.007378 -0.050034 -0.010907
v 0.008565 -0.049415 -0.010630
v 0.008665 -0.049415 -0.010597
v 0.008665 -0.049504 -0.010604
v 0.008763 -0.049504 -0.010568
v 0.008764 -0.049594 -0.010574
v 0.008861 -0.049505 -0.010530
v 0.008960 -0.049684 -0.010500
v 0.009057 -0.049863 -0.010463
v 0.009058 -0.050034 -0.010465
v 0.009080 -0.050034 -0.010455
v 0.009154 -0.050034 -0.010422
v 0.009153 -0.049863 -0.010419
v 0.009227 -0.050034 -0.010385
v 0.009249 -0.050034 -0.010374
v 0.009372 -0.053750 -0.010311
v 0.009386 -0.053750 -0.010303
v 0.008567 -0.049952 -0.010659
v 0.008625 -0.050034 -0.010639
v 0.007377 -0.049410 -0.010863
v 0.007207 -0.049410 -0.010874
v 0.007207 -0.049322 -0.010861
v 0.007035 -0.049322 -0.010866
v 0.007035 -0.049277 -0.010860
v 0.005518 -0.049282 -0.010879
v 0.007035 -0.049234 -0.010852
v 0.007035 -0.049146 -0.010836
v 0.007035 -0.049119 -0.010831
v 0.007207 -0.049146 -0.010832
v 0.007377 -0.049146 -0.010822
v 0.007547 -0.049147 -0.010807
v 0.007717 -0.049147 -0.010787
v 0.007886 -0.049147 -0.010761
v 0.008054 -0.049148 -0.010731
v 0.008222 -0.049148 -0.010695
v 0.008375 -0.049147 -0.010656
v 0.008375 -0.049061 -0.010643
v 0.008465 -0.049058 -0.010618
v 0.008564 -0.049058 -0.010589
v 0.008663 -0.049058 -0.010557
v -0.009442 -0.072295 -0.010038
v -0.008035 -0.072020 -0.010223
v -0.008035 -0.072022 -0.010222
v -0.008035 -0.072086 -0.010183
v -0.009132 -0.070964 -0.010586
v -0.009047 -0.071063 -0.010572
v -0.008963 -0.071161 -0.010554
v -0.008878 -0.071259 -0.010531
v -0.008793 -0.071356 -0.010505
v -0.008708 -0.071453 -0.010474
v -0.008538 -0.071550 -0.010445
v -0.008368 -0.071646 -0.010410
v -0.008197 -0.071742 -0.010370
v -0.008035 -0.071795 -0.010345
v -0.008035 -0.071836 -0.010324
v -0.008197 -0.071835 -0.010322
v -0.008367 -0.071834 -0.010318
v -0.008537 -0.071832 -0.010312
v -0.008707 -0.071831 -0.010305
v -0.009132 -0.071062 -0.010559
v -0.009047 -0.071160 -0.010542
v -0.008963 -0.071258 -0.010521
v -0.008878 -0.071356 -0.010496
v -0.008793 -0.071452 -0.010467
v -0.008708 -0.071549 -0.010434
v -0.008538 -0.071645 -0.010403
v -0.008368 -0.071740 -0.010365
v -0.008035 -0.071494 -0.010487
v -0.008035 -0.071463 -0.010501
v -0.009664 -0.070174 -0.010588
v -0.009565 -0.070353 -0.010601
v -0.009465 -0.070442 -0.010618
v -0.009375 -0.070508 -0.010633
v -0.009222 -0.070527 -0.010666
v -0.009054 -0.070614 -0.010683
v -0.008885 -0.070701 -0.010693
v -0.008716 -0.070793 -0.010695
v -0.008794 -0.070875 -0.010663
v -0.008716 -0.070875 -0.010672
v -0.008709 -0.070965 -0.010647
v -0.008539 -0.071064 -0.010632
v -0.008369 -0.071163 -0.010609
v -0.008035 -0.071027 -0.010665
v -0.008198 -0.071065 -0.010650
v -0.008198 -0.070966 -0.010682
v -0.008369 -0.070965 -0.010675
v -0.008206 -0.070875 -0.010709
v -0.008390 -0.070875 -0.010702
v -0.008377 -0.070793 -0.010725
v -0.008547 -0.070793 -0.010712
v -0.008547 -0.070702 -0.010735
v -0.008716 -0.070702 -0.010717
v -0.008716 -0.070615 -0.010736
v -0.008886 -0.070615 -0.010712
v -0.008886 -0.070528 -0.010730
v -0.009054 -0.070527 -0.010700
v -0.009054 -0.070440 -0.010716
v -0.009222 -0.070440 -0.010681
v -0.009222 -0.070352 -0.010695
v -0.009375 -0.070353 -0.010656
v -0.009375 -0.070352 -0.010656
v -0.009465 -0.070353 -0.010631
v -0.009375 -0.070252 -0.010671
v -0.009466 -0.070175 -0.010653
v -0.009375 -0.070176 -0.010679
v -0.009375 -0.070175 -0.010679
v -0.009222 -0.070176 -0.010719
v -0.009222 -0.070088 -0.010729
v -0.009055 -0.070177 -0.010756
v -0.008539 -0.070965 -0.010664
v -0.008636 -0.070875 -0.010682
v -0.008546 -0.070875 -0.010689
v -0.008539 -0.070875 -0.010690
v -0.008369 -0.071065 -0.010643
v -0.008198 -0.070875 -0.010709
v -0.008207 -0.070616 -0.010778
v -0.008377 -0.070615 -0.010769
v -0.008377 -0.070702 -0.010748
v -0.008547 -0.070615 -0.010755
v -0.008886 -0.070265 -0.010775
v -0.008717 -0.070353 -0.010787
v -0.008547 -0.070441 -0.010791
v -0.008377 -0.070528 -0.010788
v -0.008035 -0.070223 -0.010860
v -0.008035 -0.070266 -0.010852
v -0.008035 -0.070354 -0.010836
v -0.008207 -0.070266 -0.010848
v -0.009222 -0.069562 -0.010762
v -0.009055 -0.069646 -0.010799
v -0.008887 -0.069735 -0.010829
v -0.008718 -0.069824 -0.010851
v -0.008548 -0.069912 -0.010866
v -0.008378 -0.070001 -0.010874
v -0.008035 -0.070052 -0.010884
v -0.009055 -0.069466 -0.010802
v -0.008997 -0.069466 -0.010815
v -0.008887 -0.069478 -0.010838
v -0.008718 -0.069562 -0.010865
v -0.008548 -0.069646 -0.010885
v -0.008378 -0.069735 -0.010897
v -0.008207 -0.069824 -0.010902
v -0.008035 -0.069886 -0.010902
v -0.008889 -0.069466 -0.010837
v -0.008837 -0.069466 -0.010846
v -0.008549 -0.069562 -0.010888
v -0.008378 -0.069646 -0.010902
v -0.008035 -0.069824 -0.010908
v -0.008207 -0.069562 -0.010917
v -0.008378 -0.069562 -0.010905
v 0.001764 -0.053750 -0.011138
v 0.004000 -0.053750 -0.011089
v 0.004000 -0.051892 -0.011038
v 0.004000 -0.050034 -0.010973
v 0.004000 -0.049947 -0.010968
v 0.001750 -0.050034 -0.010994
v -0.000500 -0.049872 -0.010988
v 0.008097 -0.050034 -0.010794
v 0.008055 -0.050034 -0.010802
v 0.007997 -0.050034 -0.010815
v 0.008302 -0.050034 -0.010741
v 0.008574 -0.050034 -0.010658
v 0.008470 -0.050034 -0.010690
v 0.009056 -0.049684 -0.010458
v 0.009434 -0.049863 -0.010274
v -0.009216 -0.071062 -0.010544
v -0.009215 -0.071160 -0.010515
v -0.009131 -0.071160 -0.010529
v -0.009131 -0.071257 -0.010498
v -0.009047 -0.071258 -0.010510
v -0.009047 -0.071354 -0.010476
v -0.008962 -0.071355 -0.010487
v -0.008962 -0.071451 -0.010451
v -0.008877 -0.071452 -0.010459
v -0.008877 -0.071547 -0.010421
v -0.008792 -0.071548 -0.010428
v -0.008792 -0.071643 -0.010387
v -0.008707 -0.071644 -0.010393
v -0.008707 -0.071738 -0.010350
v -0.008537 -0.071739 -0.010358
v -0.008877 -0.071736 -0.010339
v -0.008877 -0.071642 -0.010380
v -0.008962 -0.071547 -0.010413
v -0.009046 -0.071451 -0.010441
v -0.009131 -0.071354 -0.010465
v -0.009215 -0.071257 -0.010485
v -0.008961 -0.071642 -0.010373
v -0.009046 -0.071641 -0.010366
v -0.009046 -0.071546 -0.010404
v -0.009131 -0.071545 -0.010395
v -0.009131 -0.071450 -0.010431
v -0.009215 -0.071449 -0.010420
v -0.009215 -0.071353 -0.010453
v -0.008875 -0.072197 -0.010105
v -0.009045 -0.072105 -0.010149
v -0.009214 -0.072013 -0.010186
v -0.009045 -0.072196 -0.010101
v -0.009214 -0.072104 -0.010142
v -0.008709 -0.070875 -0.010673
v -0.009447 -0.072249 -0.010059
v -0.009442 -0.071827 -0.010243
v -0.009537 -0.071253 -0.010416
v -0.009725 -0.071349 -0.010337
v -0.009920 -0.071347 -0.010283
v -0.009760 -0.070530 -0.010512
v -0.009662 -0.070530 -0.010545
v -0.009662 -0.070619 -0.010531
v -0.009564 -0.070619 -0.010561
v -0.009563 -0.070707 -0.010545
v -0.009465 -0.070707 -0.010572
v -0.009465 -0.070795 -0.010555
v -0.009375 -0.070761 -0.010584
v -0.009375 -0.070792 -0.010578
v -0.009375 -0.070796 -0.010577
v 0.008958 -0.049505 -0.010490
v 0.008763 -0.049415 -0.010561
v 0.007548 -0.049411 -0.010847
v 0.007717 -0.049411 -0.010825
v 0.007886 -0.049411 -0.010798
v 0.008055 -0.049412 -0.010766
v 0.007887 -0.049765 -0.010829
v 0.008055 -0.049854 -0.010799
v 0.008055 -0.049766 -0.010795
v 0.008222 -0.049766 -0.010756
v 0.008755 -0.048625 -0.010457
v 0.008758 -0.048625 -0.010456
v 0.008855 -0.048625 -0.010427
v 0.008943 -0.048543 -0.010378
v 0.008884 -0.048625 -0.010418
v 0.008947 -0.048625 -0.010396
v 0.008951 -0.048625 -0.010395
v 0.009043 -0.048625 -0.010363
v 0.009047 -0.048625 -0.010362
v 0.009039 -0.048545 -0.010347
v 0.009128 -0.048625 -0.010334
v 0.009135 -0.048547 -0.010314
v 0.009233 -0.048625 -0.010292
v 0.009230 -0.048550 -0.010279
v 0.009237 -0.048625 -0.010291
v 0.009327 -0.048625 -0.010255
v 0.009332 -0.048625 -0.010253
v 0.008638 -0.048625 -0.010492
v 0.008375 -0.049058 -0.010643
v 0.007035 -0.048955 -0.010797
v 0.008375 -0.049148 -0.010656
v 0.008222 -0.049236 -0.010707
v 0.008054 -0.049235 -0.010744
v 0.008055 -0.049323 -0.010756
v 0.007886 -0.049235 -0.010775
v 0.007886 -0.049323 -0.010787
v 0.007717 -0.049235 -0.010801
v 0.007717 -0.049323 -0.010814
v 0.007547 -0.049234 -0.010822
v 0.007548 -0.049322 -0.010835
v 0.007377 -0.049234 -0.010837
v 0.007377 -0.049322 -0.010851
v 0.007207 -0.049234 -0.010848
v 0.007718 -0.049677 -0.010851
v 0.007887 -0.049677 -0.010823
v 0.008055 -0.049677 -0.010790
v 0.007035 -0.047660 -0.010322
v 0.007197 -0.047665 -0.010322
v 0.007035 -0.047664 -0.010324
v 0.007035 -0.047705 -0.010345
v 0.005518 -0.047704 -0.010349
v 0.007035 -0.047847 -0.010415
v 0.005518 -0.047854 -0.010424
v 0.007035 -0.047851 -0.010418
v 0.007035 -0.047854 -0.010419
v 0.007198 -0.047853 -0.010415
v 0.007198 -0.047948 -0.010459
v 0.007368 -0.047949 -0.010454
v 0.007368 -0.048045 -0.010495
v 0.007538 -0.048046 -0.010486
v 0.007538 -0.048142 -0.010525
v 0.007708 -0.048143 -0.010512
v 0.007709 -0.048240 -0.010549
v 0.007793 -0.048241 -0.010540
v 0.007794 -0.048338 -0.010575
v 0.007878 -0.048339 -0.010565
v 0.007879 -0.048437 -0.010596
v 0.007963 -0.048437 -0.010585
v 0.007963 -0.048536 -0.010614
v 0.008048 -0.048536 -0.010601
v 0.008048 -0.048625 -0.010624
v 0.008053 -0.048625 -0.010623
v 0.008054 -0.048708 -0.010644
v 0.008122 -0.048625 -0.010612
v 0.008216 -0.048625 -0.010593
v 0.008221 -0.048625 -0.010591
v 0.008216 -0.048536 -0.010571
v 0.009306 -0.048157 -0.010168
v 0.009403 -0.048159 -0.010138
v 0.009311 -0.048256 -0.010188
v 0.009407 -0.048258 -0.010156
v 0.009411 -0.048357 -0.010173
v 0.009415 -0.048457 -0.010190
v 0.009419 -0.048557 -0.010206
v 0.009594 -0.048163 -0.010074
v 0.009598 -0.048263 -0.010089
v 0.009550 -0.048262 -0.010106
v 0.009553 -0.048362 -0.010120
v 0.009506 -0.048360 -0.010138
v 0.009509 -0.048460 -0.010153
v 0.009462 -0.048459 -0.010172
v 0.009606 -0.048565 -0.010126
v 0.009096 -0.047862 -0.010157
v 0.008998 -0.047862 -0.010181
v 0.008992 -0.047765 -0.010156
v 0.008985 -0.047668 -0.010129
v 0.008979 -0.047571 -0.010102
v 0.008972 -0.047475 -0.010073
v 0.008901 -0.047862 -0.010206
v 0.008894 -0.047765 -0.010178
v 0.008887 -0.047669 -0.010150
v 0.008880 -0.047572 -0.010122
v 0.008788 -0.047669 -0.010171
v 0.008697 -0.047766 -0.010223
v 0.008606 -0.047862 -0.010276
v 0.008795 -0.047766 -0.010201
v 0.008705 -0.047862 -0.010253
v 0.008803 -0.047862 -0.010229
v 0.008442 -0.047673 -0.010243
v 0.008491 -0.047672 -0.010233
v 0.008513 -0.047389 -0.010114
v 0.008564 -0.047388 -0.010107
v 0.008614 -0.047387 -0.010100
v 0.008604 -0.047293 -0.010063
v 0.008725 -0.048151 -0.010337
v 0.008920 -0.048153 -0.010283
v 0.008926 -0.048250 -0.010308
v 0.009113 -0.048155 -0.010227
v 0.009119 -0.048253 -0.010249
v 0.009210 -0.048156 -0.010198
v 0.009215 -0.048254 -0.010219
v 0.008375 -0.048148 -0.010427
v 0.008537 -0.048247 -0.010416
v 0.008732 -0.048248 -0.010363
v 0.008299 -0.048244 -0.010471
v 0.008375 -0.048247 -0.010457
v 0.008375 -0.048244 -0.010456
v 0.009459 -0.048359 -0.010156
v 0.009502 -0.048261 -0.010123
v 0.009499 -0.048161 -0.010107
v 0.009389 -0.047863 -0.010080
v 0.007537 -0.047483 -0.010215
v 0.007707 -0.047576 -0.010258
v 0.007876 -0.047670 -0.010295
v 0.008046 -0.047765 -0.010325
v 0.008130 -0.047860 -0.010357
v 0.008215 -0.047860 -0.010348
v 0.008215 -0.047955 -0.010385
v 0.008299 -0.047305 -0.010094
v 0.001750 -0.047590 -0.010292
v 0.004000 -0.047558 -0.010270
v 0.004000 -0.047591 -0.010289
v 0.004000 -0.047694 -0.010346
v 0.004000 -0.047742 -0.010370
v 0.001750 -0.047741 -0.010374
v 0.004000 -0.047853 -0.010426
v 0.001750 -0.047895 -0.010451
v 0.004000 -0.047892 -0.010446
v 0.004000 -0.048005 -0.010497
v 0.005518 -0.048005 -0.010494
v 0.004000 -0.048052 -0.010518
v 0.004000 -0.048095 -0.010537
v 0.004000 -0.048159 -0.010563
v 0.004000 -0.048210 -0.010584
v 0.004000 -0.048301 -0.010620
v 0.005518 -0.048315 -0.010619
v 0.004000 -0.048370 -0.010645
v 0.005518 -0.048472 -0.010675
v 0.004000 -0.048472 -0.010681
v 0.004000 -0.048510 -0.010695
v 0.004000 -0.048631 -0.010733
v 0.001750 -0.048695 -0.010763
v 0.004000 -0.048696 -0.010753
v 0.004000 -0.048722 -0.010761
v 0.005518 -0.048631 -0.010726
v 0.007035 -0.048707 -0.010735
v 0.007035 -0.048793 -0.010758
v 0.007206 -0.048707 -0.010733
v 0.007368 -0.048141 -0.010535
v 0.007539 -0.048240 -0.010563
v 0.007368 -0.048239 -0.010573
v 0.007539 -0.048337 -0.010598
v 0.007369 -0.048337 -0.010609
v 0.007539 -0.048436 -0.010632
v 0.007369 -0.048435 -0.010643
v 0.007539 -0.048535 -0.010664
v 0.007369 -0.048535 -0.010675
v 0.007390 -0.048625 -0.010702
v 0.007206 -0.048625 -0.010709
v 0.007377 -0.048707 -0.010725
v 0.007716 -0.048707 -0.010695
v 0.007547 -0.048707 -0.010712
v 0.007636 -0.048625 -0.010682
v 0.007546 -0.048625 -0.010689
v 0.007539 -0.048625 -0.010690
v 0.007035 -0.048798 -0.010759
v 0.007198 -0.048336 -0.010616
v 0.007198 -0.048435 -0.010650
v 0.007035 -0.048426 -0.010650
v 0.007035 -0.048473 -0.010665
v 0.007035 -0.048534 -0.010684
v 0.007035 -0.048625 -0.010712
v 0.007145 -0.048625 -0.010711
v 0.007198 -0.048625 -0.010709
v 0.007198 -0.048534 -0.010682
v 0.001750 -0.049532 -0.010947
v 0.004000 -0.049591 -0.010938
v 0.004000 -0.049532 -0.010930
v 0.005518 -0.049447 -0.010904
v 0.007035 -0.049494 -0.010890
v 0.007035 -0.049448 -0.010884
v 0.007035 -0.049410 -0.010878
v 0.004000 -0.049371 -0.010907
v 0.004000 -0.049282 -0.010891
v 0.001750 -0.049362 -0.010920
v 0.007035 -0.049765 -0.010914
v 0.007035 -0.049780 -0.010915
v 0.004000 -0.049872 -0.010964
v 0.005518 -0.049947 -0.010950
v 0.007035 -0.049932 -0.010923
v 0.007035 -0.049947 -0.010924
v 0.007885 -0.048707 -0.010672
v 0.007794 -0.048625 -0.010663
v 0.007716 -0.048625 -0.010672
v 0.007794 -0.048535 -0.010637
v 0.007709 -0.048535 -0.010647
v 0.007709 -0.048436 -0.010616
v 0.007709 -0.048625 -0.010673
v 0.007963 -0.048625 -0.010638
v 0.007880 -0.048625 -0.010652
v 0.007879 -0.048535 -0.010626
v 0.007794 -0.048437 -0.010607
v 0.007709 -0.048338 -0.010583
v 0.008132 -0.048536 -0.010586
v 0.008047 -0.048437 -0.010572
v 0.007963 -0.048339 -0.010554
v 0.007878 -0.048241 -0.010531
v 0.007793 -0.048144 -0.010505
v 0.007708 -0.048047 -0.010474
v 0.007538 -0.047950 -0.010445
v 0.007368 -0.047854 -0.010410
v 0.007197 -0.047758 -0.010370
v 0.007368 -0.047760 -0.010365
v 0.007538 -0.047855 -0.010403
v 0.007708 -0.047951 -0.010434
v 0.007793 -0.048048 -0.010467
v 0.007878 -0.048144 -0.010496
v 0.007963 -0.048242 -0.010521
v 0.008047 -0.048340 -0.010542
v 0.008132 -0.048438 -0.010559
v -0.005000 -0.049947 -0.010968
v -0.000500 -0.050034 -0.011000
v -0.009054 -0.070265 -0.010744
v -0.008886 -0.070353 -0.010761
v -0.008717 -0.070441 -0.010771
v -0.008547 -0.070528 -0.010774
v -0.008548 -0.070001 -0.010857
v -0.008718 -0.069912 -0.010844
v -0.008887 -0.069823 -0.010823
v -0.009055 -0.069734 -0.010795
v -0.008717 -0.070528 -0.010754
v -0.008886 -0.070440 -0.010746
v -0.009054 -0.070352 -0.010731
v -0.009222 -0.070264 -0.010707
v -0.008718 -0.070001 -0.010835
v -0.008887 -0.069912 -0.010816
v -0.009055 -0.069823 -0.010790
v -0.009375 -0.070439 -0.010643
v -0.009375 -0.070442 -0.010643
v -0.009097 -0.069466 -0.010794
v -0.009375 -0.070707 -0.010595
v -0.009375 -0.070701 -0.010596
v -0.009665 -0.070085 -0.010597
v -0.009565 -0.070085 -0.010630
v -0.009466 -0.070086 -0.010662
v -0.009375 -0.070086 -0.010688
v -0.009375 -0.070088 -0.010688
v -0.009565 -0.070175 -0.010622
v -0.010146 -0.048971 -0.010366
v -0.010242 -0.049149 -0.010339
v -0.010147 -0.049149 -0.010382
v -0.010243 -0.049327 -0.010351
v -0.010149 -0.049327 -0.010395
v -0.010245 -0.049506 -0.010360
v -0.010150 -0.049505 -0.010405
v -0.010246 -0.049684 -0.010367
v -0.010152 -0.049684 -0.010413
v -0.010248 -0.049863 -0.010372
v -0.010153 -0.049863 -0.010419
v -0.010227 -0.050034 -0.010385
v -0.010154 -0.050034 -0.010421
v -0.010227 -0.051903 -0.010388
v -0.010080 -0.051903 -0.010460
v -0.010218 -0.053750 -0.010393
v -0.010066 -0.053750 -0.010468
v -0.010218 -0.056732 -0.010397
v -0.010046 -0.056732 -0.010481
v -0.010065 -0.059750 -0.010471
v -0.009871 -0.059750 -0.010559
v -0.010046 -0.062768 -0.010481
v -0.009871 -0.062768 -0.010559
v -0.009930 -0.065750 -0.010528
v -0.009852 -0.065750 -0.010562
v -0.009930 -0.067597 -0.010527
v -0.009779 -0.067597 -0.010589
v -0.009864 -0.069466 -0.010549
v -0.009771 -0.069466 -0.010587
v -0.009864 -0.069637 -0.010547
v -0.009765 -0.069637 -0.010586
v -0.009765 -0.069727 -0.010583
v -0.009567 -0.069727 -0.010654
v -0.009566 -0.069817 -0.010650
v -0.010080 -0.050034 -0.010455
v -0.010057 -0.049863 -0.010463
v -0.010058 -0.050034 -0.010465
v -0.009964 -0.050034 -0.010508
v -0.009930 -0.051903 -0.010527
v -0.010046 -0.053750 -0.010477
v -0.009930 -0.053750 -0.010528
v -0.009871 -0.056732 -0.010559
v -0.009852 -0.059750 -0.010567
v -0.009694 -0.062768 -0.010631
v -0.009778 -0.065750 -0.010591
v -0.009694 -0.065750 -0.010624
v -0.009625 -0.067597 -0.010647
v -0.009667 -0.069466 -0.010624
v -0.009625 -0.069466 -0.010639
v -0.009667 -0.069548 -0.010624
v -0.009567 -0.069548 -0.010659
v -0.009567 -0.069638 -0.010657
v -0.009634 -0.065750 -0.010648
v -0.009515 -0.065750 -0.010688
v -0.009515 -0.062768 -0.010697
v -0.009470 -0.065750 -0.010704
v -0.009413 -0.065750 -0.010723
v -0.009470 -0.067597 -0.010700
v -0.009375 -0.069466 -0.010720
v -0.009466 -0.069466 -0.010692
v -0.009470 -0.069466 -0.010690
v -0.009574 -0.069466 -0.010658
v -0.008501 -0.065750 -0.010929
v -0.008495 -0.062768 -0.010946
v -0.008514 -0.065750 -0.010927
v -0.008590 -0.062768 -0.010932
v -0.008589 -0.065750 -0.010915
v -0.008676 -0.065750 -0.010901
v -0.008595 -0.067597 -0.010902
v -0.008103 -0.051903 -0.010949
v -0.008113 -0.053750 -0.010966
v -0.008189 -0.053750 -0.010961
v -0.008209 -0.059750 -0.010985
v -0.008209 -0.062768 -0.010980
v -0.008269 -0.065750 -0.010955
v -0.008304 -0.065750 -0.010951
v -0.008113 -0.062768 -0.010988
v -0.008113 -0.065750 -0.010966
v -0.009985 -0.071832 -0.010129
v -0.009979 -0.071929 -0.010102
v -0.009972 -0.072025 -0.010073
v -0.009788 -0.071831 -0.010171
v -0.009887 -0.071831 -0.010150
v -0.009880 -0.071928 -0.010122
v -0.009491 -0.071828 -0.010233
v -0.009513 -0.072111 -0.010114
v -0.009564 -0.072112 -0.010107
v -0.009614 -0.072113 -0.010100
v -0.009604 -0.072207 -0.010063
v -0.010233 -0.070875 -0.010292
v -0.010128 -0.070875 -0.010334
v -0.010135 -0.070953 -0.010314
v -0.010039 -0.070955 -0.010347
v -0.010130 -0.071051 -0.010293
v -0.010034 -0.071053 -0.010325
v -0.010124 -0.071149 -0.010271
v -0.009932 -0.071153 -0.010332
v -0.010119 -0.071247 -0.010249
v -0.009926 -0.071250 -0.010308
v -0.010113 -0.071345 -0.010227
v -0.009750 -0.070960 -0.010438
v -0.009744 -0.071058 -0.010413
v -0.009732 -0.071252 -0.010363
v -0.009938 -0.071055 -0.010355
v -0.010324 -0.070947 -0.010243
v -0.010368 -0.070875 -0.010239
v -0.010332 -0.070875 -0.010253
v -0.010327 -0.070875 -0.010255
v -0.010237 -0.070875 -0.010291
v -0.010230 -0.070950 -0.010279
v -0.010225 -0.071049 -0.010260
v -0.010220 -0.071147 -0.010240
v -0.010215 -0.071246 -0.010219
v -0.010210 -0.071344 -0.010198
v -0.010047 -0.070875 -0.010362
v -0.010043 -0.070875 -0.010363
v -0.010606 -0.070935 -0.010126
v -0.010604 -0.070875 -0.010135
v -0.010561 -0.070875 -0.010154
v -0.010654 -0.070875 -0.010110
v -0.010611 -0.070875 -0.010131
v -0.010608 -0.070875 -0.010133
v -0.010594 -0.071337 -0.010074
v -0.010598 -0.071237 -0.010089
v -0.010553 -0.071138 -0.010120
v -0.010509 -0.071040 -0.010153
v -0.010466 -0.070942 -0.010187
v -0.010550 -0.071238 -0.010106
v -0.010506 -0.071140 -0.010138
v -0.010462 -0.071041 -0.010172
v -0.010459 -0.071141 -0.010156
v -0.010502 -0.071239 -0.010123
v -0.010499 -0.071339 -0.010107
v -0.010320 -0.071046 -0.010225
v -0.009930 -0.069466 -0.010522
v -0.009961 -0.069637 -0.010506
v -0.009862 -0.069816 -0.010540
v -0.009960 -0.069816 -0.010500
v -0.009958 -0.069995 -0.010490
v -0.009957 -0.070174 -0.010478
v -0.009859 -0.070352 -0.010499
v -0.009956 -0.070352 -0.010462
v -0.009858 -0.070530 -0.010478
v -0.009954 -0.070529 -0.010442
v -0.009857 -0.070618 -0.010466
v -0.009954 -0.070618 -0.010432
v -0.009856 -0.070707 -0.010454
v -0.009953 -0.070707 -0.010420
v 0.008131 -0.047955 -0.010395
v 0.008046 -0.047954 -0.010404
v 0.008046 -0.047859 -0.010366
v 0.007961 -0.047858 -0.010373
v 0.007035 -0.047478 -0.010222
v 0.007198 -0.048044 -0.010501
v 0.007035 -0.048006 -0.010487
v 0.007035 -0.048037 -0.010501
v 0.007035 -0.048042 -0.010503
v 0.005518 -0.048159 -0.010559
v 0.007035 -0.048140 -0.010543
v 0.007035 -0.048160 -0.010551
v 0.007198 -0.048140 -0.010541
v 0.007198 -0.048238 -0.010579
v 0.007035 -0.048316 -0.010610
v 0.007035 -0.048230 -0.010579
v 0.007035 -0.048336 -0.010617
v 0.004000 -0.048792 -0.010780
v -0.000500 -0.048852 -0.010811
v -0.000500 -0.048695 -0.010764
v 0.004000 -0.049153 -0.010867
v 0.004000 -0.049194 -0.010875
v 0.004000 -0.049447 -0.010918
v 0.004000 -0.049702 -0.010949
v -0.000500 -0.047895 -0.010451
v -0.000500 -0.047739 -0.010373
v -0.008189 -0.065750 -0.010961
v -0.008209 -0.065750 -0.010959
v -0.008732 -0.065750 -0.010892
v -0.008684 -0.065750 -0.010900
v -0.008684 -0.062768 -0.010915
v -0.008590 -0.059750 -0.010934
v -0.008501 -0.059750 -0.010949
v -0.008590 -0.056732 -0.010932
v -0.008495 -0.056732 -0.010946
v -0.008514 -0.053750 -0.010927
v -0.008501 -0.053750 -0.010929
v -0.005000 -0.048052 -0.010518
v -0.005000 -0.048095 -0.010537
v -0.006518 -0.048159 -0.010559
v -0.008035 -0.048042 -0.010503
v -0.008035 -0.048140 -0.010543
v -0.008198 -0.048044 -0.010501
v -0.008198 -0.048140 -0.010541
v -0.008368 -0.048141 -0.010535
v -0.008368 -0.048239 -0.010573
v -0.008539 -0.048240 -0.010563
v -0.008539 -0.048337 -0.010598
v -0.008709 -0.048338 -0.010583
v -0.008709 -0.048436 -0.010616
v -0.008794 -0.048437 -0.010607
v -0.008794 -0.048535 -0.010637
v -0.008879 -0.048535 -0.010626
v -0.008880 -0.048625 -0.010652
v -0.008963 -0.048625 -0.010638
v -0.008885 -0.048707 -0.010672
v -0.009054 -0.048708 -0.010644
v -0.009054 -0.048799 -0.010665
v -0.009221 -0.048799 -0.010632
v -0.009221 -0.048886 -0.010650
v -0.009375 -0.048881 -0.010612
v -0.009375 -0.048886 -0.010613
v -0.009465 -0.048881 -0.010589
v -0.009465 -0.048969 -0.010604
v -0.009564 -0.048970 -0.010575
v -0.009564 -0.049058 -0.010589
v -0.009663 -0.049058 -0.010557
v -0.009663 -0.049147 -0.010569
v -0.009761 -0.049148 -0.010535
v -0.009762 -0.049326 -0.010553
v -0.009860 -0.049326 -0.010516
v -0.009763 -0.049415 -0.010561
v -0.009861 -0.049505 -0.010530
v -0.009763 -0.049504 -0.010568
v -0.009764 -0.049594 -0.010574
v -0.009665 -0.049504 -0.010604
v -0.009665 -0.049594 -0.010610
v -0.009566 -0.049504 -0.010638
v -0.009566 -0.049593 -0.010645
v -0.009466 -0.049504 -0.010670
v -0.009466 -0.049593 -0.010677
v -0.009375 -0.049505 -0.010698
v -0.009375 -0.049589 -0.010703
v -0.009222 -0.049500 -0.010737
v -0.009222 -0.049589 -0.010745
v -0.009055 -0.049500 -0.010775
v -0.009055 -0.049588 -0.010783
v -0.008887 -0.049500 -0.010808
v -0.008887 -0.049588 -0.010816
v -0.008718 -0.049499 -0.010835
v -0.008718 -0.049588 -0.010844
v -0.008548 -0.049499 -0.010857
v -0.008548 -0.049588 -0.010866
v -0.008378 -0.049499 -0.010874
v -0.008378 -0.049587 -0.010883
v -0.008207 -0.049498 -0.010885
v -0.008207 -0.049587 -0.010894
v -0.008035 -0.049587 -0.010899
v -0.008035 -0.049614 -0.010902
v -0.008035 -0.049676 -0.010908
v -0.008035 -0.049711 -0.010911
v -0.008207 -0.049676 -0.010902
v -0.008207 -0.049765 -0.010909
v -0.008378 -0.049765 -0.010897
v -0.008378 -0.049854 -0.010902
v -0.008548 -0.049854 -0.010885
v -0.008549 -0.049938 -0.010888
v -0.008718 -0.049938 -0.010865
v -0.008887 -0.050022 -0.010838
v -0.008837 -0.050034 -0.010846
v -0.008890 -0.050034 -0.010837
v -0.008997 -0.051903 -0.010829
v -0.008961 -0.053750 -0.010846
v -0.008997 -0.053750 -0.010837
v -0.008965 -0.056732 -0.010857
v -0.009150 -0.056732 -0.010810
v -0.009150 -0.059750 -0.010811
v -0.009188 -0.059750 -0.010801
v -0.009334 -0.062768 -0.010757
v -0.009314 -0.065750 -0.010753
v -0.009334 -0.065750 -0.010747
v -0.009413 -0.059750 -0.010732
v -0.009515 -0.059750 -0.010696
v -0.009515 -0.056732 -0.010697
v -0.009634 -0.059750 -0.010654
v -0.009694 -0.056732 -0.010631
v -0.009694 -0.059750 -0.010630
v -0.009766 -0.069466 -0.010588
v -0.009766 -0.069548 -0.010588
v -0.010046 -0.065750 -0.010477
v -0.010080 -0.067597 -0.010460
v -0.009964 -0.069466 -0.010508
v -0.010058 -0.069466 -0.010465
v -0.010057 -0.069637 -0.010463
v -0.010080 -0.069466 -0.010455
v -0.010153 -0.069637 -0.010419
v -0.010154 -0.069466 -0.010422
v -0.010227 -0.069466 -0.010385
v -0.010227 -0.067597 -0.010388
v -0.010249 -0.069466 -0.010374
v -0.010341 -0.069466 -0.010327
v -0.010248 -0.069637 -0.010372
v -0.010342 -0.069637 -0.010324
v -0.010246 -0.069816 -0.010367
v -0.010340 -0.069816 -0.010320
v -0.010245 -0.069994 -0.010360
v -0.010339 -0.069994 -0.010313
v -0.010244 -0.070173 -0.010351
v -0.010338 -0.070172 -0.010305
v -0.010242 -0.070351 -0.010339
v -0.010050 -0.070618 -0.010395
v -0.010050 -0.070529 -0.010405
v -0.010052 -0.070351 -0.010423
v -0.010053 -0.070173 -0.010437
v -0.010055 -0.069995 -0.010449
v -0.010056 -0.069816 -0.010458
v -0.010066 -0.065750 -0.010468
v -0.010218 -0.065750 -0.010393
v -0.010227 -0.065750 -0.010388
v -0.010276 -0.065750 -0.010364
v -0.010218 -0.062768 -0.010397
v -0.010387 -0.062768 -0.010306
v -0.010275 -0.059750 -0.010366
v -0.010386 -0.059750 -0.010305
v -0.010387 -0.056732 -0.010306
v -0.010480 -0.059750 -0.010253
v -0.010553 -0.056732 -0.010210
v -0.010552 -0.059750 -0.010209
v -0.010680 -0.059750 -0.010130
v -0.010553 -0.062768 -0.010210
v -0.010681 -0.065750 -0.010130
v -0.010432 -0.069994 -0.010265
v -0.010525 -0.069815 -0.010218
v -0.010433 -0.069815 -0.010270
v -0.010526 -0.069637 -0.010221
v -0.010434 -0.069637 -0.010274
v -0.010523 -0.069466 -0.010225
v -0.010435 -0.069466 -0.010275
v -0.010515 -0.067597 -0.010231
v -0.010373 -0.067597 -0.010312
v -0.010481 -0.065750 -0.010251
v -0.010386 -0.065750 -0.010303
v -0.010372 -0.065750 -0.010311
v -0.010152 -0.069816 -0.010413
v -0.010373 -0.069466 -0.010310
v -0.010515 -0.065750 -0.010231
v -0.010552 -0.065750 -0.010208
v -0.010527 -0.069466 -0.010223
v -0.010617 -0.069466 -0.010168
v -0.008965 -0.062768 -0.010857
v -0.008778 -0.053750 -0.010883
v -0.008837 -0.053750 -0.010871
v -0.008872 -0.056732 -0.010878
v -0.008962 -0.059750 -0.010860
v -0.010150 -0.069995 -0.010405
v -0.010149 -0.070173 -0.010395
v -0.010147 -0.070351 -0.010382
v -0.010146 -0.070529 -0.010366
v -0.009764 -0.069817 -0.010579
v -0.009760 -0.070619 -0.010500
v -0.009759 -0.070707 -0.010486
v -0.009662 -0.070707 -0.010516
v -0.008035 -0.048160 -0.010551
v -0.008035 -0.048230 -0.010579
v -0.008198 -0.048238 -0.010579
v -0.008035 -0.048316 -0.010610
v -0.008198 -0.048336 -0.010616
v -0.008035 -0.048336 -0.010617
v -0.008035 -0.048426 -0.010650
v -0.006518 -0.048315 -0.010619
v -0.006518 -0.048472 -0.010675
v -0.005000 -0.048370 -0.010645
v -0.005000 -0.048472 -0.010681
v -0.002750 -0.048370 -0.010653
v -0.005000 -0.048210 -0.010584
v -0.005000 -0.048301 -0.010620
v -0.002750 -0.048209 -0.010591
v -0.005000 -0.048159 -0.010563
v -0.000500 -0.047591 -0.010292
v -0.005000 -0.050034 -0.010973
v -0.008595 -0.051903 -0.010902
v -0.008589 -0.053750 -0.010915
v -0.008676 -0.053750 -0.010901
v -0.008872 -0.053750 -0.010864
v -0.008965 -0.059750 -0.010859
v -0.009333 -0.059750 -0.010756
v -0.009334 -0.056732 -0.010757
v -0.009413 -0.053750 -0.010723
v -0.009470 -0.053750 -0.010704
v -0.009470 -0.051903 -0.010700
v -0.009515 -0.053750 -0.010688
v -0.009625 -0.051903 -0.010647
v -0.009634 -0.053750 -0.010648
v -0.009694 -0.053750 -0.010624
v -0.009778 -0.053750 -0.010591
v -0.009852 -0.053750 -0.010562
v -0.010481 -0.053750 -0.010251
v -0.010386 -0.053750 -0.010303
v -0.010373 -0.051903 -0.010312
v -0.010372 -0.053750 -0.010311
v -0.010276 -0.053750 -0.010364
v -0.010217 -0.059750 -0.010395
v -0.010249 -0.050034 -0.010374
v -0.010341 -0.050034 -0.010327
v -0.010373 -0.050034 -0.010310
v -0.010435 -0.050034 -0.010275
v -0.010434 -0.049863 -0.010274
v -0.010523 -0.050034 -0.010225
v -0.010526 -0.049863 -0.010221
v -0.010527 -0.050034 -0.010223
v -0.010617 -0.050034 -0.010168
v -0.010515 -0.051903 -0.010231
v -0.010552 -0.053750 -0.010208
v -0.010681 -0.053750 -0.010130
v -0.010715 -0.059750 -0.010107
v -0.008400 -0.056732 -0.010959
v -0.008352 -0.053750 -0.010946
v -0.008304 -0.053750 -0.010951
v -0.008352 -0.051903 -0.010931
v -0.008351 -0.050034 -0.010909
v -0.008259 -0.050034 -0.010917
v -0.009150 -0.053750 -0.010799
v -0.009156 -0.051903 -0.010791
v -0.009156 -0.053750 -0.010798
v -0.009188 -0.053750 -0.010789
v -0.006518 -0.049780 -0.010940
v -0.008035 -0.049854 -0.010919
v -0.008035 -0.049864 -0.010920
v -0.008207 -0.049854 -0.010914
v -0.008378 -0.049938 -0.010905
v -0.006518 -0.049282 -0.010879
v -0.008035 -0.049410 -0.010878
v -0.008035 -0.049448 -0.010884
v -0.008207 -0.049410 -0.010874
v -0.008377 -0.049146 -0.010822
v -0.008547 -0.049147 -0.010807
v -0.008377 -0.049059 -0.010806
v -0.008547 -0.049059 -0.010791
v -0.008377 -0.048972 -0.010788
v -0.008547 -0.048972 -0.010774
v -0.008377 -0.048885 -0.010769
v -0.008547 -0.048885 -0.010755
v -0.008377 -0.048798 -0.010748
v -0.008547 -0.048798 -0.010735
v -0.008377 -0.048707 -0.010725
v -0.008547 -0.048707 -0.010712
v -0.008390 -0.048625 -0.010702
v -0.008539 -0.048625 -0.010690
v -0.008539 -0.048535 -0.010664
v -0.008546 -0.048625 -0.010689
v -0.008636 -0.048625 -0.010682
v -0.008716 -0.048707 -0.010695
v -0.008716 -0.048798 -0.010717
v -0.008885 -0.048799 -0.010693
v -0.008886 -0.048885 -0.010712
v -0.009054 -0.048886 -0.010683
v -0.009054 -0.048973 -0.010700
v -0.009222 -0.048973 -0.010666
v -0.009222 -0.049060 -0.010681
v -0.009375 -0.048992 -0.010633
v -0.009375 -0.049058 -0.010643
v -0.009465 -0.049058 -0.010618
v -0.009375 -0.049061 -0.010643
v -0.009465 -0.049147 -0.010631
v -0.009375 -0.049147 -0.010656
v -0.009375 -0.049148 -0.010656
v -0.009222 -0.049148 -0.010695
v -0.009222 -0.049236 -0.010707
v -0.009054 -0.049148 -0.010731
v -0.009054 -0.049235 -0.010744
v -0.008886 -0.049147 -0.010761
v -0.008886 -0.049235 -0.010775
v -0.008717 -0.049147 -0.010787
v -0.008717 -0.049235 -0.010801
v -0.008547 -0.049234 -0.010822
v -0.008377 -0.049234 -0.010837
v -0.008207 -0.049146 -0.010832
v -0.008207 -0.049234 -0.010848
v -0.008035 -0.049146 -0.010836
v -0.008035 -0.049234 -0.010852
v -0.006518 -0.048954 -0.010812
v -0.008035 -0.049061 -0.010821
v -0.008035 -0.049119 -0.010831
v -0.008207 -0.049059 -0.010816
v -0.008207 -0.048798 -0.010757
v -0.008207 -0.048884 -0.010778
v -0.008035 -0.048847 -0.010773
v -0.008035 -0.048884 -0.010781
v -0.008709 -0.048535 -0.010647
v -0.008539 -0.048436 -0.010632
v -0.008369 -0.048435 -0.010643
v -0.008369 -0.048535 -0.010675
v -0.008198 -0.048435 -0.010650
v -0.008198 -0.048534 -0.010682
v -0.008035 -0.048473 -0.010665
v -0.008035 -0.048534 -0.010684
v -0.005000 -0.048510 -0.010695
v -0.008378 -0.049676 -0.010891
v -0.008548 -0.049676 -0.010874
v -0.008548 -0.049765 -0.010880
v -0.008718 -0.049765 -0.010857
v -0.008718 -0.049854 -0.010862
v -0.008887 -0.049854 -0.010833
v -0.008887 -0.049938 -0.010836
v -0.009055 -0.049938 -0.010802
v -0.009056 -0.050022 -0.010803
v -0.009222 -0.050022 -0.010763
v -0.009156 -0.050034 -0.010779
v -0.009222 -0.050034 -0.010762
v -0.009314 -0.051903 -0.010748
v -0.009314 -0.053750 -0.010753
v -0.009334 -0.053750 -0.010747
v -0.009466 -0.050034 -0.010692
v -0.009470 -0.050034 -0.010690
v -0.009467 -0.049952 -0.010692
v -0.009567 -0.049952 -0.010659
v -0.009466 -0.049862 -0.010690
v -0.009567 -0.049862 -0.010657
v -0.009567 -0.049773 -0.010654
v -0.009765 -0.049863 -0.010586
v -0.009765 -0.049773 -0.010583
v -0.009864 -0.049863 -0.010547
v -0.009862 -0.049684 -0.010540
v -0.009961 -0.049863 -0.010506
v -0.009960 -0.049684 -0.010500
v -0.010056 -0.049684 -0.010458
v -0.010227 -0.053750 -0.010388
v -0.008400 -0.053750 -0.010940
v -0.010515 -0.053750 -0.010231
v -0.009930 -0.050034 -0.010522
v -0.009864 -0.050034 -0.010549
v -0.009779 -0.051903 -0.010589
v -0.009667 -0.049952 -0.010624
v -0.009625 -0.050034 -0.010639
v -0.009667 -0.050034 -0.010624
v -0.008877 -0.047764 -0.010339
v -0.008876 -0.047670 -0.010295
v -0.008876 -0.047577 -0.010250
v -0.008876 -0.047485 -0.010203
v -0.008876 -0.047394 -0.010155
v -0.008875 -0.047303 -0.010105
v -0.008035 -0.049765 -0.010914
v -0.008035 -0.049780 -0.010915
v -0.008035 -0.049493 -0.010890
v -0.008035 -0.049322 -0.010866
v -0.008207 -0.049322 -0.010861
v -0.008377 -0.049410 -0.010863
v -0.008377 -0.049322 -0.010851
v -0.008548 -0.049411 -0.010847
v -0.008548 -0.049322 -0.010835
v -0.008717 -0.049411 -0.010825
v -0.008717 -0.049323 -0.010814
v -0.008886 -0.049411 -0.010798
v -0.008886 -0.049323 -0.010787
v -0.009055 -0.049412 -0.010766
v -0.009055 -0.049323 -0.010756
v -0.009222 -0.049412 -0.010729
v -0.009222 -0.049324 -0.010719
v -0.009375 -0.049412 -0.010688
v -0.009375 -0.049325 -0.010679
v -0.009466 -0.049414 -0.010662
v -0.009466 -0.049325 -0.010653
v -0.009565 -0.049415 -0.010630
v -0.009565 -0.049325 -0.010622
v -0.009665 -0.049415 -0.010597
v -0.009664 -0.049326 -0.010588
v -0.009375 -0.049248 -0.010671
v -0.008035 -0.049276 -0.010860
v -0.008207 -0.048971 -0.010797
v -0.008035 -0.048955 -0.010797
v -0.008035 -0.048971 -0.010800
v -0.008206 -0.048625 -0.010709
v -0.008198 -0.048625 -0.010709
v -0.008145 -0.048625 -0.010711
v -0.008206 -0.048707 -0.010733
v -0.008035 -0.048707 -0.010735
v -0.008035 -0.048793 -0.010758
v -0.008035 -0.048798 -0.010759
v -0.008035 -0.048625 -0.010712
v -0.008369 -0.048337 -0.010609
v -0.009375 -0.048052 -0.010396
v -0.009299 -0.048051 -0.010408
v -0.009215 -0.048051 -0.010420
v -0.009131 -0.048050 -0.010431
v -0.009046 -0.048049 -0.010441
v -0.008962 -0.048049 -0.010451
v -0.008877 -0.048048 -0.010459
v -0.008793 -0.048048 -0.010467
v -0.008708 -0.048047 -0.010474
v -0.008538 -0.048046 -0.010486
v -0.008368 -0.048045 -0.010495
v -0.008035 -0.048037 -0.010501
v -0.008035 -0.047664 -0.010324
v -0.008035 -0.047705 -0.010345
v -0.008035 -0.047847 -0.010415
v -0.008197 -0.047758 -0.010370
v -0.008197 -0.047481 -0.010222
v -0.008997 -0.050034 -0.010815
v -0.009055 -0.050034 -0.010802
v -0.009098 -0.050034 -0.010793
v -0.009304 -0.050034 -0.010741
v -0.009375 -0.050034 -0.010720
v -0.009375 -0.050022 -0.010720
v -0.009375 -0.049952 -0.010719
v -0.009375 -0.049938 -0.010718
v -0.009222 -0.049938 -0.010762
v -0.009375 -0.049862 -0.010717
v -0.009222 -0.049854 -0.010759
v -0.009375 -0.049855 -0.010717
v -0.009375 -0.049772 -0.010715
v -0.009375 -0.049762 -0.010715
v -0.009566 -0.049683 -0.010650
v -0.009375 -0.049683 -0.010709
v -0.009375 -0.049677 -0.010709
v -0.009375 -0.049593 -0.010704
v -0.009574 -0.050034 -0.010658
v -0.009766 -0.049952 -0.010588
v -0.009766 -0.050034 -0.010588
v -0.009771 -0.050034 -0.010587
v -0.010342 -0.049863 -0.010324
v -0.010340 -0.049685 -0.010320
v -0.010339 -0.049506 -0.010313
v -0.010337 -0.049328 -0.010305
v -0.010433 -0.049685 -0.010270
v -0.010432 -0.049506 -0.010265
v -0.010525 -0.049685 -0.010218
v -0.009375 -0.049414 -0.010688
v -0.009222 -0.049677 -0.010751
v -0.009055 -0.049677 -0.010790
v -0.008887 -0.049677 -0.010823
v -0.008718 -0.049676 -0.010851
v -0.008717 -0.049059 -0.010771
v -0.008717 -0.048972 -0.010754
v -0.008716 -0.048885 -0.010736
v -0.008887 -0.049765 -0.010829
v -0.009055 -0.049766 -0.010795
v -0.009222 -0.049766 -0.010756
v -0.008886 -0.049060 -0.010746
v -0.008886 -0.048972 -0.010730
v -0.008716 -0.048625 -0.010672
v -0.008794 -0.048625 -0.010663
v -0.009565 -0.049147 -0.010601
v -0.008709 -0.048625 -0.010673
v -0.009055 -0.049854 -0.010799
v -0.009054 -0.049060 -0.010716
v -0.009221 -0.048708 -0.010612
v -0.009375 -0.048739 -0.010584
v -0.009375 -0.048708 -0.010578
v -0.009465 -0.048705 -0.010555
v -0.009375 -0.048704 -0.010577
v -0.009375 -0.048625 -0.010559
v -0.009299 -0.048625 -0.010575
v -0.009299 -0.048536 -0.010554
v -0.009216 -0.048536 -0.010571
v -0.009216 -0.048438 -0.010544
v -0.009132 -0.048438 -0.010559
v -0.009131 -0.048340 -0.010529
v -0.009047 -0.048340 -0.010542
v -0.009047 -0.048242 -0.010510
v -0.008963 -0.048242 -0.010521
v -0.008962 -0.048145 -0.010487
v -0.008878 -0.048144 -0.010496
v -0.009221 -0.048625 -0.010591
v -0.009216 -0.048625 -0.010593
v -0.009122 -0.048625 -0.010612
v -0.009053 -0.048625 -0.010623
v -0.009048 -0.048625 -0.010624
v -0.009048 -0.048536 -0.010601
v -0.008963 -0.048536 -0.010614
v -0.008963 -0.048437 -0.010585
v -0.008879 -0.048437 -0.010596
v -0.008878 -0.048339 -0.010565
v -0.008794 -0.048338 -0.010575
v -0.008793 -0.048241 -0.010540
v -0.008709 -0.048240 -0.010549
v -0.008708 -0.048143 -0.010512
v -0.008538 -0.048142 -0.010525
v -0.009953 -0.048793 -0.010420
v -0.009856 -0.048793 -0.010454
v -0.009759 -0.048793 -0.010486
v -0.009662 -0.048793 -0.010516
v -0.009563 -0.048793 -0.010545
v -0.009465 -0.048793 -0.010572
v -0.009375 -0.048793 -0.010595
v -0.009375 -0.048799 -0.010596
v -0.009375 -0.049324 -0.010679
v -0.009564 -0.048881 -0.010561
v -0.009662 -0.048970 -0.010545
v -0.009760 -0.048970 -0.010512
v -0.009859 -0.049148 -0.010499
v -0.009957 -0.049326 -0.010478
v -0.009958 -0.049505 -0.010490
v -0.010055 -0.049505 -0.010449
v -0.009047 -0.048146 -0.010476
v -0.009131 -0.048243 -0.010498
v -0.009215 -0.048340 -0.010515
v -0.009464 -0.048625 -0.010536
v -0.008793 -0.048144 -0.010505
v -0.008878 -0.048241 -0.010531
v -0.008963 -0.048339 -0.010554
v -0.009047 -0.048437 -0.010572
v -0.009132 -0.048536 -0.010586
v -0.009375 -0.048054 -0.010397
v -0.009375 -0.048115 -0.010418
v -0.009299 -0.048147 -0.010440
v -0.009375 -0.048148 -0.010428
v -0.009375 -0.048244 -0.010457
v -0.009375 -0.048246 -0.010457
v -0.009299 -0.048341 -0.010500
v -0.009215 -0.048147 -0.010453
v -0.009299 -0.048244 -0.010471
v -0.009215 -0.048243 -0.010485
v -0.009131 -0.048146 -0.010465
v -0.009046 -0.047765 -0.010325
v -0.009215 -0.047766 -0.010310
v -0.009046 -0.047671 -0.010284
v -0.009045 -0.047578 -0.010240
v -0.009045 -0.047486 -0.010195
v -0.009045 -0.047395 -0.010149
v -0.009214 -0.047672 -0.010271
v -0.009214 -0.047579 -0.010229
v -0.009214 -0.047487 -0.010186
v -0.009375 -0.047347 -0.010111
v -0.009375 -0.047394 -0.010134
v -0.009413 -0.047392 -0.010128
v -0.009473 -0.047484 -0.010160
v -0.009523 -0.047483 -0.010152
v -0.009573 -0.047482 -0.010144
v -0.009623 -0.047481 -0.010135
v -0.009673 -0.047480 -0.010127
v -0.009773 -0.047478 -0.010110
v -0.009447 -0.047251 -0.010059
v -0.009396 -0.047253 -0.010064
v -0.010053 -0.049327 -0.010437
v -0.010052 -0.049149 -0.010423
v -0.010050 -0.048971 -0.010405
v -0.010050 -0.048882 -0.010395
v -0.009954 -0.048882 -0.010432
v -0.009954 -0.048971 -0.010442
v -0.009956 -0.049148 -0.010462
v -0.009764 -0.049683 -0.010579
v -0.009857 -0.048882 -0.010466
v -0.009858 -0.048970 -0.010478
v -0.010124 -0.048351 -0.010271
v -0.010034 -0.048447 -0.010325
v -0.010130 -0.048449 -0.010293
v -0.010135 -0.048547 -0.010314
v -0.010143 -0.048625 -0.010328
v -0.010239 -0.048705 -0.010300
v -0.010333 -0.048794 -0.010269
v -0.010427 -0.048883 -0.010233
v -0.010521 -0.048972 -0.010193
v -0.010614 -0.049150 -0.010152
v -0.010705 -0.049329 -0.010105
v -0.010230 -0.048550 -0.010279
v -0.010233 -0.048625 -0.010292
v -0.010237 -0.048625 -0.010291
v -0.010333 -0.048705 -0.010261
v -0.010427 -0.048794 -0.010227
v -0.010520 -0.048883 -0.010189
v -0.010613 -0.048972 -0.010146
v -0.010704 -0.049150 -0.010101
v -0.010220 -0.048353 -0.010240
v -0.010225 -0.048451 -0.010260
v -0.010316 -0.048355 -0.010207
v -0.010320 -0.048454 -0.010225
v -0.010368 -0.048455 -0.010208
v -0.010324 -0.048553 -0.010243
v -0.010372 -0.048555 -0.010225
v -0.010347 -0.048625 -0.010248
v -0.010374 -0.048625 -0.010236
v -0.010426 -0.048705 -0.010221
v -0.010520 -0.048794 -0.010184
v -0.010612 -0.048883 -0.010143
v -0.010704 -0.048972 -0.010097
v -0.010700 -0.048625 -0.010087
v -0.010467 -0.048625 -0.010195
v -0.010425 -0.048625 -0.010214
v -0.010466 -0.048558 -0.010187
v -0.010419 -0.048556 -0.010206
v -0.010462 -0.048459 -0.010172
v -0.010415 -0.048457 -0.010190
v -0.010459 -0.048359 -0.010156
v -0.010411 -0.048357 -0.010173
v -0.010514 -0.048625 -0.010175
v -0.010421 -0.048625 -0.010216
v -0.009662 -0.048881 -0.010531
v -0.009760 -0.048881 -0.010500
v -0.010601 -0.048364 -0.010102
v -0.010603 -0.048464 -0.010115
v -0.009938 -0.048445 -0.010355
v -0.009750 -0.048540 -0.010438
v -0.009992 -0.047765 -0.010156
v -0.010090 -0.047764 -0.010132
v -0.010084 -0.047667 -0.010107
v -0.010182 -0.047667 -0.010085
v -0.009985 -0.047668 -0.010129
v -0.009500 -0.047767 -0.010267
v -0.009590 -0.047671 -0.010213
v -0.009681 -0.047575 -0.010160
v -0.009482 -0.047578 -0.010197
v -0.009532 -0.047577 -0.010188
v -0.009582 -0.047577 -0.010179
v -0.009491 -0.047672 -0.010233
v -0.009442 -0.047673 -0.010243
v -0.009498 -0.047250 -0.010054
v -0.009725 -0.048151 -0.010337
v -0.009920 -0.048153 -0.010283
v -0.010648 -0.048365 -0.010084
v -0.010695 -0.048367 -0.010065
v -0.010398 -0.048060 -0.010119
v -0.010490 -0.047963 -0.010072
vn -0.1961 0.9806 -0.0000
vn -0.1543 0.9880 -0.0001
vn -0.0751 0.4131 -0.9076
vn -0.1544 0.9880 -0.0001
vn -0.1191 0.9929 0.0005
vn -0.0805 0.4565 -0.8861
vn 0.0000 -0.0000 1.0000
vn -0.1037 0.9946 -0.0000
vn -0.0358 0.4259 -0.9041
vn -0.0756 0.9971 0.0000
vn -0.0405 0.4428 -0.8957
vn -0.0095 1.0000 -0.0000
vn 0.0000 0.4568 -0.8896
vn -0.0000 1.0000 0.0000
vn -0.0000 0.5492 -0.8357
vn -0.0003 0.5655 -0.8247
vn 0.0903 0.9959 0.0002
vn 0.0182 0.9998 0.0000
vn 0.0875 0.4367 -0.8953
vn 0.0776 0.9970 0.0001
vn 0.0456 0.4369 -0.8983
vn 0.1071 0.9942 0.0001
vn 0.1000 0.9950 -0.0000
vn 0.0539 0.4290 -0.9017
vn 0.0805 0.4565 -0.8861
vn 0.0751 0.4131 -0.9076
vn 0.2348 0.9720 0.0000
vn 0.1028 0.3484 -0.9317
vn 0.2169 0.9762 0.0000
vn 0.3344 0.9424 0.0001
vn 0.0915 0.3354 -0.9376
vn 0.3012 0.9536 -0.0004
vn 0.3510 0.9364 0.0002
vn 0.1343 0.3262 -0.9357
vn 0.4467 0.8947 0.0000
vn 0.3379 0.9412 0.0000
vn 0.1298 0.3220 -0.9378
vn 0.3713 0.9285 -0.0005
vn 0.4190 0.9080 0.0000
vn 0.1504 0.3123 -0.9380
vn 0.4556 0.8902 -0.0002
vn 0.4472 0.8944 -0.0001
vn 0.1471 0.2941 -0.9444
vn 0.1470 0.2941 -0.9444
vn 0.5145 0.8575 -0.0000
vn 0.5190 0.8548 -0.0000
vn 0.5548 0.8320 0.0000
vn 0.0001 0.0002 1.0000
vn 0.1783 0.2668 -0.9471
vn 0.1920 0.2562 -0.9474
vn 0.5926 0.8055 -0.0002
vn 0.1429 0.2852 -0.9478
vn 0.0001 0.0000 1.0000
vn 0.2033 0.2485 -0.9471
vn 0.6401 0.7683 0.0000
vn 0.6644 0.7474 0.0002
vn 0.2069 0.2413 -0.9481
vn 0.7071 0.7071 -0.0002
vn 0.7295 0.6839 0.0001
vn 0.2363 0.2283 -0.9445
vn 0.2215 0.2216 -0.9496
vn 0.7828 0.6223 0.0001
vn 0.7065 0.7078 -0.0000
vn 0.2433 0.2438 -0.9388
vn 0.8240 0.5665 -0.0000
vn 0.7794 0.6266 -0.0001
vn 0.8093 0.5874 -0.0004
vn 0.7809 0.6247 0.0005
vn 0.8321 0.5546 0.0000
vn 0.0000 -0.0001 1.0000
vn 0.8396 0.5432 0.0000
vn 0.2698 0.1798 -0.9460
vn 0.2770 0.1848 -0.9429
vn 0.2770 0.1847 -0.9429
vn 0.8706 0.4921 0.0000
vn 0.8720 0.4895 -0.0000
vn 0.8705 0.4921 -0.0000
vn 0.9119 0.4104 -0.0000
vn 0.3160 0.1532 -0.9363
vn 0.9284 0.3715 0.0000
vn 0.9306 0.3661 -0.0004
vn 0.3305 0.1240 -0.9356
vn 0.9388 0.3445 -0.0004
vn 0.9487 0.3161 0.0008
vn 0.3333 0.1228 -0.9348
vn 0.9806 0.1960 -0.0004
vn 0.9806 0.1959 -0.0003
vn 0.9701 0.2425 0.0003
vn 0.9615 0.2748 0.0000
vn 0.9603 0.2788 -0.0000
vn 0.3663 0.0916 -0.9260
vn 0.4182 0.0696 -0.9057
vn -0.0000 0.0001 1.0000
vn 0.3539 0.0748 -0.9323
vn 0.9762 0.2170 0.0000
vn 0.9905 0.1377 0.0000
vn 0.9912 0.1321 -0.0002
vn 0.4180 0.1045 -0.9024
vn 0.9937 0.1118 0.0003
vn 0.4304 0.0614 -0.9005
vn 1.0000 0.0000 -0.0009
vn 0.4472 0.0000 -0.8944
vn 1.0000 0.0000 -0.0007
vn 0.9995 0.0313 0.0001
vn 0.4481 0.0225 -0.8937
vn 0.4481 0.0224 -0.8937
vn 1.0000 0.0000 -0.0000
vn 0.5559 0.0003 -0.8313
vn 0.9994 -0.0338 -0.0002
vn 0.4458 -0.0431 -0.8941
vn 1.0000 0.0000 -0.0008
vn 0.4458 -0.0432 -0.8941
vn 0.9914 -0.1305 -0.0000
vn 1.0000 -0.0001 -0.0007
vn 0.9762 -0.2170 0.0000
vn 0.3757 -0.0578 -0.9249
vn 0.9784 -0.2069 0.0000
vn 0.9864 -0.1644 -0.0004
vn 0.9656 -0.2599 0.0000
vn 0.9777 -0.2098 0.0005
vn 0.9762 -0.2170 0.0005
vn 0.9806 -0.1962 -0.0005
vn 0.3580 -0.1119 -0.9270
vn 0.3481 -0.0696 -0.9349
vn 0.3334 -0.1228 -0.9348
vn 0.9383 -0.3457 -0.0003
vn 0.9306 -0.3661 -0.0001
vn 0.3306 -0.1240 -0.9356
vn 0.9104 -0.4137 0.0000
vn 0.9034 -0.4288 -0.0000
vn 0.9126 -0.4089 0.0000
vn 0.9285 -0.3714 0.0001
vn 0.8706 -0.4920 0.0000
vn 0.3160 -0.1533 -0.9363
vn 1.0000 0.0000 -0.0001
vn 0.8658 -0.5004 -0.0002
vn 0.8946 -0.4468 0.0001
vn 0.8548 -0.5190 0.0001
vn 0.8320 -0.5547 0.0000
vn 0.8321 -0.5547 0.0000
vn 0.8320 -0.5548 0.0000
vn 1.0000 -0.0001 0.0000
vn 0.8054 -0.5927 -0.0002
vn 0.8239 -0.5667 -0.0000
vn 0.2494 -0.2150 -0.9442
vn 0.2436 -0.2423 -0.9391
vn 0.7808 -0.6248 -0.0017
vn 0.2492 -0.2153 -0.9442
vn 0.2216 -0.2216 -0.9496
vn 0.7086 -0.7056 -0.0002
vn 0.2224 -0.2358 -0.9460
vn 0.2263 -0.2262 -0.9474
vn 0.6507 -0.7594 -0.0000
vn 0.2262 -0.2262 -0.9474
vn 0.6668 -0.7452 -0.0000
vn -0.0001 0.0000 1.0000
vn 0.6769 -0.7360 0.0004
vn 0.6756 -0.7373 0.0004
vn 0.5926 -0.8055 -0.0000
vn 0.1998 -0.2554 -0.9460
vn 0.5407 -0.8412 0.0003
vn 0.5927 -0.8054 0.0000
vn 0.6004 -0.7997 0.0000
vn 0.1801 -0.2702 -0.9458
vn 0.5545 -0.8322 -0.0000
vn 0.5248 -0.8512 -0.0001
vn 0.5262 -0.8504 0.0001
vn 0.4411 -0.8975 0.0002
vn 0.4857 -0.8741 0.0000
vn 0.1470 -0.2941 -0.9444
vn 0.4104 -0.9119 -0.0000
vn 0.1657 -0.2946 -0.9411
vn 0.4337 -0.9011 0.0000
vn 0.4467 -0.8947 0.0000
vn 0.4466 -0.8947 -0.0000
vn 0.3378 -0.9412 -0.0000
vn 0.3528 -0.9357 0.0003
vn 0.2869 -0.9580 -0.0003
vn 0.1249 -0.3327 -0.9347
vn 0.0921 -0.3455 -0.9339
vn 0.1102 -0.3306 -0.9373
vn 0.0914 -0.3354 -0.9376
vn 0.1962 -0.9806 -0.0000
vn 0.2316 -0.9728 0.0003
vn 0.0894 -0.3703 -0.9246
vn 0.0762 -0.3902 -0.9176
vn 0.1958 -0.9806 -0.0000
vn 0.1735 -0.9848 -0.0000
vn 0.0511 -0.4333 -0.8998
vn 0.1086 -0.9941 0.0001
vn 0.1037 -0.9946 -0.0000
vn 0.0455 -0.4369 -0.8984
vn 0.0153 -0.9999 0.0000
vn 0.0929 -0.9957 0.0004
vn 0.0542 -0.4253 -0.9034
vn 0.0095 -1.0000 -0.0000
vn 0.0221 -0.9998 -0.0001
vn -0.0000 -0.4568 -0.8896
vn 0.0000 -1.0000 -0.0000
vn 0.0000 -0.5492 -0.8357
vn -0.0000 -0.5491 -0.8357
vn -0.0905 -0.9959 0.0002
vn -0.0181 -0.9998 0.0000
vn -0.1958 -0.9807 -0.0003
vn -0.1071 -0.9942 0.0001
vn -0.0385 -0.4242 -0.9047
vn -0.1037 -0.9946 -0.0000
vn -0.1543 -0.9880 -0.0001
vn -0.0455 -0.4369 -0.8983
vn -0.0511 -0.4333 -0.8998
vn -0.1192 -0.9929 0.0005
vn -0.1789 -0.9839 -0.0000
vn -0.0328 -0.3879 -0.9211
vn -0.2348 -0.9720 -0.0000
vn -0.2095 -0.9778 -0.0000
vn -0.2170 -0.9762 -0.0000
vn -0.3014 -0.9535 -0.0004
vn -0.1103 -0.3306 -0.9373
vn -0.3163 -0.9486 -0.0006
vn -0.3295 -0.9442 0.0001
vn -0.1242 -0.3330 -0.9347
vn -0.1057 -0.3324 -0.9372
vn -0.3976 -0.9175 -0.0001
vn -0.1195 -0.3329 -0.9354
vn -0.1298 -0.3220 -0.9378
vn -0.4192 -0.9079 0.0000
vn -0.4337 -0.9011 -0.0000
vn -0.4556 -0.8902 -0.0000
vn -0.4139 -0.9103 0.0000
vn -0.4639 -0.8859 -0.0000
vn -0.5261 -0.8504 0.0001
vn -0.1529 -0.2919 -0.9441
vn -0.1606 -0.2891 -0.9437
vn -0.1689 -0.2818 -0.9445
vn -0.1692 -0.2818 -0.9444
vn -0.6060 -0.7955 0.0002
vn -0.5609 -0.8279 0.0000
vn -0.6003 -0.7998 0.0000
vn -0.6091 -0.7931 -0.0000
vn -0.5927 -0.8054 -0.0001
vn -0.1999 -0.2553 -0.9460
vn -0.6401 -0.7683 0.0000
vn -0.6650 -0.7468 -0.0000
vn -0.6644 -0.7474 -0.0000
vn -0.2068 -0.2414 -0.9481
vn -0.7072 -0.7070 -0.0003
vn -0.7071 -0.7071 -0.0003
vn -0.5994 -0.8005 -0.0003
vn -0.7483 -0.6634 0.0001
vn -0.2433 -0.2182 -0.9451
vn -0.2454 -0.2181 -0.9446
vn -0.2442 -0.2164 -0.9453
vn -0.7794 -0.6265 -0.0001
vn -0.7793 -0.6266 -0.0000
vn -0.7685 -0.6399 -0.0000
vn -0.8214 -0.5704 -0.0002
vn -0.2598 -0.1949 -0.9458
vn -0.7962 -0.6050 0.0003
vn -0.8237 -0.5670 -0.0001
vn -0.8396 -0.5432 -0.0000
vn -0.2802 -0.1623 -0.9461
vn -0.2771 -0.1847 -0.9429
vn -0.8974 -0.4411 -0.0003
vn -0.2957 -0.1661 -0.9407
vn -0.8706 -0.4921 0.0000
vn -0.8974 -0.4412 -0.0002
vn -0.8944 -0.4473 -0.0001
vn -0.9363 -0.3511 0.0000
vn -0.9123 -0.4095 -0.0003
vn -0.9487 -0.3163 0.0008
vn -0.2495 -0.1245 -0.9603
vn -0.9540 -0.2997 -0.0003
vn -0.9472 -0.3208 -0.0001
vn -0.3481 -0.0696 -0.9349
vn -0.3538 -0.1082 -0.9290
vn -0.3653 -0.0984 -0.9257
vn -0.9728 -0.2316 0.0004
vn -0.3663 -0.0916 -0.9260
vn -0.9864 -0.1644 -0.0002
vn -0.3539 -0.0748 -0.9323
vn -0.3757 -0.0578 -0.9249
vn -0.9880 -0.1543 0.0004
vn -0.9978 -0.0665 -0.0003
vn -0.9701 -0.2426 -0.0000
vn -0.9937 -0.1117 0.0003
vn -0.9953 -0.0963 0.0000
vn -0.9954 -0.0963 -0.0000
vn -1.0000 -0.0000 -0.0007
vn -0.4481 -0.0224 -0.8937
vn -0.5619 -0.0000 -0.8272
vn -0.5619 0.0004 -0.8272
vn -0.9999 0.0154 -0.0004
vn -0.4481 0.0224 -0.8937
vn -0.4488 0.0419 -0.8927
vn -0.9942 0.1071 0.0003
vn -0.4472 0.0000 -0.8944
vn -0.9973 0.0739 -0.0000
vn -0.9915 0.1304 -0.0000
vn -0.9943 0.1070 0.0003
vn -0.4104 0.0541 -0.9103
vn -0.9884 0.1521 0.0002
vn -0.3635 0.0246 -0.9313
vn -0.3757 0.0578 -0.9249
vn -0.9864 0.1642 -0.0000
vn -0.9784 0.2070 0.0000
vn -0.9864 0.1645 -0.0004
vn -0.9603 0.2789 0.0000
vn -0.3676 0.0889 -0.9257
vn -0.9762 0.2169 0.0005
vn -0.9615 0.2747 -0.0001
vn -0.9545 0.2983 -0.0004
vn -0.9806 0.1958 -0.0004
vn -0.9306 0.3661 -0.0001
vn -0.9475 0.3196 0.0001
vn -0.2490 0.1245 -0.9605
vn -0.9363 0.3511 0.0000
vn -0.3246 0.1276 -0.9372
vn -0.3260 0.1463 -0.9340
vn -0.9123 0.4096 -0.0003
vn -0.3160 0.1532 -0.9363
vn -0.8998 0.4363 0.0002
vn -0.8691 0.4946 -0.0002
vn -0.3061 0.1531 -0.9396
vn -0.3060 0.1531 -0.9396
vn -0.8320 0.5547 -0.0002
vn -0.8565 0.5161 0.0001
vn -0.2726 0.1763 -0.9458
vn -0.8320 0.5548 -0.0002
vn -0.2670 0.1836 -0.9460
vn -0.7681 0.6403 0.0000
vn -0.2494 0.2150 -0.9442
vn -0.7065 0.7077 -0.0000
vn -0.7420 0.6704 -0.0000
vn -0.7072 0.7071 0.0000
vn -0.7086 0.7056 -0.0003
vn -0.7808 0.6248 -0.0017
vn -0.2182 0.2906 -0.9316
vn -0.6668 0.7452 -0.0000
vn -0.2069 0.2413 -0.9481
vn -0.6770 0.7360 0.0004
vn -0.6401 0.7683 -0.0000
vn -0.5899 0.8075 0.0001
vn -0.2033 0.2485 -0.9471
vn -0.1428 0.2852 -0.9478
vn -0.0001 0.0002 1.0000
vn -0.1920 0.2562 -0.9474
vn -0.1921 0.2562 -0.9474
vn -0.5548 0.8320 0.0000
vn -0.5589 0.8293 -0.0001
vn -0.5116 0.8592 -0.0000
vn -0.5249 0.8512 0.0001
vn -0.5145 0.8575 0.0000
vn -0.4671 0.8842 0.0000
vn -0.4839 0.8751 0.0001
vn -0.4138 0.9104 -0.0000
vn -0.4372 0.8994 0.0002
vn -0.1448 0.3621 -0.9208
vn -0.4339 0.9010 0.0000
vn -0.3528 0.9357 0.0003
vn -0.1409 0.3251 -0.9351
vn -0.4466 0.8947 0.0000
vn -0.3529 0.9357 0.0002
vn -0.3379 0.9412 0.0000
vn -0.3511 0.9363 0.0003
vn -0.1242 0.3330 -0.9347
vn -0.1247 0.3328 -0.9347
vn -0.2747 0.9615 0.0001
vn -0.2632 0.9647 0.0000
vn -0.2631 0.9648 0.0000
vn -0.2822 0.9594 -0.0005
vn -0.2348 0.9720 0.0000
vn -0.0910 0.3816 -0.9198
vn -0.1256 0.3802 -0.9163
vn -0.0911 0.3817 -0.9198
vn -0.1422 0.3540 -0.9244
vn -0.0640 0.4019 -0.9134
vn -0.1762 0.3582 -0.9169
vn -0.1563 0.3830 -0.9104
vn -0.1384 0.3838 -0.9130
vn -0.0774 0.3975 -0.9143
vn -0.1188 0.3959 -0.9106
vn -0.1159 0.4007 -0.9089
vn -0.0763 0.4459 -0.8918
vn -0.0772 0.4302 -0.8994
vn -0.0474 0.4348 -0.8993
vn -0.0209 0.4588 -0.8883
vn -0.0104 0.4857 -0.8741
vn -0.0103 0.4972 -0.8676
vn -0.0233 0.5043 -0.8632
vn 0.0000 0.4823 -0.8760
vn -0.0022 0.5257 -0.8507
vn -0.1190 0.3637 -0.9239
vn -0.1081 0.7036 -0.7023
vn -0.2093 0.3432 -0.9156
vn -0.1189 0.3637 -0.9239
vn -0.2162 0.3216 -0.9219
vn -0.0926 0.3647 -0.9265
vn -0.1263 0.3343 -0.9340
vn -0.0977 0.3730 -0.9227
vn -0.1098 0.3701 -0.9225
vn -0.0799 0.3986 -0.9137
vn -0.1132 0.3606 -0.9258
vn -0.1028 0.3869 -0.9164
vn -0.0861 0.3948 -0.9147
vn -0.0637 0.4111 -0.9093
vn -0.0878 0.3757 -0.9226
vn -0.0566 0.3961 -0.9165
vn -0.0614 0.4036 -0.9129
vn -0.0399 0.4318 -0.9011
vn -0.0671 0.3919 -0.9176
vn -0.0400 0.4040 -0.9139
vn -0.0505 0.4197 -0.9062
vn -0.0219 0.4202 -0.9072
vn -0.0218 0.4202 -0.9072
vn -0.0221 0.5997 -0.7999
vn -0.0028 0.4067 -0.9136
vn -0.0015 0.4504 -0.8928
vn -0.0019 0.4042 -0.9147
vn -0.0015 0.4563 -0.8898
vn -0.0026 0.4079 -0.9130
vn -0.0015 0.4113 -0.9115
vn 0.0006 0.4018 -0.9157
vn -0.0006 0.4018 -0.9157
vn 0.0006 0.4238 -0.9057
vn 0.0005 0.3904 -0.9206
vn 0.0031 0.3679 -0.9299
vn -0.0004 0.3637 -0.9315
vn 0.0036 0.3371 -0.9415
vn -0.0000 0.3266 -0.9452
vn 0.0007 0.3371 -0.9415
vn 0.0000 0.3267 -0.9451
vn -0.0008 0.3039 -0.9527
vn -0.0036 0.3371 -0.9415
vn -0.0044 0.2941 -0.9558
vn -0.0049 0.3054 -0.9522
vn -0.0057 0.2747 -0.9615
vn -0.0051 0.2524 -0.9676
vn -0.0053 0.2696 -0.9630
vn -0.0053 0.2524 -0.9676
vn -0.0053 0.2696 -0.9629
vn -0.0010 0.2464 -0.9692
vn -0.0056 0.2146 -0.9767
vn -0.0057 0.2164 -0.9763
vn -0.0079 0.1915 -0.9815
vn -0.0056 0.2169 -0.9762
vn -0.0082 0.1858 -0.9826
vn -0.0061 0.1915 -0.9815
vn -0.0078 0.1770 -0.9842
vn -0.0021 0.1815 -0.9834
vn -0.0064 0.1770 -0.9842
vn -0.0063 0.1432 -0.9897
vn -0.0091 0.1398 -0.9901
vn -0.0100 0.1255 -0.9920
vn -0.0152 0.1104 -0.9938
vn -0.0104 0.1343 -0.9909
vn -0.0099 0.0987 -0.9951
vn -0.0018 0.1069 -0.9943
vn -0.0111 0.1020 -0.9947
vn -0.0081 0.0933 -0.9956
vn -0.0089 0.0665 -0.9977
vn -0.0118 0.0533 -0.9985
vn -0.0171 0.0601 -0.9980
vn -0.0171 0.0587 -0.9981
vn -0.0375 0.0587 -0.9976
vn -0.0349 0.0310 -0.9989
vn -0.0640 -0.0829 -0.9945
vn -0.0983 0.0114 -0.9951
vn -0.1047 -0.0175 -0.9944
vn -0.1083 0.0072 -0.9941
vn -0.0808 0.0112 -0.9967
vn -0.1225 0.0103 -0.9924
vn -0.1337 -0.1447 -0.9804
vn -0.1289 -0.0823 -0.9882
vn -0.1346 -0.0609 -0.9890
vn -0.1348 0.0236 -0.9906
vn -0.1268 0.0221 -0.9917
vn -0.1713 0.0088 -0.9852
vn -0.1269 0.0092 -0.9919
vn -0.1993 0.0048 -0.9799
vn -0.1643 0.0067 -0.9864
vn -0.1920 0.0049 -0.9814
vn -0.1644 0.0050 -0.9864
vn -0.1993 0.0050 -0.9799
vn -0.1734 0.0008 -0.9849
vn -0.1920 -0.0006 -0.9814
vn -0.1780 -0.0047 -0.9840
vn -0.2203 -0.0046 -0.9754
vn -0.1992 -0.0049 -0.9799
vn -0.1981 -0.0040 -0.9802
vn -0.1982 -0.0048 -0.9801
vn -0.2020 -0.0051 -0.9794
vn -0.2325 -0.0035 -0.9726
vn -0.2462 -0.0039 -0.9692
vn -0.2323 -0.0035 -0.9726
vn -0.2768 -0.0006 -0.9609
vn -0.1643 -0.0036 -0.9864
vn -0.2626 -0.0035 -0.9649
vn -0.2464 -0.0062 -0.9691
vn -0.2873 -0.0026 -0.9578
vn -0.2626 -0.0057 -0.9649
vn -0.2764 -0.0054 -0.9610
vn -0.2705 -0.0137 -0.9626
vn -0.2704 -0.0388 -0.9620
vn -0.2715 -0.0114 -0.9624
vn -0.2937 0.0036 -0.9559
vn -0.2844 -0.0126 -0.9586
vn -0.2860 -0.0231 -0.9579
vn -0.2662 -0.0344 -0.9633
vn -0.2844 -0.0000 -0.9587
vn -0.2588 0.0000 -0.9659
vn -0.2273 -0.0332 -0.9733
vn -0.3049 -0.0457 -0.9513
vn -0.2641 -0.0656 -0.9623
vn -0.2648 0.0000 -0.9643
vn -0.3319 0.0000 -0.9433
vn -0.2840 -0.0570 -0.9571
vn -0.2598 -0.0574 -0.9640
vn -0.2574 -0.2342 -0.9375
vn -0.2218 -0.0663 -0.9728
vn -0.2488 -0.0877 -0.9646
vn -0.1915 -0.1117 -0.9751
vn -0.1854 -0.1219 -0.9751
vn -0.1566 -0.1225 -0.9800
vn -0.1218 -0.1686 -0.9781
vn -0.1222 -0.1450 -0.9819
vn -0.1154 -0.1561 -0.9810
vn -0.0578 -0.1806 -0.9819
vn -0.0875 -0.1802 -0.9797
vn -0.0267 -0.1699 -0.9851
vn -0.0529 -0.2131 -0.9756
vn -0.0171 -0.1843 -0.9827
vn -0.0098 -0.2198 -0.9755
vn -0.0057 -0.2397 -0.9708
vn -0.0170 -0.2169 -0.9760
vn -0.0057 -0.2747 -0.9615
vn -0.0093 -0.2696 -0.9629
vn -0.0112 -0.2696 -0.9629
vn -0.0114 -0.1960 -0.9805
vn -0.0113 -0.2583 -0.9660
vn -0.0091 -0.2583 -0.9660
vn -0.0117 -0.2974 -0.9547
vn -0.0088 -0.2701 -0.9628
vn -0.0076 -0.2940 -0.9558
vn -0.0049 -0.3054 -0.9522
vn -0.0068 -0.3054 -0.9522
vn -0.0037 -0.3457 -0.9383
vn -0.0034 -0.3328 -0.9430
vn -0.0000 -0.3266 -0.9452
vn -0.0007 -0.3371 -0.9415
vn -0.0000 -0.3267 -0.9451
vn 0.0000 -0.3594 -0.9332
vn 0.0034 -0.3328 -0.9430
vn 0.0005 -0.3904 -0.9206
vn 0.0027 -0.3593 -0.9332
vn 0.0024 -0.3807 -0.9247
vn 0.0040 -0.3360 -0.9419
vn 0.0030 -0.3889 -0.9213
vn 0.0058 -0.3391 -0.9407
vn 0.0128 -0.3615 -0.9323
vn 0.0113 -0.3846 -0.9230
vn 0.0606 -0.3447 -0.9368
vn 0.0565 -0.3840 -0.9216
vn 0.0569 -0.3614 -0.9307
vn 0.0729 -0.3754 -0.9240
vn 0.0776 -0.3268 -0.9419
vn 0.0806 -0.3668 -0.9268
vn 0.1038 -0.3554 -0.9289
vn 0.0812 -0.3383 -0.9375
vn 0.1144 -0.3199 -0.9405
vn 0.1037 -0.3586 -0.9277
vn 0.1378 -0.3190 -0.9377
vn 0.1249 -0.3313 -0.9352
vn 0.1456 -0.3071 -0.9405
vn 0.1113 -0.3383 -0.9344
vn 0.1373 -0.3307 -0.9337
vn 0.1222 -0.3380 -0.9332
vn 0.1598 -0.3122 -0.9365
vn 0.1448 -0.3216 -0.9357
vn 0.1810 -0.2817 -0.9423
vn 0.1532 -0.2858 -0.9460
vn 0.2404 -0.2807 -0.9292
vn 0.2438 -0.2854 -0.9269
vn 0.2264 -0.3226 -0.9191
vn 0.2604 -0.2561 -0.9309
vn 0.2379 -0.2879 -0.9276
vn 0.2732 -0.2330 -0.9333
vn 0.2616 -0.2357 -0.9360
vn 0.2454 -0.2631 -0.9330
vn 0.2723 -0.2266 -0.9352
vn 0.2409 -0.2243 -0.9443
vn 0.2523 -0.2242 -0.9413
vn 0.2391 -0.2537 -0.9373
vn 0.2310 -0.2380 -0.9434
vn 0.2284 -0.2426 -0.9429
vn 0.2001 -0.2652 -0.9432
vn 0.1883 -0.2651 -0.9456
vn 0.6401 -0.7683 0.0000
vn 0.1422 -0.3540 -0.9244
vn 0.1080 -0.7036 -0.7023
vn 0.1423 -0.3540 -0.9244
vn 0.1563 -0.3830 -0.9104
vn 0.0892 -0.4011 -0.9117
vn 0.1240 0.0000 -0.9923
vn 0.0893 -0.4011 -0.9117
vn 0.1081 -0.7036 -0.7023
vn 0.0911 -0.3816 -0.9198
vn 0.1643 -0.3461 -0.9237
vn 0.1021 -0.7015 -0.7054
vn 0.0693 -0.3942 -0.9164
vn 0.1471 -0.2941 -0.9444
vn 0.1683 -0.2805 -0.9450
vn 0.1495 -0.3048 -0.9406
vn 0.1715 -0.3098 -0.9352
vn 0.2056 -0.3055 -0.9297
vn 0.1930 -0.3265 -0.9253
vn 0.2046 -0.3173 -0.9260
vn 0.2049 -0.3279 -0.9222
vn 0.2137 -0.3163 -0.9243
vn 0.2169 -0.3076 -0.9265
vn 0.1504 -0.3125 -0.9379
vn 0.4192 -0.9079 0.0000
vn 0.4191 -0.9079 0.0000
vn 0.1775 -0.2762 -0.9446
vn 0.1882 -0.2669 -0.9451
vn 0.1771 -0.2964 -0.9385
vn 0.1976 -0.3055 -0.9315
vn 0.2167 -0.2879 -0.9328
vn 0.2055 -0.3075 -0.9291
vn 0.2263 -0.3077 -0.9242
vn 0.2167 -0.4372 -0.8728
vn 0.1438 -0.3278 -0.9337
vn 0.1330 -0.3395 -0.9312
vn 0.1263 -0.3342 -0.9340
vn 0.1267 -0.3225 -0.9381
vn 0.1033 -0.3703 -0.9231
vn 0.1026 -0.3525 -0.9302
vn 0.1022 -0.3694 -0.9236
vn 0.1036 -0.3610 -0.9268
vn 0.0872 -0.3666 -0.9263
vn 0.0800 -0.3950 -0.9152
vn 0.0919 -0.3496 -0.9324
vn 0.0705 -0.3761 -0.9239
vn 0.0885 -0.3590 -0.9291
vn 0.0619 -0.3839 -0.9213
vn 0.0505 -0.4198 -0.9062
vn 0.0671 -0.3919 -0.9176
vn 0.0509 -0.3922 -0.9185
vn 0.0512 -0.3759 -0.9253
vn 0.0291 -0.4201 -0.9070
vn 0.0177 -0.4115 -0.9112
vn 0.0045 -0.4116 -0.9114
vn 0.0040 -0.3889 -0.9213
vn 0.1606 -0.2891 -0.9437
vn 0.1242 -0.3330 -0.9347
vn 0.1537 -0.3049 -0.9399
vn 0.1235 -0.3436 -0.9310
vn 0.1234 -0.3436 -0.9310
vn 0.1133 -0.3562 -0.9275
vn 0.1225 -0.3566 -0.9262
vn 0.0939 -0.3733 -0.9230
vn 0.1337 -0.3570 -0.9245
vn 0.1212 -0.3747 -0.9192
vn 0.1182 -0.3830 -0.9162
vn 0.0699 -0.4005 -0.9136
vn 0.1384 -0.3838 -0.9130
vn 0.0922 -0.3935 -0.9147
vn 0.0746 -0.4090 -0.9095
vn 0.0993 -0.4239 -0.9002
vn 0.0550 -0.3708 -0.9271
vn 0.0527 -0.4552 -0.8888
vn 0.0497 -0.4467 -0.8933
vn 0.0209 -0.4588 -0.8883
vn 0.0028 -0.4242 -0.9055
vn 0.0104 -0.4589 -0.8884
vn 0.0195 -0.4290 -0.9031
vn -0.0309 -0.4957 -0.8679
vn 0.0253 -0.4576 -0.8888
vn -0.0001 -0.4741 -0.8805
vn -0.0000 -0.4741 -0.8805
vn 0.1344 -0.3262 -0.9357
vn 0.2577 -0.9662 -0.0003
vn 0.1027 -0.3430 -0.9337
vn 0.3163 -0.9487 -0.0006
vn 0.1043 -0.3299 -0.9382
vn 0.0986 -0.3167 -0.9434
vn 0.2170 -0.9762 -0.0000
vn 0.1222 -0.3618 -0.9242
vn 0.2347 -0.9721 -0.0000
vn 0.0327 -0.3873 -0.9214
vn 0.1021 -0.3895 -0.9153
vn 0.0791 -0.3879 -0.9183
vn 0.0738 -0.4007 -0.9132
vn 0.0358 -0.4259 -0.9041
vn 0.0546 -0.4196 -0.9061
vn 0.0352 -0.4349 -0.8998
vn 0.0534 -0.4365 -0.8981
vn 0.0254 -0.4576 -0.8888
vn 0.1193 -0.3488 -0.9296
vn 0.1041 -0.3438 -0.9333
vn 0.2163 -0.3216 -0.9219
vn 0.0982 -0.3612 -0.9273
vn 0.0977 -0.3729 -0.9227
vn 0.1024 -0.3977 -0.9118
vn 0.1028 -0.3869 -0.9164
vn 0.0800 -0.3985 -0.9137
vn 0.0558 -0.4316 -0.9003
vn 0.0400 -0.4040 -0.9139
vn 0.0197 -0.4202 -0.9072
vn 0.0015 -0.4504 -0.8928
vn 0.0015 -0.4114 -0.9115
vn 0.0026 -0.4080 -0.9130
vn 0.0016 -0.4472 -0.8944
vn 0.0027 -0.4080 -0.9130
vn 0.0006 -0.4238 -0.9057
vn -0.0006 -0.4076 -0.9132
vn -0.0005 -0.3904 -0.9206
vn -0.0031 -0.3679 -0.9299
vn 0.1396 -0.3261 -0.9350
vn 0.0919 0.0000 -0.9958
vn 0.1544 -0.4029 -0.9021
vn 0.1562 -0.3830 -0.9105
vn 0.1219 -0.4032 -0.9070
vn 0.1119 -0.3945 -0.9121
vn 0.0835 -0.3937 -0.9154
vn 0.0751 -0.4131 -0.9076
vn 0.0872 -0.4368 -0.8953
vn 0.1958 -0.9806 -0.0003
vn 0.4331 -0.0347 -0.9007
vn 0.4112 -0.0535 -0.9100
vn 0.4181 -0.0710 -0.9056
vn 0.4168 -0.0711 -0.9062
vn 0.4104 -0.0616 -0.9098
vn 0.4095 -0.0793 -0.9089
vn 0.3932 -0.0983 -0.9142
vn 0.4003 -0.1070 -0.9101
vn 0.3766 -0.0986 -0.9211
vn 0.3570 -0.1310 -0.9249
vn 0.3397 -0.1312 -0.9313
vn 0.3334 -0.1314 -0.9336
vn 0.3397 -0.1313 -0.9313
vn 0.3259 -0.1302 -0.9364
vn 0.3066 -0.1532 -0.9394
vn 0.2958 -0.1640 -0.9411
vn 0.3065 -0.1532 -0.9394
vn 0.2794 -0.1827 -0.9426
vn 0.4229 0.0000 -0.9062
vn 0.9988 -0.0500 0.0004
vn 0.4481 -0.0224 -0.8937
vn 0.4160 -0.0545 -0.9077
vn 0.4412 -0.0392 -0.8965
vn 0.4059 -0.1108 -0.9072
vn 0.3147 -0.0996 -0.9439
vn 0.4003 -0.1071 -0.9101
vn 0.3764 -0.1256 -0.9179
vn 0.3694 -0.1433 -0.9182
vn 0.3931 -0.1183 -0.9119
vn 0.3590 -0.1580 -0.9199
vn 0.3728 -0.1627 -0.9135
vn 0.3728 -0.1627 -0.9136
vn 0.4013 -0.1534 -0.9030
vn 0.3587 -0.1704 -0.9178
vn 0.3568 -0.1810 -0.9165
vn 0.3445 -0.1937 -0.9186
vn 0.3443 -0.2000 -0.9173
vn 0.3037 -0.2234 -0.9262
vn 0.3218 -0.2011 -0.9252
vn 0.2945 -0.2326 -0.9269
vn 0.2945 -0.2325 -0.9269
vn 0.2651 -0.2536 -0.9303
vn 0.2705 -0.2559 -0.9281
vn 0.2438 0.0000 -0.9698
vn 0.2479 -0.2663 -0.9315
vn 0.1723 -0.2732 -0.9464
vn 0.4568 -0.0000 -0.8896
vn 0.4644 -0.0044 -0.8856
vn 0.7075 -0.0087 -0.7067
vn 0.4471 -0.0166 -0.8943
vn 0.4331 -0.0378 -0.9005
vn 0.4128 -0.0652 -0.9085
vn 0.4111 -0.0535 -0.9100
vn 0.3539 -0.0749 -0.9323
vn 0.4093 -0.0616 -0.9103
vn 0.3765 -0.0798 -0.9230
vn 0.3766 -0.0987 -0.9211
vn 0.3538 -0.1082 -0.9290
vn 0.3577 -0.0990 -0.9286
vn 0.3246 -0.1275 -0.9372
vn 0.2495 -0.1244 -0.9603
vn 0.9307 -0.3657 -0.0001
vn 0.3459 -0.0741 -0.9354
vn 0.9701 -0.2426 0.0002
vn 0.3653 -0.0983 -0.9257
vn 0.9806 -0.1962 -0.0004
vn 0.4920 -0.0000 -0.8706
vn 0.3159 -0.1579 -0.9355
vn 0.2771 -0.1847 -0.9429
vn 0.8321 -0.5546 0.0000
vn 0.2802 -0.1622 -0.9461
vn 0.2757 -0.1946 -0.9413
vn 0.2743 -0.1854 -0.9436
vn 0.2758 -0.1919 -0.9419
vn 0.2742 -0.2030 -0.9400
vn 0.2740 -0.2057 -0.9395
vn 0.2521 -0.2243 -0.9413
vn 0.2638 -0.1832 -0.9470
vn 0.2351 -0.1880 -0.9536
vn 0.2652 -0.1882 -0.9457
vn 0.2437 -0.2151 -0.9457
vn 0.2350 -0.1881 -0.9536
vn 0.7828 -0.6223 -0.0001
vn 0.2454 -0.2182 -0.9446
vn 0.2492 -0.2152 -0.9442
vn 0.7190 -0.6950 0.0002
vn 0.2363 -0.2284 -0.9445
vn 0.7191 -0.6949 0.0002
vn 0.2181 -0.2912 -0.9315
vn 0.1425 -0.2854 -0.9478
vn 0.5900 -0.8074 0.0000
vn 0.1884 -0.2652 -0.9456
vn 0.1986 -0.2768 -0.9402
vn 0.2117 -0.2562 -0.9432
vn 0.1988 -0.2742 -0.9409
vn 0.2105 -0.2762 -0.9378
vn 0.2168 -0.2872 -0.9330
vn 0.2405 -0.2677 -0.9330
vn 0.2201 -0.2678 -0.9380
vn 0.2509 -0.2651 -0.9310
vn 0.5609 -0.8279 0.0000
vn 0.0083 -0.4823 -0.8760
vn 0.0102 -0.4972 -0.8676
vn 0.0103 -0.4857 -0.8741
vn 0.0212 -0.4352 -0.9001
vn 0.0104 -0.4857 -0.8741
vn 0.0290 -0.4509 -0.8921
vn 0.0394 -0.4662 -0.8838
vn 0.0687 -0.4224 -0.9038
vn 0.0507 -0.4229 -0.9048
vn 0.0688 -0.4224 -0.9038
vn 0.0451 -0.4389 -0.8974
vn 0.0735 -0.3829 -0.9209
vn 0.0834 -0.3984 -0.9134
vn 0.0921 -0.3824 -0.9194
vn 0.0839 -0.3839 -0.9196
vn 0.4856 0.0000 -0.8742
vn 0.0000 -0.5257 -0.8507
vn 0.0010 -0.5369 -0.8436
vn 0.0181 -0.5256 -0.8505
vn 0.0048 -0.5370 -0.8436
vn 0.0050 -0.5257 -0.8507
vn 0.0100 -0.5326 -0.8463
vn 0.0287 -0.4889 -0.8719
vn 0.0182 -0.5186 -0.8548
vn 0.0389 -0.4772 -0.8780
vn 0.0183 -0.4774 -0.8785
vn 0.0389 -0.4771 -0.8780
vn 0.0396 -0.4352 -0.8995
vn 0.0367 -0.4698 -0.8820
vn 0.0368 -0.4431 -0.8957
vn 0.0397 -0.4472 -0.8935
vn 0.0000 -0.5117 -0.8592
vn 0.0000 -0.5437 -0.8393
vn 0.0006 -0.5573 -0.8303
vn 0.0075 -0.5547 -0.8320
vn 0.0008 -0.5268 -0.8500
vn 0.0067 -0.5187 -0.8549
vn 0.0067 -0.5039 -0.8637
vn 0.0094 -0.5085 -0.8610
vn 0.0083 -0.4479 -0.8941
vn -0.0020 -0.4479 -0.8941
vn 0.0066 -0.4813 -0.8765
vn -0.0003 -0.4990 -0.8666
vn 0.0145 -0.4700 -0.8825
vn 0.0019 -0.4734 -0.8808
vn 0.0030 -0.4472 -0.8944
vn 0.0062 -0.4422 -0.8969
vn 0.0129 -0.4586 -0.8885
vn 0.0063 -0.4421 -0.8969
vn 0.0152 -0.5117 -0.8590
vn 0.0081 -0.5117 -0.8591
vn 0.0389 -0.4812 -0.8758
vn 0.0290 -0.4626 -0.8861
vn 0.0289 -0.4626 -0.8861
vn 0.0560 -0.4238 -0.9040
vn 0.0452 -0.4156 -0.9084
vn -0.0000 -0.5503 -0.8350
vn -0.0003 -0.5573 -0.8303
vn -0.0009 -0.5513 -0.8343
vn -0.0004 -0.5655 -0.8248
vn 0.0008 -0.5647 -0.8253
vn -0.0004 -0.5561 -0.8311
vn -0.0006 -0.5209 -0.8536
vn -0.0010 -0.5290 -0.8486
vn 0.0006 -0.5202 -0.8540
vn -0.0004 -0.5218 -0.8531
vn -0.0014 -0.5166 -0.8562
vn 0.0003 -0.5166 -0.8562
vn -0.0017 -0.4831 -0.8756
vn -0.0026 -0.4828 -0.8757
vn -0.0014 -0.4990 -0.8666
vn 0.0003 -0.4990 -0.8666
vn -0.0014 -0.4842 -0.8749
vn -0.0015 -0.4842 -0.8750
vn -0.0000 -0.4472 -0.8944
vn -0.0018 -0.4504 -0.8928
vn -0.0014 -0.4563 -0.8898
vn -0.0032 -0.4472 -0.8944
vn -0.0026 -0.4206 -0.9073
vn -0.0028 -0.4206 -0.9073
vn -0.0026 -0.4080 -0.9130
vn -0.0026 -0.4042 -0.9147
vn -0.0024 -0.3808 -0.9247
vn -0.0045 -0.3590 -0.9333
vn -0.0031 -0.3807 -0.9247
vn -0.0033 -0.3406 -0.9402
vn 0.0103 -0.4972 -0.8676
vn 0.0102 -0.5044 -0.8634
vn 0.0288 -0.4664 -0.8841
vn 0.0553 -0.4542 -0.8892
vn 0.0615 -0.3991 -0.9149
vn 0.0773 -0.4234 -0.9027
vn 0.0004 -0.5655 -0.8247
vn -0.0009 -0.5589 -0.8292
vn 0.0000 -0.5218 -0.8531
vn 0.0009 -0.5647 -0.8253
vn -0.0015 -0.5547 -0.8321
vn -0.0067 -0.5039 -0.8638
vn -0.0102 -0.5074 -0.8617
vn -0.0067 -0.5039 -0.8637
vn -0.0287 -0.4889 -0.8719
vn -0.0184 -0.4890 -0.8721
vn -0.0446 -0.4625 -0.8855
vn -0.0451 -0.4351 -0.8993
vn -0.0607 -0.4347 -0.8985
vn -0.0560 -0.4238 -0.9040
vn -0.0607 -0.4348 -0.8985
vn -0.0616 -0.3990 -0.9149
vn -0.0839 -0.3839 -0.9196
vn -0.0982 -0.3611 -0.9273
vn -0.1254 -0.3600 -0.9245
vn -0.1254 -0.3601 -0.9245
vn -0.1263 -0.3343 -0.9340
vn -0.1455 -0.4431 -0.8846
vn -0.2269 -0.3138 -0.9220
vn -0.1482 -0.3081 -0.9397
vn -0.2438 -0.2854 -0.9269
vn -0.1522 -0.3126 -0.9376
vn -0.2375 -0.2854 -0.9285
vn -0.1652 -0.2860 -0.9439
vn -0.1653 -0.2852 -0.9441
vn -0.1840 -0.3111 -0.9324
vn -0.2354 -0.2823 -0.9300
vn -0.1767 -0.2730 -0.9457
vn -0.2150 -0.2369 -0.9474
vn -0.2344 -0.2358 -0.9431
vn 0.5450 -0.0047 -0.8384
vn 0.5145 -0.0048 -0.8575
vn 0.4890 -0.0223 -0.8720
vn 0.5002 -0.0194 -0.8657
vn 0.4810 -0.0470 -0.8754
vn 0.4738 -0.0350 -0.8799
vn 0.4424 -0.0653 -0.8944
vn 0.4466 -0.0502 -0.8933
vn 0.3942 -0.0662 -0.9166
vn 0.4066 -0.0818 -0.9099
vn 0.4049 -0.0772 -0.9111
vn 0.3897 -0.0970 -0.9158
vn 0.3566 -0.1800 -0.9168
vn 0.2386 -0.1751 -0.9552
vn 0.3584 -0.1202 -0.9258
vn 0.3537 -0.2003 -0.9137
vn 0.3174 -0.1445 -0.9372
vn 0.2378 -0.2019 -0.9501
vn 0.3614 -0.1197 -0.9247
vn 0.2371 -0.2193 -0.9464
vn 0.3314 -0.1207 -0.9357
vn 0.3228 -0.2179 -0.9211
vn 0.3261 -0.1601 -0.9317
vn 0.2791 -0.2240 -0.9338
vn 0.3079 -0.2248 -0.9245
vn 0.3010 -0.1498 -0.9418
vn 0.2702 -0.1807 -0.9457
vn 0.3106 -0.1304 -0.9415
vn 0.2769 -0.1719 -0.9454
vn 0.2977 -0.1604 -0.9411
vn 0.2774 -0.1614 -0.9471
vn 0.3164 -0.1317 -0.9395
vn 0.3156 -0.1475 -0.9373
vn 0.3263 -0.1263 -0.9368
vn 0.2894 -0.1487 -0.9456
vn 0.2787 -0.1314 -0.9514
vn 0.2793 -0.1509 -0.9483
vn 0.2648 -0.1444 -0.9534
vn 0.2410 -0.0000 -0.9705
vn 0.2432 -0.1524 -0.9579
vn 0.2394 -0.1451 -0.9600
vn 0.2470 -0.0000 -0.9690
vn 0.2677 -0.0000 -0.9635
vn 0.2634 -0.1431 -0.9540
vn 0.2886 -0.1190 -0.9500
vn 0.2373 -0.1441 -0.9607
vn 0.2523 -0.0996 -0.9625
vn 0.1798 -0.1349 -0.9744
vn 0.1793 -0.1099 -0.9776
vn 0.1502 -0.1553 -0.9764
vn 0.1854 -0.1219 -0.9751
vn 0.1218 -0.1686 -0.9781
vn 0.1221 -0.1451 -0.9819
vn 0.0867 -0.1674 -0.9821
vn 0.1229 -0.1464 -0.9816
vn 0.0635 -0.1785 -0.9819
vn 0.0582 -0.1349 -0.9892
vn 0.0228 -0.1871 -0.9821
vn 0.0581 -0.1459 -0.9876
vn 0.0333 -0.1461 -0.9887
vn 0.0230 -0.1351 -0.9906
vn 0.0095 -0.1498 -0.9887
vn 0.0121 -0.1351 -0.9908
vn 0.0091 -0.1398 -0.9901
vn 0.0132 -0.1321 -0.9911
vn 0.0317 -0.0953 -0.9949
vn 0.0644 -0.1237 -0.9902
vn 0.0317 -0.0952 -0.9949
vn 0.0323 -0.0895 -0.9955
vn 0.0289 -0.1104 -0.9935
vn 0.0151 -0.0963 -0.9952
vn 0.0347 -0.0853 -0.9957
vn 0.0105 -0.0895 -0.9959
vn 0.0168 -0.0601 -0.9981
vn 0.0111 -0.1020 -0.9947
vn 0.0081 -0.0934 -0.9956
vn 0.0081 -0.0937 -0.9956
vn 0.0089 -0.0665 -0.9977
vn -0.0018 -0.1081 -0.9941
vn 0.0026 -0.0739 -0.9973
vn -0.0089 -0.0533 -0.9985
vn -0.0125 -0.0388 -0.9992
vn -0.0132 -0.0350 -0.9993
vn -0.0280 -0.0229 -0.9993
vn -0.0336 -0.0274 -0.9991
vn -0.0295 -0.0060 -0.9995
vn -0.0713 -0.0389 -0.9967
vn -0.0175 -0.0148 -0.9997
vn -0.0190 -0.0148 -0.9997
vn -0.0711 -0.0148 -0.9974
vn 0.0071 -0.0236 -0.9997
vn -0.0098 0.0080 -0.9999
vn 0.0188 0.0148 -0.9997
vn 0.0071 0.0236 -0.9997
vn 0.0071 0.0366 -0.9993
vn -0.0071 0.0366 -0.9993
vn -0.0091 0.0390 -0.9992
vn -0.0712 0.0148 -0.9973
vn -0.0018 0.0616 -0.9981
vn -0.0219 0.0180 -0.9996
vn -0.0335 0.0274 -0.9991
vn -0.0219 0.0274 -0.9994
vn -0.0567 -0.0000 -0.9984
vn -0.0336 0.0180 -0.9993
vn -0.0471 0.0088 -0.9989
vn -0.0460 -0.0060 -0.9989
vn 0.5002 -0.0125 -0.8658
vn 0.4664 -0.0251 -0.8842
vn 0.4191 -0.0509 -0.9065
vn 0.4455 -0.0836 -0.8914
vn 0.3521 -0.1763 -0.9192
vn 0.5393 -0.0002 -0.8421
vn 0.5103 -0.0097 -0.8599
vn 0.4887 -0.0321 -0.8719
vn 0.4886 -0.0321 -0.8719
vn 0.4275 -0.0531 -0.9024
vn 0.4185 -0.0759 -0.9051
vn 0.4069 -0.0975 -0.9083
vn 0.3487 -0.1163 -0.9300
vn 0.4857 -0.0098 -0.8741
vn 0.4662 -0.0397 -0.8838
vn 0.4310 -0.0453 -0.9012
vn 0.4022 -0.0735 -0.9126
vn 0.3890 -0.1149 -0.9141
vn 0.4456 -0.0836 -0.8913
vn 0.5547 -0.0000 -0.8320
vn 0.5569 -0.0008 -0.8306
vn 0.5214 -0.0173 -0.8532
vn 0.5463 0.0000 -0.8376
vn 0.5178 -0.0088 -0.8555
vn 0.5174 0.0001 -0.8557
vn 0.5215 -0.0003 -0.8533
vn 0.5214 -0.0130 -0.8532
vn 0.4991 -0.0115 -0.8664
vn 0.4990 -0.0223 -0.8663
vn 0.4471 -0.0250 -0.8941
vn 0.4585 -0.0274 -0.8883
vn 0.4467 -0.0499 -0.8933
vn 0.4466 -0.0499 -0.8933
vn 0.3997 -0.0741 -0.9136
vn 0.3750 -0.0851 -0.9231
vn 0.3944 -0.0969 -0.9138
vn 0.3944 -0.0968 -0.9138
vn 0.3579 -0.0979 -0.9286
vn 0.3280 -0.1298 -0.9357
vn 0.3493 -0.1305 -0.9279
vn 0.4666 -0.0298 -0.8840
vn 0.4630 -0.0251 -0.8860
vn 0.3165 -0.0000 -0.9486
vn 0.4251 -0.0438 -0.9041
vn 0.4166 -0.0534 -0.9075
vn 0.4666 -0.0099 -0.8844
vn 0.3159 -0.0513 -0.9474
vn 0.4377 -0.0714 -0.8963
vn 0.3934 -0.1023 -0.9137
vn 0.5639 -0.0007 -0.8258
vn 0.5524 0.0000 -0.8336
vn 0.5462 -0.0001 -0.8376
vn 0.5603 -0.0003 -0.8283
vn 0.5328 0.0002 -0.8462
vn 0.5215 0.0005 -0.8533
vn 0.5070 0.0000 -0.8619
vn 0.5006 -0.0002 -0.8657
vn 0.4692 -0.0007 -0.8831
vn 0.4929 -0.0006 -0.8701
vn 0.4916 -0.0007 -0.8708
vn 0.4546 -0.0299 -0.8902
vn 0.4280 -0.0531 -0.9022
vn 0.3760 -0.0748 -0.9236
vn 0.3751 -0.1083 -0.9206
vn 0.3542 -0.1115 -0.9285
vn 0.0003 -0.5573 -0.8303
vn 0.5595 -0.0003 -0.8288
vn 0.0002 -0.5573 -0.8303
vn -0.0025 -0.5415 -0.8407
vn -0.0048 -0.5326 -0.8464
vn -0.0100 -0.5326 -0.8463
vn -0.0288 -0.4664 -0.8841
vn -0.0393 -0.4546 -0.8898
vn -0.0616 -0.4108 -0.9096
vn -0.0723 -0.4272 -0.9013
vn -0.0921 -0.3824 -0.9194
vn -0.1194 -0.3449 -0.9310
vn -0.1600 -0.6961 -0.6999
vn 0.5595 0.0003 -0.8289
vn 0.5597 0.0003 -0.8287
vn 0.5491 -0.0003 -0.8357
vn 0.5252 0.0005 -0.8510
vn 0.5640 -0.0007 -0.8258
vn 0.5596 0.0003 -0.8287
vn 0.5462 0.0001 -0.8376
vn 0.5603 0.0004 -0.8283
vn 0.5215 0.0006 -0.8533
vn 0.5174 0.0007 -0.8557
vn 0.5190 -0.0002 -0.8548
vn 0.5070 0.0004 -0.8620
vn 0.4801 0.0010 -0.8772
vn 0.5279 0.0008 -0.8493
vn 0.4741 0.0005 -0.8805
vn 0.5006 0.0002 -0.8657
vn 0.4816 -0.0005 -0.8764
vn 0.4741 -0.0005 -0.8805
vn 0.4816 -0.0004 -0.8764
vn 0.4472 0.0007 -0.8944
vn 0.4399 0.0014 -0.8981
vn 0.4131 -0.0004 -0.9107
vn 0.4388 0.0010 -0.8986
vn 0.4104 0.0008 -0.9119
vn 0.4399 0.0000 -0.8981
vn 0.3787 0.0025 -0.9255
vn 0.3807 0.0025 -0.9247
vn 0.3786 0.0025 -0.9255
vn 0.3807 0.0175 -0.9245
vn 0.3786 0.0108 -0.9255
vn 0.3774 0.0538 -0.9245
vn 0.3374 0.0314 -0.9408
vn 0.3698 0.0454 -0.9280
vn 0.3333 0.0523 -0.9414
vn 0.3372 0.0475 -0.9402
vn 0.3039 0.0747 -0.9498
vn 0.3037 0.0844 -0.9490
vn 0.2914 0.1045 -0.9509
vn 0.2754 0.0989 -0.9562
vn 0.2150 0.1090 -0.9705
vn 0.2576 0.0994 -0.9611
vn 0.2521 0.1093 -0.9615
vn 0.2516 0.1013 -0.9625
vn 0.2634 0.1431 -0.9540
vn 0.2978 0.0845 -0.9509
vn 0.2648 0.1441 -0.9535
vn 0.3123 0.0841 -0.9463
vn 0.3078 0.1305 -0.9425
vn 0.3088 0.1021 -0.9456
vn 0.3263 0.1263 -0.9368
vn 0.3518 0.0877 -0.9319
vn 0.3625 0.0747 -0.9290
vn 0.3257 0.1126 -0.9388
vn 0.3640 0.0643 -0.9292
vn 0.3500 0.1091 -0.9304
vn 0.4194 0.0657 -0.9054
vn 0.3952 0.0713 -0.9158
vn 0.4192 0.0708 -0.9051
vn 0.4109 0.0839 -0.9078
vn 0.4433 0.0452 -0.8952
vn 0.4233 0.0529 -0.9044
vn 0.4234 0.0529 -0.9044
vn 0.4432 0.0502 -0.8950
vn 0.4275 0.0531 -0.9024
vn 0.4887 0.0271 -0.8720
vn 0.4814 0.0273 -0.8761
vn 0.4962 0.0174 -0.8680
vn 0.4547 0.0300 -0.8901
vn 0.4962 0.0272 -0.8678
vn 0.5002 0.0194 -0.8657
vn 0.5144 0.0221 -0.8573
vn 0.5176 0.0000 -0.8556
vn 0.0000 -0.5369 -0.8436
vn -0.0081 -0.5257 -0.8506
vn -0.0102 -0.5045 -0.8633
vn -0.0105 -0.4588 -0.8885
vn -0.0102 -0.4972 -0.8676
vn -0.0212 -0.4352 -0.9001
vn -0.0550 -0.4834 -0.8737
vn -0.0420 -0.4507 -0.8917
vn -0.0530 -0.4378 -0.8975
vn -0.0588 -0.4465 -0.8929
vn -0.1190 -0.4031 -0.9074
vn -0.0786 -0.4049 -0.9110
vn -0.1110 -0.4451 -0.8886
vn -0.0774 -0.3975 -0.9143
vn -0.0802 -0.4058 -0.9105
vn -0.1274 -0.3833 -0.9148
vn -0.0477 -0.4066 -0.9124
vn -0.0841 -0.4022 -0.9117
vn 0.5523 0.0000 -0.8336
vn 0.5640 0.0007 -0.8258
vn 0.5394 0.0002 -0.8420
vn 0.5333 0.0069 -0.8459
vn 0.5393 0.0095 -0.8421
vn 0.5214 0.0173 -0.8531
vn 0.5178 0.0005 -0.8555
vn 0.4991 0.0222 -0.8663
vn 0.5214 0.0130 -0.8532
vn 0.4940 0.0007 -0.8695
vn 0.4916 0.0080 -0.8708
vn 0.4642 0.0008 -0.8857
vn 0.4691 0.0127 -0.8830
vn 0.4550 0.0013 -0.8905
vn 0.4774 0.0251 -0.8783
vn 0.4549 0.0131 -0.8904
vn 0.4472 0.0376 -0.8936
vn 0.4240 0.0478 -0.9044
vn 0.4198 0.0452 -0.9065
vn 0.3889 0.0484 -0.9200
vn 0.5523 -0.0000 -0.8337
vn 0.5450 0.0048 -0.8384
vn 0.5376 0.0011 -0.8432
vn 0.5325 0.0172 -0.8463
vn 0.5326 0.0047 -0.8464
vn 0.4961 0.0320 -0.8676
vn 0.4845 0.0371 -0.8740
vn 0.4919 0.0271 -0.8702
vn 0.4467 0.0474 -0.8934
vn 0.5325 0.0048 -0.8464
vn 0.4920 0.0174 -0.8704
vn 0.4734 0.0225 -0.8805
vn 0.4732 0.0371 -0.8802
vn 0.4938 0.0098 -0.8695
vn 0.4857 0.0251 -0.8738
vn 0.4664 0.0251 -0.8842
vn 0.4662 0.0397 -0.8838
vn 0.4470 0.0352 -0.8939
vn 0.4191 0.0509 -0.9065
vn 0.4424 0.0653 -0.8944
vn 0.4429 0.0478 -0.8953
vn 0.4184 0.0759 -0.9051
vn 0.4074 0.0770 -0.9100
vn 0.3779 0.0985 -0.9206
vn 0.4071 0.0637 -0.9112
vn 0.3692 0.1079 -0.9231
vn 0.3696 0.0976 -0.9241
vn 0.3692 0.1078 -0.9231
vn 0.3944 0.0968 -0.9138
vn 0.3577 0.1043 -0.9280
vn 0.3289 0.1054 -0.9384
vn 0.3283 0.1520 -0.9322
vn 0.3252 0.1264 -0.9372
vn 0.3251 0.1264 -0.9372
vn 0.3164 0.1317 -0.9395
vn 0.2977 0.1604 -0.9411
vn 0.2901 0.1325 -0.9478
vn 0.2895 0.1487 -0.9456
vn 0.2793 0.1509 -0.9483
vn 0.2433 0.1858 -0.9520
vn 0.2684 0.1497 -0.9516
vn 0.2458 0.1629 -0.9555
vn 0.2275 0.1655 -0.9596
vn 0.1956 0.1666 -0.9664
vn 0.1734 0.1996 -0.9644
vn 0.1731 0.1762 -0.9690
vn 0.1730 0.1762 -0.9690
vn 0.1384 0.1772 -0.9744
vn 0.1150 0.1777 -0.9773
vn 0.1142 0.2120 -0.9706
vn 0.0865 0.1782 -0.9802
vn 0.0530 0.2023 -0.9779
vn 0.0574 0.2107 -0.9759
vn 0.0198 0.2133 -0.9768
vn 0.0578 0.1806 -0.9819
vn 0.0257 0.2271 -0.9735
vn 0.0103 0.2272 -0.9738
vn 0.0076 0.2696 -0.9629
vn 0.0111 0.1789 -0.9838
vn 0.0072 0.2169 -0.9762
vn 0.0057 0.2169 -0.9762
vn 0.0010 0.2464 -0.9692
vn 0.0056 0.2169 -0.9762
vn -0.0018 0.2163 -0.9763
vn -0.0009 0.1979 -0.9802
vn -0.0009 0.2021 -0.9794
vn 0.0017 0.1644 -0.9864
vn -0.0072 0.1226 -0.9924
vn 0.0018 0.1578 -0.9875
vn 0.0018 0.1069 -0.9943
vn 0.0084 0.0986 -0.9951
vn 0.0089 0.0533 -0.9985
vn 0.0081 0.0937 -0.9956
vn 0.0119 0.0594 -0.9982
vn 0.0111 0.0933 -0.9956
vn 0.0168 0.0594 -0.9981
vn 0.0165 0.0540 -0.9984
vn 0.0165 0.0441 -0.9989
vn 0.0328 0.0357 -0.9988
vn 0.0700 0.0356 -0.9969
vn 0.0699 0.0356 -0.9969
vn 0.0642 0.0237 -0.9977
vn 0.1346 -0.0609 -0.9890
vn 0.0902 -0.0827 -0.9925
vn 0.1351 0.0106 -0.9908
vn 0.1225 0.0077 -0.9924
vn 0.1083 0.0072 -0.9941
vn 0.1521 0.0053 -0.9884
vn 0.1082 0.0055 -0.9941
vn 0.1779 0.0007 -0.9840
vn 0.1373 -0.0013 -0.9905
vn 0.1734 -0.0008 -0.9849
vn 0.1458 -0.0054 -0.9893
vn 0.1465 -0.0059 -0.9892
vn 0.1644 -0.0067 -0.9864
vn 0.1713 -0.0088 -0.9852
vn 0.1993 -0.0048 -0.9799
vn 0.1596 0.0819 -0.9838
vn 0.1643 0.0411 -0.9856
vn 0.1666 0.0819 -0.9826
vn 0.2039 -0.0233 -0.9787
vn 0.1690 -0.0352 -0.9850
vn 0.1983 -0.0350 -0.9795
vn 0.1339 -0.0556 -0.9894
vn 0.1633 -0.0443 -0.9856
vn 0.1983 -0.0667 -0.9779
vn 0.1338 -0.0667 -0.9888
vn 0.1924 -0.0551 -0.9798
vn 0.1277 -0.0998 -0.9868
vn 0.1920 -0.0889 -0.9774
vn 0.1626 -0.0993 -0.9817
vn 0.1568 -0.1120 -0.9813
vn 0.1282 -0.1134 -0.9852
vn 0.1567 -0.1120 -0.9813
vn 0.4855 0.0251 -0.8739
vn 0.4392 0.0303 -0.8979
vn 0.4510 0.0201 -0.8923
vn 0.4269 0.0608 -0.9023
vn 0.3819 0.0827 -0.9205
vn 0.3904 0.0766 -0.9175
vn 0.3620 0.0989 -0.9269
vn 0.3566 0.1288 -0.9253
vn 0.3271 0.1485 -0.9333
vn 0.2920 0.1535 -0.9440
vn 0.2774 0.1614 -0.9471
vn 0.2444 0.1593 -0.9565
vn 0.2418 0.1840 -0.9527
vn 0.2293 0.1910 -0.9544
vn 0.1839 0.2110 -0.9600
vn 0.1595 0.2197 -0.9625
vn 0.1900 0.1989 -0.9614
vn 0.1315 0.2206 -0.9665
vn 0.1674 0.2145 -0.9623
vn 0.0973 0.2339 -0.9674
vn 0.1035 0.2122 -0.9717
vn 0.0739 0.2444 -0.9669
vn 0.1094 0.2026 -0.9731
vn 0.0511 0.2552 -0.9655
vn 0.0528 0.2369 -0.9701
vn 0.0214 0.2372 -0.9712
vn 0.0199 0.2133 -0.9768
vn 0.0170 0.2198 -0.9754
vn 0.0057 0.2397 -0.9708
vn 0.0053 0.2524 -0.9676
vn 0.0053 0.2696 -0.9629
vn 0.0045 0.2739 -0.9617
vn -0.0013 0.2399 -0.9708
vn 0.4644 -0.0000 -0.8856
vn 0.4568 0.0107 -0.8895
vn 0.4471 0.0166 -0.8943
vn 0.4469 0.0391 -0.8937
vn 0.4507 0.0451 -0.8916
vn 0.4031 0.0734 -0.9122
vn 0.4101 0.0849 -0.9081
vn 0.3943 0.0662 -0.9166
vn 0.3698 0.0935 -0.9244
vn 0.3492 0.1046 -0.9312
vn 0.3249 0.1487 -0.9340
vn 0.3254 0.1601 -0.9319
vn 0.2928 0.1569 -0.9432
vn 0.2889 0.1609 -0.9437
vn 0.2880 0.1790 -0.9407
vn 0.2399 0.2131 -0.9471
vn 0.2343 0.2162 -0.9478
vn 0.2118 0.1857 -0.9595
vn 0.2429 0.1936 -0.9505
vn 0.4469 0.0358 -0.8939
vn 0.4472 -0.0001 -0.8944
vn 0.4169 0.0792 -0.9055
vn 0.4470 0.0391 -0.8937
vn 0.4536 0.0619 -0.8890
vn 0.4439 0.1184 -0.8882
vn 0.4014 0.1155 -0.9086
vn 0.4308 0.0553 -0.9007
vn 0.4024 0.1149 -0.9082
vn 0.4459 0.0725 -0.8921
vn 0.4025 0.1247 -0.9069
vn 0.4440 0.1162 -0.8884
vn 0.3890 0.1149 -0.9141
vn 0.3890 0.1149 -0.9140
vn 0.4455 0.0836 -0.8914
vn 0.3760 0.1456 -0.9151
vn 0.3573 0.1673 -0.9189
vn 0.3524 0.1641 -0.9214
vn 0.3660 0.1678 -0.9153
vn 0.3522 0.1705 -0.9203
vn 0.3445 0.1937 -0.9186
vn 0.3351 0.1726 -0.9262
vn 0.3214 0.2172 -0.9217
vn 0.3220 0.2051 -0.9243
vn 0.3154 0.2231 -0.9224
vn 0.2994 0.2235 -0.9276
vn 0.2944 0.2354 -0.9262
vn 0.2817 0.2355 -0.9301
vn 0.2945 0.2326 -0.9269
vn 0.2642 0.2662 -0.9270
vn 0.2916 0.2404 -0.9259
vn 0.4353 0.2339 -0.8694
vn 0.2427 0.2393 -0.9401
vn 0.2442 0.2074 -0.9473
vn 0.2011 0.2176 -0.9551
vn 0.2331 0.2359 -0.9434
vn 0.1955 0.2252 -0.9545
vn 0.2332 0.2359 -0.9434
vn 0.1928 0.2300 -0.9539
vn 0.0000 0.0123 -0.9999
vn 0.4330 0.0346 -0.9007
vn 0.4705 0.0188 -0.8822
vn 0.4330 0.0343 -0.9007
vn 0.4430 0.0345 -0.8959
vn 0.4489 0.0190 -0.8934
vn 0.4568 0.0106 -0.8895
vn 0.0124 -0.4137 -0.9103
vn -0.0000 -0.4551 -0.8904
vn 0.0557 -0.4463 -0.8931
vn 0.0443 -0.4271 -0.9031
vn -0.0027 -0.4242 -0.9055
vn -0.0028 -0.4242 -0.9056
vn -0.0713 -0.4303 -0.8999
vn -0.0203 -0.4314 -0.9019
vn -0.0000 -0.5146 -0.8575
vn 0.0000 -0.4138 -0.9104
vn -0.0873 -0.4368 -0.8953
vn -0.0405 -0.4428 -0.8957
vn -0.2059 -0.2442 -0.9476
vn -0.2472 -0.2663 -0.9317
vn -0.2420 -0.2447 -0.9389
vn -0.4347 -0.2339 -0.8696
vn -0.4348 -0.2340 -0.8696
vn -0.2504 -0.2155 -0.9439
vn -0.2399 -0.2131 -0.9471
vn -0.2889 -0.1609 -0.9437
vn -0.2792 -0.2251 -0.9335
vn -0.2880 -0.1790 -0.9407
vn -0.2828 -0.1573 -0.9462
vn -0.3271 -0.1485 -0.9332
vn -0.2874 -0.2449 -0.9260
vn -0.2916 -0.2404 -0.9259
vn -0.3221 -0.2179 -0.9213
vn -0.3301 -0.1554 -0.9310
vn -0.3127 -0.1486 -0.9382
vn -0.3492 -0.1046 -0.9312
vn -0.3614 -0.1197 -0.9247
vn -0.3779 -0.0985 -0.9206
vn -0.3786 -0.0768 -0.9223
vn -0.4228 -0.0734 -0.9032
vn -0.4071 -0.0637 -0.9111
vn -0.4432 -0.0502 -0.8950
vn -0.4275 -0.0531 -0.9024
vn -0.4886 -0.0321 -0.8719
vn -0.4962 -0.0174 -0.8680
vn -0.5103 -0.0097 -0.8599
vn -0.5178 -0.0088 -0.8555
vn -0.5214 -0.0094 -0.8532
vn -0.5178 -0.0089 -0.8555
vn -0.5568 -0.0004 -0.8306
vn -0.5251 -0.0004 -0.8510
vn -0.5462 0.0001 -0.8376
vn -0.5596 -0.0006 -0.8288
vn -0.5619 -0.0004 -0.8272
vn -0.5619 -0.0001 -0.8272
vn -0.2297 -0.3160 -0.9205
vn -0.1187 -0.3432 -0.9317
vn -0.1193 -0.3449 -0.9310
vn -0.1109 -0.7031 -0.7024
vn -0.2180 -0.3209 -0.9217
vn -0.2379 -0.2868 -0.9280
vn -0.2593 -0.2738 -0.9262
vn -0.2202 -0.2678 -0.9380
vn -0.2616 -0.2357 -0.9360
vn -0.2305 -0.2471 -0.9412
vn -0.2604 -0.2560 -0.9309
vn -0.2409 -0.2243 -0.9443
vn -0.2723 -0.2266 -0.9352
vn -0.2714 -0.2057 -0.9402
vn -0.2734 -0.2057 -0.9397
vn -0.2856 -0.1918 -0.9390
vn -0.2851 -0.2028 -0.9368
vn -0.2785 -0.1919 -0.9411
vn -0.2832 -0.1854 -0.9410
vn -0.2833 -0.1854 -0.9410
vn -0.3066 -0.1532 -0.9394
vn -0.3142 -0.1531 -0.9369
vn -0.3254 -0.1479 -0.9339
vn -0.3260 -0.1464 -0.9340
vn -0.0903 -0.3562 -0.9300
vn -0.1255 -0.3802 -0.9164
vn -0.0451 -0.4390 -0.8974
vn -0.0446 -0.4661 -0.8836
vn -0.0284 -0.5001 -0.8655
vn -0.1017 -0.7041 -0.7028
vn -0.1080 -0.7036 -0.7023
vn -0.1422 -0.3540 -0.9244
vn -0.0641 -0.4006 -0.9140
vn -0.0918 -0.0000 -0.9958
vn -0.2049 -0.3279 -0.9222
vn -0.2050 -0.3279 -0.9222
vn -0.2161 -0.2967 -0.9302
vn -0.2084 -0.3075 -0.9284
vn -0.2153 -0.3076 -0.9268
vn -0.1978 -0.3026 -0.9324
vn -0.2201 -0.2678 -0.9380
vn -0.1979 -0.2877 -0.9371
vn -0.2100 -0.2851 -0.9352
vn -0.2412 -0.2562 -0.9360
vn -0.2275 -0.2562 -0.9395
vn -0.2300 -0.2537 -0.9395
vn -0.2391 -0.2538 -0.9372
vn -0.2523 -0.2242 -0.9413
vn -0.2526 -0.2240 -0.9413
vn -0.2521 -0.2242 -0.9414
vn -0.2740 -0.1920 -0.9424
vn -0.1137 -0.4010 -0.9090
vn -0.1850 -0.3835 -0.9048
vn 0.1787 0.6964 -0.6951
vn 0.1788 0.6964 -0.6951
vn 0.2145 0.2505 -0.9441
vn 0.2472 0.2663 -0.9317
vn 0.1792 0.2858 -0.9414
vn 0.1568 0.3006 -0.9408
vn 0.1715 0.2911 -0.9412
vn 0.1568 0.3007 -0.9408
vn 0.1141 0.3317 -0.9365
vn 0.1249 0.3313 -0.9352
vn 0.1113 0.3383 -0.9344
vn 0.1036 0.3610 -0.9268
vn 0.0872 0.3666 -0.9263
vn 0.0765 0.3876 -0.9186
vn 0.0689 0.4150 -0.9072
vn 0.0632 0.4347 -0.8983
vn 0.0637 0.4111 -0.9094
vn 0.0560 0.4238 -0.9040
vn 0.0237 0.4509 -0.8922
vn 0.0235 0.4774 -0.8784
vn 0.0182 0.4961 -0.8681
vn 0.0183 0.4774 -0.8785
vn 0.0184 0.4890 -0.8721
vn 0.0020 0.5204 -0.8539
vn 0.0020 0.5038 -0.8638
vn 0.0000 0.5057 -0.8627
vn 0.0008 0.5268 -0.8500
vn -0.0009 0.5513 -0.8343
vn 0.0015 0.5547 -0.8321
vn 0.0006 0.5573 -0.8303
vn 0.0100 0.5326 -0.8463
vn 0.0007 0.5437 -0.8393
vn 0.0050 0.5369 -0.8437
vn 0.2059 0.2442 -0.9476
vn 0.2270 0.3138 -0.9220
vn 0.2263 0.3077 -0.9242
vn 0.2270 0.3139 -0.9219
vn 0.2378 0.2879 -0.9276
vn 0.2454 0.2631 -0.9330
vn 0.2515 0.2561 -0.9334
vn 0.2616 0.2357 -0.9360
vn 0.2723 0.2266 -0.9352
vn 0.2520 0.2245 -0.9413
vn 0.2734 0.2057 -0.9397
vn 0.2855 0.1945 -0.9384
vn 0.2742 0.2030 -0.9400
vn 0.2850 0.1944 -0.9386
vn 0.2740 0.1919 -0.9424
vn 0.2846 0.1945 -0.9387
vn 0.2834 0.1826 -0.9415
vn 0.3066 0.1502 -0.9399
vn 0.2958 0.1640 -0.9411
vn 0.3142 0.1531 -0.9369
vn 0.9123 0.4096 0.0000
vn 0.2180 0.3208 -0.9217
vn 0.1263 0.3343 -0.9340
vn 0.2127 0.3279 -0.9204
vn 0.2096 0.3396 -0.9169
vn 0.1017 0.7041 -0.7028
vn 0.3715 0.9285 -0.0008
vn 0.1448 0.3621 -0.9208
vn 0.1537 0.3049 -0.9399
vn 0.1529 0.3152 -0.9366
vn 0.1667 0.3155 -0.9342
vn 0.1509 0.3414 -0.9277
vn 0.1749 0.3275 -0.9285
vn 0.1697 0.3498 -0.9213
vn 0.1930 0.3265 -0.9253
vn 0.1699 0.3479 -0.9220
vn 0.1913 0.3468 -0.9182
vn 0.2168 0.3163 -0.9236
vn 0.1657 0.2946 -0.9411
vn 0.1709 0.2761 -0.9458
vn 0.1776 0.2762 -0.9445
vn 0.1876 0.2768 -0.9424
vn 0.1783 0.2667 -0.9471
vn 0.2081 0.2427 -0.9475
vn 0.2065 0.2672 -0.9413
vn 0.2310 0.2380 -0.9434
vn 0.2275 0.2562 -0.9395
vn 0.2307 0.2447 -0.9418
vn 0.2521 0.2243 -0.9413
vn 0.1195 0.3329 -0.9354
vn 0.4466 0.8947 0.0000
vn 0.1037 0.3429 -0.9336
vn 0.1043 0.3301 -0.9382
vn 0.0921 0.3454 -0.9339
vn 0.1234 0.3436 -0.9310
vn 0.1422 0.3368 -0.9308
vn 0.1416 0.3441 -0.9282
vn 0.1228 0.3533 -0.9274
vn 0.1336 0.3570 -0.9245
vn 0.1588 0.3545 -0.9215
vn 0.1213 0.3736 -0.9196
vn 0.1816 0.3559 -0.9167
vn 0.1384 0.3838 -0.9130
vn 0.1392 0.3742 -0.9168
vn 0.1119 0.3945 -0.9121
vn 0.1601 0.3748 -0.9132
vn 0.1156 0.4034 -0.9077
vn 0.0840 0.4022 -0.9117
vn 0.0763 0.4459 -0.8918
vn 0.0802 0.4058 -0.9105
vn 0.1111 0.4444 -0.8889
vn 0.0521 0.4309 -0.9009
vn 0.1190 0.4031 -0.9074
vn 0.0746 0.4090 -0.9095
vn 0.0414 0.4187 -0.9072
vn 0.1034 0.4105 -0.9060
vn 0.0028 0.4242 -0.9055
vn 0.0818 0.3976 -0.9139
vn 0.0534 0.4356 -0.8986
vn 0.0533 0.4365 -0.8981
vn -0.0548 0.4389 -0.8969
vn 0.0405 0.4428 -0.8957
vn -0.0000 0.4551 -0.8904
vn 0.1606 0.4680 -0.8690
vn 0.2873 0.9579 -0.0003
vn 0.1247 0.3328 -0.9347
vn 0.1020 0.3609 -0.9270
vn 0.0986 0.3168 -0.9433
vn 0.1222 0.3618 -0.9242
vn 0.0916 0.3353 -0.9376
vn 0.1959 0.9806 -0.0000
vn 0.0748 0.3883 -0.9185
vn 0.1226 0.3566 -0.9262
vn 0.1893 0.9819 0.0001
vn 0.1021 0.3895 -0.9153
vn 0.0738 0.4007 -0.9132
vn 0.0699 0.4005 -0.9136
vn 0.0736 0.4208 -0.9042
vn 0.1594 0.6987 -0.6974
vn 0.1931 0.3542 -0.9150
vn 0.0921 0.3824 -0.9194
vn 0.1908 0.3517 -0.9164
vn 0.1256 0.3802 -0.9163
vn 0.0900 0.3699 -0.9247
vn 0.0910 0.3817 -0.9198
vn 0.0642 0.4007 -0.9140
vn 0.0477 0.4066 -0.9124
vn 0.0736 0.3828 -0.9209
vn 0.0902 0.4099 -0.9077
vn 0.0559 0.4275 -0.9023
vn 0.0723 0.4272 -0.9013
vn 0.0393 0.4546 -0.8898
vn 0.0451 0.4389 -0.8974
vn 0.0290 0.4626 -0.8861
vn 0.0389 0.4812 -0.8758
vn 0.0182 0.5186 -0.8548
vn 0.0102 0.5074 -0.8616
vn 0.0693 0.3942 -0.9164
vn 0.0343 0.4509 -0.8919
vn 0.0152 0.5117 -0.8590
vn 0.0000 0.5369 -0.8437
vn 0.1135 0.4010 -0.9090
vn 0.1623 0.3579 -0.9195
vn 0.1239 -0.0000 -0.9923
vn 0.0687 0.4224 -0.9038
vn 0.0424 0.4311 -0.9013
vn 0.0236 0.4664 -0.8842
vn 0.0102 0.5044 -0.8634
vn 0.0103 0.4857 -0.8741
vn 0.0000 0.5257 -0.8507
vn 0.0358 0.4259 -0.9041
vn 0.0741 0.3972 -0.9148
vn 0.0542 0.4253 -0.9034
vn 0.0001 0.5146 -0.8574
vn -0.0123 0.4137 -0.9103
vn 0.0000 0.4138 -0.9104
vn 0.0254 0.4394 -0.8979
vn -0.0557 0.4465 -0.8930
vn 0.0000 0.4472 -0.8944
vn 0.0174 0.4314 -0.9020
vn 0.0703 0.4373 -0.8965
vn 0.0703 0.4373 -0.8966
vn 0.0602 0.4232 -0.9040
vn 0.0420 0.4507 -0.8917
vn 0.1513 0.3331 -0.9307
vn 0.2297 0.3032 -0.9248
vn 0.2401 0.2815 -0.9290
vn 0.1522 0.3125 -0.9376
vn 0.1458 0.3012 -0.9424
vn 0.1330 0.3395 -0.9312
vn 0.1448 0.3216 -0.9357
vn 0.1373 0.3307 -0.9337
vn 0.4104 0.0540 -0.9103
vn 0.4253 0.0615 -0.9030
vn 0.4483 0.0438 -0.8928
vn 0.4104 0.0541 -0.9103
vn 0.4094 0.0616 -0.9103
vn 0.4166 0.0534 -0.9075
vn 0.4181 0.0710 -0.9056
vn 0.4155 0.0792 -0.9061
vn 0.3659 0.0889 -0.9264
vn 0.3766 0.0888 -0.9221
vn 0.4093 0.0616 -0.9103
vn 0.4104 0.0616 -0.9098
vn 0.3653 0.0984 -0.9257
vn 0.3652 0.0812 -0.9274
vn 0.3534 0.0749 -0.9325
vn 0.9905 0.1376 0.0003
vn 0.3576 0.1081 -0.9276
vn 0.3577 0.0990 -0.9286
vn 0.3596 0.1081 -0.9268
vn 0.3932 0.0983 -0.9142
vn 0.4095 0.0793 -0.9089
vn 0.3931 0.1111 -0.9127
vn 0.9487 0.3162 0.0008
vn 0.3246 0.1275 -0.9372
vn 0.9536 0.3012 0.0004
vn 0.3259 0.1354 -0.9357
vn 0.3766 0.1077 -0.9201
vn 0.3594 0.1296 -0.9241
vn 0.3570 0.1310 -0.9249
vn 0.3527 0.1436 -0.9247
vn 0.2884 0.1730 -0.9417
vn 0.3160 0.1533 -0.9363
vn 0.8654 0.5010 0.0002
vn 0.2638 0.1832 -0.9470
vn 0.2503 0.1669 -0.9537
vn 0.2649 0.1946 -0.9444
vn 0.2437 0.2154 -0.9456
vn 0.2498 0.2081 -0.9457
vn 0.2454 0.2182 -0.9446
vn 0.2221 0.2358 -0.9461
vn 0.2434 0.2151 -0.9458
vn 0.2209 0.2562 -0.9411
vn 0.6003 0.7998 -0.0003
vn 0.2138 0.2390 -0.9472
vn 0.2220 0.2358 -0.9461
vn 0.7190 0.6950 -0.0002
vn 0.7072 0.7070 0.0000
vn 0.2380 0.2225 -0.9454
vn 0.1999 0.2553 -0.9460
vn 0.1884 0.2651 -0.9456
vn 0.5900 0.8074 -0.0000
vn -0.1504 -0.3125 -0.9379
vn -0.1637 -0.2927 -0.9421
vn -0.1384 -0.4144 -0.8995
vn -0.1529 -0.3152 -0.9366
vn -0.1714 -0.3098 -0.9352
vn -0.1422 -0.3368 -0.9308
vn -0.1668 -0.3140 -0.9347
vn -0.1423 -0.3355 -0.9312
vn -0.1930 -0.3265 -0.9253
vn -0.1816 -0.3558 -0.9167
vn -0.1335 -0.2936 -0.9466
vn -0.5145 -0.8575 0.0000
vn -0.1783 -0.2668 -0.9471
vn -0.1882 -0.2669 -0.9451
vn -0.1891 -0.2589 -0.9472
vn -0.1986 -0.2768 -0.9402
vn -0.2209 -0.2562 -0.9411
vn -0.2117 -0.2562 -0.9431
vn -0.2310 -0.2380 -0.9434
vn -0.2435 -0.2151 -0.9458
vn -0.1801 -0.2702 -0.9458
vn -0.1344 -0.3262 -0.9357
vn -0.1628 -0.3259 -0.9313
vn -0.1043 -0.3299 -0.9382
vn -0.1133 -0.3562 -0.9275
vn -0.1227 -0.3533 -0.9274
vn -0.1408 -0.3540 -0.9246
vn -0.1588 -0.3545 -0.9215
vn -0.1399 -0.3658 -0.9201
vn -0.1577 -0.3663 -0.9170
vn -0.1390 -0.3746 -0.9167
vn -0.1601 -0.3747 -0.9132
vn -0.1601 -0.3748 -0.9132
vn -0.1544 -0.4029 -0.9021
vn -0.0921 -0.3454 -0.9339
vn -0.2577 -0.9662 -0.0004
vn -0.3809 -0.9246 0.0000
vn -0.1222 -0.3618 -0.9242
vn -0.0915 -0.3354 -0.9376
vn -0.1020 -0.3609 -0.9270
vn -0.0771 -0.3469 -0.9347
vn -0.0746 -0.3915 -0.9172
vn -0.1226 -0.3566 -0.9262
vn -0.1225 -0.3566 -0.9262
vn -0.0804 -0.4564 -0.8861
vn -0.1020 -0.3895 -0.9153
vn -0.0740 -0.3972 -0.9148
vn -0.0922 -0.3935 -0.9147
vn -0.0818 -0.3976 -0.9139
vn -0.0897 -0.4217 -0.9023
vn -0.1034 -0.4105 -0.9060
vn -0.0357 -0.4259 -0.9041
vn -0.0351 -0.4349 -0.8998
vn -0.4471 -0.0166 -0.8943
vn -0.4468 -0.0447 -0.8935
vn -0.4705 -0.0188 -0.8822
vn -0.4430 -0.0344 -0.8959
vn -1.0000 -0.0000 -0.0004
vn -0.4568 -0.0116 -0.8895
vn -0.4471 -0.0221 -0.8942
vn -0.4589 -0.0308 -0.8879
vn -0.4390 -0.0445 -0.8974
vn -0.4470 0.0001 -0.8945
vn -0.4468 -0.0391 -0.8938
vn -0.4472 0.0001 -0.8944
vn -0.4121 -0.0000 -0.9111
vn -0.4095 -0.0793 -0.9089
vn -0.4059 -0.1109 -0.9072
vn -0.3932 -0.0973 -0.9143
vn -0.3932 -0.0893 -0.9151
vn -0.3766 -0.1076 -0.9201
vn -0.3766 -0.0987 -0.9211
vn -0.3595 -0.1206 -0.9253
vn -0.3577 -0.0990 -0.9286
vn -0.3539 -0.1082 -0.9290
vn -0.4330 -0.0347 -0.9007
vn -0.4112 -0.0535 -0.9100
vn -0.4491 -0.0438 -0.8924
vn -0.4482 -0.0350 -0.8933
vn -0.4180 -0.1046 -0.9024
vn -0.4166 -0.0534 -0.9075
vn -0.4104 -0.0615 -0.9098
vn -0.4181 -0.0710 -0.9056
vn -0.9702 -0.2425 0.0002
vn -0.3932 -0.0796 -0.9160
vn -0.3765 -0.0798 -0.9230
vn -0.9701 -0.2426 0.0002
vn -0.3758 -0.0578 -0.9249
vn -0.9864 -0.1643 -0.0004
vn -0.9864 -0.1644 0.0002
vn -0.3441 -0.1147 -0.9319
vn -0.3246 -0.1275 -0.9372
vn -0.9323 -0.3617 -0.0001
vn -0.9536 -0.3012 0.0004
vn -0.3259 -0.1354 -0.9357
vn -0.3334 -0.1314 -0.9336
vn -0.3570 -0.1310 -0.9249
vn -0.3763 -0.1305 -0.9172
vn -0.4003 -0.1071 -0.9101
vn -0.4025 -0.1247 -0.9069
vn -0.4024 -0.1247 -0.9069
vn -0.4015 -0.1155 -0.9086
vn -0.4459 -0.0725 -0.8921
vn -0.4310 -0.0453 -0.9012
vn -0.4012 -0.1204 -0.9080
vn -0.3943 -0.0662 -0.9166
vn -0.4011 -0.1204 -0.9081
vn -0.3967 -0.0819 -0.9143
vn -0.3732 -0.1537 -0.9150
vn -0.3522 -0.1705 -0.9203
vn -0.3587 -0.1703 -0.9178
vn -0.3353 -0.1709 -0.9265
vn -0.3220 -0.2050 -0.9243
vn -0.3284 -0.1588 -0.9311
vn -0.2931 -0.2035 -0.9342
vn -0.3056 -0.1822 -0.9346
vn -0.3061 -0.1530 -0.9396
vn -1.0000 -0.0000 0.0000
vn -0.2802 -0.1622 -0.9461
vn -0.2554 -0.1854 -0.9489
vn -0.2743 -0.1854 -0.9436
vn -0.2654 -0.1814 -0.9469
vn -0.2800 -0.0000 -0.9600
vn -0.2494 -0.2151 -0.9442
vn -0.2498 -0.2083 -0.9456
vn -0.2302 -0.2153 -0.9490
vn -0.2617 -0.2093 -0.9422
vn -0.2220 -0.2358 -0.9461
vn -0.2206 -0.2407 -0.9452
vn -0.2363 -0.2284 -0.9445
vn -0.2216 -0.2216 -0.9496
vn -0.1978 -0.2597 -0.9452
vn -0.1892 -0.2589 -0.9472
vn -0.6060 -0.7955 0.0003
vn -0.4689 -0.0070 -0.8832
vn -0.4689 0.0000 -0.8833
vn -0.4666 -0.0099 -0.8844
vn -0.4666 -0.0298 -0.8840
vn -0.5543 -0.0416 -0.8313
vn -0.4510 -0.0201 -0.8923
vn -0.4188 -0.0658 -0.9057
vn -0.4072 -0.0614 -0.9113
vn -0.3819 -0.0827 -0.9205
vn -0.4066 -0.0818 -0.9099
vn -0.3690 -0.1130 -0.9225
vn -0.4069 -0.0975 -0.9083
vn -0.3777 -0.1034 -0.9201
vn 0.0103 0.4972 -0.8676
vn 0.0212 0.4352 -0.9001
vn -0.0003 0.5573 -0.8303
vn 0.0008 0.5647 -0.8253
vn -0.0000 0.5218 -0.8531
vn 0.0010 0.5290 -0.8486
vn 0.0014 0.5167 -0.8562
vn -0.0003 0.5167 -0.8562
vn 0.0026 0.4812 -0.8766
vn -0.0020 0.4479 -0.8941
vn 0.0071 0.4848 -0.8746
vn 0.0067 0.4812 -0.8766
vn 0.0367 0.4698 -0.8820
vn 0.0368 0.4430 -0.8957
vn 0.0558 0.4316 -0.9003
vn 0.0806 0.3702 -0.9255
vn 0.0918 0.3496 -0.9324
vn 0.1226 0.3294 -0.9362
vn 0.1463 0.2909 -0.9455
vn 0.1697 0.2618 -0.9501
vn 0.1832 0.2521 -0.9502
vn -0.0004 0.5561 -0.8311
vn 0.0004 0.5655 -0.8247
vn 0.0006 0.5614 -0.8275
vn 0.0006 0.5615 -0.8275
vn 0.0008 0.5202 -0.8540
vn -0.0005 0.4998 -0.8661
vn -0.0008 0.4999 -0.8661
vn -0.0010 0.4772 -0.8788
vn -0.0014 0.5166 -0.8562
vn -0.0014 0.4989 -0.8666
vn -0.0007 0.5039 -0.8638
vn -0.0004 0.4734 -0.8809
vn -0.0026 0.4559 -0.8900
vn -0.0014 0.4842 -0.8750
vn -0.0012 0.4472 -0.8944
vn -0.5523 -0.0000 -0.8336
vn -0.5524 0.0000 -0.8336
vn -0.7072 -0.0001 -0.7070
vn -0.5570 -0.0004 -0.8305
vn -0.5450 -0.0048 -0.8384
vn -0.5376 -0.0047 -0.8432
vn -0.5375 -0.0048 -0.8432
vn -0.5326 -0.0047 -0.8464
vn -0.5019 -0.0097 -0.8649
vn -0.5375 -0.0000 -0.8432
vn -0.4962 -0.0244 -0.8679
vn -0.4938 0.0000 -0.8696
vn -0.4742 -0.0099 -0.8804
vn -0.4738 -0.0350 -0.8799
vn -0.4469 -0.0352 -0.8939
vn -0.4185 -0.0759 -0.9051
vn -0.4741 -0.0099 -0.8804
vn -0.4857 -0.0251 -0.8738
vn -0.4547 -0.0326 -0.8901
vn -0.4429 -0.0478 -0.8953
vn -0.4424 -0.0653 -0.8944
vn -0.5002 -0.0125 -0.8658
vn -0.5002 -0.0193 -0.8657
vn -0.4774 -0.0247 -0.8784
vn -0.4504 -0.0526 -0.8913
vn 0.0003 0.5655 -0.8247
vn 0.0002 0.5573 -0.8303
vn 0.0003 0.5574 -0.8303
vn 0.0004 0.5561 -0.8311
vn -0.0008 0.5647 -0.8253
vn -0.0010 0.5290 -0.8486
vn -0.0005 0.5268 -0.8500
vn -0.0014 0.5057 -0.8627
vn -0.0012 0.5039 -0.8638
vn 0.0003 0.5167 -0.8562
vn -0.5603 0.0004 -0.8283
vn -0.5597 0.0005 -0.8287
vn -0.5598 0.0002 -0.8286
vn -0.5568 0.0004 -0.8307
vn -0.5190 0.0005 -0.8548
vn -0.5251 0.0086 -0.8510
vn -0.5178 0.0089 -0.8555
vn -0.5568 0.0079 -0.8306
vn -0.5214 0.0094 -0.8532
vn -0.5103 0.0097 -0.8599
vn -0.4962 0.0174 -0.8680
vn -0.4508 0.0326 -0.8920
vn -0.4845 0.0371 -0.8740
vn -0.4769 0.0497 -0.8775
vn -0.4466 0.0524 -0.8932
vn -0.4271 0.0765 -0.9010
vn -0.3952 0.0742 -0.9156
vn -0.4069 0.0975 -0.9083
vn -0.3787 0.0768 -0.9223
vn -0.3614 0.1197 -0.9247
vn -0.3621 0.0989 -0.9269
vn -0.3298 0.1554 -0.9312
vn -0.3261 0.1601 -0.9317
vn -0.2367 0.2193 -0.9465
vn -0.3225 0.2179 -0.9211
vn -0.3224 0.2179 -0.9212
vn -0.3127 0.1485 -0.9382
vn -0.2792 0.2240 -0.9337
vn -0.3135 0.1318 -0.9404
vn -0.2830 0.1573 -0.9461
vn -0.3109 0.1789 -0.9335
vn -0.3080 0.2247 -0.9245
vn -0.2702 0.1807 -0.9457
vn -0.2849 0.1828 -0.9410
vn -0.2396 0.2131 -0.9472
vn -0.2579 0.2371 -0.9366
vn -0.2438 0.2345 -0.9411
vn -0.2650 0.2535 -0.9303
vn -0.2427 0.2322 -0.9419
vn -0.2438 0.0000 -0.9698
vn -0.2113 0.2506 -0.9447
vn -0.2028 0.2462 -0.9478
vn -0.1777 0.2843 -0.9421
vn -0.2480 0.2663 -0.9315
vn -0.2651 0.2535 -0.9303
vn -0.2667 0.2470 -0.9316
vn -0.2705 0.2559 -0.9281
vn -0.2994 0.2235 -0.9276
vn -0.2718 0.2559 -0.9277
vn -0.2813 0.2238 -0.9332
vn -0.2723 0.2266 -0.9352
vn -0.2716 0.2031 -0.9408
vn -0.2761 0.2030 -0.9394
vn -0.2785 0.1919 -0.9411
vn -0.2714 0.2057 -0.9402
vn -0.2507 0.2090 -0.9452
vn -0.2555 0.1854 -0.9489
vn -0.8001 0.5999 0.0000
vn -0.5640 -0.0007 -0.8258
vn -0.5569 0.0079 -0.8305
vn -0.5450 0.0047 -0.8384
vn -0.5393 0.0095 -0.8421
vn -0.4886 0.0322 -0.8719
vn -0.4886 0.0321 -0.8719
vn -0.4424 0.0653 -0.8944
vn -0.4188 0.0658 -0.9057
vn -0.3778 0.1034 -0.9201
vn -0.3687 0.1198 -0.9218
vn -0.3487 0.1162 -0.9300
vn -0.2377 0.2019 -0.9501
vn -0.3037 0.2234 -0.9262
vn -0.2400 0.1469 -0.9596
vn -0.0000 0.5503 -0.8350
vn -0.0015 0.5415 -0.8407
vn -0.0008 0.5268 -0.8500
vn -0.0183 0.5186 -0.8548
vn -0.0018 0.5173 -0.8558
vn -0.0051 0.5204 -0.8539
vn -0.0067 0.5038 -0.8638
vn -0.0083 0.4479 -0.8941
vn -0.0083 0.4478 -0.8941
vn -0.0027 0.4828 -0.8757
vn -0.0020 0.4734 -0.8809
vn -0.0145 0.4700 -0.8825
vn -0.0138 0.4559 -0.8899
vn -0.0235 0.4700 -0.8824
vn -0.0314 0.4316 -0.9015
vn -0.0050 0.5369 -0.8437
vn -0.5450 0.0048 -0.8384
vn -0.5325 0.0172 -0.8463
vn -0.5450 -0.0000 -0.8384
vn -0.5144 0.0220 -0.8573
vn -0.5176 -0.0000 -0.8556
vn -0.5176 0.0125 -0.8555
vn -0.4742 0.0099 -0.8804
vn -0.4666 0.0099 -0.8844
vn -0.4857 0.0251 -0.8738
vn -0.4510 0.0201 -0.8923
vn -0.4465 0.0558 -0.8930
vn -0.4387 0.0553 -0.8969
vn -0.4451 0.0964 -0.8903
vn -0.4021 0.0735 -0.9126
vn -0.4093 0.1108 -0.9056
vn -0.4025 0.1247 -0.9069
vn -0.3694 0.1433 -0.9181
vn -0.3331 0.1405 -0.9324
vn -0.3733 0.1486 -0.9157
vn -0.3271 0.1559 -0.9320
vn -0.3562 0.1540 -0.9216
vn -0.3270 0.1559 -0.9321
vn -0.3282 0.1690 -0.9294
vn -0.2935 0.1944 -0.9360
vn -0.3225 0.1941 -0.9265
vn -0.2938 0.2054 -0.9335
vn -0.2934 0.2146 -0.9316
vn -0.4938 -0.0000 -0.8695
vn -0.4666 0.0298 -0.8840
vn -0.4388 0.0500 -0.8972
vn -0.4383 0.0503 -0.8974
vn -0.4327 0.0614 -0.8994
vn -0.4393 0.0606 -0.8963
vn -0.4094 0.0616 -0.9103
vn -0.4095 0.0793 -0.9089
vn -0.4168 0.0711 -0.9062
vn -0.4105 0.0616 -0.9098
vn -0.4180 0.1045 -0.9024
vn -0.3931 0.0732 -0.9166
vn -0.4180 0.0557 -0.9068
vn -0.4855 0.0251 -0.8739
vn -0.4644 0.0044 -0.8856
vn -0.4302 0.0505 -0.9013
vn -0.4475 0.0000 -0.8943
vn -0.4495 0.0350 -0.8926
vn -0.4474 -0.0000 -0.8943
vn -0.4324 0.0353 -0.9010
vn -0.4568 -0.0000 -0.8896
vn -0.4613 0.0189 -0.8871
vn -0.4613 0.0066 -0.8872
vn -0.4430 0.0344 -0.8959
vn -0.7065 0.0424 -0.7065
vn -0.4458 0.0431 -0.8941
vn -0.4305 0.0614 -0.9005
vn -0.4568 0.0107 -0.8895
vn 0.0000 0.5369 -0.8436
vn -0.0181 0.5256 -0.8505
vn -0.0025 0.5414 -0.8407
vn -0.0233 0.5073 -0.8615
vn -0.0184 0.4890 -0.8721
vn -0.0235 0.4774 -0.8784
vn -0.0237 0.4509 -0.8922
vn -0.0183 0.4774 -0.8785
vn -0.0396 0.4352 -0.8995
vn -0.0081 0.5117 -0.8591
vn -0.0156 0.4816 -0.8762
vn -0.0235 0.4814 -0.8762
vn -0.0393 0.4546 -0.8898
vn -0.0289 0.4626 -0.8861
vn -0.0396 0.4352 -0.8994
vn -0.0447 0.4429 -0.8955
vn -0.0083 0.4823 -0.8760
vn -0.0308 0.4660 -0.8842
vn -0.0269 0.4578 -0.8887
vn -0.0534 0.4356 -0.8986
vn -0.0533 0.4365 -0.8981
vn -0.0385 0.4242 -0.9047
vn -0.0352 0.4349 -0.8998
vn -0.0558 0.4032 -0.9134
vn -0.0741 0.3972 -0.9148
vn -0.0544 0.4538 -0.8894
vn -0.0749 0.3876 -0.9188
vn -0.0748 0.3882 -0.9185
vn -0.1593 0.9872 0.0008
vn -0.1222 0.3618 -0.9242
vn -0.0182 0.9998 -0.0000
vn -0.0454 0.9990 -0.0003
vn -0.1436 0.3278 -0.9338
vn -0.2168 0.3076 -0.9265
vn -0.2460 0.2811 -0.9276
vn -0.2263 0.3076 -0.9242
vn -0.2593 0.2738 -0.9262
vn -0.2202 0.2678 -0.9380
vn -0.2509 0.2651 -0.9310
vn -0.2616 0.2357 -0.9360
vn -0.2732 0.2330 -0.9333
vn -0.2520 0.2245 -0.9413
vn -0.1421 -0.0000 -0.9899
vn -0.0693 0.3942 -0.9164
vn -0.1239 -0.0000 -0.9923
vn -0.7067 0.0424 -0.7063
vn -0.4487 0.0346 -0.8930
vn -0.7073 0.0087 -0.7069
vn -0.4137 0.9104 -0.0000
vn -0.1529 0.2919 -0.9441
vn -0.1636 0.2942 -0.9416
vn -0.1771 0.2964 -0.9385
vn -0.1668 0.3140 -0.9347
vn -0.1715 0.3098 -0.9352
vn -0.1943 0.3102 -0.9306
vn -0.1938 0.3160 -0.9287
vn -0.2047 0.3172 -0.9260
vn -0.1930 0.3265 -0.9253
vn -0.2161 0.2968 -0.9302
vn -0.2167 0.3172 -0.9233
vn -0.1504 0.3123 -0.9380
vn -0.1687 0.2846 -0.9437
vn -0.1882 0.2669 -0.9452
vn -0.1988 0.2742 -0.9409
vn -0.1976 0.3055 -0.9315
vn -0.2278 0.2874 -0.9303
vn -0.2153 0.3076 -0.9268
vn -0.4856 0.8742 -0.0000
vn -0.1294 0.3263 -0.9364
vn -0.1537 0.3049 -0.9399
vn -0.1234 0.3436 -0.9310
vn -0.1423 0.3355 -0.9312
vn -0.1416 0.3441 -0.9282
vn -0.1227 0.3533 -0.9274
vn -0.1225 0.3566 -0.9262
vn -0.1336 0.3570 -0.9245
vn -0.0770 0.3800 -0.9218
vn -0.1020 0.3895 -0.9153
vn -0.1213 0.3736 -0.9196
vn -0.1021 0.3895 -0.9153
vn -0.1182 0.3830 -0.9162
vn -0.0896 0.4217 -0.9023
vn -0.1034 0.4105 -0.9060
vn -0.0736 0.4208 -0.9042
vn -0.0965 0.4538 -0.8859
vn -0.0028 0.4242 -0.9055
vn -0.0413 0.4187 -0.9072
vn -0.0470 0.4467 -0.8935
vn -0.0093 0.4323 -0.9017
vn 0.0309 0.4959 -0.8678
vn -0.1057 0.3324 -0.9372
vn -0.1028 0.3430 -0.9337
vn -0.2872 0.9579 -0.0004
vn -0.3160 0.9488 -0.0006
vn -0.1038 0.3429 -0.9336
vn -0.1024 0.3481 -0.9318
vn -0.2821 0.9594 -0.0004
vn -0.9912 0.1322 -0.0002
vn -0.9778 0.2095 0.0002
vn -0.3765 0.0888 -0.9221
vn -0.3857 0.0895 -0.9183
vn -0.3932 0.0973 -0.9143
vn -0.3931 0.1111 -0.9127
vn -0.3931 0.1111 -0.9128
vn -0.3147 0.0996 -0.9439
vn -0.3578 0.0990 -0.9285
vn -0.9702 0.2424 0.0002
vn -0.3337 0.1210 -0.9349
vn -0.3336 0.1210 -0.9349
vn -0.3305 0.1253 -0.9354
vn -0.3595 0.1081 -0.9268
vn -0.3246 0.1348 -0.9362
vn -0.3594 0.1296 -0.9241
vn -0.3247 0.1315 -0.9366
vn -0.3529 0.1297 -0.9266
vn -0.3486 0.1101 -0.9308
vn -0.3441 0.1147 -0.9319
vn -0.9487 0.3162 -0.0004
vn -0.3305 0.1254 -0.9354
vn -0.2244 0.2240 -0.9484
vn -0.3066 0.1532 -0.9394
vn -0.2770 0.1848 -0.9429
vn -0.3066 0.1502 -0.9399
vn -0.2846 0.1945 -0.9387
vn -0.8577 0.5142 -0.0000
vn -0.8654 0.5011 -0.0003
vn -0.3142 0.1532 -0.9369
vn -0.2725 0.1764 -0.9458
vn -0.8001 0.5998 0.0000
vn -0.2438 0.2181 -0.9450
vn -0.2216 0.2216 -0.9496
vn -0.2433 0.2438 -0.9388
vn -0.2454 0.2181 -0.9446
vn -0.2617 0.2094 -0.9422
vn -0.2434 0.2152 -0.9458
vn -0.2310 0.2380 -0.9434
vn -0.2521 0.2243 -0.9413
vn -0.2409 0.2243 -0.9443
vn -0.2454 0.2631 -0.9331
vn -0.2413 0.2562 -0.9360
vn -0.2278 0.2873 -0.9303
vn -0.2168 0.2872 -0.9330
vn -0.7190 0.6950 0.0001
vn -0.2379 0.2225 -0.9455
vn -0.2049 0.2461 -0.9473
vn -0.2380 0.2225 -0.9454
vn -0.1887 0.2595 -0.9471
vn -0.2118 0.2562 -0.9432
vn -0.2001 0.2652 -0.9432
vn -0.1977 0.2598 -0.9452
vn -0.2209 0.2562 -0.9411
vn -0.5407 0.8412 0.0004
vn 0.1909 -0.3517 -0.9164
vn 0.1929 -0.3278 -0.9249
vn 0.1749 -0.3275 -0.9285
vn 0.1759 -0.3141 -0.9330
vn 0.1227 -0.3533 -0.9274
vn 0.1408 -0.3540 -0.9246
vn 0.1656 -0.3547 -0.9202
vn 0.1587 -0.3545 -0.9215
vn 0.1816 -0.3558 -0.9167
vn 0.1182 -0.3829 -0.9162
vn 0.1789 -0.3668 -0.9130
vn 0.1808 -0.3465 -0.9205
vn 0.1788 -0.3668 -0.9129
vn 0.0533 -0.4356 -0.8986
vn 0.0721 -0.4207 -0.9043
vn 0.0896 -0.4217 -0.9023
vn 0.0477 -0.4066 -0.9124
vn 0.0391 -0.4350 -0.8996
vn 0.0772 -0.4302 -0.8994
vn 0.0357 -0.4392 -0.8977
vn 0.1190 -0.4031 -0.9074
vn 0.0762 -0.4466 -0.8915
vn 0.0392 -0.4350 -0.8996
vn 0.2667 -0.2470 -0.9316
vn 0.2880 -0.2265 -0.9305
vn 0.2868 -0.2468 -0.9257
vn 0.2813 -0.2238 -0.9332
vn 0.3047 -0.2034 -0.9305
vn 0.2851 -0.2028 -0.9368
vn 0.3225 -0.1941 -0.9265
vn 0.2935 -0.1945 -0.9360
vn 0.3139 -0.1942 -0.9294
vn 0.3325 -0.1587 -0.9296
vn 0.3327 -0.1544 -0.9303
vn 0.3270 -0.1559 -0.9321
vn 0.3561 -0.1581 -0.9210
vn 0.3529 -0.1297 -0.9266
vn 0.3561 -0.1580 -0.9210
vn 0.3588 -0.1704 -0.9177
vn 0.3351 -0.1726 -0.9262
vn 0.3043 -0.2123 -0.9286
vn 0.3154 -0.2232 -0.9224
vn 0.2944 -0.2354 -0.9262
vn 0.2706 -0.2559 -0.9281
vn 0.2878 -0.1825 -0.9401
vn 0.2873 -0.1945 -0.9379
vn 0.2519 -0.2266 -0.9408
vn 0.2360 -0.2801 -0.9305
vn 0.0000 -0.2275 -0.9738
vn 0.2498 -0.2267 -0.9414
vn 0.2341 -0.2160 -0.9479
vn 0.2122 -0.2345 -0.9487
vn 0.1955 -0.2252 -0.9545
vn 0.1928 -0.2300 -0.9539
vn 0.1949 -0.2406 -0.9509
vn 0.1927 -0.2300 -0.9539
vn 0.1708 -0.2365 -0.9565
vn 0.1697 -0.2618 -0.9501
vn 0.1688 -0.2787 -0.9454
vn 0.2823 -0.2251 -0.9325
vn 0.2113 -0.2507 -0.9447
vn 0.2059 -0.2466 -0.9470
vn 0.2060 0.0000 -0.9785
vn 0.2028 -0.2462 -0.9478
vn 0.1568 -0.3006 -0.9408
vn 0.1531 -0.2865 -0.9458
vn 0.1480 -0.3219 -0.9351
vn 0.4386 0.0000 -0.8987
vn 0.3328 -0.1529 -0.9305
vn 0.3594 -0.1296 -0.9241
vn 0.4467 -0.0558 -0.8930
vn 0.3889 -0.1149 -0.9141
vn 0.3735 -0.1437 -0.9164
vn 0.5032 -0.0174 -0.8640
vn 0.4961 -0.0320 -0.8677
vn 0.4919 -0.0271 -0.8702
vn 0.4773 -0.0323 -0.8782
vn 0.4466 -0.0524 -0.8932
vn 0.4432 -0.0502 -0.8950
vn 0.4234 -0.0529 -0.9044
vn 0.4228 -0.0734 -0.9032
vn 0.3744 -0.1035 -0.9215
vn 0.3620 -0.0989 -0.9269
vn 0.3405 -0.1088 -0.9339
vn 0.3396 -0.1309 -0.9314
vn 0.3127 -0.1485 -0.9382
vn 0.4962 -0.0320 -0.8676
vn 0.3779 -0.0985 -0.9206
vn 0.0221 -0.5997 -0.7999
vn 0.0213 -0.3160 -0.9485
vn -0.0006 -0.4238 -0.9057
vn 0.0018 -0.4504 -0.8928
vn 0.0235 -0.4700 -0.8824
vn 0.1213 -0.3254 -0.9378
vn 0.0892 -0.3063 -0.9477
vn 0.0887 -0.3235 -0.9420
vn 0.0403 -0.3529 -0.9348
vn 0.0058 -0.3303 -0.9439
vn 0.0060 -0.3443 -0.9389
vn 0.0065 -0.3040 -0.9526
vn 0.0049 -0.3054 -0.9522
vn 0.0117 -0.2973 -0.9547
vn 0.0087 -0.2941 -0.9557
vn -0.0000 -0.2844 -0.9587
vn 0.0112 -0.2669 -0.9636
vn 0.0367 -0.2645 -0.9637
vn 0.0453 -0.2448 -0.9685
vn 0.0740 -0.2444 -0.9669
vn 0.1359 -0.2749 -0.9518
vn 0.0746 -0.2702 -0.9599
vn 0.0771 -0.2767 -0.9579
vn 0.1179 -0.2667 -0.9565
vn 0.0951 -0.2928 -0.9514
vn 0.1178 -0.2667 -0.9565
vn 0.1360 -0.2676 -0.9539
vn 0.1381 -0.2327 -0.9627
vn 0.1306 -0.2502 -0.9594
vn 0.1315 -0.2206 -0.9664
vn 0.1234 -0.2754 -0.9534
vn 0.1599 -0.2445 -0.9564
vn 0.1581 -0.2740 -0.9486
vn 0.1396 -0.2578 -0.9561
vn 0.1387 -0.2899 -0.9470
vn 0.1460 -0.2984 -0.9432
vn 0.0407 -0.3073 -0.9507
vn 0.0632 -0.3069 -0.9496
vn 0.0611 -0.3242 -0.9440
vn 0.0895 -0.2976 -0.9505
vn 0.1222 -0.3052 -0.9444
vn 0.1228 -0.2905 -0.9490
vn 0.1455 -0.3071 -0.9405
vn 0.1467 -0.2475 -0.9577
vn 0.1840 -0.2110 -0.9600
vn 0.1905 -0.2430 -0.9512
vn 0.1915 -0.2553 -0.9477
vn 0.1698 -0.2587 -0.9509
vn 0.2067 -0.1644 -0.9645
vn 0.2471 -0.0000 -0.9690
vn 0.2015 -0.1539 -0.9673
vn 0.2007 -0.1772 -0.9635
vn 0.1956 -0.1666 -0.9664
vn 0.1681 -0.1891 -0.9675
vn 0.2288 -0.1972 -0.9533
vn 0.1891 -0.2208 -0.9568
vn 0.1900 -0.1989 -0.9614
vn 0.1386 -0.2152 -0.9667
vn 0.1315 -0.2206 -0.9665
vn 0.1035 -0.2122 -0.9717
vn 0.0014 -0.4472 -0.8944
vn 0.0004 -0.4734 -0.8809
vn -0.0002 -0.4801 -0.8772
vn 0.0017 -0.4831 -0.8756
vn 0.0014 -0.5167 -0.8562
vn -0.1920 -0.0889 -0.9774
vn -0.1574 -0.1133 -0.9810
vn -0.1565 -0.1225 -0.9800
vn -0.1231 -0.1231 -0.9847
vn -0.0579 -0.1677 -0.9841
vn -0.0112 -0.1699 -0.9854
vn -0.0093 -0.2144 -0.9767
vn -0.0082 -0.1857 -0.9826
vn -0.0070 -0.2147 -0.9767
vn -0.0053 -0.2697 -0.9629
vn -0.0018 -0.2163 -0.9763
vn -0.0013 -0.2399 -0.9708
vn -0.0010 -0.2439 -0.9698
vn 0.0004 -0.2868 -0.9580
vn 0.0014 -0.2739 -0.9617
vn 0.0041 -0.3039 -0.9527
vn 0.0051 -0.2524 -0.9676
vn 0.0051 -0.2620 -0.9651
vn 0.0057 -0.2747 -0.9615
vn 0.0044 -0.2941 -0.9558
vn 0.0078 -0.2701 -0.9628
vn 0.0044 -0.2996 -0.9541
vn 0.0036 -0.3371 -0.9414
vn 0.0036 -0.3371 -0.9415
vn 0.0114 -0.1960 -0.9805
vn 0.0112 -0.2747 -0.9615
vn 0.0092 -0.1960 -0.9806
vn 0.0070 -0.2113 -0.9774
vn 0.0076 -0.2696 -0.9629
vn 0.0199 -0.2133 -0.9768
vn 0.0103 -0.2272 -0.9738
vn 0.0529 -0.2131 -0.9756
vn 0.0257 -0.2272 -0.9735
vn 0.0875 -0.1802 -0.9797
vn 0.0578 -0.1806 -0.9819
vn 0.1154 -0.1561 -0.9810
vn 0.1734 -0.1655 -0.9708
vn 0.1740 -0.1781 -0.9685
vn 0.1094 -0.2026 -0.9731
vn 0.0739 -0.2444 -0.9669
vn 0.0511 -0.2552 -0.9655
vn 0.1452 -0.1681 -0.9750
vn 0.1142 -0.2120 -0.9706
vn 0.0802 -0.2127 -0.9738
vn 0.0527 -0.2369 -0.9701
vn 0.0865 -0.1782 -0.9802
vn 0.0267 -0.1699 -0.9851
vn 0.0112 -0.1699 -0.9854
vn 0.0093 -0.2144 -0.9767
vn 0.0072 -0.2169 -0.9762
vn 0.0010 -0.2464 -0.9692
vn 0.0932 -0.1124 -0.9893
vn 0.0931 -0.1345 -0.9865
vn 0.0644 -0.1238 -0.9902
vn 0.0996 -0.0901 -0.9909
vn 0.0991 -0.0891 -0.9911
vn 0.0641 -0.0671 -0.9957
vn 0.0994 -0.0558 -0.9935
vn 0.0640 -0.0671 -0.9957
vn 0.0993 -0.0558 -0.9935
vn 0.0699 -0.0560 -0.9960
vn 0.1347 -0.0370 -0.9902
vn 0.0699 -0.0356 -0.9969
vn 0.0790 -0.2108 -0.9743
vn 0.0902 0.0828 -0.9925
vn 0.1225 -0.0077 -0.9924
vn 0.0851 -0.0118 -0.9963
vn 0.1240 -0.0063 -0.9923
vn 0.1240 -0.0081 -0.9922
vn 0.1150 -0.0062 -0.9933
vn 0.1135 -0.0064 -0.9935
vn 0.1287 -0.0017 -0.9917
vn 0.1150 0.0062 -0.9933
vn 0.0665 0.0070 -0.9978
vn 0.1136 0.0091 -0.9935
vn 0.0995 0.0092 -0.9950
vn 0.0665 0.0092 -0.9977
vn 0.0555 0.0000 -0.9985
vn 0.0348 0.0310 -0.9989
vn 0.0349 0.0310 -0.9989
vn 0.0406 -0.0193 -0.9990
vn 0.0407 -0.0194 -0.9990
vn 0.0441 -0.0000 -0.9990
vn 0.0178 0.0140 -0.9997
vn 0.0286 0.0229 -0.9993
vn 0.0442 0.0000 -0.9990
vn 0.0733 0.0070 -0.9973
vn 0.0640 0.0073 -0.9979
vn 0.0638 0.0000 -0.9980
vn 0.0657 0.0074 -0.9978
vn 0.0471 0.0088 -0.9989
vn 0.0599 -0.0023 -0.9982
vn 0.0599 0.0023 -0.9982
vn 0.0297 0.0000 -0.9996
vn 0.0336 -0.0274 -0.9991
vn 0.0733 -0.0108 -0.9972
vn 0.0441 -0.0097 -0.9990
vn 0.0287 -0.0228 -0.9993
vn 0.0407 0.0193 -0.9990
vn 0.0175 -0.0345 -0.9993
vn 0.0118 -0.0345 -0.9993
vn 0.0119 -0.0345 -0.9993
vn 0.0122 -0.0594 -0.9982
vn 0.0641 -0.1231 -0.9903
vn 0.0698 -0.0782 -0.9945
vn 0.0699 -0.0559 -0.9960
vn 0.0394 -0.0238 -0.9989
vn 0.0407 0.0194 -0.9990
vn 0.0739 -0.0118 -0.9972
vn 0.0850 -0.0118 -0.9963
vn 0.1135 -0.0091 -0.9935
vn 0.1136 -0.0091 -0.9935
vn 0.0665 -0.0070 -0.9978
vn 0.0830 0.0017 -0.9965
vn 0.0657 0.0092 -0.9978
vn 0.0441 0.0097 -0.9990
vn 0.0229 -0.1788 -0.9836
vn 0.0116 -0.1857 -0.9825
vn 0.0079 -0.1915 -0.9815
vn 0.0078 -0.1770 -0.9842
vn 0.0018 -0.2163 -0.9763
vn 0.0017 -0.1644 -0.9864
vn 0.0018 -0.1644 -0.9864
vn -0.0062 -0.1815 -0.9834
vn -0.0072 -0.1226 -0.9924
vn -0.0091 -0.1432 -0.9897
vn -0.0075 -0.1344 -0.9909
vn -0.0130 -0.1255 -0.9920
vn -0.0151 -0.0894 -0.9959
vn -0.0318 -0.1293 -0.9911
vn -0.0154 -0.0963 -0.9952
vn -0.0639 -0.1004 -0.9929
vn -0.0640 -0.0893 -0.9939
vn -0.0644 -0.1015 -0.9927
vn -0.0993 -0.0669 -0.9928
vn -0.1338 -0.0667 -0.9888
vn -0.1339 -0.0556 -0.9894
vn -0.1633 -0.0443 -0.9856
vn -0.1689 -0.0553 -0.9841
vn -0.1690 -0.0352 -0.9850
vn -0.1982 -0.0350 -0.9795
vn -0.2342 -0.0143 -0.9721
vn 0.0165 -0.0624 -0.9979
vn 0.0165 -0.0995 -0.9949
vn 0.0121 -0.0665 -0.9977
vn 0.0369 -0.0454 -0.9983
vn 0.0171 -0.0588 -0.9981
vn 0.0407 -0.0266 -0.9988
vn 0.1289 0.0823 -0.9882
vn 0.1345 -0.0102 -0.9909
vn 0.1589 -0.0064 -0.9873
vn 0.1580 -0.0075 -0.9874
vn 0.1581 -0.0059 -0.9874
vn 0.1083 -0.0055 -0.9941
vn 0.1083 0.0055 -0.9941
vn 0.0851 0.0086 -0.9963
vn 0.1135 0.0091 -0.9935
vn 0.1521 -0.0075 -0.9883
vn 0.1337 0.1448 -0.9804
vn 0.1351 -0.0106 -0.9908
vn 0.1601 -0.0091 -0.9871
vn 0.1346 0.0063 -0.9909
vn 0.1346 0.0065 -0.9909
vn 0.1240 0.0050 -0.9923
vn 0.1920 0.0069 -0.9814
vn 0.1643 0.0050 -0.9864
vn 0.1644 0.0050 -0.9864
vn 0.1733 0.0008 -0.9849
vn 0.1921 0.0007 -0.9814
vn 0.1920 -0.0007 -0.9814
vn 0.1993 -0.0050 -0.9799
vn 0.2081 -0.0047 -0.9781
vn 0.1961 -0.0046 -0.9806
vn 0.1983 -0.0048 -0.9801
vn 0.2020 -0.0051 -0.9794
vn 0.2425 -0.0042 -0.9701
vn 0.2425 -0.0039 -0.9701
vn 0.1644 -0.0036 -0.9864
vn 0.2707 -0.0033 -0.9627
vn 0.2706 -0.0033 -0.9627
vn 0.2048 -0.0053 -0.9788
vn 0.2836 -0.0051 -0.9589
vn 0.2626 -0.0057 -0.9649
vn 0.2696 -0.0837 -0.9593
vn 0.2329 -0.0155 -0.9724
vn 0.2816 -0.0137 -0.9594
vn 0.2715 -0.0114 -0.9624
vn 0.3133 -0.0246 -0.9493
vn 0.2753 -0.0244 -0.9610
vn 0.3104 -0.0320 -0.9501
vn 0.2845 0.0000 -0.9587
vn 0.2648 -0.0232 -0.9640
vn 0.2328 -0.0347 -0.9719
vn 0.3028 -0.0000 -0.9531
vn 0.2588 -0.0000 -0.9659
vn 0.2944 -0.0724 -0.9530
vn 0.2268 -0.0763 -0.9710
vn 0.2949 -0.0413 -0.9546
vn 0.2841 -0.0570 -0.9571
vn 0.2949 -0.0412 -0.9546
vn 0.2766 -0.2329 -0.9323
vn 0.2574 -0.2342 -0.9375
vn 0.2598 -0.0574 -0.9640
vn 0.2154 -0.0884 -0.9725
vn 0.2210 -0.0873 -0.9714
vn 0.2155 -0.0884 -0.9725
vn 0.2157 -0.1105 -0.9702
vn 0.2573 -0.1091 -0.9602
vn 0.2734 -0.0968 -0.9570
vn 0.2754 -0.0989 -0.9562
vn 0.2967 -0.1188 -0.9476
vn 0.2977 -0.0845 -0.9509
vn 0.2967 -0.1188 -0.9475
vn 0.3439 -0.0736 -0.9361
vn 0.3238 -0.1109 -0.9396
vn 0.3346 -0.1013 -0.9369
vn 0.3633 -0.0906 -0.9273
vn 0.3516 -0.0961 -0.9312
vn 0.2014 -0.0073 -0.9795
vn 0.2013 0.0313 -0.9790
vn 0.2180 0.0811 -0.9726
vn 0.1982 -0.0350 -0.9795
vn 0.2273 -0.0332 -0.9733
vn 0.1924 -0.0550 -0.9798
vn 0.2215 -0.0883 -0.9711
vn 0.2346 -0.0308 -0.9716
vn 0.2346 -0.0062 -0.9721
vn 0.2764 -0.0126 -0.9610
vn 0.3885 -0.0638 -0.9192
vn 0.3921 -0.0845 -0.9160
vn 0.4002 -0.0556 -0.9147
vn 0.3802 -0.0742 -0.9219
vn 0.3612 -0.0731 -0.9296
vn 0.3242 -0.0629 -0.9439
vn 0.2924 -0.1056 -0.9504
vn 0.2587 -0.1066 -0.9601
vn 0.2766 -0.0565 -0.9593
vn 0.2375 -0.1846 -0.9537
vn 0.2118 -0.1857 -0.9595
vn 0.2429 -0.1936 -0.9505
vn 0.2444 -0.1594 -0.9565
vn 0.2444 -0.1593 -0.9565
vn 0.2691 -0.1496 -0.9514
vn 0.2691 -0.1497 -0.9514
vn 0.2237 -0.1867 -0.9566
vn 0.2600 -0.1790 -0.9489
vn 0.3078 -0.1305 -0.9425
vn 0.2846 -0.1385 -0.9486
vn 0.2743 -0.1007 -0.9563
vn 0.3413 -0.0527 -0.9385
vn 0.3043 -0.0528 -0.9511
vn 0.0866 -0.0117 -0.9962
vn 0.0739 -0.0126 -0.9972
vn 0.0555 -0.0128 -0.9984
vn 0.0348 -0.0128 -0.9993
vn 0.0656 -0.0092 -0.9978
vn 0.0657 -0.0074 -0.9978
vn 0.0995 -0.0092 -0.9950
vn 0.4398 -0.0014 -0.8981
vn 0.4399 -0.0014 -0.8980
vn 0.4423 -0.0014 -0.8969
vn 0.4472 -0.0013 -0.8944
vn 0.4398 -0.0001 -0.8981
vn 0.4104 -0.0012 -0.9119
vn 0.4078 -0.0009 -0.9131
vn 0.4388 -0.0010 -0.8986
vn 0.4026 -0.0012 -0.9154
vn 0.3996 -0.0016 -0.9167
vn 0.3996 -0.0005 -0.9167
vn 0.3656 -0.0022 -0.9308
vn 0.3798 -0.0025 -0.9251
vn 0.3714 -0.0023 -0.9285
vn 0.3363 -0.0040 -0.9417
vn 0.3186 -0.0021 -0.9479
vn 0.3328 0.0003 -0.9430
vn 0.3350 -0.0028 -0.9422
vn 0.2907 -0.0026 -0.9568
vn 0.4474 -0.0046 -0.8943
vn 0.2941 -0.0047 -0.9558
vn 0.4240 -0.0478 -0.9044
vn 0.4165 -0.0277 -0.9087
vn 0.4160 -0.0131 -0.9093
vn 0.4175 -0.0131 -0.9086
vn 0.4138 -0.0024 -0.9104
vn 0.3807 -0.0175 -0.9245
vn 0.3807 -0.0025 -0.9247
vn 0.3786 -0.0108 -0.9255
vn 0.3665 -0.0183 -0.9302
vn 0.3374 -0.0314 -0.9409
vn 0.3417 -0.0000 -0.9398
vn 0.3416 -0.0250 -0.9395
vn 0.3524 -0.0036 -0.9358
vn 0.3491 -0.0184 -0.9369
vn 0.4473 0.0054 -0.8944
vn 0.3375 -0.0317 -0.9408
vn 0.3774 -0.0538 -0.9245
vn 0.3372 -0.0455 -0.9403
vn 0.3737 -0.0404 -0.9267
vn 0.0461 0.0060 -0.9989
vn 0.0295 -0.0060 -0.9995
vn 0.0175 -0.0148 -0.9997
vn 0.0516 -0.0088 -0.9986
vn 0.0126 -0.0388 -0.9992
vn 0.0219 -0.0274 -0.9994
vn 0.4472 -0.0130 -0.8944
vn 0.3777 -0.0331 -0.9253
vn 0.4472 -0.0014 -0.8944
vn 0.4642 -0.0006 -0.8857
vn 0.3418 -0.0029 -0.9398
vn 0.0714 -0.0149 -0.9973
vn 0.0712 -0.0388 -0.9967
vn 0.0132 -0.0350 -0.9993
vn 0.0018 -0.1578 -0.9875
vn 0.0068 -0.1568 -0.9876
vn 0.0084 -0.0986 -0.9951
vn 0.0104 -0.1343 -0.9909
vn -0.1993 -0.0049 -0.9799
vn -0.1920 -0.0069 -0.9814
vn -0.1714 -0.0088 -0.9852
vn -0.1284 -0.0093 -0.9917
vn -0.1691 -0.0234 -0.9853
vn -0.1465 -0.0101 -0.9892
vn -0.1132 0.0825 -0.9901
vn -0.1293 -0.0101 -0.9916
vn -0.1351 -0.0106 -0.9908
vn -0.1346 -0.0102 -0.9909
vn -0.0790 -0.2108 -0.9743
vn -0.1083 -0.0072 -0.9941
vn -0.0902 0.0827 -0.9925
vn -0.0736 0.0829 -0.9938
vn -0.1046 -0.0355 -0.9939
vn -0.0392 0.0000 -0.9992
vn -0.1135 -0.0091 -0.9935
vn -0.0555 -0.0000 -0.9985
vn -0.0739 -0.0089 -0.9972
vn -0.0348 -0.0310 -0.9989
vn -0.0349 -0.0128 -0.9993
vn -0.0407 -0.0266 -0.9988
vn -0.0407 0.0194 -0.9990
vn -0.0394 -0.0238 -0.9989
vn -0.0172 -0.0594 -0.9981
vn -0.0364 -0.0440 -0.9984
vn -0.0165 -0.0995 -0.9949
vn -0.0364 -0.0441 -0.9984
vn -0.0168 -0.0601 -0.9980
vn -0.0699 -0.0559 -0.9960
vn -0.0290 -0.0665 -0.9974
vn -0.0699 -0.0560 -0.9960
vn -0.0165 -0.0576 -0.9982
vn -0.0353 -0.0783 -0.9963
vn -0.0105 -0.0894 -0.9959
vn -0.0100 -0.0986 -0.9951
vn 0.0063 -0.1432 -0.9897
vn -0.0021 -0.1814 -0.9834
vn 0.0009 -0.2021 -0.9794
vn -0.0009 -0.1979 -0.9802
vn 0.0071 -0.2170 -0.9762
vn 0.0061 -0.1915 -0.9815
vn 0.0053 -0.2524 -0.9676
vn -0.0045 -0.2739 -0.9617
vn -0.0004 -0.2868 -0.9580
vn 0.0008 -0.3039 -0.9527
vn 0.0038 -0.3407 -0.9402
vn 0.0028 -0.3904 -0.9206
vn 0.0019 -0.4042 -0.9147
vn 0.0026 -0.4042 -0.9147
vn -0.0000 -0.4772 -0.8788
vn 0.0006 -0.5203 -0.8540
vn -0.0006 -0.5208 -0.8537
vn 0.0013 -0.5166 -0.8562
vn 0.0000 -0.5058 -0.8627
vn -0.0009 -0.5647 -0.8253
vn 0.0014 -0.5166 -0.8562
vn 0.0830 -0.0069 -0.9965
vn 0.1992 -0.0048 -0.9799
vn 0.1644 -0.0050 -0.9864
vn 0.3459 -0.0016 -0.9383
vn 0.3881 -0.0000 -0.9216
vn 0.3706 -0.0002 -0.9288
vn 0.3704 -0.0003 -0.9289
vn 0.3328 -0.0003 -0.9430
vn 0.3163 0.0025 -0.9487
vn 0.3328 -0.0000 -0.9430
vn 0.3147 0.0004 -0.9492
vn 0.2768 -0.0006 -0.9609
vn 0.2907 -0.0032 -0.9568
vn 0.2747 -0.0031 -0.9615
vn 0.2545 0.0003 -0.9671
vn 0.2511 0.0006 -0.9680
vn 0.2462 0.0003 -0.9692
vn 0.2425 0.0039 -0.9701
vn 0.2463 0.0039 -0.9692
vn 0.2020 0.0051 -0.9794
vn 0.2325 0.0035 -0.9726
vn 0.1713 0.0088 -0.9852
vn 0.1672 -0.0542 -0.9844
vn 0.1666 -0.0818 -0.9826
vn 0.1348 0.0236 -0.9906
vn 0.0995 0.0367 -0.9944
vn 0.1349 0.0372 -0.9902
vn 0.0699 0.0559 -0.9960
vn 0.0698 0.0782 -0.9945
vn 0.0699 0.0560 -0.9960
vn 0.0290 0.0576 -0.9979
vn 0.0152 0.0963 -0.9952
vn 0.0151 0.1104 -0.9938
vn 0.0322 0.0895 -0.9955
vn 0.0152 0.1104 -0.9938
vn 0.0640 0.0893 -0.9939
vn 0.0644 0.1015 -0.9927
vn 0.0996 0.0901 -0.9909
vn 0.0996 0.1012 -0.9899
vn 0.0932 0.1124 -0.9893
vn 0.1279 0.0778 -0.9887
vn 0.1577 0.0894 -0.9834
vn 0.1630 0.0774 -0.9836
vn 0.1568 0.1120 -0.9813
vn 0.2268 0.0764 -0.9710
vn 0.2208 0.0992 -0.9703
vn 0.2642 0.0656 -0.9622
vn 0.2210 0.0873 -0.9714
vn 0.2574 0.2341 -0.9375
vn 0.2925 0.0750 -0.9533
vn 0.4961 -0.0010 -0.8683
vn 0.4833 0.0005 -0.8755
vn 0.3159 -0.0006 -0.9488
vn 0.2081 0.0047 -0.9781
vn 0.1961 0.0048 -0.9806
vn 0.1665 -0.0818 -0.9826
vn 0.1554 -0.0820 -0.9844
vn 0.1346 0.0102 -0.9909
vn 0.1136 0.0106 -0.9935
vn 0.3768 0.0001 -0.9263
vn 0.4025 0.0005 -0.9154
vn 0.3649 0.0014 -0.9311
vn 0.3798 0.0015 -0.9251
vn 0.3798 0.0025 -0.9251
vn 0.1960 -0.0000 -0.9806
vn 0.3663 0.0310 -0.9300
vn 0.2667 0.0730 -0.9610
vn 0.2949 0.0413 -0.9546
vn 0.2271 0.0546 -0.9723
vn 0.2841 0.0570 -0.9571
vn 0.2598 0.0574 -0.9640
vn -0.0078 -0.1770 -0.9842
vn -0.0077 -0.1788 -0.9839
vn -0.0095 -0.1498 -0.9887
vn -0.0061 -0.1915 -0.9815
vn -0.0079 -0.1915 -0.9815
vn -0.0057 -0.2164 -0.9763
vn -0.0058 -0.2397 -0.9708
vn -0.0051 -0.2524 -0.9676
vn -0.0051 -0.2620 -0.9651
vn -0.0044 -0.2941 -0.9558
vn -0.0041 -0.3039 -0.9527
vn 0.0000 -0.3224 -0.9466
vn -0.0071 -0.0237 -0.9997
vn 0.0071 -0.0366 -0.9993
vn 0.0027 -0.0468 -0.9989
vn 0.2508 0.0006 -0.9680
vn 0.3649 0.0009 -0.9310
vn 0.3656 0.0022 -0.9308
vn 0.3186 0.0029 -0.9479
vn 0.3235 0.0033 -0.9462
vn 0.3235 0.0032 -0.9462
vn 0.3162 0.0025 -0.9487
vn 0.2941 0.0028 -0.9558
vn 0.3147 0.0025 -0.9492
vn 0.2874 0.0004 -0.9578
vn 0.1644 0.0038 -0.9864
vn 0.2626 0.0057 -0.9649
vn 0.1644 0.0036 -0.9864
vn 0.2768 0.0032 -0.9609
vn 0.4473 -0.0000 -0.8944
vn 0.4399 0.0001 -0.8981
vn 0.4473 0.0014 -0.8944
vn -0.0118 -0.0533 -0.9985
vn -0.0081 -0.0933 -0.9956
vn -0.0084 -0.1020 -0.9947
vn -0.1240 -0.0081 -0.9922
vn -0.1355 -0.0063 -0.9908
vn -0.1036 -0.0081 -0.9946
vn -0.1356 -0.0063 -0.9907
vn -0.1135 -0.0064 -0.9935
vn -0.1150 -0.0013 -0.9934
vn -0.0831 0.0017 -0.9965
vn -0.1135 0.0064 -0.9935
vn -0.0665 0.0070 -0.9978
vn -0.1136 0.0091 -0.9935
vn -0.0995 0.0070 -0.9950
vn -0.1135 0.0091 -0.9935
vn -0.0656 0.0091 -0.9978
vn -0.0349 0.0128 -0.9993
vn -0.0348 0.0310 -0.9989
vn -0.0407 0.0266 -0.9988
vn -0.0441 -0.0000 -0.9990
vn -0.0132 0.0574 -0.9983
vn -0.0178 0.0140 -0.9997
vn -0.0442 0.0097 -0.9990
vn -0.0733 0.0070 -0.9973
vn -0.0734 0.0108 -0.9972
vn -0.0295 -0.0000 -0.9996
vn -0.0996 0.0074 -0.9950
vn -0.0640 -0.0000 -0.9980
vn -0.0599 -0.0023 -0.9982
vn -0.0471 -0.0088 -0.9989
vn -0.0435 -0.0108 -0.9990
vn -0.0640 -0.0072 -0.9979
vn -0.0733 -0.0108 -0.9973
vn -0.0463 -0.0139 -0.9988
vn -0.0441 -0.0140 -0.9989
vn -0.0026 -0.4559 -0.8900
vn -0.0029 -0.4472 -0.8944
vn -0.0027 -0.4828 -0.8757
vn -0.0235 -0.4700 -0.8824
vn -0.0235 -0.4847 -0.8744
vn -0.0236 -0.4700 -0.8823
vn -0.0235 -0.4774 -0.8784
vn -0.0389 -0.4771 -0.8780
vn -0.2442 -0.2074 -0.9473
vn -0.2332 -0.2358 -0.9434
vn -0.1937 -0.2606 -0.9458
vn -0.1958 -0.2255 -0.9544
vn -0.3620 -0.2237 -0.9050
vn -0.1949 -0.2406 -0.9509
vn -0.3614 -0.2287 -0.9039
vn -0.2103 -0.2264 -0.9511
vn -0.1928 -0.2300 -0.9539
vn -0.1891 -0.2208 -0.9568
vn -0.1528 -0.2452 -0.9574
vn -0.1579 -0.2421 -0.9573
vn -0.1526 -0.2452 -0.9574
vn -0.1247 -0.2789 -0.9522
vn -0.1452 -0.2782 -0.9495
vn -0.1228 -0.2905 -0.9489
vn -0.0995 -0.3261 -0.9401
vn -0.1163 -0.3006 -0.9466
vn -0.1038 -0.3554 -0.9289
vn -0.0776 -0.3268 -0.9419
vn -0.0733 -0.3561 -0.9316
vn -0.0565 -0.3840 -0.9216
vn -0.0510 -0.3923 -0.9184
vn -0.0509 -0.3922 -0.9185
vn -0.0293 -0.3926 -0.9192
vn -0.0122 -0.4067 -0.9135
vn -0.0221 -0.5997 -0.7999
vn -0.0028 -0.4206 -0.9072
vn -0.2925 -0.0750 -0.9533
vn -0.2914 -0.1045 -0.9509
vn -0.3043 -0.0528 -0.9511
vn -0.3037 -0.0843 -0.9490
vn -0.3413 -0.0527 -0.9385
vn -0.3411 -0.0626 -0.9380
vn -0.3697 -0.0521 -0.9277
vn -0.3439 -0.0736 -0.9361
vn -0.3711 -0.0539 -0.9270
vn -0.3612 -0.0731 -0.9296
vn -0.3518 -0.0877 -0.9319
vn -0.3519 -0.0877 -0.9319
vn -0.3516 -0.0961 -0.9312
vn -0.3088 -0.1021 -0.9456
vn -0.3041 -0.1497 -0.9408
vn -0.3077 -0.1305 -0.9425
vn -0.2895 -0.1487 -0.9456
vn -0.2793 -0.1509 -0.9483
vn -0.2691 -0.1496 -0.9514
vn -0.2458 -0.1629 -0.9555
vn -0.2433 -0.1858 -0.9520
vn -0.1900 -0.1989 -0.9614
vn -0.2156 -0.2096 -0.9537
vn -0.1607 -0.2220 -0.9617
vn -0.1613 -0.2431 -0.9565
vn -0.1220 -0.2755 -0.9535
vn -0.1599 -0.2756 -0.9479
vn -0.1228 -0.2905 -0.9490
vn -0.1036 -0.3174 -0.9426
vn -0.0892 -0.3063 -0.9477
vn -0.0569 -0.3389 -0.9391
vn -0.0569 -0.3614 -0.9307
vn -0.0566 -0.3610 -0.9309
vn -0.0568 -0.3614 -0.9307
vn -0.0350 -0.3613 -0.9318
vn -0.0148 -0.4008 -0.9161
vn -0.0160 -0.3779 -0.9257
vn -0.0053 -0.3360 -0.9419
vn -0.0060 -0.3443 -0.9389
vn -0.0179 -0.3248 -0.9456
vn -0.0166 -0.3391 -0.9406
vn -0.0128 -0.3615 -0.9323
vn -0.0182 -0.3713 -0.9283
vn -0.0051 -0.3714 -0.9285
vn -0.0133 -0.1498 -0.9886
vn -0.0287 -0.1461 -0.9889
vn -0.0639 -0.1459 -0.9872
vn -0.0931 -0.1345 -0.9865
vn -0.1275 -0.1120 -0.9855
vn 0.3418 -0.0000 -0.9398
vn 0.3525 0.0036 -0.9358
vn 0.1959 -0.0000 -0.9806
vn 0.3363 -0.0000 -0.9417
vn 0.3303 0.0210 -0.9437
vn 0.3027 0.0416 -0.9522
vn 0.3028 -0.0000 -0.9530
vn 0.2648 0.0232 -0.9640
vn 0.2327 0.0442 -0.9715
vn 0.2662 0.0344 -0.9633
vn 0.2328 0.0347 -0.9719
vn 0.2809 0.0684 -0.9573
vn 0.2816 0.0137 -0.9594
vn 0.2936 -0.0036 -0.9559
vn 0.2941 0.0000 -0.9558
vn 0.4473 -0.0055 -0.8944
vn 0.2765 0.0000 -0.9610
vn 0.2539 0.0053 -0.9672
vn 0.2874 0.0026 -0.9578
vn 0.2494 0.0062 -0.9684
vn 0.2715 0.0114 -0.9624
vn 0.2329 0.0116 -0.9724
vn 0.1983 0.0117 -0.9801
vn 0.1983 0.0350 -0.9795
vn 0.1339 0.0556 -0.9894
vn 0.1633 0.0443 -0.9856
vn 0.1338 0.0666 -0.9888
vn 0.1340 0.0897 -0.9869
vn 0.0640 0.0671 -0.9957
vn 0.0852 -0.1091 -0.9904
vn 0.0851 0.0118 -0.9963
vn 0.0903 -0.0827 -0.9925
vn 0.3125 0.0745 -0.9470
vn 0.3441 0.0662 -0.9366
vn 0.3440 0.0663 -0.9366
vn 0.3806 0.0558 -0.9230
vn 0.4086 0.0329 -0.9121
vn 0.4137 0.0131 -0.9103
vn 0.4138 0.0024 -0.9104
vn 0.4072 0.0184 -0.9132
vn 0.4072 0.0184 -0.9131
vn 0.4520 0.0183 -0.8918
vn 0.4472 0.0014 -0.8944
vn 0.4833 -0.0005 -0.8755
vn 0.4801 -0.0006 -0.8772
vn 0.3490 0.0184 -0.9369
vn 0.3491 0.0040 -0.9371
vn 0.0641 0.1231 -0.9903
vn 0.0644 0.1238 -0.9902
vn 0.0581 0.1459 -0.9876
vn 0.0230 0.1351 -0.9906
vn 0.0325 0.1461 -0.9887
vn 0.0116 0.1857 -0.9825
vn 0.0229 0.1788 -0.9836
vn 0.0111 0.1820 -0.9832
vn 0.0577 0.1806 -0.9819
vn 0.0579 0.1678 -0.9841
vn 0.0875 0.1802 -0.9797
vn 0.1748 0.1455 -0.9738
vn 0.1734 0.1655 -0.9709
vn 0.2067 0.1644 -0.9645
vn 0.2394 0.1451 -0.9600
vn 0.2648 0.1444 -0.9534
vn 0.3077 0.1305 -0.9425
vn 0.3236 0.1230 -0.9382
vn -0.0533 -0.4365 -0.8981
vn -0.0083 -0.4478 -0.8941
vn 0.0020 -0.4479 -0.8941
vn -0.0058 -0.5135 -0.8581
vn -0.1698 -0.2587 -0.9509
vn -0.1479 -0.2922 -0.9448
vn -0.1378 -0.3190 -0.9377
vn -0.1139 -0.3372 -0.9345
vn -0.0806 -0.3668 -0.9268
vn -0.0671 -0.3919 -0.9176
vn -0.0619 -0.3839 -0.9213
vn -0.0505 -0.4198 -0.9062
vn -0.0062 -0.4421 -0.8969
vn -0.0030 -0.4472 -0.8944
vn -0.0313 -0.4584 -0.8882
vn -0.0237 -0.4509 -0.8922
vn -0.0394 -0.4507 -0.8918
vn -0.1489 -0.2627 -0.9533
vn -0.1455 -0.3071 -0.9405
vn -0.1144 -0.3200 -0.9405
vn -0.0991 -0.3377 -0.9360
vn -0.0885 -0.3590 -0.9291
vn -0.0705 -0.3761 -0.9239
vn -0.0399 -0.4318 -0.9011
vn -0.0045 -0.4067 -0.9136
vn -0.0177 -0.4115 -0.9112
vn -0.3241 -0.0988 -0.9408
vn -0.3078 -0.1306 -0.9425
vn -0.2684 -0.1497 -0.9516
vn -0.2287 -0.1805 -0.9566
vn -0.1948 -0.1881 -0.9626
vn -0.1907 -0.1797 -0.9651
vn -0.1386 -0.2152 -0.9667
vn -0.1315 -0.2206 -0.9665
vn -0.1306 -0.2502 -0.9593
vn -0.1357 -0.2750 -0.9518
vn -0.0951 -0.2928 -0.9514
vn -0.0895 -0.2976 -0.9505
vn -0.0629 -0.3271 -0.9429
vn -0.0168 -0.3040 -0.9525
vn -0.0389 -0.3045 -0.9517
vn -0.0408 -0.2875 -0.9569
vn -0.0615 -0.3042 -0.9506
vn -0.0363 -0.2949 -0.9548
vn -0.0736 -0.2585 -0.9632
vn -0.0739 -0.2444 -0.9669
vn -0.1089 -0.2227 -0.9688
vn -0.1734 -0.1995 -0.9644
vn -0.1740 -0.1781 -0.9685
vn -0.2015 -0.1539 -0.9673
vn -0.1956 -0.1666 -0.9664
vn -0.2471 -0.0000 -0.9690
vn -0.2394 -0.1451 -0.9600
vn -0.2634 -0.1431 -0.9540
vn -0.2648 -0.1441 -0.9535
vn -0.2368 -0.1313 -0.9627
vn -0.3070 -0.0957 -0.9469
vn -0.2743 -0.1007 -0.9563
vn -0.2575 -0.0994 -0.9611
vn -0.2139 -0.1320 -0.9679
vn -0.2154 -0.0884 -0.9725
vn -0.1788 -0.1329 -0.9749
vn -0.0632 -0.3070 -0.9496
vn -0.1179 -0.2667 -0.9565
vn -0.1361 -0.2691 -0.9534
vn -0.1359 -0.2750 -0.9518
vn -0.0632 -0.3069 -0.9496
vn 0.0000 -0.2809 -0.9597
vn -0.0511 -0.2552 -0.9655
vn -0.0802 -0.2127 -0.9738
vn -0.1793 -0.1546 -0.9716
vn -0.1502 -0.1553 -0.9764
vn -0.1150 -0.1777 -0.9773
vn -0.0117 -0.1829 -0.9831
vn -0.0229 -0.1829 -0.9829
vn -0.0228 -0.1820 -0.9830
vn -0.0325 -0.1461 -0.9887
vn -0.2328 -0.0347 -0.9719
vn -0.1631 -0.0663 -0.9844
vn -0.1635 -0.0671 -0.9843
vn -0.0990 -0.1001 -0.9900
vn -0.0996 -0.1012 -0.9899
vn -0.0230 -0.1559 -0.9875
vn -0.2187 -0.0073 -0.9758
vn -0.1996 -0.0073 -0.9799
vn -0.1703 0.0537 -0.9839
vn -0.1340 -0.0354 -0.9904
vn -0.0640 -0.0671 -0.9957
vn -0.0347 -0.0808 -0.9961
vn -0.0152 -0.0963 -0.9952
vn -0.1996 -0.0074 -0.9798
vn -0.1652 0.0819 -0.9829
vn -0.0989 -0.0355 -0.9945
vn -0.0993 -0.0558 -0.9935
vn -0.0145 -0.0808 -0.9966
vn -0.0700 -0.0356 -0.9969
vn 0.0219 0.0180 -0.9996
vn 0.0336 0.0180 -0.9993
vn 0.0093 0.0350 -0.9993
vn 0.0131 0.0574 -0.9983
vn 0.0089 0.0532 -0.9985
vn -0.0017 0.0777 -0.9970
vn 0.1871 0.0043 -0.9823
vn 0.2324 0.0068 -0.9726
vn 0.2187 0.0073 -0.9758
vn 0.2539 0.0052 -0.9672
vn 0.3236 0.0033 -0.9462
vn 0.4007 0.0278 -0.9158
vn -0.1682 -0.2901 -0.9421
vn -0.1463 -0.2923 -0.9451
vn -0.1578 -0.2817 -0.9465
vn -0.1230 -0.3196 -0.9395
vn -0.1384 -0.3015 -0.9434
vn -0.1249 -0.3312 -0.9352
vn -0.1226 -0.3294 -0.9362
vn -0.1100 -0.3658 -0.9242
vn -0.0879 -0.3757 -0.9226
vn -0.0872 -0.3666 -0.9263
vn -0.0637 -0.4111 -0.9093
vn -0.0558 -0.4316 -0.9003
vn -0.0452 -0.4156 -0.9084
vn -0.0780 -0.4000 -0.9132
vn -0.0861 -0.3948 -0.9147
vn -0.1222 -0.3380 -0.9332
vn -0.1598 -0.3122 -0.9365
vn -0.1028 -0.3869 -0.9164
vn -0.1022 -0.3695 -0.9236
vn -0.1033 -0.3703 -0.9231
vn -0.1257 -0.3516 -0.9277
vn -0.1267 -0.3225 -0.9381
vn -0.0102 -0.5044 -0.8634
vn -0.0339 -0.4816 -0.8757
vn -0.0474 -0.4348 -0.8993
vn -0.0394 -0.4662 -0.8838
vn -0.0398 -0.4349 -0.8996
vn -0.1178 -0.2667 -0.9565
vn -0.1746 -0.3751 -0.9104
vn -0.2642 -0.2662 -0.9270
vn -0.2653 -0.2675 -0.9263
vn -0.2604 -0.2561 -0.9309
vn -0.3257 -0.1126 -0.9388
vn -0.3163 -0.1317 -0.9395
vn -0.2977 -0.1604 -0.9411
vn -0.2526 -0.1731 -0.9520
vn -0.2429 -0.1936 -0.9505
vn -0.2377 -0.1843 -0.9537
vn -0.2377 -0.1842 -0.9537
vn -0.2376 -0.1846 -0.9537
vn -0.2341 -0.2160 -0.9479
vn 0.3431 0.0983 -0.9341
vn 0.1283 0.1135 -0.9852
vn 0.1280 0.1325 -0.9829
vn 0.1857 0.1000 -0.9775
vn 0.1854 0.1219 -0.9751
vn 0.1983 0.0667 -0.9779
vn 0.1982 0.0440 -0.9792
vn 0.2273 0.0332 -0.9733
vn 0.2571 0.0542 -0.9649
vn 0.3110 0.1789 -0.9334
vn 0.2830 0.1573 -0.9461
vn 0.2927 0.1570 -0.9432
vn 0.2367 0.2193 -0.9465
vn 0.3127 0.1485 -0.9382
vn 0.3255 0.1601 -0.9319
vn 0.2396 0.1587 -0.9578
vn 0.2377 0.2019 -0.9501
vn 0.3198 0.2054 -0.9249
vn 0.3038 0.2234 -0.9262
vn 0.3218 0.2080 -0.9237
vn 0.3687 0.1198 -0.9218
vn 0.3453 0.1737 -0.9223
vn 0.3661 0.1678 -0.9153
vn 0.3695 0.0970 -0.9241
vn 0.3607 0.0973 -0.9276
vn 0.2357 0.2805 -0.9305
vn 0.0098 0.2198 -0.9755
vn 0.2676 -0.0000 -0.9635
vn 0.2368 0.1313 -0.9626
vn 0.2137 0.1444 -0.9662
vn 0.1788 0.1329 -0.9749
vn 0.1793 0.1545 -0.9716
vn 0.1221 0.1451 -0.9819
vn 0.1561 0.1444 -0.9771
vn 0.1218 0.1686 -0.9781
vn 0.0923 0.1331 -0.9868
vn 0.0638 0.1568 -0.9856
vn 0.0229 0.1829 -0.9829
vn 0.1341 0.0897 -0.9869
vn 0.1922 0.0770 -0.9783
vn 0.0030 0.4472 -0.8944
vn 0.0313 0.4584 -0.8882
vn 0.0138 0.4559 -0.8899
vn 0.0062 0.4421 -0.8969
vn 0.0030 0.4471 -0.8945
vn 0.0032 0.4472 -0.8944
vn 0.0026 0.4206 -0.9073
vn 0.0031 0.3164 -0.9486
vn 0.0221 0.5997 -0.7999
vn 0.0197 0.4202 -0.9072
vn 0.0292 0.4201 -0.9070
vn 0.0509 0.3922 -0.9184
vn 0.0509 0.3923 -0.9184
vn 0.0512 0.3759 -0.9253
vn 0.0806 0.3668 -0.9268
vn 0.0733 0.3561 -0.9316
vn 0.0812 0.3383 -0.9375
vn 0.1042 0.3385 -0.9352
vn 0.0996 0.3261 -0.9401
vn 0.1387 0.2899 -0.9470
vn 0.1452 0.2782 -0.9495
vn 0.1468 0.2794 -0.9489
vn 0.1571 0.2571 -0.9535
vn 0.1526 0.2452 -0.9574
vn 0.1840 0.2110 -0.9600
vn 0.1527 0.2441 -0.9576
vn 0.3619 0.2237 -0.9050
vn 0.3047 0.2034 -0.9305
vn 0.3056 0.1822 -0.9346
vn 0.3043 0.2123 -0.9286
vn 0.3056 0.1823 -0.9346
vn 0.3588 0.1704 -0.9178
vn 0.3590 0.1579 -0.9199
vn 0.4425 0.1432 -0.8853
vn 0.3591 0.1525 -0.9208
vn 0.3529 0.1298 -0.9266
vn 0.3326 0.1587 -0.9296
vn 0.3331 0.1405 -0.9324
vn 0.3327 0.1544 -0.9303
vn 0.3694 0.1433 -0.9182
vn 0.3733 0.1486 -0.9157
vn 0.3930 0.1195 -0.9117
vn 0.2409 0.2243 -0.9443
vn 0.1988 0.2742 -0.9409
vn 0.1863 0.2965 -0.9367
vn 0.2413 0.2562 -0.9360
vn 0.2140 0.2879 -0.9335
vn 0.1989 0.2851 -0.9376
vn 0.1715 0.3098 -0.9352
vn 0.1938 0.3160 -0.9287
vn 0.2088 0.3027 -0.9299
vn 0.2277 0.2901 -0.9295
vn 0.2379 0.2868 -0.9280
vn 0.1745 0.3751 -0.9104
vn 0.0922 0.3935 -0.9147
vn 0.1212 0.3747 -0.9192
vn 0.2540 0.2675 -0.9295
vn 0.2718 0.2559 -0.9277
vn 0.2719 0.2330 -0.9337
vn 0.2811 0.2266 -0.9325
vn 0.2724 0.2240 -0.9358
vn 0.1652 0.2860 -0.9439
vn 0.2705 0.2559 -0.9281
vn 0.1841 0.3107 -0.9325
vn 0.2349 0.2811 -0.9305
vn 0.3561 0.1580 -0.9210
vn 0.3562 0.1540 -0.9216
vn 0.3284 0.1588 -0.9311
vn 0.2649 0.1947 -0.9444
vn 0.0233 0.4960 -0.8680
vn 0.0394 0.4507 -0.8918
vn 0.0554 0.4503 -0.8911
vn 0.0839 0.3840 -0.9195
vn 0.1024 0.3977 -0.9118
vn 0.1041 0.3438 -0.9332
vn 0.1111 0.3404 -0.9337
vn 0.0209 0.4588 -0.8883
vn 0.0010 0.4772 -0.8788
vn 0.0017 0.4831 -0.8756
vn -0.0003 0.4989 -0.8666
vn 0.0014 0.4842 -0.8750
vn 0.0012 0.4472 -0.8945
vn 0.0016 0.4472 -0.8944
vn 0.0022 0.4238 -0.9057
vn 0.0026 0.4206 -0.9072
vn 0.0045 0.4116 -0.9114
vn 0.0026 0.4042 -0.9147
vn 0.0020 0.3764 -0.9265
vn 0.0020 0.3763 -0.9265
vn 0.0030 0.3808 -0.9247
vn 0.0033 0.3406 -0.9402
vn 0.0053 0.3359 -0.9419
vn 0.0034 0.3328 -0.9430
vn 0.0049 0.3054 -0.9522
vn 0.0033 0.3457 -0.9383
vn 0.0044 0.2996 -0.9541
vn 0.0045 0.2740 -0.9617
vn 0.0044 0.2941 -0.9558
vn 0.0057 0.2747 -0.9615
vn 0.0087 0.2700 -0.9628
vn 0.0092 0.1960 -0.9806
vn 0.0362 0.2840 -0.9581
vn 0.0348 0.3844 -0.9225
vn 0.0566 0.3609 -0.9309
vn 0.0350 0.3613 -0.9318
vn 0.0852 0.3180 -0.9443
vn 0.0352 0.3449 -0.9380
vn 0.0629 0.3271 -0.9429
vn 0.0406 0.3275 -0.9440
vn 0.1360 0.2749 -0.9518
vn 0.0615 0.3042 -0.9506
vn 0.0363 0.2949 -0.9548
vn 0.0367 0.2645 -0.9637
vn 0.0366 0.2643 -0.9637
vn 0.0774 0.2654 -0.9610
vn 0.0970 0.2475 -0.9640
vn 0.1363 0.2691 -0.9534
vn 0.0775 0.2654 -0.9610
vn 0.0112 0.2696 -0.9629
vn 0.0179 0.3248 -0.9456
vn 0.0058 0.3442 -0.9389
vn 0.0167 0.3040 -0.9525
vn 0.0087 0.2941 -0.9557
vn 0.0078 0.2701 -0.9628
vn 0.0361 0.2840 -0.9582
vn 0.0361 0.2843 -0.9581
vn 0.0117 0.2974 -0.9547
vn 0.0072 0.1226 -0.9924
vn 0.0075 0.1344 -0.9909
vn 0.0130 0.1255 -0.9920
vn 0.0154 0.0963 -0.9952
vn 0.0303 0.1240 -0.9918
vn 0.0133 0.1498 -0.9886
vn 0.0078 0.1769 -0.9842
vn 0.0062 0.1815 -0.9834
vn 0.0021 0.1815 -0.9834
vn 0.0164 0.0665 -0.9976
vn 0.0171 0.0267 -0.9995
vn 0.0171 0.0665 -0.9976
vn 0.1599 0.2445 -0.9564
vn 0.1220 0.2755 -0.9535
vn 0.1361 0.2676 -0.9539
vn 0.1233 0.2767 -0.9530
vn 0.0947 0.3062 -0.9472
vn 0.1115 0.2970 -0.9483
vn 0.1358 0.2750 -0.9518
vn 0.1599 0.2756 -0.9479
vn 0.1222 0.3053 -0.9444
vn 0.1035 0.3174 -0.9426
vn 0.1696 0.2618 -0.9501
vn 0.1688 0.2786 -0.9454
vn 0.1214 0.3253 -0.9378
vn 0.0991 0.3378 -0.9360
vn 0.0619 0.3839 -0.9213
vn 0.0396 0.4314 -0.9013
vn 0.0314 0.4316 -0.9015
vn 0.0396 0.4472 -0.8936
vn 0.0399 0.4318 -0.9011
vn 0.0566 0.3961 -0.9165
vn 0.0704 0.3761 -0.9239
vn 0.1139 0.3372 -0.9345
vn 0.1235 0.3080 -0.9433
vn 0.1682 0.2901 -0.9421
vn -0.0118 0.0532 -0.9985
vn -0.0027 0.0468 -0.9989
vn -0.2137 -0.1444 -0.9662
vn -0.1497 -0.1769 -0.9728
vn -0.1496 -0.1769 -0.9728
vn -0.0806 -0.1912 -0.9782
vn -0.0987 -0.1232 -0.9875
vn -0.1277 -0.0998 -0.9868
vn -0.1922 -0.0769 -0.9783
vn -0.1984 -0.0445 -0.9791
vn -0.1094 -0.2026 -0.9731
vn -0.1743 -0.1673 -0.9704
vn -0.1734 -0.1655 -0.9709
vn -0.1626 -0.0993 -0.9817
vn -0.2676 -0.0000 -0.9635
vn -0.2448 -0.1142 -0.9628
vn -0.2247 -0.1602 -0.9612
vn -0.3235 -0.0883 -0.9421
vn -0.2734 -0.0968 -0.9570
vn -0.2587 -0.1055 -0.9602
vn -0.2967 -0.1188 -0.9476
vn -0.4109 0.0839 -0.9078
vn -0.4115 0.0636 -0.9092
vn -0.4229 0.0707 -0.9034
vn -0.3953 0.0713 -0.9158
vn -0.4472 0.0377 -0.8936
vn -0.4194 0.0657 -0.9054
vn -0.4281 0.0379 -0.9029
vn -0.4198 0.0452 -0.9065
vn -0.4546 0.0299 -0.8902
vn -0.4423 0.0131 -0.8968
vn -0.4434 0.0137 -0.8962
vn -0.4175 0.0024 -0.9087
vn -0.4399 0.0003 -0.8981
vn -0.4103 0.0008 -0.9119
vn -0.4399 0.0003 -0.8980
vn -0.4388 0.0009 -0.8986
vn -0.4741 0.0005 -0.8805
vn -0.4131 -0.0004 -0.9107
vn -0.4131 0.0004 -0.9107
vn -0.4072 0.0000 -0.9134
vn -0.4388 0.0002 -0.8986
vn -0.3768 -0.0001 -0.9263
vn -0.4071 -0.0014 -0.9134
vn -0.3996 -0.0016 -0.9167
vn -0.4078 -0.0019 -0.9131
vn -0.3417 -0.0029 -0.9398
vn -0.3782 -0.0108 -0.9256
vn -0.1961 0.0000 -0.9806
vn -0.3782 -0.0109 -0.9256
vn -0.3663 -0.0310 -0.9300
vn -0.3372 -0.0455 -0.9403
vn -0.3334 -0.0523 -0.9414
vn -0.4166 0.0135 -0.9090
vn -0.4087 0.0178 -0.9125
vn -0.4160 0.0025 -0.9094
vn -0.3807 0.0175 -0.9246
vn -0.3786 0.0025 -0.9255
vn -0.4104 0.0012 -0.9119
vn -0.4024 0.0005 -0.9155
vn -0.3880 -0.0000 -0.9217
vn -0.3769 0.0001 -0.9262
vn -0.3713 0.0003 -0.9285
vn -0.3657 -0.0007 -0.9307
vn -0.3714 -0.0022 -0.9285
vn -0.3491 -0.0040 -0.9371
vn -0.3524 -0.0036 -0.9358
vn -0.3304 -0.0035 -0.9439
vn -0.3417 -0.0000 -0.9398
vn -0.3133 -0.0246 -0.9493
vn -0.3105 -0.0211 -0.9503
vn -0.3459 -0.0017 -0.9383
vn -0.3350 -0.0020 -0.9422
vn -0.3328 0.0003 -0.9430
vn -0.3350 -0.0028 -0.9422
vn -0.2907 -0.0032 -0.9568
vn -0.2941 -0.0028 -0.9558
vn -0.2941 -0.0047 -0.9558
vn -0.4473 0.0055 -0.8944
vn -0.4473 -0.0048 -0.8944
vn -0.2940 -0.0134 -0.9557
vn -0.1226 -0.0077 -0.9924
vn -0.1356 -0.0013 -0.9908
vn -0.1521 -0.0075 -0.9883
vn -0.1580 -0.0057 -0.9874
vn -0.1589 -0.0064 -0.9873
vn -0.1241 -0.0059 -0.9923
vn -0.1465 -0.0100 -0.9892
vn -0.0580 0.0095 -0.9983
vn -0.0996 0.0073 -0.9950
vn -0.0657 0.0092 -0.9978
vn -0.0859 -0.0017 -0.9963
vn -0.0830 -0.0069 -0.9965
vn -0.0665 -0.0091 -0.9977
vn -0.0639 0.0000 -0.9980
vn -0.0657 -0.0074 -0.9978
vn -0.1979 -0.2877 -0.9370
vn -0.1988 -0.2742 -0.9409
vn -0.1771 -0.2964 -0.9385
vn -0.1943 -0.3103 -0.9306
vn -0.1871 -0.2849 -0.9401
vn -0.1870 -0.2849 -0.9401
vn -0.1788 -0.3668 -0.9130
vn -0.1213 -0.3736 -0.9196
vn -0.1337 -0.3570 -0.9245
vn -0.0939 -0.3733 -0.9230
vn -0.3685 -0.1198 -0.9219
vn -0.3638 -0.2006 -0.9096
vn -0.2376 -0.2019 -0.9501
vn -0.3124 -0.2232 -0.9233
vn -0.2928 -0.2236 -0.9296
vn -0.2868 -0.2467 -0.9257
vn -0.2880 -0.2265 -0.9305
vn -0.2719 -0.2330 -0.9337
vn -0.2705 -0.2559 -0.9281
vn -0.2548 -0.2561 -0.9325
vn -0.2920 -0.2326 -0.9277
vn -0.3661 -0.1678 -0.9153
vn -0.3607 -0.0973 -0.9276
vn -0.3659 -0.1678 -0.9154
vn -0.2408 -0.1145 -0.9638
vn -0.3445 -0.1937 -0.9186
vn -0.3450 -0.1814 -0.9209
vn -0.3225 -0.1941 -0.9265
vn -0.2934 -0.2146 -0.9316
vn -0.2377 -0.2019 -0.9501
vn -0.2378 -0.2019 -0.9501
vn -0.3932 -0.1088 -0.9130
vn -0.4015 -0.1155 -0.9085
vn -0.4384 -0.0449 -0.8977
vn -0.5511 -0.1148 -0.8265
vn -0.3272 -0.1498 -0.9330
vn -0.3591 -0.1525 -0.9208
vn -0.3694 -0.1433 -0.9182
vn -0.3734 -0.1485 -0.9157
vn -0.3931 -0.1183 -0.9119
vn -0.3271 -0.1559 -0.9320
vn -0.3327 -0.1544 -0.9303
vn -0.3561 -0.1581 -0.9210
vn -0.3590 -0.1580 -0.9199
vn -0.3562 -0.1540 -0.9216
vn -0.3325 -0.1587 -0.9296
vn -0.3786 -0.0108 -0.9255
vn -0.3890 -0.0404 -0.9204
vn -0.3777 -0.0331 -0.9253
vn -0.3774 -0.0537 -0.9245
vn -0.3806 -0.0558 -0.9230
vn -0.3633 -0.0906 -0.9273
vn -0.3542 -0.1116 -0.9285
vn -0.3751 -0.1083 -0.9206
vn -0.3542 -0.1115 -0.9285
vn -0.3289 -0.1054 -0.9385
vn -0.3280 -0.1298 -0.9357
vn -0.3271 -0.1485 -0.9333
vn 0.1112 0.3404 -0.9337
vn 0.0799 0.3985 -0.9137
vn 0.0083 0.4479 -0.8941
vn 0.0045 0.4206 -0.9072
vn 0.0160 0.3713 -0.9284
vn 0.0035 0.3714 -0.9285
vn 0.0045 0.3590 -0.9333
vn 0.0051 0.3714 -0.9285
vn 0.0114 0.3714 -0.9284
vn 0.0129 0.3615 -0.9323
vn 0.0058 0.3304 -0.9438
vn 0.0058 0.3391 -0.9407
vn 0.0058 0.3303 -0.9439
vn 0.0051 0.2620 -0.9651
vn -0.0004 0.2922 -0.9564
vn 0.0061 0.1915 -0.9815
vn 0.0063 0.1432 -0.9897
vn 0.0099 0.0987 -0.9951
vn -0.0000 0.4772 -0.8788
vn -0.0656 -0.0092 -0.9978
vn -0.0995 -0.0092 -0.9950
vn -0.1644 -0.0061 -0.9864
vn -0.1242 -0.0048 -0.9922
vn -0.1780 -0.0007 -0.9840
vn -0.1373 0.0013 -0.9905
vn -0.1458 0.0013 -0.9893
vn -0.1373 0.0012 -0.9905
vn -0.1521 0.0075 -0.9883
vn -0.1083 0.0054 -0.9941
vn -0.0018 0.4079 -0.9130
vn -0.0045 0.3590 -0.9333
vn -0.0159 0.3713 -0.9284
vn -0.0051 0.3714 -0.9285
vn -0.0348 0.3844 -0.9225
vn -0.0128 0.3615 -0.9323
vn -0.0569 0.3615 -0.9307
vn -0.0565 0.3609 -0.9309
vn -0.0565 0.3610 -0.9309
vn -0.0611 0.3242 -0.9440
vn -0.0852 0.3180 -0.9443
vn -0.1041 0.2911 -0.9510
vn -0.0892 0.3063 -0.9477
vn -0.1220 0.2755 -0.9535
vn -0.1387 0.2899 -0.9469
vn -0.1233 0.2767 -0.9530
vn -0.1577 0.2421 -0.9573
vn -0.1606 0.2219 -0.9617
vn -0.1836 0.2190 -0.9583
vn -0.2219 0.1947 -0.9554
vn -0.2293 0.1909 -0.9544
vn -0.2431 0.1903 -0.9512
vn -0.2458 0.1629 -0.9555
vn -0.2691 0.1497 -0.9514
vn -0.2780 0.1493 -0.9489
vn -0.2901 0.1325 -0.9478
vn -0.3271 0.0969 -0.9400
vn -0.3516 0.0961 -0.9312
vn -0.3625 0.0747 -0.9290
vn -0.3432 0.0983 -0.9341
vn -0.3613 0.0660 -0.9301
vn -0.3411 0.0625 -0.9379
vn -0.3440 0.0663 -0.9366
vn -0.3333 0.0523 -0.9414
vn -0.3039 0.0747 -0.9498
vn -0.3037 0.0844 -0.9490
vn -0.2925 0.0750 -0.9533
vn -0.2766 0.2328 -0.9323
vn -0.2488 0.0877 -0.9646
vn -0.2218 0.0663 -0.9728
vn -0.1920 0.0889 -0.9774
vn -0.1577 0.0894 -0.9834
vn -0.1626 0.0993 -0.9817
vn -0.1279 0.0786 -0.9887
vn -0.1277 0.0998 -0.9868
vn -0.0996 0.1012 -0.9899
vn -0.0990 0.1001 -0.9900
vn -0.0644 0.1015 -0.9927
vn -0.0645 0.1015 -0.9927
vn -0.0323 0.0895 -0.9955
vn -0.0317 0.0953 -0.9949
vn -0.0347 0.0963 -0.9947
vn -0.0348 0.0853 -0.9957
vn -0.0166 0.0554 -0.9983
vn -0.0699 0.0559 -0.9960
vn -0.0993 0.0558 -0.9935
vn -0.0989 0.0355 -0.9945
vn -0.1691 0.0235 -0.9853
vn -0.1674 0.0084 -0.9859
vn -0.2014 0.0073 -0.9795
vn -0.2411 0.0042 -0.9705
vn -0.2020 0.0051 -0.9794
vn -0.2463 0.0039 -0.9692
vn -0.2203 0.0046 -0.9754
vn -0.2545 0.0003 -0.9671
vn -0.2462 -0.0003 -0.9692
vn -0.2545 -0.0003 -0.9671
vn -0.2747 -0.0026 -0.9615
vn -0.2906 -0.0026 -0.9568
vn -0.2874 -0.0004 -0.9578
vn -0.3186 0.0029 -0.9479
vn -0.3714 0.0003 -0.9285
vn -0.3768 0.0001 -0.9263
vn -0.3713 -0.0002 -0.9285
vn -0.3418 0.0000 -0.9398
vn -0.4103 -0.0008 -0.9119
vn -0.4138 -0.0025 -0.9104
vn -0.4160 -0.0025 -0.9094
vn -0.4165 -0.0277 -0.9087
vn -0.4073 -0.0024 -0.9133
vn -0.4398 -0.0009 -0.8981
vn -0.4472 -0.0131 -0.8944
vn -0.4399 -0.0003 -0.8981
vn -0.4471 -0.0131 -0.8944
vn -0.4617 -0.0008 -0.8870
vn -0.4394 -0.0300 -0.8978
vn -0.4546 -0.0299 -0.8902
vn -0.4469 -0.0377 -0.8938
vn -0.4585 -0.0274 -0.8883
vn -0.4198 -0.0479 -0.9064
vn -0.4507 -0.0376 -0.8919
vn -0.4115 -0.0659 -0.9090
vn -0.3577 -0.1043 -0.9280
vn -0.3750 -0.0851 -0.9231
vn -0.3760 -0.0748 -0.9236
vn -0.3921 -0.0846 -0.9160
vn -0.4239 -0.0479 -0.9044
vn -0.4242 -0.0327 -0.9050
vn -0.4104 -0.0008 -0.9119
vn -0.4857 -0.0000 -0.8741
vn -0.4399 -0.0014 -0.8980
vn -0.4833 -0.0010 -0.8755
vn -0.4389 0.0002 -0.8986
vn -0.4741 -0.0005 -0.8805
vn -0.4472 0.0007 -0.8944
vn -0.4816 0.0005 -0.8764
vn -0.5006 0.0002 -0.8657
vn -0.5214 0.0005 -0.8533
vn -0.5305 -0.0000 -0.8477
vn -0.5252 0.0005 -0.8510
vn -0.5305 -0.0001 -0.8477
vn -0.5174 -0.0007 -0.8558
vn -0.5174 -0.0007 -0.8557
vn -0.4919 -0.0271 -0.8703
vn -0.5032 -0.0174 -0.8640
vn -0.4990 -0.0223 -0.8663
vn -0.4471 -0.0010 -0.8945
vn -0.4955 -0.0008 -0.8686
vn -0.4940 -0.0007 -0.8694
vn -0.4691 -0.0009 -0.8831
vn -0.5070 -0.0000 -0.8619
vn -0.4801 0.0009 -0.8772
vn -0.4833 0.0007 -0.8755
vn -0.5279 -0.0007 -0.8493
vn -0.5279 -0.0000 -0.8493
vn -0.2425 -0.0039 -0.9701
vn -0.1920 0.0050 -0.9814
vn -0.1961 0.0046 -0.9806
vn -0.2081 0.0007 -0.9781
vn -0.2121 0.0005 -0.9773
vn -0.4198 -0.0452 -0.9065
vn -0.4002 -0.0536 -0.9148
vn -0.3744 -0.1035 -0.9215
vn -0.3252 -0.1264 -0.9372
vn -0.2709 -0.1647 -0.9484
vn -0.0182 0.3713 -0.9283
vn -0.0166 0.3391 -0.9406
vn -0.0403 0.3529 -0.9348
vn -0.0058 0.3303 -0.9439
vn -0.0058 0.3303 -0.9438
vn -0.0168 0.3040 -0.9525
vn -0.0058 0.3391 -0.9407
vn -0.0068 0.3054 -0.9522
vn -0.0039 0.3360 -0.9418
vn -0.0033 0.3457 -0.9383
vn -0.0033 0.3406 -0.9402
vn -0.0031 0.3679 -0.9299
vn -0.0040 0.3679 -0.9299
vn 0.0000 0.3594 -0.9332
vn -0.0028 0.3904 -0.9206
vn -0.0002 0.4808 -0.8768
vn -0.0131 0.0574 -0.9983
vn -0.1465 0.0100 -0.9892
vn -0.1589 0.0057 -0.9873
vn -0.1588 0.0064 -0.9873
vn -0.1963 0.0046 -0.9805
vn -0.2508 0.0006 -0.9680
vn -0.2964 -0.0004 -0.9551
vn -0.2768 0.0006 -0.9609
vn -0.2907 0.0032 -0.9568
vn -0.3350 0.0020 -0.9422
vn -0.2941 0.0047 -0.9558
vn -0.3350 0.0028 -0.9422
vn -0.3235 0.0017 -0.9462
vn -0.3714 0.0022 -0.9285
vn -0.3657 0.0008 -0.9307
vn -0.3648 0.0014 -0.9311
vn -0.3996 0.0005 -0.9167
vn -0.4801 0.0010 -0.8772
vn -0.4961 0.0010 -0.8683
vn -0.4617 0.0008 -0.8870
vn -0.4833 -0.0007 -0.8754
vn -0.4472 -0.0008 -0.8944
vn -0.4472 0.0131 -0.8944
vn -0.4691 0.0128 -0.8830
vn -0.4775 0.0146 -0.8785
vn -0.4940 0.0007 -0.8695
vn -0.4734 0.0224 -0.8806
vn -0.4471 0.0010 -0.8945
vn -0.4471 0.0135 -0.8944
vn -0.5214 0.0003 -0.8533
vn -0.5178 0.0005 -0.8555
vn -0.4955 0.0008 -0.8686
vn -0.5174 0.0007 -0.8557
vn -0.5492 0.0005 -0.8357
vn -0.1356 0.0063 -0.9907
vn -0.1240 0.0081 -0.9922
vn -0.1036 0.0064 -0.9946
vn -0.0982 0.0114 -0.9951
vn -0.0848 0.2048 -0.9751
vn -0.0385 0.0115 -0.9992
vn -0.2324 0.0035 -0.9726
vn -0.2707 0.0033 -0.9627
vn -0.2747 0.0026 -0.9615
vn -0.0119 0.0594 -0.9982
vn -0.0165 0.0540 -0.9984
vn -0.0165 0.0454 -0.9988
vn -0.0699 0.0356 -0.9969
vn -0.0095 0.1498 -0.9887
vn -0.0131 0.1559 -0.9877
vn -0.0303 0.1240 -0.9918
vn -0.0230 0.1352 -0.9906
vn -0.0578 0.1806 -0.9819
vn -0.1218 0.1686 -0.9781
vn -0.0574 0.2107 -0.9759
vn -0.1150 0.1777 -0.9773
vn -0.0529 0.2130 -0.9756
vn -0.0802 0.2127 -0.9738
vn -0.0529 0.2131 -0.9756
vn -0.0798 0.2339 -0.9690
vn -0.0514 0.2343 -0.9708
vn -0.1035 0.2122 -0.9717
vn -0.0453 0.2448 -0.9685
vn -0.0736 0.2585 -0.9632
vn -0.0616 0.3000 -0.9520
vn -0.1363 0.2691 -0.9534
vn -0.0615 0.3042 -0.9506
vn -0.0747 0.2723 -0.9593
vn -0.0746 0.2702 -0.9599
vn -0.1104 0.2684 -0.9570
vn -0.1386 0.2152 -0.9667
vn -0.1381 0.2328 -0.9627
vn -0.1366 0.2114 -0.9678
vn -0.1907 0.1797 -0.9651
vn -0.1740 0.1781 -0.9685
vn -0.2287 0.1805 -0.9566
vn -0.2015 0.1539 -0.9673
vn -0.2648 0.1444 -0.9534
vn -0.2394 0.1451 -0.9600
vn -0.2607 0.1395 -0.9553
vn -0.2649 0.1441 -0.9535
vn -0.2449 0.1310 -0.9607
vn -0.2077 0.1322 -0.9692
vn -0.2136 0.1444 -0.9662
vn -0.2067 0.1644 -0.9645
vn -0.1798 0.1349 -0.9744
vn -0.1743 0.1673 -0.9704
vn -0.1502 0.1553 -0.9764
vn -0.0866 0.1674 -0.9821
vn -0.0228 0.1820 -0.9830
vn -0.0229 0.1870 -0.9821
vn -0.0229 0.1788 -0.9836
vn -0.0228 0.1870 -0.9821
vn -0.0103 0.2272 -0.9738
vn -0.0112 0.1699 -0.9854
vn -0.0227 0.1808 -0.9833
vn -0.0130 0.2551 -0.9668
vn -0.0170 0.2198 -0.9754
vn -0.0093 0.2747 -0.9615
vn -0.0171 0.2113 -0.9773
vn -0.1359 0.2750 -0.9518
vn -0.0887 0.3235 -0.9421
vn -0.0390 0.3045 -0.9517
vn -0.0117 0.2974 -0.9547
vn -0.0993 0.0669 -0.9928
vn -0.0991 0.0891 -0.9911
vn -0.1631 0.0664 -0.9844
vn -0.1690 0.0352 -0.9850
vn -0.1633 0.0443 -0.9856
vn -0.1982 0.0350 -0.9795
vn -0.2342 0.0144 -0.9721
vn -0.2473 -0.0804 -0.9656
vn -0.2494 0.0062 -0.9684
vn -0.2481 0.0049 -0.9687
vn -0.2626 0.0057 -0.9649
vn -0.2873 0.0032 -0.9578
vn -0.2936 -0.0036 -0.9559
vn -0.2941 0.0134 -0.9557
vn -0.4473 -0.0054 -0.8944
vn -0.3105 0.0211 -0.9503
vn -0.3375 0.0317 -0.9408
vn -0.3028 0.0231 -0.9528
vn -0.5716 0.0249 -0.8202
vn -0.3372 0.0455 -0.9403
vn -0.3890 0.0403 -0.9204
vn -0.3807 0.0175 -0.9245
vn -0.3806 0.0558 -0.9230
vn -0.4165 0.0277 -0.9087
vn -0.0983 0.0074 -0.9951
vn -0.5279 0.0007 -0.8493
vn -0.3807 0.0025 -0.9247
vn -0.3798 0.0025 -0.9251
vn -0.3417 0.0029 -0.9398
vn -0.3363 -0.0000 -0.9417
vn -0.3491 0.0184 -0.9369
vn -0.3525 0.0036 -0.9358
vn -0.0780 0.4000 -0.9132
vn -0.0451 0.4351 -0.8992
vn -0.0553 0.4542 -0.8892
vn -0.0446 0.4661 -0.8836
vn -0.0236 0.4664 -0.8842
vn -0.0290 0.0554 -0.9980
vn -0.0290 0.0665 -0.9974
vn -0.0132 0.1321 -0.9911
vn -0.0288 0.1293 -0.9912
vn -0.0639 0.1458 -0.9872
vn -0.0931 0.1345 -0.9865
vn -0.0638 0.1568 -0.9856
vn -0.1280 0.1325 -0.9829
vn -0.1229 0.1464 -0.9816
vn -0.1566 0.1225 -0.9800
vn -0.1561 0.1443 -0.9771
vn -0.1788 0.1329 -0.9749
vn -0.1857 0.1000 -0.9775
vn -0.1793 0.1098 -0.9776
vn -0.2155 0.0884 -0.9725
vn -0.2516 0.1013 -0.9625
vn -0.2747 0.0000 -0.9615
vn -0.2529 0.0000 -0.9675
vn -0.2737 0.0852 -0.9580
vn -0.3122 0.0842 -0.9463
vn -0.2978 0.0845 -0.9509
vn -0.3241 0.0988 -0.9408
vn -0.2743 0.1007 -0.9563
vn -0.0333 0.1460 -0.9887
vn -0.0098 0.1843 -0.9828
vn -0.0171 0.2110 -0.9773
vn -0.0000 0.2844 -0.9587
vn 0.0000 0.2809 -0.9597
vn -0.0087 0.2700 -0.9628
vn -0.0113 0.2669 -0.9637
vn -0.0092 0.1960 -0.9806
vn -0.0087 0.2941 -0.9557
vn -0.2264 0.3226 -0.9191
vn -0.1112 0.3404 -0.9337
vn -0.1257 0.3516 -0.9277
vn -0.1036 0.3609 -0.9268
vn -0.0914 0.3698 -0.9246
vn -0.0704 0.3761 -0.9239
vn -0.0619 0.3839 -0.9213
vn -0.0294 0.3926 -0.9192
vn -0.0036 0.3714 -0.9285
vn -0.0029 0.4472 -0.8944
vn -0.0138 0.4558 -0.8900
vn -0.0027 0.4421 -0.8969
vn -0.0071 0.4848 -0.8746
vn -0.2324 0.0068 -0.9726
vn -0.2346 0.0062 -0.9721
vn -0.2836 0.0051 -0.9589
vn -0.2836 -0.0000 -0.9589
vn -0.2715 0.0114 -0.9624
vn -0.2753 0.0244 -0.9610
vn -0.2662 0.0344 -0.9633
vn -0.2764 0.0127 -0.9610
vn -0.2327 0.0442 -0.9715
vn -0.2845 -0.0000 -0.9587
vn -0.2589 -0.0000 -0.9659
vn -0.3048 0.0457 -0.9513
vn -0.2949 0.0413 -0.9546
vn -0.2944 0.0724 -0.9529
vn -0.2841 0.0570 -0.9571
vn -0.2598 0.0574 -0.9640
vn -0.5715 0.0248 -0.8203
vn -0.1961 0.0019 -0.9806
vn -0.4774 0.0251 -0.8783
vn -0.4473 0.0251 -0.8940
vn -0.4469 0.0375 -0.8938
vn -0.4585 0.0274 -0.8883
vn -0.4919 0.0271 -0.8702
vn -0.5032 0.0174 -0.8640
vn -0.2587 0.1055 -0.9602
vn -0.2641 0.0656 -0.9622
vn -0.2267 0.0764 -0.9710
vn -0.1629 0.0774 -0.9836
vn -0.1338 0.0666 -0.9888
vn -0.1147 0.1905 -0.9750
vn -0.1142 0.2120 -0.9706
vn -0.1984 0.0445 -0.9791
vn -0.2571 0.0542 -0.9649
vn -0.1734 0.1655 -0.9709
vn -0.1377 0.2022 -0.9696
vn -0.1124 0.2741 -0.9551
vn -0.1102 0.2758 -0.9549
vn -0.3238 0.1108 -0.9396
vn -0.1176 0.2756 -0.9540
vn -0.1982 0.0440 -0.9792
vn -0.2118 0.1857 -0.9595
vn -0.2156 0.2096 -0.9537
vn -0.2376 0.1846 -0.9537
vn -0.2210 0.2365 -0.9462
vn -0.2341 0.2160 -0.9479
vn -0.2007 0.2249 -0.9535
vn -0.1832 0.2521 -0.9502
vn -0.3619 0.2237 -0.9050
vn -0.1697 0.2618 -0.9501
vn -0.1480 0.2922 -0.9448
vn -0.1384 0.3015 -0.9434
vn -0.1463 0.2909 -0.9455
vn -0.1226 0.3294 -0.9362
vn -0.1235 0.3080 -0.9433
vn -0.1036 0.3586 -0.9277
vn -0.1037 0.3586 -0.9277
vn -0.1958 0.2255 -0.9544
vn -0.1527 0.2441 -0.9576
vn -0.1571 0.2571 -0.9535
vn -0.1465 0.2475 -0.9578
vn -0.1465 0.2475 -0.9577
vn -0.1247 0.2789 -0.9522
vn -0.1214 0.3254 -0.9378
vn -0.1043 0.3385 -0.9352
vn -0.1042 0.3385 -0.9352
vn -0.0886 0.3265 -0.9410
vn -0.1038 0.3554 -0.9289
vn -0.0565 0.3840 -0.9216
vn -0.3405 0.1088 -0.9339
vn -0.3271 0.1485 -0.9333
vn -0.3283 0.1520 -0.9322
vn -0.2774 0.1614 -0.9471
vn -0.2769 0.1719 -0.9454
vn -0.2444 0.1593 -0.9565
vn -0.2445 0.1592 -0.9565
vn -0.2895 0.1487 -0.9456
vn -0.2894 0.1488 -0.9456
vn -0.3257 0.1126 -0.9388
vn -0.3885 0.0638 -0.9192
vn -0.4239 0.0478 -0.9044
vn -0.1249 0.3312 -0.9352
vn -0.1568 0.3007 -0.9408
vn -0.1577 0.2817 -0.9465
vn -0.2428 0.2322 -0.9419
vn -0.0807 0.3668 -0.9268
vn -0.0991 0.3377 -0.9360
vn -0.1378 0.3190 -0.9377
vn -0.1460 0.2984 -0.9432
vn -0.1489 0.2627 -0.9533
vn -0.1480 0.3219 -0.9351
vn -0.1531 0.2866 -0.9457
vn -0.1531 0.2857 -0.9460
vn -0.1812 -0.0000 -0.9835
vn -0.2454 0.0000 -0.9694
vn -0.1609 0.2827 -0.9456
vn -0.1598 0.3122 -0.9365
vn -0.1810 0.2817 -0.9423
vn -0.1380 0.3132 -0.9396
vn -0.1222 0.3380 -0.9332
vn -0.1024 0.3977 -0.9118
vn -0.0723 0.4272 -0.9013
vn -0.0553 0.4543 -0.8892
vn -0.0343 0.4509 -0.8919
vn -0.0398 0.4350 -0.8996
vn -0.0735 0.3828 -0.9209
vn -0.0693 0.3941 -0.9164
vn -0.0687 0.4224 -0.9038
vn -0.0357 0.4393 -0.8976
vn -0.1179 0.4365 -0.8919
vn -0.1190 0.4031 -0.9074
vn -0.1601 0.3748 -0.9132
vn -0.1182 0.3829 -0.9162
vn -0.1408 0.3540 -0.9246
vn -0.1514 0.3357 -0.9297
vn -0.0807 0.4152 -0.9061
vn -0.3760 0.0747 -0.9236
vn -0.3952 0.0713 -0.9158
vn -0.3743 0.1035 -0.9215
vn -0.3566 0.1288 -0.9253
vn -0.3289 0.1054 -0.9384
vn -0.3921 0.0845 -0.9160
vn -0.3697 0.0521 -0.9277
vn -0.3291 0.1312 -0.9351
vn -0.2944 0.2354 -0.9263
vn -0.3250 0.2050 -0.9232
vn -0.3216 0.2140 -0.9224
vn -0.2410 0.1145 -0.9638
vn -0.4185 0.0759 -0.9051
vn -0.4269 0.0608 -0.9023
vn -0.4547 0.0326 -0.8901
vn -0.4773 0.0247 -0.8784
vn -0.3568 0.1810 -0.9165
vn -0.3808 0.1128 -0.9178
vn -0.4049 0.0772 -0.9111
vn -0.4066 0.0818 -0.9100
vn -0.4467 0.0502 -0.8933
vn -0.4928 0.0321 -0.8696
vn -0.4929 0.0222 -0.8698
vn -0.3036 0.2264 -0.9255
vn -0.3450 0.1813 -0.9209
vn -0.3450 0.1814 -0.9209
vn -0.3316 0.1817 -0.9257
vn -0.3587 0.1704 -0.9178
vn -0.3522 0.1705 -0.9203
vn -0.3521 0.1763 -0.9192
vn -0.3937 0.0843 -0.9154
vn -0.4390 0.0404 -0.8976
vn -0.4466 0.0502 -0.8933
vn -0.4857 0.0098 -0.8741
vn -0.4300 -0.0000 -0.9028
vn -0.4095 0.1142 -0.9051
vn -0.4426 0.1412 -0.8855
vn -0.3927 0.1429 -0.9085
vn -0.3589 0.1630 -0.9190
vn -0.3759 0.1536 -0.9138
vn -0.3353 0.1709 -0.9265
vn -0.3590 0.1580 -0.9199
vn -0.3588 0.1704 -0.9177
vn -0.3905 0.0703 -0.9179
vn -0.3868 0.1539 -0.9092
vn -0.3157 0.1475 -0.9373
vn -0.2991 0.1275 -0.9457
vn -0.3527 0.1436 -0.9247
vn -0.3932 0.1072 -0.9132
vn -0.2817 0.2355 -0.9301
vn -0.2807 0.2533 -0.9258
vn -0.2100 0.2851 -0.9352
vn -0.2275 0.2562 -0.9395
vn -0.2000 0.2671 -0.9427
vn -0.2117 0.2562 -0.9432
vn -0.2105 0.2762 -0.9378
vn -0.1808 0.3466 -0.9204
vn -0.2050 0.3268 -0.9226
vn -0.1929 0.3278 -0.9249
vn -0.1392 0.3742 -0.9168
vn -0.1577 0.3663 -0.9170
vn -0.1656 0.3547 -0.9202
vn -0.1788 0.3668 -0.9130
vn -0.0699 0.4005 -0.9136
vn -0.2389 0.2741 -0.9316
vn -0.3570 0.1309 -0.9249
vn -0.3765 0.1076 -0.9201
vn -0.2850 0.1854 -0.9404
vn -0.2834 0.1826 -0.9415
g gsmini_elastomer_transformed_enclosed_gsmini_elastomer_transformed_enclosed_Default_OBJ
usemtl Default_OBJ
s 1
f 1//1 2//2 3//1
f 2//2 4//3 3//1
f 2//2 5//4 6//5
f 5//4 7//6 6//5
f 5//4 8//7 9//8
f 8//7 10//9 9//8
f 8//7 11//7 12//10
f 11//7 13//11 12//10
f 11//7 14//12 15//13
f 14//12 16//13 15//13
f 14//12 17//14 18//15
f 17//14 19//16 18//15
f 17//14 20//17 21//18
f 20//17 22//19 21//18
f 20//17 23//7 24//20
f 23//7 25//21 24//20
f 23//7 26//22 27//23
f 26//22 28//24 27//23
f 26//22 29//7 30//25
f 29//7 31//26 30//25
f 29//7 32//7 33//27
f 32//7 34//27 33//27
f 32//7 35//7 36//28
f 35//7 37//29 36//28
f 35//7 38//30 39//31
f 38//30 40//32 39//31
f 38//30 41//7 42//33
f 41//7 43//34 42//33
f 41//7 44//35 45//36
f 44//35 46//37 45//36
f 44//35 47//38 48//39
f 47//38 49//40 48//39
f 47//38 50//41 51//42
f 50//41 52//43 51//42
f 50//41 53//7 54//44
f 53//7 55//45 54//44
f 53//7 56//7 57//46
f 56//7 58//47 57//46
f 56//7 59//48 60//49
f 59//48 61//50 60//49
f 59//48 62//7 63//51
f 62//7 64//52 63//51
f 62//7 65//53 66//54
f 65//53 67//55 66//54
f 65//53 68//53 69//56
f 68//53 70//57 69//56
f 68//53 71//7 72//58
f 71//7 73//58 72//58
f 71//7 74//59 75//60
f 74//59 76//61 75//60
f 74//59 77//62 78//63
f 77//62 79//64 78//63
f 77//62 80//65 81//66
f 80//65 82//65 81//66
f 80//65 83//67 84//68
f 83//67 85//69 84//68
f 83//67 86//70 87//71
f 86//70 88//72 87//71
f 86//70 89//7 90//73
f 89//7 91//74 90//73
f 89//7 92//75 93//76
f 92//75 94//77 93//76
f 92//75 95//78 96//79
f 95//78 97//80 96//79
f 95//78 98//81 99//78
f 98//81 100//82 99//78
f 98//81 101//83 102//84
f 101//83 103//85 102//84
f 101//83 104//7 105//86
f 104//7 106//87 105//86
f 104//7 107//88 108//89
f 107//88 109//90 108//89
f 107//88 110//70 111//91
f 110//70 112//92 111//91
f 110//70 113//93 114//94
f 113//93 115//95 114//94
f 113//93 116//96 117//97
f 116//96 118//98 117//97
f 116//96 119//7 120//99
f 119//7 121//100 120//99
f 119//7 122//101 123//102
f 122//101 124//103 123//102
f 122//101 125//104 126//105
f 125//104 127//106 126//105
f 125//104 128//107 129//108
f 128//107 130//107 129//108
f 128//107 131//70 132//109
f 131//70 133//110 132//109
f 131//70 134//111 133//110
f 134//111 135//112 133//110
f 134//111 136//113 137//114
f 136//113 138//113 137//114
f 136//113 139//7 140//115
f 139//7 141//116 140//115
f 139//7 142//7 143//117
f 142//7 144//118 143//117
f 142//7 145//119 146//120
f 145//119 147//121 146//120
f 145//119 148//122 149//123
f 148//122 150//124 149//123
f 148//122 151//7 152//125
f 151//7 153//126 152//125
f 151//7 154//127 155//128
f 154//127 156//129 155//128
f 154//127 157//130 158//131
f 157//130 159//132 158//131
f 157//130 160//133 161//134
f 160//133 162//135 161//134
f 160//133 163//136 164//137
f 163//136 165//137 164//137
f 163//136 166//138 167//139
f 166//138 168//140 167//139
f 166//138 169//141 170//142
f 169//141 171//7 172//143
f 171//7 173//144 172//143
f 171//7 174//7 175//145
f 174//7 176//146 175//145
f 174//7 177//147 178//148
f 177//147 179//149 178//148
f 177//147 180//150 181//151
f 180//150 182//152 181//151
f 180//150 183//153 184//154
f 183//153 185//155 184//154
f 183//153 186//156 187//157
f 186//156 188//158 187//157
f 186//156 189//159 190//160
f 189//159 191//160 190//160
f 189//159 192//161 193//162
f 192//161 194//163 193//162
f 192//161 195//70 196//164
f 195//70 197//165 196//164
f 195//70 198//7 199//166
f 198//7 200//167 199//166
f 198//7 201//168 202//169
f 201//168 203//170 202//169
f 201//168 204//171 205//172
f 204//171 206//173 205//172
f 204//171 207//53 208//174
f 207//53 209//175 208//174
f 207//53 210//176 211//177
f 210//176 212//176 211//177
f 210//176 213//178 214//179
f 213//178 215//180 214//179
f 213//178 216//7 217//181
f 216//7 218//182 217//181
f 216//7 219//183 220//184
f 219//183 221//185 220//184
f 219//183 222//7 223//186
f 222//7 224//187 223//186
f 222//7 225//156 226//188
f 225//156 227//189 226//188
f 225//156 228//190 229//191
f 228//190 230//192 229//191
f 228//190 231//193 232//194
f 231//193 233//195 232//194
f 231//193 234//196 235//197
f 234//196 236//198 235//197
f 234//196 237//199 238//200
f 237//199 239//201 238//200
f 237//199 240//202 241//203
f 240//202 242//204 241//203
f 240//202 243//205 244//206
f 243//205 245//207 244//206
f 243//205 246//208 247//209
f 246//208 248//210 247//209
f 246//208 249//7 250//211
f 249//7 251//212 250//211
f 249//7 252//7 253//213
f 252//7 254//214 253//213
f 252//7 255//7 256//215
f 255//7 257//216 256//215
f 255//7 258//217 259//218
f 258//217 260//219 259//218
f 258//217 261//220 262//221
f 261//220 263//222 262//221
f 261//220 264//223 265//224
f 264//223 266//225 265//224
f 264//223 267//7 268//226
f 267//7 269//227 268//226
f 267//7 270//228 271//229
f 270//228 272//230 271//229
f 270//228 273//231 274//232
f 273//231 275//233 274//232
f 273//231 276//53 277//234
f 276//53 278//235 277//234
f 276//53 279//236 280//237
f 279//236 281//238 280//237
f 279//236 282//239 283//240
f 282//239 284//241 283//240
f 282//239 285//7 286//242
f 285//7 287//242 286//242
f 285//7 288//243 289//244
f 288//243 290//245 289//244
f 288//243 291//246 292//247
f 291//246 293//248 292//247
f 291//246 294//249 295//250
f 294//249 296//251 295//250
f 294//249 297//53 298//252
f 297//53 299//253 300//254
f 299//253 301//255 300//254
f 299//253 302//256 303//257
f 302//256 304//258 303//257
f 302//256 305//93 306//259
f 305//93 307//260 306//259
f 305//93 308//93 309//261
f 308//93 310//262 309//261
f 308//93 311//263 312//264
f 311//263 313//265 312//264
f 311//263 314//93 315//266
f 314//93 316//267 315//266
f 314//93 317//268 318//269
f 317//268 319//268 318//269
f 317//268 320//156 321//270
f 320//156 322//271 321//270
f 320//156 323//272 324//273
f 323//272 325//274 324//273
f 323//272 326//93 327//275
f 326//93 328//276 327//275
f 326//93 329//277 330//278
f 329//277 331//279 330//278
f 329//277 332//70 333//280
f 332//70 334//281 333//280
f 332//70 335//282 336//283
f 335//282 337//284 336//283
f 335//282 338//7 339//285
f 338//7 340//286 339//285
f 338//7 341//7 342//287
f 341//7 343//288 342//287
f 341//7 344//93 345//289
f 344//93 346//289 345//289
f 344//93 347//93 348//290
f 347//93 349//291 348//290
f 347//93 350//292 351//293
f 350//292 352//294 351//293
f 350//292 353//295 354//296
f 353//295 355//297 354//296
f 353//295 356//298 357//299
f 356//298 358//300 357//299
f 356//298 359//301 360//302
f 359//301 361//303 360//302
f 359//301 362//304 363//305
f 362//304 364//306 363//305
f 362//304 365//307 366//308
f 365//307 367//309 366//308
f 365//307 368//310 369//311
f 368//310 370//312 369//311
f 368//310 371//313 372//314
f 371//313 373//315 372//314
f 371//313 374//316 375//317
f 374//316 376//316 375//317
f 374//316 377//7 378//318
f 377//7 379//319 378//318
f 377//7 380//7 381//320
f 380//7 382//321 381//320
f 380//7 383//322 384//323
f 383//322 385//324 384//323
f 383//322 386//325 387//326
f 386//325 388//327 387//326
f 386//325 389//7 390//328
f 389//7 391//7 392//329
f 391//7 393//330 392//329
f 391//7 394//7 395//331
f 394//7 396//332 395//331
f 394//7 397//333 398//334
f 397//333 399//334 398//334
f 397//333 400//335 401//336
f 400//335 402//337 401//336
f 400//335 403//338 404//339
f 403//338 405//339 404//339
f 403//338 406//93 407//340
f 406//93 408//341 407//340
f 406//93 409//342 410//343
f 409//342 411//344 410//343
f 409//342 412//345 413//346
f 412//345 414//347 413//346
f 412//345 415//348 416//349
f 415//348 417//348 416//349
f 415//348 418//350 419//351
f 418//350 420//352 419//351
f 418//350 421//353 422//354
f 421//353 423//355 422//354
f 421//353 424//356 425//357
f 424//356 426//358 425//357
f 424//356 427//359 428//360
f 427//359 429//361 428//360
f 427//359 430//7 431//362
f 430//7 432//363 431//362
f 430//7 433//364 434//365
f 433//364 435//366 434//365
f 433//364 436//367 437//368
f 436//367 438//369 437//368
f 436//367 1//1 439//370
f 1//1 440//371 439//370
f 441//372 442//373 443//374
f 442//373 444//375 443//374
f 443//374 444//375 445//376
f 444//375 446//377 445//376
f 445//376 446//377 447//378
f 446//377 448//379 447//378
f 447//378 448//379 449//380
f 448//379 450//379 449//380
f 449//380 450//379 451//381
f 450//379 452//382 451//381
f 451//381 452//382 453//383
f 452//382 454//384 453//383
f 453//383 454//384 455//385
f 454//384 456//386 455//385
f 455//385 456//386 457//387
f 456//386 458//388 457//387
f 457//387 458//388 459//389
f 458//388 460//390 459//389
f 459//389 460//390 461//391
f 442//373 441//372 462//392
f 463//393 442//373 462//392
f 442//373 463//393 444//375
f 463//393 446//377 444//375
f 463//393 462//392 464//394
f 462//392 465//395 464//394
f 464//394 465//395 466//396
f 465//395 467//397 466//396
f 466//396 467//397 468//398
f 467//397 469//399 468//398
f 468//398 469//399 470//398
f 469//399 471//399 470//398
f 470//398 471//399 472//400
f 471//399 473//401 472//400
f 472//400 473//401 474//402
f 473//401 475//403 474//402
f 474//402 475//403 476//403
f 475//403 477//404 476//403
f 476//403 477//404 478//404
f 477//404 479//405 478//404
f 478//404 479//405 480//406
f 479//405 481//407 480//406
f 480//406 481//407 482//408
f 481//407 483//409 482//408
f 482//408 483//409 484//410
f 483//409 485//411 484//410
f 484//410 485//411 486//412
f 485//411 487//413 486//412
f 486//412 487//413 488//414
f 487//413 489//415 488//414
f 488//414 489//415 490//416
f 489//415 491//417 490//416
f 490//416 491//417 492//418
f 491//417 493//419 492//418
f 492//418 493//419 494//420
f 493//419 495//421 494//420
f 494//420 495//421 496//420
f 495//421 497//422 496//420
f 496//420 497//422 498//423
f 497//422 499//424 498//423
f 498//423 499//424 500//425
f 499//424 501//426 500//425
f 500//425 501//426 502//427
f 501//426 503//428 502//427
f 502//427 503//428 504//429
f 503//428 505//430 504//429
f 504//429 505//430 506//431
f 505//430 507//432 506//431
f 506//431 507//432 508//433
f 507//432 509//434 508//433
f 508//433 509//434 510//434
f 509//434 511//434 510//434
f 510//434 511//434 512//435
f 511//434 513//434 512//435
f 512//435 513//434 514//436
f 513//434 515//437 514//436
f 514//436 515//437 516//438
f 515//437 517//439 516//438
f 516//438 517//439 518//440
f 517//439 519//441 518//440
f 518//440 519//441 520//442
f 519//441 521//443 520//442
f 520//442 521//443 522//444
f 521//443 523//445 522//444
f 522//444 523//445 524//446
f 523//445 525//447 524//446
f 524//446 525//447 526//448
f 525//447 527//449 526//448
f 526//448 527//449 528//450
f 527//449 529//451 528//450
f 528//450 529//451 530//452
f 529//451 531//453 530//452
f 530//452 531//453 532//454
f 531//453 533//455 532//454
f 532//454 533//455 534//456
f 533//455 535//457 534//456
f 534//456 535//457 536//458
f 535//457 537//459 536//458
f 536//458 537//459 538//460
f 537//459 539//461 538//460
f 538//460 539//461 540//462
f 539//461 541//463 540//462
f 540//462 541//463 542//463
f 541//463 543//464 542//463
f 542//463 543//464 544//464
f 543//464 545//465 544//464
f 544//464 545//465 546//466
f 545//465 547//467 546//466
f 546//466 547//467 548//468
f 547//467 549//469 548//468
f 548//468 549//469 550//470
f 549//469 551//471 550//470
f 550//470 551//471 552//472
f 551//471 553//473 552//472
f 552//472 553//473 554//473
f 553//473 555//474 554//473
f 554//473 555//474 556//475
f 555//474 557//476 556//475
f 556//475 557//476 558//477
f 557//476 559//478 558//477
f 558//477 559//478 560//479
f 559//478 561//480 560//479
f 560//479 561//480 562//481
f 561//480 563//482 562//481
f 562//481 563//482 564//483
f 563//482 565//484 564//483
f 564//483 565//484 566//485
f 565//484 567//486 566//485
f 566//485 567//486 568//487
f 567//486 569//488 568//487
f 568//487 569//488 570//489
f 569//488 571//490 570//489
f 570//489 571//490 572//491
f 571//490 573//492 572//491
f 572//491 573//492 574//493
f 573//492 575//494 574//493
f 574//493 575//494 576//495
f 575//494 577//496 576//495
f 576//495 577//496 578//497
f 577//496 579//498 578//497
f 578//497 579//498 580//499
f 579//498 581//500 580//499
f 580//499 581//500 582//501
f 581//500 583//502 582//501
f 582//501 583//502 584//503
f 583//502 585//504 584//503
f 584//503 585//504 586//505
f 585//504 587//506 586//505
f 586//505 587//506 588//507
f 587//506 589//508 588//507
f 588//507 589//508 590//509
f 589//508 591//508 590//509
f 590//509 591//508 592//510
f 591//508 593//511 592//510
f 592//510 593//511 594//512
f 593//511 595//513 594//512
f 594//512 595//513 596//514
f 595//513 597//515 596//514
f 596//514 597//515 598//516
f 597//515 599//517 598//516
f 598//516 599//517 600//518
f 599//517 601//519 600//518
f 600//518 601//519 602//520
f 601//519 603//521 602//520
f 602//520 603//521 604//522
f 603//521 605//523 604//522
f 604//522 605//523 606//523
f 605//523 607//523 606//523
f 606//523 607//523 608//524
f 607//523 609//525 608//524
f 608//524 609//525 610//526
f 609//525 611//527 610//526
f 610//526 611//527 612//528
f 611//527 613//529 612//528
f 612//528 613//529 614//530
f 613//529 615//531 614//530
f 614//530 615//531 616//532
f 615//531 617//533 616//532
f 616//532 617//533 618//534
f 617//533 619//535 618//534
f 618//534 619//535 620//534
f 619//535 621//536 620//534
f 620//534 621//536 622//537
f 621//536 623//538 622//537
f 622//537 623//538 624//539
f 623//538 625//540 624//539
f 624//539 625//540 626//541
f 625//540 627//542 626//541
f 626//541 627//542 628//543
f 627//542 629//544 628//543
f 628//543 629//544 630//545
f 629//544 631//546 630//545
f 630//545 631//546 632//547
f 631//546 633//548 632//547
f 632//547 633//548 634//549
f 633//548 635//550 634//549
f 634//549 635//550 636//551
f 635//550 637//552 636//551
f 636//551 637//552 638//553
f 637//552 639//554 638//553
f 638//553 639//554 640//555
f 639//554 641//556 640//555
f 640//555 641//556 642//557
f 641//556 643//558 642//557
f 642//557 643//558 644//559
f 643//558 645//559 644//559
f 644//559 645//559 646//560
f 645//559 647//561 646//560
f 646//560 647//561 648//562
f 647//561 649//563 648//562
f 648//562 649//563 650//564
f 649//563 651//565 650//564
f 650//564 651//565 652//566
f 651//565 653//567 652//566
f 652//566 653//567 654//568
f 653//567 655//569 654//568
f 654//568 655//569 656//570
f 655//569 657//571 656//570
f 656//570 657//571 658//572
f 657//571 659//573 658//572
f 658//572 659//573 660//574
f 659//573 661//575 660//574
f 660//574 661//575 662//576
f 661//575 663//577 662//576
f 662//576 663//577 664//578
f 663//577 665//579 664//578
f 664//578 665//579 666//580
f 665//579 667//581 666//580
f 666//580 667//581 668//581
f 667//581 669//582 668//581
f 668//581 669//582 670//583
f 669//582 671//584 670//583
f 670//583 671//584 672//585
f 671//584 673//586 672//585
f 672//585 673//586 674//587
f 673//586 675//584 674//587
f 674//587 675//584 676//588
f 675//584 677//589 676//588
f 676//588 677//589 678//590
f 677//589 679//591 678//590
f 678//590 679//591 680//592
f 679//591 681//591 680//592
f 680//592 681//591 682//593
f 681//591 683//594 682//593
f 682//593 683//594 684//595
f 683//594 685//594 684//595
f 684//595 685//594 686//596
f 685//594 687//597 686//596
f 686//596 687//597 190//160
f 688//598 689//599 690//600
f 689//599 691//601 690//600
f 690//600 691//601 692//602
f 691//601 693//603 692//602
f 692//602 693//603 694//604
f 689//599 688//598 695//605
f 688//598 696//606 695//605
f 689//599 695//605 697//607
f 695//605 698//608 697//607
f 696//606 688//598 699//609
f 688//598 690//600 699//609
f 699//609 690//600 692//602
f 700//610 205//172 701//611
f 205//172 702//612 701//611
f 701//611 702//612 703//613
f 702//612 704//613 703//613
f 703//613 704//613 705//613
f 704//613 706//613 705//613
f 705//613 706//613 707//614
f 706//613 708//615 707//614
f 707//614 708//615 709//616
f 708//615 710//617 709//616
f 709//616 710//617 711//616
f 710//617 712//618 711//616
f 711//616 712//618 713//618
f 712//618 697//607 713//618
f 713//618 697//607 714//619
f 205//172 700//610 201//168
f 700//610 203//170 201//168
f 205//172 206//173 715//620
f 206//173 716//621 715//620
f 715//620 716//621 717//622
f 197//165 199//166 718//623
f 199//166 701//611 718//623
f 718//623 701//611 719//624
f 701//611 703//613 719//624
f 719//624 703//613 720//625
f 703//613 705//613 720//625
f 720//625 705//613 721//626
f 705//613 707//614 721//626
f 721//626 707//614 722//627
f 707//614 709//616 722//627
f 722//627 709//616 723//628
f 709//616 711//616 723//628
f 723//628 711//616 724//629
f 711//616 713//618 724//629
f 724//629 713//618 670//583
f 713//618 714//619 670//583
f 670//583 714//619 725//630
f 714//619 726//631 725//630
f 725//630 726//631 727//632
f 726//631 728//633 727//632
f 727//632 728//633 729//634
f 728//633 730//635 729//634
f 729//634 730//635 731//636
f 730//635 732//637 731//636
f 731//636 732//637 733//638
f 732//637 734//638 733//638
f 733//638 734//638 735//639
f 734//638 736//640 735//639
f 735//639 736//640 737//641
f 736//640 738//642 737//641
f 737//641 738//642 739//643
f 738//642 740//642 739//643
f 739//643 740//642 741//644
f 740//642 742//645 741//644
f 741//644 742//645 743//646
f 742//645 744//647 743//646
f 743//646 744//647 745//648
f 744//647 746//649 745//648
f 745//648 746//649 747//650
f 746//649 748//650 747//650
f 747//650 748//650 749//650
f 748//650 750//651 749//650
f 749//650 750//651 751//652
f 750//651 642//557 751//652
f 751//652 642//557 752//560
f 642//557 644//559 752//560
f 752//560 644//559 646//560
f 199//166 197//165 195//70
f 199//166 200//167 701//611
f 200//167 753//653 701//611
f 701//611 753//653 202//169
f 753//653 200//167 198//7
f 202//169 753//653 198//7
f 202//169 203//170 701//611
f 203//170 700//610 701//611
f 208//174 209//175 715//620
f 209//175 754//654 715//620
f 715//620 754//654 755//655
f 754//654 756//654 755//655
f 755//655 756//654 757//656
f 756//654 758//657 757//656
f 757//656 758//657 759//658
f 758//657 760//658 759//658
f 759//658 760//658 761//659
f 760//658 762//660 761//659
f 761//659 762//660 763//661
f 762//660 764//662 763//661
f 763//661 764//662 765//663
f 764//662 766//664 765//663
f 765//663 766//664 767//665
f 766//664 768//666 767//665
f 767//665 768//666 769//667
f 768//666 770//667 769//667
f 769//667 770//667 771//668
f 770//667 772//669 771//668
f 771//668 772//669 773//670
f 772//669 774//671 773//670
f 773//670 774//671 775//672
f 774//671 776//673 775//672
f 775//672 776//673 777//674
f 776//673 778//675 777//674
f 777//674 778//675 779//676
f 778//675 780//677 779//676
f 779//676 780//677 781//678
f 780//677 782//198 781//678
f 781//678 782//198 783//679
f 782//198 235//197 783//679
f 783//679 235//197 236//198
f 211//177 209//175 207//53
f 209//175 211//177 754//654
f 211//177 212//176 754//654
f 754//654 212//176 784//680
f 716//621 206//173 204//171
f 717//622 716//621 204//171
f 208//174 717//622 204//171
f 717//622 208//174 715//620
f 784//680 214//179 754//654
f 214//179 756//654 754//654
f 214//179 784//680 210//176
f 784//680 212//176 210//176
f 214//179 215//180 756//654
f 215//180 785//681 756//654
f 756//654 785//681 786//682
f 786//682 785//681 213//178
f 785//681 215//180 213//178
f 787//683 786//682 213//178
f 786//682 787//683 788//684
f 787//683 217//181 788//684
f 788//684 217//181 789//685
f 217//181 218//182 789//685
f 789//685 218//182 790//686
f 217//181 787//683 213//178
f 790//686 220//184 789//685
f 220//184 791//687 789//685
f 789//685 791//687 760//658
f 791//687 762//660 760//658
f 220//184 790//686 216//7
f 790//686 218//182 216//7
f 220//184 221//185 791//687
f 221//185 792//688 791//687
f 791//687 792//688 793//689
f 792//688 223//186 793//689
f 793//689 223//186 794//690
f 223//186 795//691 794//690
f 794//690 795//691 796//692
f 795//691 797//693 796//692
f 796//692 797//693 798//694
f 797//693 799//695 798//694
f 798//694 799//695 800//696
f 799//695 801//697 800//696
f 800//696 801//697 780//677
f 801//697 782//198 780//677
f 792//688 221//185 219//183
f 223//186 792//688 219//183
f 697//607 698//608 802//698
f 698//608 803//699 802//698
f 697//607 802//698 804//700
f 802//698 803//699 804//700
f 804//700 803//699 726//631
f 803//699 805//701 726//631
f 726//631 805//701 728//633
f 805//701 806//702 728//633
f 728//633 806//702 730//635
f 806//702 807//703 730//635
f 730//635 807//703 732//637
f 807//703 808//704 732//637
f 732//637 808//704 734//638
f 808//704 809//705 734//638
f 734//638 809//705 736//640
f 809//705 810//640 736//640
f 736//640 810//640 738//642
f 810//640 811//706 738//642
f 738//642 811//706 740//642
f 811//706 812//707 740//642
f 740//642 812//707 742//645
f 812//707 813//707 742//645
f 742//645 813//707 744//647
f 813//707 814//708 744//647
f 744//647 814//708 746//649
f 814//708 815//708 746//649
f 746//649 815//708 748//650
f 815//708 816//709 748//650
f 748//650 816//709 750//651
f 816//709 817//710 750//651
f 750//651 817//710 818//711
f 817//710 819//712 818//711
f 818//711 819//712 820//713
f 819//712 821//714 820//713
f 820//713 821//714 822//715
f 821//714 823//716 822//715
f 822//715 823//716 824//553
f 823//716 825//717 824//553
f 824//553 825//717 636//551
f 825//717 634//549 636//551
f 826//718 697//607 804//700
f 697//607 826//718 714//619
f 695//605 696//606 698//608
f 696//606 803//699 698//608
f 714//619 826//718 726//631
f 826//718 804//700 726//631
f 827//719 693//603 828//720
f 693//603 829//721 828//720
f 828//720 829//721 830//722
f 829//721 831//723 830//722
f 830//722 831//723 769//667
f 831//723 767//665 769//667
f 693//603 827//719 694//604
f 827//719 832//724 694//604
f 223//186 224//187 795//691
f 224//187 833//725 795//691
f 795//691 833//725 226//188
f 226//188 227//189 795//691
f 227//189 797//693 795//691
f 229//191 227//189 225//156
f 227//189 229//191 797//693
f 229//191 230//192 797//693
f 797//693 230//192 799//695
f 230//192 232//194 799//695
f 799//695 232//194 233//195
f 833//725 224//187 222//7
f 226//188 833//725 222//7
f 232//194 230//192 228//190
f 834//726 233//195 231//193
f 233//195 834//726 801//697
f 834//726 835//727 801//697
f 801//697 835//727 782//198
f 835//727 235//197 782//198
f 835//727 834//726 231//193
f 235//197 835//727 231//193
f 133//110 135//112 836//728
f 135//112 837//729 836//728
f 836//728 837//729 838//730
f 837//729 839//731 838//730
f 838//730 839//731 840//730
f 839//731 841//732 840//730
f 840//730 841//732 842//733
f 841//732 843//734 842//733
f 842//733 843//734 844//735
f 843//734 845//736 844//735
f 844//735 845//736 846//737
f 845//736 847//738 846//737
f 846//737 847//738 848//739
f 847//738 849//740 848//739
f 848//739 849//740 850//741
f 849//740 851//742 850//741
f 850//741 851//742 852//743
f 851//742 853//744 852//743
f 852//743 853//744 854//745
f 853//744 164//137 854//745
f 854//745 164//137 165//137
f 855//746 135//112 134//111
f 135//112 855//746 837//729
f 855//746 137//114 837//729
f 837//729 137//114 138//113
f 856//747 132//109 857//748
f 132//109 836//728 857//748
f 857//748 836//728 858//749
f 836//728 838//730 858//749
f 858//749 838//730 859//750
f 838//730 840//730 859//750
f 859//750 840//730 860//731
f 840//730 842//733 860//731
f 860//731 842//733 861//751
f 842//733 844//735 861//751
f 861//751 844//735 862//752
f 844//735 863//753 862//752
f 862//752 863//753 864//754
f 863//753 865//755 864//754
f 864//754 865//755 866//756
f 865//755 867//755 866//756
f 866//756 867//755 868//756
f 867//755 869//757 868//756
f 868//756 869//757 870//758
f 869//757 871//759 870//758
f 870//758 871//759 872//760
f 871//759 873//761 872//760
f 872//760 873//761 874//762
f 873//761 875//763 874//762
f 874//762 875//763 876//764
f 875//763 877//763 876//764
f 876//764 877//763 878//764
f 877//763 879//765 878//764
f 878//764 879//765 880//766
f 879//765 881//767 880//766
f 880//766 881//767 882//765
f 881//767 883//768 882//765
f 882//765 883//768 884//769
f 883//768 885//770 884//769
f 884//769 885//770 886//771
f 885//770 669//582 886//771
f 886//771 669//582 887//772
f 669//582 888//579 887//772
f 887//772 888//579 889//773
f 888//579 665//579 889//773
f 889//773 665//579 663//577
f 132//109 856//747 128//107
f 856//747 890//102 128//107
f 128//107 890//102 891//774
f 132//109 133//110 836//728
f 892//775 893//776 894//777
f 893//776 858//749 894//777
f 894//777 858//749 859//750
f 893//776 892//775 895//776
f 892//775 896//778 895//776
f 895//776 896//778 858//749
f 896//778 857//748 858//749
f 858//749 893//776 895//776
f 897//779 138//113 136//113
f 138//113 897//779 898//780
f 897//779 899//781 898//780
f 898//780 899//781 900//782
f 899//781 901//783 900//782
f 900//782 901//783 902//784
f 901//783 903//785 902//784
f 902//784 903//785 904//786
f 903//785 905//124 904//786
f 904//786 905//124 906//787
f 905//124 907//788 906//787
f 906//787 907//788 908//789
f 137//114 855//746 134//111
f 140//115 897//779 136//113
f 897//779 140//115 899//781
f 140//115 141//116 899//781
f 899//781 141//116 143//117
f 909//790 146//120 899//781
f 146//120 901//783 899//781
f 146//120 909//790 142//7
f 909//790 144//118 142//7
f 146//120 147//121 903//785
f 147//121 910//791 903//785
f 903//785 910//791 911//792
f 143//117 144//118 899//781
f 144//118 909//790 899//781
f 143//117 141//116 139//7
f 911//792 149//123 903//785
f 149//123 905//124 903//785
f 149//123 911//792 145//119
f 911//792 910//791 145//119
f 145//119 910//791 147//121
f 149//123 150//124 905//124
f 150//124 912//793 905//124
f 905//124 912//793 152//125
f 153//126 907//788 905//124
f 907//788 153//126 151//7
f 908//789 907//788 151//7
f 912//793 150//124 148//122
f 152//125 912//793 148//122
f 152//125 153//126 905//124
f 908//789 155//128 906//787
f 155//128 851//742 906//787
f 906//787 851//742 849//740
f 155//128 908//789 151//7
f 155//128 156//129 851//742
f 156//129 158//131 851//742
f 851//742 158//131 159//132
f 913//794 164//137 853//744
f 164//137 913//794 160//133
f 159//132 914//795 851//742
f 914//795 853//744 851//742
f 914//795 159//132 157//130
f 161//134 914//795 157//130
f 914//795 161//134 853//744
f 161//134 162//135 853//744
f 853//744 162//135 913//794
f 162//135 160//133 913//794
f 915//796 916//797 854//745
f 916//797 917//798 854//745
f 854//745 917//798 918//799
f 917//798 919//800 918//799
f 918//799 919//800 920//801
f 919//800 921//802 920//801
f 920//801 921//802 922//803
f 921//802 923//804 922//803
f 922//803 923//804 677//589
f 923//804 679//591 677//589
f 916//797 915//796 163//136
f 915//796 165//137 163//136
f 167//139 916//797 163//136
f 916//797 167//139 917//798
f 167//139 168//140 917//798
f 917//798 168//140 924//805
f 165//137 915//796 854//745
f 158//131 156//129 154//127
f 924//805 170//142 917//798
f 170//142 925//806 917//798
f 917//798 925//806 919//800
f 925//806 926//807 919//800
f 919//800 926//807 921//802
f 926//807 927//808 921//802
f 921//802 927//808 681//591
f 927//808 683//594 681//591
f 170//142 924//805 166//138
f 924//805 168//140 166//138
f 170//142 169//141 928//141
f 170//142 928//141 925//806
f 928//141 929//809 925//806
f 925//806 929//809 172//143
f 172//143 929//809 169//141
f 929//809 928//141 169//141
f 172//143 173//144 926//807
f 173//144 930//810 926//807
f 926//807 930//810 175//145
f 175//145 930//810 171//7
f 930//810 173//144 171//7
f 175//145 176//146 931//811
f 176//146 932//812 931//811
f 931//811 932//812 178//148
f 179//149 933//813 931//811
f 933//813 934//814 931//811
f 931//811 934//814 926//807
f 934//814 927//808 926//807
f 933//813 179//149 177//147
f 935//815 933//813 177//147
f 933//813 935//815 934//814
f 935//815 181//151 934//814
f 934//814 181//151 936//816
f 181//151 182//152 936//816
f 936//816 182//152 184//154
f 932//812 176//146 174//7
f 178//148 932//812 174//7
f 178//148 179//149 931//811
f 181//151 935//815 177//147
f 937//597 687//597 685//594
f 687//597 937//597 186//156
f 937//597 188//158 186//156
f 190//160 687//597 186//156
f 185//155 187//157 936//816
f 187//157 685//594 936//816
f 936//816 685//594 934//814
f 685//594 683//594 934//814
f 934//814 683//594 927//808
f 187//157 185//155 183//153
f 187//157 188//158 685//594
f 188//158 937//597 685//594
f 938//817 939//818 686//596
f 939//818 940//819 686//596
f 686//596 940//819 684//595
f 940//819 941//820 684//595
f 684//595 941//820 942//821
f 941//820 943//822 942//821
f 942//821 943//822 944//823
f 943//822 945//824 944//823
f 944//823 945//824 946//825
f 945//824 947//826 946//825
f 946//825 947//826 948//827
f 947//826 724//629 948//827
f 948//827 724//629 672//585
f 724//629 670//583 672//585
f 939//818 938//817 189//159
f 938//817 191//160 189//159
f 193//162 939//818 189//159
f 939//818 193//162 940//819
f 193//162 194//163 940//819
f 940//819 194//163 949//828
f 190//160 191//160 686//596
f 191//160 938//817 686//596
f 949//828 194//163 192//161
f 196//164 949//828 192//161
f 949//828 196//164 718//623
f 196//164 197//165 718//623
f 890//102 856//747 857//748
f 891//774 890//102 950//774
f 890//102 857//748 950//774
f 950//774 857//748 896//778
f 184//154 182//152 180//150
f 184//154 185//155 936//816
f 951//829 236//198 234//196
f 236//198 951//829 783//679
f 951//829 781//678 783//679
f 952//830 951//829 234//196
f 951//829 952//830 777//674
f 952//830 953//831 777//674
f 777//674 953//831 954//832
f 953//831 955//833 954//832
f 954//832 955//833 956//834
f 955//833 957//835 956//834
f 956//834 957//835 958//836
f 957//835 959//837 958//836
f 958//836 959//837 960//838
f 959//837 961//839 960//838
f 960//838 961//839 962//840
f 961//839 963//841 962//840
f 962//840 963//841 964//842
f 963//841 965//843 964//842
f 964//842 965//843 806//702
f 965//843 807//703 806//702
f 832//724 827//719 828//720
f 694//604 832//724 692//602
f 832//724 699//609 692//602
f 966//775 891//774 950//774
f 891//774 966//775 128//107
f 966//775 967//107 128//107
f 128//107 967//107 968//844
f 967//107 966//775 892//775
f 966//775 950//774 892//775
f 892//775 950//774 896//778
f 969//845 970//846 971//847
f 970//846 972//848 971//847
f 971//847 972//848 973//849
f 972//848 974//850 973//849
f 973//849 974//850 975//851
f 974//850 976//852 975//851
f 975//851 976//852 977//853
f 976//852 978//854 977//853
f 977//853 978//854 979//855
f 978//854 980//854 979//855
f 979//855 980//854 981//856
f 980//854 982//857 981//856
f 981//856 982//857 983//858
f 982//857 984//859 983//858
f 983//858 984//859 812//707
f 984//859 813//707 812//707
f 970//846 969//845 234//196
f 969//845 985//860 234//196
f 234//196 985//860 952//830
f 986//861 970//846 234//196
f 970//846 986//861 972//848
f 986//861 987//862 972//848
f 972//848 987//862 988//863
f 987//862 989//864 988//863
f 988//863 989//864 990//863
f 989//864 991//864 990//863
f 990//863 991//864 992//865
f 991//864 993//866 992//865
f 992//865 993//866 976//852
f 993//866 994//867 976//852
f 976//852 994//867 995//868
f 994//867 996//869 995//868
f 995//868 996//869 997//870
f 996//869 998//871 997//870
f 997//870 998//871 999//872
f 998//871 1000//873 999//872
f 999//872 1000//873 1001//874
f 1000//873 1002//875 1001//874
f 1001//874 1002//875 1003//876
f 1002//875 1004//877 1003//876
f 1003//876 1004//877 984//859
f 1004//877 813//707 984//859
f 985//860 969//845 1005//878
f 969//845 971//847 1005//878
f 1005//878 971//847 1006//879
f 971//847 973//849 1006//879
f 1006//879 973//849 1007//880
f 973//849 975//851 1007//880
f 1007//880 975//851 1008//881
f 975//851 977//853 1008//881
f 1008//881 977//853 1009//882
f 977//853 979//855 1009//882
f 1009//882 979//855 1010//883
f 979//855 981//856 1010//883
f 1010//883 981//856 1011//884
f 981//856 983//858 1011//884
f 1011//884 983//858 811//706
f 983//858 812//707 811//706
f 1012//885 986//861 234//196
f 986//861 1012//885 987//862
f 1012//885 1013//885 987//862
f 987//862 1013//885 989//864
f 1013//885 1014//886 989//864
f 989//864 1014//886 1015//887
f 1014//886 1016//888 1015//887
f 1015//887 1016//888 1017//889
f 1016//888 1018//890 1017//889
f 1017//889 1018//890 1019//891
f 1018//890 1020//892 1019//891
f 1019//891 1020//892 1021//893
f 1020//892 1022//894 1021//893
f 1021//893 1022//894 1023//895
f 1022//894 1024//896 1023//895
f 1023//895 1024//896 1025//897
f 1024//896 1026//898 1025//897
f 1025//897 1026//898 1027//899
f 1026//898 1028//900 1027//899
f 1027//899 1028//900 1029//901
f 1028//900 1030//902 1029//901
f 1029//901 1030//902 1031//903
f 1030//902 1032//904 1031//903
f 1031//903 1032//904 1033//905
f 1032//904 1034//906 1033//905
f 1033//905 1034//906 1035//907
f 1034//906 1036//908 1035//907
f 1035//907 1036//908 1037//909
f 1036//908 1038//910 1037//909
f 1037//909 1038//910 823//716
f 1038//910 1039//910 823//716
f 823//716 1039//910 1040//911
f 1039//910 1041//912 1040//911
f 1040//911 1041//912 1042//913
f 1041//912 1043//912 1042//913
f 1042//913 1043//912 1044//717
f 1043//912 1045//914 1044//717
f 1044//717 1045//914 634//549
f 1045//914 632//547 634//549
f 952//830 985//860 1046//915
f 985//860 1005//878 1046//915
f 1046//915 1005//878 1047//916
f 1005//878 1006//879 1047//916
f 1047//916 1006//879 1048//917
f 1006//879 1007//880 1048//917
f 1048//917 1007//880 1049//918
f 1007//880 1008//881 1049//918
f 1049//918 1008//881 1050//918
f 1008//881 1009//882 1050//918
f 1050//918 1009//882 1051//919
f 1009//882 1010//883 1051//919
f 1051//919 1010//883 1052//920
f 1010//883 1011//884 1052//920
f 1052//920 1011//884 810//640
f 1011//884 811//706 810//640
f 1013//885 1012//885 234//196
f 1053//199 1013//885 234//196
f 1013//885 1053//199 1014//886
f 1053//199 1054//201 1014//886
f 1014//886 1054//201 1016//888
f 1054//201 1055//200 1016//888
f 1016//888 1055//200 1018//890
f 1055//200 1056//921 1018//890
f 1018//890 1056//921 1020//892
f 1056//921 1057//922 1020//892
f 1020//892 1057//922 1058//923
f 1057//922 1059//924 1058//923
f 1058//923 1059//924 1024//896
f 1059//924 1060//925 1024//896
f 1024//896 1060//925 1061//926
f 1060//925 1062//927 1061//926
f 1061//926 1062//927 1063//928
f 1062//927 1064//929 1063//928
f 1063//928 1064//929 1065//930
f 1064//929 1066//931 1065//930
f 1065//930 1066//931 1067//932
f 1066//931 1068//933 1067//932
f 1067//932 1068//933 1069//934
f 1068//933 1070//935 1069//934
f 1069//934 1070//935 1071//936
f 1070//935 1072//937 1071//936
f 1071//936 1072//937 1073//938
f 1072//937 1074//939 1073//938
f 1073//938 1074//939 1075//940
f 1074//939 1076//941 1075//940
f 1075//940 1076//941 1077//942
f 1076//941 1078//943 1077//942
f 1077//942 1078//943 1079//944
f 1078//943 1080//945 1079//944
f 1079//944 1080//945 1081//946
f 1080//945 1082//947 1081//946
f 1081//946 1082//947 1083//948
f 1082//947 1084//949 1083//948
f 1083//948 1084//949 1085//950
f 1084//949 1086//951 1085//950
f 1085//950 1086//951 1087//952
f 1086//951 1088//953 1087//952
f 1087//952 1088//953 1089//952
f 1088//953 1090//954 1089//952
f 1091//107 1092//107 1093//955
f 1092//107 1094//956 1093//955
f 1093//955 1094//956 1095//957
f 1094//956 1096//958 1095//957
f 1095//957 1096//958 1097//959
f 1096//958 1098//960 1097//959
f 1097//959 1098//960 1099//961
f 1098//960 1100//962 1099//961
f 1099//961 1100//962 1101//961
f 1100//962 1102//963 1101//961
f 1101//961 1102//963 1103//964
f 1102//963 1104//965 1103//964
f 1103//964 1104//965 1105//966
f 1104//965 1106//967 1105//966
f 1105//966 1106//967 1107//968
f 1106//967 876//764 1107//968
f 1107//968 876//764 1108//969
f 876//764 878//764 1108//969
f 1108//969 878//764 1109//970
f 878//764 880//766 1109//970
f 1109//970 880//766 1110//971
f 880//766 1111//972 1110//971
f 1110//971 1111//972 1112//973
f 1111//972 1113//974 1112//973
f 1112//973 1113//974 1114//975
f 1113//974 1115//976 1114//975
f 1114//975 1115//976 1116//977
f 1115//976 882//765 1116//977
f 1116//977 882//765 1117//978
f 882//765 884//769 1117//978
f 1117//978 884//769 1118//978
f 884//769 1119//979 1118//978
f 1118//978 1119//979 1120//980
f 1119//979 1121//981 1120//980
f 1120//980 1121//981 1122//982
f 1121//981 1123//983 1122//982
f 1122//982 1123//983 1124//984
f 1123//983 1125//985 1124//984
f 1124//984 1125//985 1126//986
f 1125//985 1127//987 1126//986
f 1126//986 1127//987 1128//988
f 1127//987 1129//989 1128//988
f 1128//988 1129//989 1130//990
f 1129//989 1131//991 1130//990
f 1130//990 1131//991 1132//990
f 1131//991 1133//992 1132//990
f 1132//990 1133//992 1134//993
f 1133//992 1135//994 1134//993
f 1134//993 1135//994 1136//995
f 1135//994 1137//996 1136//995
f 1136//995 1137//996 1138//997
f 1137//996 1139//998 1138//997
f 1138//997 1139//998 1140//999
f 1139//998 1141//1000 1140//999
f 1140//999 1141//1000 1142//1001
f 1141//1000 1143//1002 1142//1001
f 1142//1001 1143//1002 1144//1003
f 1143//1002 1145//1004 1144//1003
f 1144//1003 1145//1004 1146//1005
f 1145//1004 1147//1006 1146//1005
f 1146//1005 1147//1006 1148//1007
f 1147//1006 1149//1008 1148//1007
f 1148//1007 1149//1008 1150//1009
f 1149//1008 1151//1010 1150//1009
f 1150//1009 1151//1010 1152//1011
f 1151//1010 1153//1012 1152//1011
f 1152//1011 1153//1012 1154//1013
f 1153//1012 1155//1014 1154//1013
f 1154//1013 1155//1014 1156//1015
f 1155//1014 1157//1016 1156//1015
f 1156//1015 1157//1016 1158//1017
f 1157//1016 1159//1018 1158//1017
f 1158//1017 1159//1018 1160//1019
f 1159//1018 1161//1020 1160//1019
f 1160//1019 1161//1020 1162//1021
f 1161//1020 1163//1022 1162//1021
f 1162//1021 1163//1022 1164//1023
f 1163//1022 1165//1024 1164//1023
f 1164//1023 1165//1024 1166//1023
f 1165//1024 1167//1025 1166//1023
f 1166//1023 1167//1025 1168//1026
f 1167//1025 1169//1027 1168//1026
f 1168//1026 1169//1027 1170//1028
f 1169//1027 1171//1029 1170//1028
f 1170//1028 1171//1029 1172//1030
f 1171//1029 1173//1031 1172//1030
f 1172//1030 1173//1031 1174//1032
f 1173//1031 1175//1033 1174//1032
f 1174//1032 1175//1033 1176//1034
f 1175//1033 1177//1035 1176//1034
f 1176//1034 1177//1035 1178//1036
f 1177//1035 1179//1035 1178//1036
f 1178//1036 1179//1035 1180//1037
f 1179//1035 1181//1037 1180//1037
f 1180//1037 1181//1037 1182//1036
f 1181//1037 1183//1038 1182//1036
f 1182//1036 1183//1038 1184//1039
f 1183//1038 1185//1040 1184//1039
f 1184//1039 1185//1040 1186//1041
f 1185//1040 1187//1042 1186//1041
f 1186//1041 1187//1042 1188//1043
f 1187//1042 1189//1044 1188//1043
f 1188//1043 1189//1044 1190//1045
f 1189//1044 1191//1046 1190//1045
f 1190//1045 1191//1046 1192//1047
f 1191//1046 1193//1048 1192//1047
f 1192//1047 1193//1048 1194//1049
f 1193//1048 1195//1050 1194//1049
f 1194//1049 1195//1050 1196//1051
f 1195//1050 1197//1052 1196//1051
f 1196//1051 1197//1052 1198//1053
f 1197//1052 1199//1054 1198//1053
f 1198//1053 1199//1054 1200//1055
f 1199//1054 1201//1056 1200//1055
f 1200//1055 1201//1056 1202//1057
f 1201//1056 1203//1058 1202//1057
f 1202//1057 1203//1058 1204//1059
f 1203//1058 1205//1060 1204//1059
f 1204//1059 1205//1060 1185//1040
f 1205//1060 1187//1042 1185//1040
f 1092//107 1091//107 128//107
f 1091//107 1206//107 128//107
f 128//107 1206//107 1207//107
f 1208//107 1092//107 128//107
f 1092//107 1208//107 1094//956
f 1208//107 1209//1061 1094//956
f 1094//956 1209//1061 1096//958
f 1209//1061 1210//1062 1096//958
f 1096//958 1210//1062 1098//960
f 1210//1062 1211//962 1098//960
f 1098//960 1211//962 1100//962
f 1211//962 1212//1063 1100//962
f 1100//962 1212//1063 1102//963
f 1212//1063 1213//1064 1102//963
f 1102//963 1213//1064 1104//965
f 1213//1064 1214//965 1104//965
f 1104//965 1214//965 1215//1065
f 1214//965 872//760 1215//1065
f 1215//1065 872//760 874//762
f 1206//107 1091//107 1216//1066
f 1091//107 1093//955 1216//1066
f 1216//1066 1093//955 1217//1067
f 1093//955 1095//957 1217//1067
f 1217//1067 1095//957 1218//1068
f 1095//957 1097//959 1218//1068
f 1218//1068 1097//959 1219//1069
f 1097//959 1099//961 1219//1069
f 1219//1069 1099//961 1220//1070
f 1099//961 1101//961 1220//1070
f 1220//1070 1101//961 1221//1071
f 1101//961 1103//964 1221//1071
f 1221//1071 1103//964 1222//1072
f 1103//964 1105//966 1222//1072
f 1222//1072 1105//966 1223//1073
f 1105//966 1108//969 1223//1073
f 1223//1073 1108//969 1109//970
f 1224//107 1208//107 128//107
f 1208//107 1224//107 1209//1061
f 1224//107 1225//1074 1209//1061
f 1209//1061 1225//1074 1210//1062
f 1225//1074 1226//1075 1210//1062
f 1210//1062 1226//1075 1211//962
f 1226//1075 1227//1076 1211//962
f 1211//962 1227//1076 1212//1063
f 1227//1076 1228//1077 1212//1063
f 1212//1063 1228//1077 1213//1064
f 1228//1077 1229//1078 1213//1064
f 1213//1064 1229//1078 1230//1079
f 1229//1078 868//756 1230//1079
f 1230//1079 868//756 870//758
f 1207//107 1206//107 1231//1080
f 1206//107 1216//1066 1231//1080
f 1231//1080 1216//1066 1232//1081
f 1216//1066 1233//1082 1232//1081
f 1232//1081 1233//1082 1234//1083
f 1233//1082 1235//1084 1234//1083
f 1234//1083 1235//1084 1236//1085
f 1235//1084 1237//1086 1236//1085
f 1236//1085 1237//1086 1238//1086
f 1237//1086 1239//1087 1238//1086
f 1238//1086 1239//1087 1240//1088
f 1239//1087 1241//1088 1240//1088
f 1240//1088 1241//1088 1242//1089
f 1241//1088 1243//1089 1242//1089
f 1242//1089 1243//1089 1244//1090
f 1243//1089 1245//1091 1244//1090
f 1244//1090 1245//1091 1246//1092
f 1245//1091 1247//1093 1246//1092
f 1246//1092 1247//1093 1248//1094
f 1247//1093 1249//1095 1248//1094
f 1248//1094 1249//1095 1250//1096
f 1249//1095 1251//1097 1250//1096
f 1250//1096 1251//1097 1252//1098
f 1251//1097 1253//1099 1252//1098
f 1252//1098 1253//1099 1254//1100
f 1253//1099 1255//980 1254//1100
f 1254//1100 1255//980 1122//982
f 1255//980 1120//980 1122//982
f 968//844 967//107 1256//1101
f 967//107 892//775 1256//1101
f 1256//1101 892//775 1257//1102
f 892//775 1258//102 1257//1102
f 1257//1102 1258//102 1259//1103
f 1258//102 1260//1104 1259//1103
f 1259//1103 1260//1104 1261//1105
f 1260//1104 859//750 1261//1105
f 1261//1105 859//750 860//731
f 1224//107 968//844 1262//1106
f 968//844 1256//1101 1262//1106
f 1262//1106 1256//1101 1263//1106
f 1256//1101 1257//1102 1263//1106
f 1263//1106 1257//1102 1264//1107
f 1257//1102 1265//1108 1264//1107
f 1264//1107 1265//1108 1266//1109
f 1265//1108 1267//1108 1266//1109
f 1266//1109 1267//1108 861//751
f 1267//1108 860//731 861//751
f 968//844 1224//107 128//107
f 1268//1110 1207//107 1231//1080
f 1207//107 1268//1110 128//107
f 1268//1110 1269//1111 128//107
f 128//107 1269//1111 130//107
f 1269//1111 1268//1110 1270//1111
f 1268//1110 1271//1112 1270//1111
f 1270//1111 1271//1112 1272//1113
f 1271//1112 1236//1085 1272//1113
f 1272//1113 1236//1085 1273//1114
f 1236//1085 1274//1085 1273//1114
f 1273//1114 1274//1085 1275//1115
f 1274//1085 1276//1116 1275//1115
f 1275//1115 1276//1116 1277//1117
f 1276//1116 1238//1086 1277//1117
f 1277//1117 1238//1086 1278//1118
f 1238//1086 1279//1119 1278//1118
f 1278//1118 1279//1119 1280//1120
f 1279//1119 1242//1089 1280//1120
f 1280//1120 1242//1089 1281//1090
f 1242//1089 1244//1090 1281//1090
f 1281//1090 1244//1090 1282//1121
f 1244//1090 1246//1092 1282//1121
f 1282//1121 1246//1092 1283//1122
f 1246//1092 1248//1094 1283//1122
f 1283//1122 1248//1094 1284//1123
f 1248//1094 1250//1096 1284//1123
f 1284//1123 1250//1096 1285//1124
f 1250//1096 1252//1098 1285//1124
f 1285//1124 1252//1098 1286//1125
f 1252//1098 1254//1100 1286//1125
f 1286//1125 1254//1100 1124//984
f 1254//1100 1122//982 1124//984
f 1054//201 1053//199 234//196
f 238//200 1054//201 234//196
f 1054//201 238//200 1055//200
f 238//200 239//201 1055//200
f 1055//200 239//201 1056//921
f 239//201 1287//1126 1056//921
f 1056//921 1287//1126 1057//922
f 1287//1126 1059//924 1057//922
f 130//107 1269//1111 1270//1111
f 129//108 130//107 1288//1127
f 130//107 1270//1111 1288//1127
f 1288//1127 1270//1111 1272//1113
f 1289//199 239//201 237//199
f 239//201 1289//199 1287//1126
f 1289//199 1290//1128 1287//1126
f 1287//1126 1290//1128 1059//924
f 1290//1128 1291//1129 1059//924
f 1059//924 1291//1129 1292//925
f 1291//1129 1293//1130 1292//925
f 1292//925 1293//1130 1062//927
f 1293//1130 1294//1131 1062//927
f 1062//927 1294//1131 1064//929
f 1294//1131 1295//1132 1064//929
f 1064//929 1295//1132 1066//931
f 1295//1132 1296//1133 1066//931
f 1066//931 1296//1133 1068//933
f 1296//1133 1297//1134 1068//933
f 1068//933 1297//1134 1070//935
f 1297//1134 1298//1135 1070//935
f 1070//935 1298//1135 1072//937
f 1298//1135 1299//1136 1072//937
f 1072//937 1299//1136 1300//1137
f 1299//1136 1301//1138 1300//1137
f 1302//1139 129//108 1303//1140
f 129//108 1304//1141 1303//1140
f 1303//1140 1304//1141 1305//1142
f 1304//1141 1288//1127 1305//1142
f 1305//1142 1288//1127 1275//1115
f 1288//1127 1273//1114 1275//1115
f 129//108 1302//1139 125//104
f 1302//1139 1306//1111 125//104
f 125//104 1306//1111 1307//1143
f 1306//1111 1302//1139 1308//1144
f 1302//1139 1303//1140 1308//1144
f 1308//1144 1303//1140 1309//1145
f 1303//1140 1310//1146 1309//1145
f 1309//1145 1310//1146 1311//1147
f 1310//1146 1312//1148 1311//1147
f 1311//1147 1312//1148 1313//1149
f 1312//1148 1314//1150 1313//1149
f 1313//1149 1314//1150 1315//1151
f 1314//1150 1316//1152 1315//1151
f 1315//1151 1316//1152 1317//1153
f 1316//1152 1318//1154 1317//1153
f 1317//1153 1318//1154 1319//1155
f 1318//1154 1320//1156 1319//1155
f 1319//1155 1320//1156 1321//1157
f 1320//1156 1322//1158 1321//1157
f 1321//1157 1322//1158 1323//1158
f 1322//1158 1324//1158 1323//1158
f 1323//1158 1324//1158 1325//1159
f 1324//1158 1326//1160 1325//1159
f 1325//1159 1326//1160 1327//1161
f 1326//1160 1328//1162 1327//1161
f 1327//1161 1328//1162 1329//1163
f 1328//1162 1330//1164 1329//1163
f 1329//1163 1330//1164 1331//1165
f 1330//1164 1332//1166 1331//1165
f 1331//1165 1332//1166 1333//1167
f 1332//1166 1334//1168 1333//1167
f 1333//1167 1334//1168 1335//1169
f 1334//1168 1336//1170 1335//1169
f 1335//1169 1336//1170 1337//1171
f 1336//1170 1338//1172 1337//1171
f 1337//1171 1338//1172 1339//1173
f 1338//1172 1340//1174 1339//1173
f 1339//1173 1340//1174 1341//1175
f 1340//1174 1342//1176 1341//1175
f 1341//1175 1342//1176 1343//1175
f 1342//1176 1344//1176 1343//1175
f 1343//1175 1344//1176 1345//1177
f 1344//1176 1346//1178 1345//1177
f 1345//1177 1346//1178 1347//1179
f 1346//1178 1348//1180 1347//1179
f 1347//1179 1348//1180 1349//1181
f 1348//1180 1350//1182 1349//1181
f 1349//1181 1350//1182 1351//1183
f 1350//1182 1352//1184 1351//1183
f 1351//1183 1352//1184 1353//1185
f 1352//1184 1354//1186 1353//1185
f 1353//1185 1354//1186 1355//1187
f 1354//1186 1356//1188 1355//1187
f 1355//1187 1356//1188 1357//1189
f 1356//1188 1358//1188 1357//1189
f 1357//1189 1358//1188 1359//1190
f 1358//1188 1360//1191 1359//1190
f 1359//1190 1360//1191 1361//1192
f 1360//1191 1362//1193 1361//1192
f 1361//1192 1362//1193 1363//1194
f 1362//1193 1364//1195 1363//1194
f 1363//1194 1364//1195 1365//1196
f 1364//1195 1366//1197 1365//1196
f 1365//1196 1366//1197 1367//1198
f 1366//1197 1368//1199 1367//1198
f 1367//1198 1368//1199 1369//1198
f 1368//1199 1370//1200 1369//1198
f 1369//1198 1370//1200 1371//1201
f 1370//1200 1372//1202 1371//1201
f 1371//1201 1372//1202 1373//1203
f 1372//1202 1374//1204 1373//1203
f 1373//1203 1374//1204 1375//1205
f 1374//1204 1376//1206 1375//1205
f 1375//1205 1376//1206 1377//1207
f 1376//1206 1378//1208 1377//1207
f 1377//1207 1378//1208 1379//1209
f 1378//1208 1380//1210 1379//1209
f 1379//1209 1380//1210 1381//107
f 1380//1210 1382//1210 1381//107
f 1290//1128 1289//199 237//199
f 1383//885 1290//1128 237//199
f 1290//1128 1383//885 1291//1129
f 1383//885 1384//861 1291//1129
f 1291//1129 1384//861 1293//1130
f 1384//861 1385//199 1293//1130
f 1293//1130 1385//199 1386//1211
f 1385//199 1387//199 1386//1211
f 1386//1211 1387//199 1388//1212
f 1387//199 1389//860 1388//1212
f 1388//1212 1389//860 1390//1213
f 1389//860 1391//860 1390//1213
f 1390//1213 1391//860 1392//1214
f 1391//860 1393//1215 1392//1214
f 1392//1214 1393//1215 1394//1216
f 1393//1215 1395//1217 1394//1216
f 1394//1216 1395//1217 1396//1218
f 1395//1217 1397//1219 1396//1218
f 1396//1218 1397//1219 1398//1220
f 1397//1219 1399//1221 1398//1220
f 1398//1220 1399//1221 1400//1222
f 1399//1221 1401//1223 1400//1222
f 1400//1222 1401//1223 1402//1222
f 1401//1223 1403//1224 1402//1222
f 1402//1222 1403//1224 1404//1225
f 1403//1224 1405//1226 1404//1225
f 1404//1225 1405//1226 1406//1227
f 1405//1226 1407//1228 1406//1227
f 1307//1143 1306//1111 1308//1144
f 1408//1229 1307//1143 1409//1111
f 1307//1143 1410//1230 1409//1111
f 1409//1111 1410//1230 1411//1231
f 1410//1230 1412//1232 1411//1231
f 1411//1231 1412//1232 1413//1233
f 1412//1232 1414//1232 1413//1233
f 1413//1233 1414//1232 1415//1234
f 1414//1232 1416//1235 1415//1234
f 1415//1234 1416//1235 1417//1236
f 1416//1235 1418//1237 1417//1236
f 1417//1236 1418//1237 1419//1238
f 1418//1237 1313//1149 1419//1238
f 1419//1238 1313//1149 1420//1239
f 1313//1149 1421//1240 1420//1239
f 1420//1239 1421//1240 1422//1241
f 1421//1240 1423//1242 1422//1241
f 1422//1241 1423//1242 1424//1243
f 1423//1242 1425//1244 1424//1243
f 1424//1243 1425//1244 1426//1245
f 1425//1244 1427//1246 1426//1245
f 1426//1245 1427//1246 1428//1247
f 1427//1246 1429//1248 1428//1247
f 1428//1247 1429//1248 1363//1194
f 1429//1248 1361//1192 1363//1194
f 1307//1143 1408//1229 125//104
f 1408//1229 1430//1249 125//104
f 125//104 1430//1249 1431//1250
f 1381//107 1432//1251 1379//1209
f 1432//1251 1433//1252 1379//1209
f 1379//1209 1433//1252 1377//1207
f 1433//1252 1434//1253 1377//1207
f 1377//1207 1434//1253 1375//1205
f 1434//1253 1435//1254 1375//1205
f 1375//1205 1435//1254 1373//1203
f 1435//1254 1436//1255 1373//1203
f 1373//1203 1436//1255 1371//1201
f 1436//1255 1437//1256 1371//1201
f 1371//1201 1437//1256 1369//1198
f 1437//1256 1438//1257 1369//1198
f 1369//1198 1438//1257 1367//1198
f 1438//1257 1439//1257 1367//1198
f 1367//1198 1439//1257 1365//1196
f 1439//1257 1428//1247 1365//1196
f 1365//1196 1428//1247 1363//1194
f 1432//1251 1381//107 125//104
f 1381//107 1382//1210 125//104
f 125//104 1382//1210 1440//107
f 1431//1250 1432//1251 125//104
f 1432//1251 1431//1250 1433//1252
f 1431//1250 1441//1258 1433//1252
f 1433//1252 1441//1258 1434//1253
f 1441//1258 1413//1233 1434//1253
f 1434//1253 1413//1233 1435//1254
f 1413//1233 1415//1234 1435//1254
f 1435//1254 1415//1234 1436//1255
f 1415//1234 1442//1259 1436//1255
f 1436//1255 1442//1259 1437//1256
f 1442//1259 1443//1260 1437//1256
f 1437//1256 1443//1260 1438//1257
f 1443//1260 1444//1261 1438//1257
f 1438//1257 1444//1261 1439//1257
f 1444//1261 1426//1245 1439//1257
f 1439//1257 1426//1245 1428//1247
f 1431//1250 1430//1249 1441//1258
f 1430//1249 1409//1111 1441//1258
f 1441//1258 1409//1111 1411//1231
f 1430//1249 1408//1229 1409//1111
f 1440//107 1382//1210 1445//1262
f 1382//1210 1446//1263 1445//1262
f 1445//1262 1446//1263 1447//1264
f 1446//1263 1448//1263 1447//1264
f 1447//1264 1448//1263 1449//1265
f 1448//1263 1450//1266 1449//1265
f 1449//1265 1450//1266 1451//1267
f 1450//1266 1452//1268 1451//1267
f 1451//1267 1452//1268 1453//1268
f 1452//1268 1454//1269 1453//1268
f 1453//1268 1454//1269 1455//1270
f 1454//1269 1456//1271 1455//1270
f 1455//1270 1456//1271 1457//1272
f 1456//1271 1458//1273 1457//1272
f 1457//1272 1458//1273 1459//1274
f 1458//1273 1460//1275 1459//1274
f 1459//1274 1460//1275 1461//1276
f 1460//1275 1462//1277 1461//1276
f 1461//1276 1462//1277 1463//1278
f 1462//1277 1464//1279 1463//1278
f 1463//1278 1464//1279 1465//1280
f 1464//1279 1466//1281 1465//1280
f 1465//1280 1466//1281 1467//1282
f 1466//1281 1468//1283 1467//1282
f 1467//1282 1468//1283 1469//1284
f 1468//1283 1470//1285 1469//1284
f 1469//1284 1470//1285 1471//1286
f 1470//1285 1472//1287 1471//1286
f 1471//1286 1472//1287 1473//1288
f 1472//1287 1474//1289 1473//1288
f 1473//1288 1474//1289 1475//1290
f 1474//1289 1476//1291 1475//1290
f 1475//1290 1476//1291 1477//1291
f 1476//1291 1478//1292 1477//1291
f 1477//1291 1478//1292 1479//1293
f 1478//1292 1480//1294 1479//1293
f 1479//1293 1480//1294 1481//1295
f 1480//1294 1482//1294 1481//1295
f 1481//1295 1482//1294 1483//1296
f 1482//1294 1484//1297 1483//1296
f 1483//1296 1484//1297 1485//1298
f 1484//1297 1486//1299 1485//1298
f 1485//1298 1486//1299 1487//1300
f 1486//1299 1488//1301 1487//1300
f 1487//1300 1488//1301 1489//1302
f 1488//1301 1490//1303 1489//1302
f 1489//1302 1490//1303 1491//1304
f 1490//1303 1492//1305 1491//1304
f 1491//1304 1492//1305 1493//1306
f 1492//1305 1494//1307 1493//1306
f 1493//1306 1494//1307 1495//1308
f 1494//1307 1496//1309 1495//1308
f 1495//1308 1496//1309 1497//1310
f 1496//1309 1498//1311 1497//1310
f 1497//1310 1498//1311 1499//1312
f 1498//1311 1500//1313 1499//1312
f 1499//1312 1500//1313 525//447
f 1500//1313 1501//1314 525//447
f 525//447 1501//1314 527//449
f 1501//1314 1502//1315 527//449
f 527//449 1502//1315 1503//1316
f 1502//1315 1504//1317 1503//1316
f 1503//1316 1504//1317 535//457
f 1504//1317 1505//1318 535//457
f 535//457 1505//1318 1506//457
f 1505//1318 1507//1319 1506//457
f 1506//457 1507//1319 1508//1320
f 1507//1319 1509//1321 1508//1320
f 1508//1320 1509//1321 1510//1322
f 1509//1321 1511//1323 1510//1322
f 1510//1322 1511//1323 1512//1324
f 1511//1323 1513//1325 1512//1324
f 1512//1324 1513//1325 1514//1326
f 1513//1325 1515//1327 1514//1326
f 1514//1326 1515//1327 1516//1328
f 1515//1327 1517//1329 1516//1328
f 1516//1328 1517//1329 1518//1330
f 1517//1329 1519//1331 1518//1330
f 1518//1330 1519//1331 1520//1332
f 1519//1331 1521//1333 1520//1332
f 1520//1332 1521//1333 1522//1334
f 1521//1333 1523//1333 1522//1334
f 1522//1334 1523//1333 1524//1335
f 1523//1333 1525//1336 1524//1335
f 1524//1335 1525//1336 1526//1337
f 1525//1336 1527//1338 1526//1337
f 1526//1337 1527//1338 1528//1339
f 1527//1338 1529//1340 1528//1339
f 1528//1339 1529//1340 1530//1341
f 1529//1340 1531//1340 1530//1341
f 1530//1341 1531//1340 1532//1342
f 1531//1340 1533//1343 1532//1342
f 1532//1342 1533//1343 1534//1344
f 1533//1343 1535//1345 1534//1344
f 1534//1344 1535//1345 1536//1346
f 1535//1345 1537//1347 1536//1346
f 1536//1346 1537//1347 1538//1348
f 1537//1347 1539//1349 1538//1348
f 1538//1348 1539//1349 1540//1350
f 1539//1349 1541//1351 1540//1350
f 1540//1350 1541//1351 1542//1352
f 1541//1351 1543//1353 1542//1352
f 1542//1352 1543//1353 1544//1352
f 1543//1353 1545//1354 1544//1352
f 1544//1352 1545//1354 1546//1355
f 1545//1354 1547//1356 1546//1355
f 1546//1355 1547//1356 1548//1357
f 1547//1356 1549//1358 1548//1357
f 1548//1357 1549//1358 1550//1359
f 1549//1358 1551//1360 1550//1359
f 1550//1359 1551//1360 1552//1361
f 1551//1360 1553//1362 1552//1361
f 1552//1361 1553//1362 1148//1007
f 1553//1362 1146//1005 1148//1007
f 1554//107 1440//107 1555//1363
f 1440//107 1445//1262 1555//1363
f 1555//1363 1445//1262 1556//1364
f 1445//1262 1447//1264 1556//1364
f 1556//1364 1447//1264 1557//1365
f 1447//1264 1449//1265 1557//1365
f 1557//1365 1449//1265 1558//1267
f 1449//1265 1451//1267 1558//1267
f 1558//1267 1451//1267 1559//1366
f 1451//1267 1453//1268 1559//1366
f 1559//1366 1453//1268 1560//1367
f 1453//1268 1455//1270 1560//1367
f 1560//1367 1455//1270 1561//1368
f 1455//1270 1457//1272 1561//1368
f 1561//1368 1457//1272 1562//1272
f 1457//1272 1459//1274 1562//1272
f 1562//1272 1459//1274 1563//1369
f 1459//1274 1461//1276 1563//1369
f 1563//1369 1461//1276 1564//1370
f 1461//1276 1463//1278 1564//1370
f 1564//1370 1463//1278 1565//1371
f 1463//1278 1465//1280 1565//1371
f 1565//1371 1465//1280 1566//1280
f 1465//1280 1467//1282 1566//1280
f 1566//1280 1467//1282 1567//1372
f 1467//1282 1469//1284 1567//1372
f 1567//1372 1469//1284 1568//1373
f 1469//1284 1471//1286 1568//1373
f 1568//1373 1471//1286 1569//1374
f 1471//1286 1473//1288 1569//1374
f 1569//1374 1473//1288 1570//1375
f 1473//1288 1571//1376 1570//1375
f 1570//1375 1571//1376 1572//1377
f 1571//1376 1573//1376 1572//1377
f 1572//1377 1573//1376 1574//1378
f 1573//1376 1575//1379 1574//1378
f 1574//1378 1575//1379 1576//1380
f 1575//1379 1577//1381 1576//1380
f 1576//1380 1577//1381 1578//1382
f 1577//1381 1579//1383 1578//1382
f 1578//1382 1579//1383 1580//1384
f 1579//1383 1581//1385 1580//1384
f 1580//1384 1581//1385 1582//1386
f 1581//1385 1583//1387 1582//1386
f 1582//1386 1583//1387 1584//1388
f 1583//1387 1585//1389 1584//1388
f 1584//1388 1585//1389 1586//1388
f 1585//1389 1587//1390 1586//1388
f 1586//1388 1587//1390 1588//1391
f 1587//1390 1493//1306 1588//1391
f 1588//1391 1493//1306 1589//1392
f 1493//1306 1590//1393 1589//1392
f 1589//1392 1590//1393 1591//1394
f 1590//1393 1497//1310 1591//1394
f 1591//1394 1497//1310 1592//1395
f 1497//1310 1499//1312 1592//1395
f 1592//1395 1499//1312 519//441
f 1499//1312 525//447 519//441
f 519//441 525//447 521//443
f 525//447 523//445 521//443
f 1440//107 1554//107 125//104
f 1554//107 1593//1396 125//104
f 125//104 1593//1396 1594//1397
f 1593//1396 1554//107 1595//1398
f 1554//107 1555//1363 1595//1398
f 1595//1398 1555//1363 1596//1399
f 1555//1363 1556//1364 1596//1399
f 1596//1399 1556//1364 1597//1400
f 1556//1364 1557//1365 1597//1400
f 1597//1400 1557//1365 1598//1401
f 1557//1365 1558//1267 1598//1401
f 1598//1401 1558//1267 1599//1402
f 1558//1267 1559//1366 1599//1402
f 1599//1402 1559//1366 1600//1403
f 1559//1366 1560//1367 1600//1403
f 1600//1403 1560//1367 1601//1404
f 1560//1367 1561//1368 1601//1404
f 1601//1404 1561//1368 1602//1405
f 1561//1368 1562//1272 1602//1405
f 1602//1405 1562//1272 1603//1406
f 1562//1272 1563//1369 1603//1406
f 1603//1406 1563//1369 1604//1407
f 1563//1369 1564//1370 1604//1407
f 1604//1407 1564//1370 1605//1408
f 1564//1370 1565//1371 1605//1408
f 1605//1408 1565//1371 1606//1409
f 1565//1371 1566//1280 1606//1409
f 1606//1409 1566//1280 1607//1410
f 1566//1280 1567//1372 1607//1410
f 1607//1410 1567//1372 1608//1411
f 1567//1372 1568//1373 1608//1411
f 1608//1411 1568//1373 1609//1412
f 1568//1373 1569//1374 1609//1412
f 1609//1412 1569//1374 1610//1413
f 1569//1374 1611//1414 1610//1413
f 1610//1413 1611//1414 1572//1377
f 1611//1414 1570//1375 1572//1377
f 1612//1415 1595//1398 1613//102
f 1595//1398 1614//102 1613//102
f 1613//102 1614//102 1615//1416
f 1614//102 1616//102 1615//1416
f 1615//1416 1616//102 1617//1417
f 1616//102 1618//1418 1617//1417
f 1617//1417 1618//1418 1619//1419
f 1618//1418 1620//1399 1619//1419
f 1619//1419 1620//1399 1621//1420
f 1620//1399 1597//1400 1621//1420
f 1621//1420 1597//1400 1622//1421
f 1597//1400 1623//1422 1622//1421
f 1622//1421 1623//1422 1624//1423
f 1623//1422 1625//1424 1624//1423
f 1624//1423 1625//1424 1626//1425
f 1625//1424 1627//1426 1626//1425
f 1626//1425 1627//1426 1628//1427
f 1627//1426 1629//1428 1628//1427
f 1628//1427 1629//1428 1630//1429
f 1629//1428 1599//1402 1630//1429
f 1630//1429 1599//1402 1631//1430
f 1599//1402 1632//1431 1631//1430
f 1631//1430 1632//1431 1633//1432
f 1632//1431 1634//1433 1633//1432
f 1633//1432 1634//1433 1635//1434
f 1634//1433 1636//1435 1635//1434
f 1635//1434 1636//1435 1637//1436
f 1636//1435 1638//1437 1637//1436
f 1637//1436 1638//1437 1639//1438
f 1638//1437 1640//1439 1639//1438
f 1639//1438 1640//1439 1641//1440
f 1640//1439 1642//1441 1641//1440
f 1641//1440 1642//1441 1643//1442
f 1642//1441 1644//1443 1643//1442
f 1643//1442 1644//1443 1645//1444
f 1644//1443 1646//1445 1645//1444
f 1645//1444 1646//1445 1647//1444
f 1646//1445 1648//1446 1647//1444
f 1647//1444 1648//1446 1649//1447
f 1648//1446 1608//1411 1649//1447
f 1649//1447 1608//1411 1650//1448
f 1608//1411 1609//1412 1650//1448
f 1650//1448 1609//1412 1651//1449
f 1609//1412 1652//1450 1651//1449
f 1651//1449 1652//1450 1653//1451
f 1652//1450 1654//1452 1653//1451
f 1653//1451 1654//1452 1655//1453
f 1654//1452 1610//1413 1655//1453
f 1655//1453 1610//1413 1572//1377
f 1595//1398 1612//1415 1656//1454
f 1612//1415 1657//1455 1656//1454
f 1595//1398 1656//1454 1658//1456
f 1656//1454 1657//1455 1658//1456
f 1658//1456 1657//1455 1659//1457
f 1657//1455 1660//1458 1659//1457
f 1659//1457 1660//1458 126//105
f 1660//1458 124//103 126//105
f 1594//1397 1593//1396 1661//1459
f 1593//1396 1595//1398 1661//1459
f 1661//1459 1595//1398 1658//1456
f 1662//1460 1594//1397 1661//1459
f 1594//1397 1662//1460 125//104
f 1662//1460 127//106 125//104
f 127//106 1662//1460 1659//1457
f 1662//1460 1661//1459 1659//1457
f 1659//1457 1661//1459 1658//1456
f 1384//861 1383//885 237//199
f 1385//199 1384//861 237//199
f 1387//199 1385//199 237//199
f 1389//860 1387//199 237//199
f 1391//860 1389//860 237//199
f 1663//1461 1391//860 237//199
f 1391//860 1663//1461 1393//1215
f 1663//1461 1664//1462 1393//1215
f 1393//1215 1664//1462 1665//1463
f 1664//1462 1666//1464 1665//1463
f 1665//1463 1666//1464 1667//1463
f 1666//1464 1668//1465 1667//1463
f 1667//1463 1668//1465 1669//1466
f 1668//1465 1670//1467 1669//1466
f 1669//1466 1670//1467 1671//1468
f 1670//1467 1672//1219 1671//1468
f 1671//1468 1672//1219 1395//1217
f 1672//1219 1397//1219 1395//1217
f 1673//1469 1663//1461 237//199
f 1663//1461 1673//1469 1674//1469
f 1673//1469 1675//199 1674//1469
f 1674//1469 1675//199 1676//1470
f 1675//199 241//203 1676//1470
f 1676//1470 241//203 1677//1471
f 241//203 242//204 1677//1471
f 1677//1471 242//204 1678//1472
f 1675//199 1673//1469 237//199
f 241//203 1675//199 237//199
f 1089//952 1090//954 1679//1473
f 1090//954 1680//1474 1679//1473
f 1089//952 1679//1473 1681//1475
f 1679//1473 1680//1474 1681//1475
f 1681//1475 1680//1474 1682//1476
f 1680//1474 1683//1477 1682//1476
f 1682//1476 1683//1477 1684//1478
f 1683//1477 1685//1479 1684//1478
f 1684//1478 1685//1479 1686//1480
f 1685//1479 1687//1481 1686//1480
f 1686//1480 1687//1481 1688//1482
f 1687//1481 1689//1483 1688//1482
f 1688//1482 1689//1483 1690//1484
f 1689//1483 1691//1485 1690//1484
f 1690//1484 1691//1485 1692//1485
f 1691//1485 1693//1486 1692//1485
f 1692//1485 1693//1486 1694//1487
f 1693//1486 1695//1488 1694//1487
f 1694//1487 1695//1488 1696//1489
f 1695//1488 1697//1490 1696//1489
f 1696//1489 1697//1490 1698//1491
f 1697//1490 1699//1492 1698//1491
f 1698//1491 1699//1492 1700//1492
f 1699//1492 1701//1493 1700//1492
f 1700//1492 1701//1493 1702//1494
f 1701//1493 1703//1495 1702//1494
f 1702//1494 1703//1495 1704//1496
f 1703//1495 1705//1497 1704//1496
f 1704//1496 1705//1497 1706//1496
f 1705//1497 1707//1498 1706//1496
f 1706//1496 1707//1498 1708//1499
f 1707//1498 1709//1500 1708//1499
f 1708//1499 1709//1500 1710//1501
f 1709//1500 1711//1502 1710//1501
f 1710//1501 1711//1502 1712//1503
f 1711//1502 1713//1504 1712//1503
f 1712//1503 1713//1504 1714//1505
f 1713//1504 1715//1506 1714//1505
f 1714//1505 1715//1506 1716//1507
f 1715//1506 1717//1508 1716//1507
f 1716//1507 1717//1508 1718//290
f 1717//1508 1719//1509 1718//290
f 1718//290 1719//1509 348//290
f 1680//1474 1090//954 1088//953
f 1720//1510 1076//941 1721//1511
f 1076//941 1300//1137 1721//1511
f 1721//1511 1300//1137 1722//1512
f 1076//941 1720//1510 1723//1513
f 1720//1510 1724//1514 1723//1513
f 1076//941 1723//1513 1078//943
f 1723//1513 1080//945 1078//943
f 1300//1137 1301//1138 1722//1512
f 1301//1138 1725//1514 1722//1512
f 1724//1514 1720//1510 1725//1514
f 1720//1510 1721//1511 1725//1514
f 1725//1514 1721//1511 1722//1512
f 1723//1513 1724//1514 1080//945
f 1724//1514 1726//1515 1080//945
f 1080//945 1726//1515 1727//1516
f 1726//1515 1728//1517 1727//1516
f 1727//1516 1728//1517 1729//1518
f 1728//1517 1730//1519 1729//1518
f 1729//1518 1730//1519 1731//1520
f 1730//1519 1732//1521 1731//1520
f 1731//1520 1732//1521 1733//1522
f 1732//1521 1734//1523 1733//1522
f 1733//1522 1734//1523 1735//1524
f 1734//1523 1736//1525 1735//1524
f 1735//1524 1736//1525 1737//1526
f 1736//1525 1738//1527 1737//1526
f 1737//1526 1738//1527 1739//1528
f 1738//1527 1740//1529 1739//1528
f 1739//1528 1740//1529 1741//1530
f 1740//1529 1742//1531 1741//1530
f 1741//1530 1742//1531 1743//1532
f 1742//1531 316//267 1743//1532
f 1743//1532 316//267 1744//1533
f 1745//1534 1299//1136 1746//1535
f 1299//1136 1298//1135 1746//1535
f 1746//1535 1298//1135 1747//1134
f 1298//1135 1297//1134 1747//1134
f 1747//1134 1297//1134 1748//1536
f 1297//1134 1296//1133 1748//1536
f 1748//1536 1296//1133 1749//1537
f 1296//1133 1295//1132 1749//1537
f 1749//1537 1295//1132 1750//1538
f 1295//1132 1294//1131 1750//1538
f 1750//1538 1294//1131 1386//1211
f 1294//1131 1293//1130 1386//1211
f 1299//1136 1745//1534 1751//1539
f 1745//1534 1752//1540 1751//1539
f 1299//1136 1751//1539 1301//1138
f 1751//1539 1725//1514 1301//1138
f 1752//1540 1745//1534 1753//1541
f 1745//1534 1746//1535 1753//1541
f 1753//1541 1746//1535 1754//1542
f 1746//1535 1406//1227 1754//1542
f 1754//1542 1406//1227 1755//1543
f 1751//1539 1752//1540 1725//1514
f 1752//1540 1756//1544 1725//1514
f 1725//1514 1756//1544 1757//1545
f 1756//1544 1758//1544 1757//1545
f 1757//1545 1758//1544 1759//1546
f 1758//1544 1760//1547 1759//1546
f 1759//1546 1760//1547 1761//1548
f 1760//1547 1762//1549 1761//1548
f 1761//1548 1762//1549 1763//1550
f 1762//1549 1764//1551 1763//1550
f 1763//1550 1764//1551 1765//1552
f 1764//1551 1766//1553 1765//1552
f 1765//1552 1766//1553 1767//1554
f 1766//1553 1768//1555 1767//1554
f 1767//1554 1768//1555 1769//1556
f 1768//1555 1770//1557 1769//1556
f 1769//1556 1770//1557 1732//1521
f 1770//1557 1771//1558 1732//1521
f 1732//1521 1771//1558 1734//1523
f 1771//1558 1772//1559 1734//1523
f 1734//1523 1772//1559 1736//1525
f 1772//1559 1773//1527 1736//1525
f 1736//1525 1773//1527 1738//1527
f 1773//1527 1774//1560 1738//1527
f 1738//1527 1774//1560 1740//1529
f 1774//1560 309//261 1740//1529
f 1740//1529 309//261 310//262
f 1406//1227 1407//1228 1755//1543
f 1407//1228 1775//1561 1755//1543
f 1775//1561 1407//1228 1405//1226
f 1755//1543 1775//1561 1754//1542
f 1775//1561 1776//1562 1754//1542
f 1754//1542 1776//1562 1753//1541
f 1776//1562 1752//1540 1753//1541
f 1777//1563 1647//1444 1650//1448
f 1647//1444 1649//1447 1650//1448
f 1647//1444 1777//1563 1778//1564
f 1777//1563 1779//1565 1778//1564
f 1647//1444 1778//1564 1780//1566
f 1778//1564 1779//1565 1780//1566
f 1780//1566 1779//1565 1781//1567
f 1779//1565 1782//1568 1781//1567
f 1781//1567 1782//1568 1783//1569
f 1782//1568 1784//1570 1783//1569
f 1783//1569 1784//1570 1785//1571
f 1784//1570 1786//1572 1785//1571
f 1785//1571 1786//1572 1787//1571
f 1786//1572 1788//1573 1787//1571
f 1787//1571 1788//1573 1789//1574
f 1788//1573 1790//1575 1789//1574
f 1789//1574 1790//1575 1791//1576
f 1790//1575 1792//1577 1791//1576
f 1791//1576 1792//1577 1793//1578
f 1792//1577 1794//1579 1793//1578
f 1793//1578 1794//1579 1795//1580
f 1794//1579 1796//1581 1795//1580
f 1795//1580 1796//1581 1797//1581
f 1796//1581 1798//1582 1797//1581
f 1797//1581 1798//1582 1799//1583
f 1798//1582 1800//1584 1799//1583
f 1799//1583 1800//1584 1801//1585
f 1800//1584 1802//1586 1801//1585
f 1801//1585 1802//1586 1803//1587
f 1802//1586 1804//1588 1803//1587
f 1803//1587 1804//1588 1805//1589
f 1804//1588 1806//1590 1805//1589
f 1805//1589 1806//1590 1807//1591
f 1806//1590 1808//1592 1807//1591
f 1807//1591 1808//1592 1809//1593
f 1808//1592 1810//1594 1809//1593
f 1809//1593 1810//1594 1811//1595
f 1779//1565 1777//1563 1812//1596
f 1777//1563 1650//1448 1812//1596
f 1812//1596 1650//1448 1651//1449
f 1657//1455 1612//1415 1613//102
f 1813//1597 1814//1598 1815//1599
f 1814//1598 1816//1598 1815//1599
f 1815//1599 1816//1598 1817//1600
f 1816//1598 1818//1601 1817//1600
f 1817//1600 1818//1601 1819//1602
f 1818//1601 1820//1603 1819//1602
f 1819//1602 1820//1603 1821//1604
f 1820//1603 1822//1605 1821//1604
f 1821//1604 1822//1605 1823//1606
f 1822//1605 1824//1605 1823//1606
f 1823//1606 1824//1605 1825//1607
f 1824//1605 1826//1608 1825//1607
f 1825//1607 1826//1608 1827//1609
f 1826//1608 1828//1610 1827//1609
f 1827//1609 1828//1610 1829//1611
f 1828//1610 1830//1612 1829//1611
f 1829//1611 1830//1612 1831//1613
f 1830//1612 1832//1614 1831//1613
f 1831//1613 1832//1614 1833//1615
f 1832//1614 97//80 1833//1615
f 1833//1615 97//80 1834//1616
f 1814//1598 1813//1597 1835//1617
f 1813//1597 1836//1618 1835//1617
f 1814//1598 1835//1617 1837//1619
f 1835//1617 1838//1620 1837//1619
f 1837//1619 1838//1620 1839//1620
f 1838//1620 1840//1621 1839//1620
f 1841//1622 1842//1623 1843//1624
f 1842//1623 1844//1625 1843//1624
f 1843//1624 1844//1625 1845//1626
f 1844//1625 1846//1625 1845//1626
f 1845//1626 1846//1625 1847//1627
f 1846//1625 1848//1628 1847//1627
f 1847//1627 1848//1628 1849//1629
f 1848//1628 1850//1630 1849//1629
f 1849//1629 1850//1630 1851//1631
f 1850//1630 1852//1630 1851//1631
f 1851//1631 1852//1630 1853//1632
f 1852//1630 1854//1633 1853//1632
f 1853//1632 1854//1633 1837//1619
f 1854//1633 1814//1598 1837//1619
f 1842//1623 1841//1622 47//38
f 1841//1622 49//40 47//38
f 51//42 1842//1623 47//38
f 1842//1623 51//42 1855//1634
f 51//42 52//43 1855//1634
f 1855//1634 52//43 54//44
f 1856//1635 57//46 1855//1634
f 57//46 1857//1636 1855//1634
f 1855//1634 1857//1636 1858//1637
f 1857//1636 1859//1638 1858//1637
f 1858//1637 1859//1638 1860//1637
f 1859//1638 1861//1639 1860//1637
f 1860//1637 1861//1639 1862//1640
f 1861//1639 1863//1641 1862//1640
f 1862//1640 1863//1641 1864//1642
f 1863//1641 1865//1641 1864//1642
f 1864//1642 1865//1641 1866//1643
f 1865//1641 1867//1644 1866//1643
f 1866//1643 1867//1644 1822//1605
f 1867//1644 1824//1605 1822//1605
f 57//46 1856//1635 53//7
f 1856//1635 55//45 53//7
f 57//46 58//47 1857//1636
f 58//47 1868//47 1857//1636
f 1857//1636 1868//47 60//49
f 55//45 1856//1635 1855//1634
f 54//44 55//45 1855//1634
f 54//44 52//43 50//41
f 45//36 46//37 1869//1645
f 46//37 1843//1624 1869//1645
f 1869//1645 1843//1624 1845//1626
f 1870//1646 46//37 44//35
f 46//37 1870//1646 1843//1624
f 1870//1646 48//39 1843//1624
f 1843//1624 48//39 49//40
f 48//39 1870//1646 44//35
f 49//40 1841//1622 1843//1624
f 40//32 1871//1647 1872//1648
f 1871//1647 1873//1649 1872//1648
f 1872//1648 1873//1649 1874//1650
f 1873//1649 1875//1651 1874//1650
f 1874//1650 1875//1651 1876//1652
f 1875//1651 1847//1627 1876//1652
f 1876//1652 1847//1627 1877//1653
f 1847//1627 1849//1629 1877//1653
f 1877//1653 1849//1629 1878//1654
f 1849//1629 1879//1655 1878//1654
f 1878//1654 1879//1655 1880//1656
f 1879//1655 1881//1657 1880//1656
f 1880//1656 1881//1657 1882//1658
f 1881//1657 1883//1659 1882//1658
f 1882//1658 1883//1659 1884//1660
f 1883//1659 1885//1661 1884//1660
f 1884//1660 1885//1661 1886//1662
f 1885//1661 1887//1663 1886//1662
f 1886//1662 1887//1663 1888//1664
f 1887//1663 1889//1665 1888//1664
f 1888//1664 1889//1665 1890//1666
f 1889//1665 1891//1667 1890//1666
f 1890//1666 1891//1667 1886//1662
f 1891//1667 1892//1668 1886//1662
f 1886//1662 1892//1668 1893//1669
f 1892//1668 1894//1670 1893//1669
f 1893//1669 1894//1670 1895//1671
f 1894//1670 1896//1672 1895//1671
f 1895//1671 1896//1672 1897//1673
f 1896//1672 1898//1674 1897//1673
f 1897//1673 1898//1674 1899//1675
f 1898//1674 1900//1676 1899//1675
f 1899//1675 1900//1676 1901//1677
f 1900//1676 1902//1678 1901//1677
f 1901//1677 1902//1678 21//18
f 1902//1678 1903//1679 21//18
f 1871//1647 40//32 38//30
f 1904//1680 1871//1647 38//30
f 1871//1647 1904//1680 1873//1649
f 1904//1680 1905//1681 1873//1649
f 1873//1649 1905//1681 42//33
f 1905//1681 1904//1680 38//30
f 42//33 1905//1681 38//30
f 42//33 43//34 1869//1645
f 43//34 1906//1645 1869//1645
f 1869//1645 1906//1645 45//36
f 34//27 36//28 1907//1682
f 36//28 1908//1683 1907//1682
f 1907//1682 1908//1683 1909//1684
f 1908//1683 1874//1650 1909//1684
f 1909//1684 1874//1650 1876//1652
f 36//28 34//27 32//7
f 36//28 37//29 1908//1683
f 37//29 1910//1685 1908//1683
f 1908//1683 1910//1685 39//31
f 1911//1686 33//27 1912//1687
f 33//27 1907//1682 1912//1687
f 1912//1687 1907//1682 1913//1684
f 1907//1682 1909//1684 1913//1684
f 1913//1684 1909//1684 1914//1688
f 1909//1684 1876//1652 1914//1688
f 1914//1688 1876//1652 1877//1653
f 33//27 1911//1686 29//7
f 1911//1686 1915//1689 29//7
f 29//7 1915//1689 31//26
f 33//27 34//27 1907//1682
f 39//31 1910//1685 35//7
f 1910//1685 37//29 35//7
f 39//31 40//32 1872//1648
f 1915//1689 1911//1686 1916//25
f 1911//1686 1917//1690 1916//25
f 1916//25 1917//1690 1918//1691
f 1917//1690 1919//1692 1918//1691
f 1918//1691 1919//1692 1920//1693
f 1919//1692 1921//1669 1920//1693
f 1920//1693 1921//1669 1895//1671
f 1921//1669 1893//1669 1895//1671
f 1837//1619 1839//1620 1922//1694
f 1839//1620 1840//1621 1922//1694
f 1837//1619 1922//1694 1923//1695
f 1922//1694 1924//1696 1923//1695
f 1923//1695 1925//1697 1837//1619
f 1925//1697 1853//1632 1837//1619
f 1925//1697 1923//1695 1926//1698
f 1923//1695 1924//1696 1926//1698
f 1925//1697 1926//1698 1927//1699
f 1926//1698 1928//1700 1927//1699
f 1927//1699 1928//1700 1929//1701
f 1928//1700 1930//1702 1929//1701
f 1929//1701 1930//1702 1931//1701
f 1835//1617 1836//1618 1838//1620
f 1836//1618 1840//1621 1838//1620
f 1922//1694 1840//1621 1924//1696
f 1840//1621 1932//1703 1924//1696
f 1924//1696 1932//1703 1933//1704
f 1932//1703 1934//1705 1933//1704
f 1933//1704 1934//1705 1935//1706
f 1934//1705 1936//1707 1935//1706
f 1935//1706 1936//1707 1937//1708
f 1936//1707 1938//1709 1937//1708
f 1937//1708 1938//1709 1939//1710
f 1938//1709 1940//1711 1939//1710
f 1939//1710 1940//1711 1941//1712
f 1940//1711 1942//1712 1941//1712
f 1941//1712 1942//1712 1809//1593
f 1942//1712 1807//1591 1809//1593
f 1926//1698 1924//1696 1928//1700
f 1924//1696 1933//1704 1928//1700
f 1928//1700 1933//1704 1943//1713
f 1933//1704 1935//1706 1943//1713
f 1943//1713 1935//1706 1944//1714
f 1935//1706 1937//1708 1944//1714
f 1944//1714 1937//1708 1945//1714
f 1937//1708 1939//1710 1945//1714
f 1945//1714 1939//1710 1946//1715
f 1939//1710 1941//1712 1946//1715
f 1946//1715 1941//1712 1947//1716
f 1941//1712 1809//1593 1947//1716
f 1947//1716 1809//1593 1811//1595
f 1931//1701 1948//1717 1929//1701
f 1948//1717 1949//1718 1929//1701
f 1929//1701 1949//1718 1927//1699
f 1949//1718 1925//1697 1927//1699
f 1948//1717 1931//1701 1950//1719
f 1931//1701 1930//1702 1950//1719
f 1948//1717 1950//1719 1887//1663
f 1950//1719 1930//1702 1887//1663
f 1887//1663 1930//1702 1889//1665
f 1930//1702 1951//1720 1889//1665
f 1889//1665 1951//1720 1952//1721
f 1951//1720 1953//1722 1952//1721
f 1952//1721 1953//1722 1954//1722
f 1953//1722 1955//1723 1954//1722
f 1954//1722 1955//1723 1956//1724
f 1955//1723 1957//1725 1956//1724
f 1956//1724 1957//1725 1958//14
f 1957//1725 1959//14 1958//14
f 27//23 28//24 1960//24
f 28//24 1916//25 1960//24
f 1960//24 1916//25 1918//1691
f 30//25 28//24 26//22
f 28//24 30//25 1916//25
f 30//25 31//26 1916//25
f 1916//25 31//26 1915//1689
f 24//20 25//21 1961//1726
f 25//21 1960//24 1961//1726
f 1961//1726 1960//24 1962//1727
f 1960//24 1918//1691 1962//1727
f 1962//1727 1918//1691 1920//1693
f 27//23 25//21 23//7
f 25//21 27//23 1960//24
f 22//19 1963//1728 1901//1677
f 1963//1728 1961//1726 1901//1677
f 1901//1677 1961//1726 1899//1675
f 1961//1726 1962//1727 1899//1675
f 1899//1675 1962//1727 1897//1673
f 1962//1727 1920//1693 1897//1673
f 1897//1673 1920//1693 1895//1671
f 1963//1728 22//19 20//17
f 24//20 1963//1728 20//17
f 1963//1728 24//20 1961//1726
f 21//18 1903//1679 17//14
f 1903//1679 1964//1729 17//14
f 17//14 1964//1729 1965//1730
f 21//18 22//19 1901//1677
f 1964//1729 1903//1679 1966//1679
f 1903//1679 1902//1678 1966//1679
f 1966//1679 1902//1678 1967//1731
f 1902//1678 1900//1676 1967//1731
f 1967//1731 1900//1676 1968//1732
f 1900//1676 1969//1733 1968//1732
f 1968//1732 1969//1733 1970//1732
f 1969//1733 1971//1734 1970//1732
f 1970//1732 1971//1734 1972//1735
f 1971//1734 1896//1672 1972//1735
f 1972//1735 1896//1672 1973//1736
f 1896//1672 1894//1670 1973//1736
f 1973//1736 1894//1670 1974//1737
f 1894//1670 1892//1668 1974//1737
f 1974//1737 1892//1668 1975//1738
f 1892//1668 1891//1667 1975//1738
f 1975//1738 1891//1667 1976//1739
f 1891//1667 1889//1665 1976//1739
f 1976//1739 1889//1665 1952//1721
f 1836//1618 1813//1597 1977//1740
f 1813//1597 1815//1599 1977//1740
f 1977//1740 1815//1599 1978//1741
f 1815//1599 1979//1742 1978//1741
f 1978//1741 1979//1742 1980//1743
f 1979//1742 1981//1744 1980//1743
f 1980//1743 1981//1744 1982//1745
f 1981//1744 1983//1746 1982//1745
f 1982//1745 1983//1746 1984//1747
f 1983//1746 1785//1571 1984//1747
f 1984//1747 1785//1571 1787//1571
f 126//105 124//103 122//101
f 126//105 127//106 1659//1457
f 120//99 121//100 1985//1748
f 121//100 1660//1458 1985//1748
f 1985//1748 1660//1458 1986//1749
f 1660//1458 1657//1455 1986//1749
f 1986//1749 1657//1455 1987//1750
f 1657//1455 1613//102 1987//1750
f 1987//1750 1613//102 1615//1416
f 123//102 121//100 119//7
f 121//100 123//102 1660//1458
f 123//102 124//103 1660//1458
f 118//98 1988//1751 1989//1752
f 1988//1751 1985//1748 1989//1752
f 1989//1752 1985//1748 1990//1753
f 1985//1748 1986//1749 1990//1753
f 1990//1753 1986//1749 1991//1754
f 1986//1749 1987//1750 1991//1754
f 1991//1754 1987//1750 1992//1755
f 1987//1750 1617//1417 1992//1755
f 1992//1755 1617//1417 1619//1419
f 1988//1751 118//98 116//96
f 120//99 1988//1751 116//96
f 1988//1751 120//99 1985//1748
f 1993//91 111//91 1994//91
f 111//91 1995//1756 1994//91
f 1994//91 1995//1756 1996//1757
f 1995//1756 1997//1758 1996//1757
f 1996//1757 1997//1758 1998//1759
f 1997//1758 1990//1753 1998//1759
f 1998//1759 1990//1753 1991//1754
f 111//91 1993//91 107//88
f 1993//91 1999//1760 107//88
f 107//88 1999//1760 109//90
f 111//91 112//92 2000//1761
f 112//92 2001//1762 2000//1761
f 2000//1761 2001//1762 114//94
f 2002//1763 117//97 2000//1761
f 117//97 1989//1752 2000//1761
f 2000//1761 1989//1752 1997//1758
f 1989//1752 1990//1753 1997//1758
f 117//97 2002//1763 113//93
f 2002//1763 115//95 113//93
f 117//97 118//98 1989//1752
f 2001//1762 112//92 110//70
f 114//94 2001//1762 110//70
f 114//94 115//95 2000//1761
f 115//95 2002//1763 2000//1761
f 106//87 108//89 2003//1764
f 108//89 1994//91 2003//1764
f 2003//1764 1994//91 2004//1765
f 1994//91 1996//1757 2004//1765
f 2004//1765 1996//1757 2005//1766
f 1996//1757 2006//1767 2005//1766
f 2005//1766 2006//1767 2007//1767
f 2006//1767 2008//1768 2007//1767
f 2007//1767 2008//1768 2009//1769
f 2008//1768 1992//1755 2009//1769
f 2009//1769 1992//1755 1619//1419
f 108//89 106//87 104//7
f 108//89 109//90 1994//91
f 109//90 1999//1760 1994//91
f 1994//91 1999//1760 1993//91
f 2010//1770 102//84 2011//1771
f 102//84 2003//1764 2011//1771
f 2011//1771 2003//1764 2004//1765
f 102//84 2010//1770 98//81
f 2010//1770 2012//1771 98//81
f 98//81 2012//1771 100//82
f 102//84 103//85 2003//1764
f 103//85 2013//1772 2003//1764
f 2003//1764 2013//1772 105//86
f 2013//1772 103//85 101//83
f 105//86 2013//1772 101//83
f 105//86 106//87 2003//1764
f 100//82 2012//1771 1833//1615
f 2012//1771 2011//1771 1833//1615
f 1833//1615 2011//1771 2014//1773
f 2011//1771 2015//1774 2014//1773
f 2014//1773 2015//1774 2016//1775
f 2015//1774 2017//1776 2016//1775
f 2016//1775 2017//1776 2018//1777
f 2017//1776 2019//1776 2018//1777
f 2018//1777 2019//1776 2020//1425
f 2019//1776 1624//1423 2020//1425
f 2020//1425 1624//1423 1626//1425
f 2012//1771 2010//1770 2011//1771
f 96//79 97//80 1832//1614
f 1834//1616 97//80 95//78
f 2021//1778 93//76 1830//1612
f 93//76 1832//1614 1830//1612
f 93//76 2021//1778 89//7
f 2021//1778 91//74 89//7
f 93//76 94//77 1832//1614
f 94//77 2022//1779 1832//1614
f 1832//1614 2022//1779 96//79
f 94//77 92//75 2022//1779
f 2022//1779 92//75 96//79
f 99//78 1834//1616 95//78
f 1834//1616 99//78 1833//1615
f 99//78 100//82 1833//1615
f 2023//1780 90//73 2024//1781
f 90//73 1830//1612 2024//1781
f 2024//1781 1830//1612 1828//1610
f 90//73 2023//1780 86//70
f 2023//1780 88//72 86//70
f 90//73 91//74 1830//1612
f 91//74 2021//1778 1830//1612
f 2025//1782 2026//1781 2027//1783
f 2026//1781 2024//1781 2027//1783
f 2027//1783 2024//1781 2028//1783
f 2024//1781 1828//1610 2028//1783
f 2028//1783 1828//1610 1826//1608
f 2026//1781 2025//1782 83//67
f 2026//1781 83//67 87//71
f 2026//1781 87//71 2024//1781
f 87//71 88//72 2024//1781
f 2024//1781 88//72 2023//1780
f 82//65 84//68 2029//1784
f 84//68 2027//1783 2029//1784
f 2029//1784 2027//1783 2028//1783
f 84//68 82//65 80//65
f 84//68 85//69 2027//1783
f 85//69 2025//1782 2027//1783
f 79//64 2030//1785 2031//1786
f 2030//1785 2029//1784 2031//1786
f 2031//1786 2029//1784 2032//1787
f 2029//1784 2033//1788 2032//1787
f 2032//1787 2033//1788 2034//1789
f 2033//1788 1865//1641 2034//1789
f 2034//1789 1865//1641 1863//1641
f 2030//1785 79//64 77//62
f 81//66 2030//1785 77//62
f 2030//1785 81//66 2029//1784
f 81//66 82//65 2029//1784
f 2025//1782 85//69 83//67
f 73//58 2035//1790 2036//1791
f 2035//1790 2032//1787 2036//1791
f 2036//1791 2032//1787 2037//1792
f 2032//1787 2034//1789 2037//1792
f 2037//1792 2034//1789 1861//1639
f 2034//1789 1863//1641 1861//1639
f 2035//1790 73//58 71//7
f 2038//1793 2035//1790 71//7
f 2035//1790 2038//1793 2032//1787
f 2038//1793 75//60 2032//1787
f 2032//1787 75//60 2031//1786
f 75//60 76//61 2031//1786
f 2031//1786 76//61 2039//1794
f 75//60 2038//1793 71//7
f 2040//1795 69//56 2037//1792
f 69//56 2036//1791 2037//1792
f 69//56 2040//1795 65//53
f 2040//1795 67//55 65//53
f 69//56 70//57 2036//1791
f 70//57 72//58 2036//1791
f 2036//1791 72//58 73//58
f 2041//1796 66//54 2042//1797
f 66//54 2037//1792 2042//1797
f 2042//1797 2037//1792 1861//1639
f 66//54 2041//1796 62//7
f 2041//1796 64//52 62//7
f 66//54 67//55 2037//1792
f 67//55 2040//1795 2037//1792
f 72//58 70//57 68//53
f 2043//1798 2044//1798 1859//1638
f 2044//1798 2042//1797 1859//1638
f 1859//1638 2042//1797 1861//1639
f 2044//1798 2043//1798 59//48
f 2043//1798 61//50 59//48
f 63//51 2044//1798 59//48
f 2044//1798 63//51 2042//1797
f 63//51 64//52 2042//1797
f 2042//1797 64//52 2041//1796
f 60//49 1868//47 56//7
f 1868//47 58//47 56//7
f 60//49 61//50 1859//1638
f 61//50 2043//1798 1859//1638
f 2045//390 1965//1730 1970//1732
f 1965//1730 1967//1731 1970//1732
f 1970//1732 1967//1731 1968//1732
f 1965//1730 2045//390 17//14
f 2045//390 1958//14 17//14
f 17//14 1958//14 1959//14
f 1965//1730 1964//1729 1966//1679
f 1906//1645 43//34 41//7
f 45//36 1906//1645 41//7
f 2039//1794 76//61 74//59
f 78//63 2039//1794 74//59
f 2039//1794 78//63 2031//1786
f 78//63 79//64 2031//1786
f 2046//1799 2047//1800 2048//1801
f 2047//1800 2049//1802 2048//1801
f 2048//1801 2049//1802 2050//1802
f 2049//1802 2051//1803 2050//1802
f 2050//1802 2051//1803 2052//1804
f 2051//1803 2053//1805 2052//1804
f 2052//1804 2053//1805 2054//1806
f 2053//1805 2055//1807 2054//1806
f 2054//1806 2055//1807 2056//1808
f 2055//1807 1758//1544 2056//1808
f 2056//1808 1758//1544 1756//1544
f 2047//1800 2046//1799 267//7
f 2046//1799 269//227 267//7
f 271//229 2047//1800 267//7
f 2047//1800 271//229 2057//1809
f 271//229 272//230 2057//1809
f 2057//1809 272//230 274//232
f 2058//1810 277//234 2057//1809
f 277//234 2059//1811 2057//1809
f 2057//1809 2059//1811 2060//1812
f 2059//1811 2061//1813 2060//1812
f 2060//1812 2061//1813 2062//1814
f 2061//1813 2063//1815 2062//1814
f 2062//1814 2063//1815 2064//1816
f 2063//1815 2065//1817 2064//1816
f 2064//1816 2065//1817 1768//1555
f 2065//1817 2066//1818 1768//1555
f 1768//1555 2066//1818 1770//1557
f 2066//1818 1771//1558 1770//1557
f 277//234 2058//1810 273//231
f 2058//1810 275//233 273//231
f 277//234 278//235 2059//1811
f 278//235 2067//1819 2059//1811
f 2059//1811 2067//1819 280//237
f 275//233 2058//1810 2057//1809
f 274//232 275//233 2057//1809
f 274//232 272//230 270//228
f 265//224 266//225 2068//1820
f 266//225 2048//1801 2068//1820
f 2068//1820 2048//1801 2050//1802
f 2069//1821 266//225 264//223
f 266//225 2069//1821 2048//1801
f 2069//1821 268//226 2048//1801
f 2048//1801 268//226 269//227
f 268//226 2069//1821 264//223
f 269//227 2046//1799 2048//1801
f 260//219 2070//217 2071//1822
f 2070//217 2072//1806 2071//1822
f 2071//1822 2072//1806 2073//1823
f 2072//1806 2074//1804 2073//1823
f 2073//1823 2074//1804 2075//1824
f 2074//1804 2052//1804 2075//1824
f 2075//1824 2052//1804 2076//1824
f 2052//1804 2054//1806 2076//1824
f 2076//1824 2054//1806 2077//1825
f 2054//1806 2078//1826 2077//1825
f 2077//1825 2078//1826 2079//1827
f 2078//1826 2080//1828 2079//1827
f 2079//1827 2080//1828 2081//1829
f 2080//1828 2082//1830 2081//1829
f 2081//1829 2082//1830 2083//1831
f 2082//1830 2084//1832 2083//1831
f 2083//1831 2084//1832 1401//1223
f 2084//1832 1405//1226 1401//1223
f 1401//1223 1405//1226 1403//1224
f 2070//217 260//219 258//217
f 2085//1833 2070//217 258//217
f 2070//217 2085//1833 2072//1806
f 2085//1833 2086//1834 2072//1806
f 2072//1806 2086//1834 262//221
f 2086//1834 2085//1833 258//217
f 262//221 2086//1834 258//217
f 262//221 263//222 2068//1820
f 263//222 2087//1835 2068//1820
f 2068//1820 2087//1835 265//224
f 254//214 256//215 2088//1836
f 256//215 2089//1837 2088//1836
f 2088//1836 2089//1837 2090//1838
f 2089//1837 2073//1823 2090//1838
f 2090//1838 2073//1823 2075//1824
f 256//215 254//214 252//7
f 256//215 257//216 2089//1837
f 257//216 2091//1839 2089//1837
f 2089//1837 2091//1839 259//218
f 2092//213 253//213 2093//1840
f 253//213 2088//1836 2093//1840
f 2093//1840 2088//1836 2094//1841
f 2088//1836 2090//1838 2094//1841
f 2094//1841 2090//1838 2095//1842
f 2090//1838 2075//1824 2095//1842
f 2095//1842 2075//1824 2076//1824
f 253//213 2092//213 249//7
f 2092//213 2096//212 249//7
f 249//7 2096//212 251//212
f 253//213 254//214 2088//1836
f 259//218 2091//1839 255//7
f 2091//1839 257//216 255//7
f 259//218 260//219 2071//1822
f 2096//212 2092//213 2097//1843
f 2092//213 2098//1844 2097//1843
f 2097//1843 2098//1844 2099//1845
f 2098//1844 2100//1846 2099//1845
f 2099//1845 2100//1846 2101//1847
f 2100//1846 2102//1848 2101//1847
f 2101//1847 2102//1848 2103//1848
f 2102//1848 2104//1849 2103//1848
f 2103//1848 2104//1849 2105//1848
f 2104//1849 1399//1221 2105//1848
f 2105//1848 1399//1221 1397//1219
f 247//209 248//210 2106//1850
f 248//210 2097//1843 2106//1850
f 2106//1850 2097//1843 2099//1845
f 250//211 248//210 246//208
f 248//210 250//211 2097//1843
f 250//211 251//212 2097//1843
f 2097//1843 251//212 2096//212
f 244//206 245//207 2107//206
f 245//207 2106//1850 2107//206
f 2107//206 2106//1850 2108//1851
f 2106//1850 2099//1845 2108//1851
f 2108//1851 2099//1845 2101//1847
f 247//209 245//207 243//205
f 245//207 247//209 2106//1850
f 1678//1472 242//204 240//202
f 244//206 1678//1472 240//202
f 1678//1472 244//206 2107//206
f 2109//1852 2110//1853 2111//1854
f 2110//1853 2112//1855 2111//1854
f 2111//1854 2112//1855 2113//1854
f 2112//1855 2114//1856 2113//1854
f 2113//1854 2114//1856 2115//1857
f 2110//1853 2109//1852 2116//1858
f 2109//1852 2117//1859 2116//1858
f 2110//1853 2116//1858 2118//1858
f 2116//1858 2117//1859 2118//1858
f 2118//1858 2117//1859 2119//1858
f 2117//1859 2120//1860 2119//1858
f 2119//1858 2120//1860 2121//1861
f 2120//1860 2122//1862 2121//1861
f 2121//1861 2122//1862 2123//1863
f 2122//1862 2124//1864 2123//1863
f 2123//1863 2124//1864 2125//1865
f 2124//1864 2126//1866 2125//1865
f 2125//1865 2126//1866 2127//1867
f 2126//1866 2128//1866 2127//1867
f 2127//1867 2128//1866 2129//1868
f 2128//1866 2130//1869 2129//1868
f 2129//1868 2130//1869 2131//1870
f 2130//1869 2132//1871 2131//1870
f 2131//1870 2132//1871 2133//1872
f 2132//1871 2134//1873 2133//1872
f 2133//1872 2134//1873 327//275
f 2134//1873 325//274 327//275
f 343//288 345//289 2135//1874
f 345//289 2112//1855 2135//1874
f 2135//1874 2112//1855 2110//1853
f 345//289 343//288 341//7
f 345//289 346//289 2112//1855
f 346//289 2114//1856 2112//1855
f 339//285 340//286 2136//1875
f 340//286 2135//1874 2136//1875
f 2136//1875 2135//1874 2137//1876
f 2135//1874 2110//1853 2137//1876
f 2137//1876 2110//1853 2138//1876
f 2110//1853 2118//1858 2138//1876
f 2138//1876 2118//1858 2139//1877
f 2118//1858 2119//1858 2139//1877
f 2139//1877 2119//1858 2121//1861
f 342//287 340//286 338//7
f 340//286 342//287 2135//1874
f 342//287 343//288 2135//1874
f 2114//1856 346//289 344//93
f 2115//1857 2114//1856 344//93
f 2117//1859 2109//1852 2111//1854
f 337//284 2140//1878 2141//1879
f 2140//1878 2136//1875 2141//1879
f 2141//1879 2136//1875 2142//1880
f 2136//1875 2137//1876 2142//1880
f 2142//1880 2137//1876 2143//1881
f 2137//1876 2138//1876 2143//1881
f 2143//1881 2138//1876 2125//1865
f 2138//1876 2123//1863 2125//1865
f 2140//1878 337//284 335//282
f 339//285 2140//1878 335//282
f 2140//1878 339//285 2136//1875
f 2144//1882 330//278 2133//1872
f 330//278 2145//1883 2133//1872
f 2133//1872 2145//1883 2131//1870
f 2145//1883 2146//1884 2131//1870
f 2131//1870 2146//1884 2147//1868
f 2146//1884 2142//1880 2147//1868
f 2147//1868 2142//1880 2143//1881
f 330//278 2144//1882 326//93
f 2144//1882 2148//1885 326//93
f 326//93 2148//1885 328//276
f 330//278 331//279 2149//1886
f 331//279 2150//1887 2149//1886
f 2149//1886 2150//1887 333//280
f 2151//1888 336//283 2149//1886
f 336//283 2141//1879 2149//1886
f 2149//1886 2141//1879 2146//1884
f 2141//1879 2142//1880 2146//1884
f 336//283 2151//1888 332//70
f 2151//1888 334//281 332//70
f 336//283 337//284 2141//1879
f 2150//1887 331//279 329//277
f 333//280 2150//1887 329//277
f 333//280 334//281 2149//1886
f 334//281 2151//1888 2149//1886
f 327//275 325//274 323//272
f 327//275 328//276 2133//1872
f 328//276 2148//1885 2133//1872
f 2133//1872 2148//1885 2144//1882
f 2152//1889 321//270 2153//1890
f 321//270 2134//1873 2153//1890
f 2153//1890 2134//1873 2132//1871
f 321//270 2152//1889 317//268
f 2152//1889 2154//1891 317//268
f 317//268 2154//1891 319//268
f 321//270 322//271 2134//1873
f 322//271 2155//1892 2134//1873
f 2134//1873 2155//1892 324//273
f 2155//1892 322//271 320//156
f 324//273 2155//1892 320//156
f 324//273 325//274 2134//1873
f 319//268 2154//1891 1743//1532
f 2154//1891 2153//1890 1743//1532
f 1743//1532 2153//1890 2156//1893
f 2153//1890 2157//1894 2156//1893
f 2156//1893 2157//1894 2158//1894
f 2157//1894 2159//1895 2158//1894
f 2158//1894 2159//1895 2160//1896
f 2159//1895 2161//1897 2160//1896
f 2160//1896 2161//1897 2162//1898
f 2161//1897 2163//1899 2162//1898
f 2162//1898 2163//1899 2164//1899
f 2163//1899 2165//1900 2164//1899
f 2164//1899 2165//1900 2166//1901
f 2165//1900 2167//1902 2166//1901
f 2166//1901 2167//1902 2168//1903
f 2167//1902 2169//1904 2168//1903
f 2168//1903 2169//1904 2170//1905
f 2169//1904 2171//1906 2170//1905
f 2170//1905 2171//1906 2172//1907
f 2171//1906 2173//1908 2172//1907
f 2172//1907 2173//1908 2174//1909
f 2173//1908 2175//1908 2174//1909
f 2174//1909 2175//1908 2176//1910
f 2175//1908 2177//1911 2176//1910
f 2176//1910 2177//1911 2178//1912
f 2177//1911 2179//1913 2178//1912
f 2178//1912 2179//1913 2180//1914
f 2179//1913 2181//1526 2180//1914
f 2180//1914 2181//1526 1737//1526
f 2181//1526 1735//1524 1737//1526
f 2154//1891 2152//1889 2153//1890
f 315//266 316//267 1742//1531
f 1744//1533 316//267 314//93
f 2182//1915 312//264 1740//1529
f 312//264 1742//1531 1740//1529
f 312//264 2182//1915 308//93
f 2182//1915 310//262 308//93
f 312//264 313//265 1742//1531
f 313//265 2183//1916 1742//1531
f 1742//1531 2183//1916 315//266
f 313//265 311//263 2183//1916
f 2183//1916 311//263 315//266
f 318//269 1744//1533 314//93
f 1744//1533 318//269 1743//1532
f 318//269 319//268 1743//1532
f 2184//1917 309//261 1774//1560
f 309//261 2184//1917 305//93
f 2184//1917 307//260 305//93
f 310//262 2182//1915 1740//1529
f 2185//1916 2186//1918 2187//1919
f 2186//1918 1774//1560 2187//1919
f 2187//1919 1774//1560 1773//1527
f 2186//1918 2185//1916 302//256
f 2186//1918 302//256 306//259
f 2186//1918 306//259 1774//1560
f 306//259 307//260 1774//1560
f 1774//1560 307//260 2184//1917
f 301//255 303//257 2188//1920
f 303//257 2187//1919 2188//1920
f 2188//1920 2187//1919 1773//1527
f 303//257 301//255 299//253
f 303//257 304//258 2187//1919
f 304//258 2185//1916 2187//1919
f 2189//1921 2190//1922 2191//1923
f 2190//1922 2188//1920 2191//1923
f 2191//1923 2188//1920 2192//1818
f 2188//1920 2193//1818 2192//1818
f 2192//1818 2193//1818 2194//1924
f 2193//1818 2066//1818 2194//1924
f 2194//1924 2066//1818 2065//1817
f 2190//1922 2189//1921 297//53
f 300//254 2190//1922 297//53
f 2190//1922 300//254 2188//1920
f 300//254 301//255 2188//1920
f 2185//1916 304//258 302//256
f 293//248 2195//1925 2196//1926
f 2195//1925 2192//1818 2196//1926
f 2196//1926 2192//1818 2197//1927
f 2192//1818 2194//1924 2197//1927
f 2197//1927 2194//1924 2063//1815
f 2194//1924 2065//1817 2063//1815
f 2195//1925 293//248 291//246
f 2198//1928 2195//1925 291//246
f 2195//1925 2198//1928 2192//1818
f 2198//1928 295//250 2192//1818
f 2192//1818 295//250 2191//1923
f 295//250 296//251 2191//1923
f 2191//1923 296//251 2199//1929
f 295//250 2198//1928 291//246
f 2200//1927 289//244 2197//1927
f 289//244 2196//1926 2197//1927
f 289//244 2200//1927 285//7
f 2200//1927 287//242 285//7
f 289//244 290//245 2196//1926
f 290//245 292//247 2196//1926
f 2196//1926 292//247 293//248
f 2201//241 286//242 2202//1930
f 286//242 2197//1927 2202//1930
f 2202//1930 2197//1927 2063//1815
f 286//242 2201//241 282//239
f 2201//241 284//241 282//239
f 286//242 287//242 2197//1927
f 287//242 2200//1927 2197//1927
f 292//247 290//245 288//243
f 2203//1931 2204//1932 2061//1813
f 2204//1932 2202//1930 2061//1813
f 2061//1813 2202//1930 2063//1815
f 2204//1932 2203//1931 279//236
f 2203//1931 281//238 279//236
f 283//240 2204//1932 279//236
f 2204//1932 283//240 2202//1930
f 283//240 284//241 2202//1930
f 2202//1930 284//241 2201//241
f 280//237 2067//1819 276//53
f 2067//1819 278//235 276//53
f 280//237 281//238 2061//1813
f 281//238 2203//1931 2061//1813
f 2087//1835 263//222 261//220
f 265//224 2087//1835 261//220
f 2199//1929 296//251 294//249
f 298//252 2199//1929 294//249
f 2199//1929 298//252 2191//1923
f 298//252 2189//1921 2191//1923
f 298//252 297//53 2189//1921
f 2205//1933 2115//1857 344//93
f 2115//1857 2205//1933 2113//1854
f 2205//1933 2117//1859 2113//1854
f 2113//1854 2117//1859 2111//1854
f 2206//1934 2205//1933 344//93
f 2205//1933 2206//1934 2117//1859
f 2206//1934 2207//1935 2117//1859
f 2117//1859 2207//1935 2120//1860
f 2207//1935 2208//1936 2120//1860
f 2120//1860 2208//1936 2209//1937
f 2208//1936 2210//1938 2209//1937
f 2209//1937 2210//1938 2167//1902
f 2210//1938 2211//1939 2167//1902
f 2167//1902 2211//1939 2169//1904
f 2211//1939 2212//1940 2169//1904
f 2169//1904 2212//1940 2213//1941
f 2212//1940 2214//1942 2213//1941
f 2213//1941 2214//1942 2215//1943
f 2214//1942 2216//1944 2215//1943
f 2215//1943 2216//1944 2217//1945
f 2216//1944 1699//1492 2217//1945
f 2217//1945 1699//1492 1697//1490
f 1811//1595 1959//14 1947//1716
f 1959//14 1957//1725 1947//1716
f 1947//1716 1957//1725 1946//1715
f 1957//1725 1955//1723 1946//1715
f 1946//1715 1955//1723 1945//1714
f 1955//1723 1953//1722 1945//1714
f 1945//1714 1953//1722 1944//1714
f 1953//1722 1951//1720 1944//1714
f 1944//1714 1951//1720 1943//1713
f 1951//1720 1930//1702 1943//1713
f 1943//1713 1930//1702 1928//1700
f 1959//14 1811//1595 17//14
f 1811//1595 1810//1594 17//14
f 17//14 1810//1594 2218//14
f 1958//14 2045//390 1956//1724
f 2045//390 2219//1946 1956//1724
f 1956//1724 2219//1946 1954//1722
f 2219//1946 2220//1947 1954//1722
f 1954//1722 2220//1947 1952//1721
f 2220//1947 1976//1739 1952//1721
f 2218//14 1810//1594 1808//1592
f 2221//1948 2218//14 1808//1592
f 2218//14 2221//1948 17//14
f 2221//1948 2222//15 17//14
f 17//14 2222//15 19//16
f 2222//15 2221//1948 2223//15
f 2221//1948 1806//1590 2223//15
f 2223//15 1806//1590 2224//1949
f 1806//1590 2225//1950 2224//1949
f 2224//1949 2225//1950 2226//1949
f 2225//1950 2227//1951 2226//1949
f 2226//1949 2227//1951 2228//1952
f 2227//1951 2229//1953 2228//1952
f 2228//1952 2229//1953 2230//1953
f 2229//1953 1804//1588 2230//1953
f 2230//1953 1804//1588 2231//1954
f 1804//1588 2232//1955 2231//1954
f 2231//1954 2232//1955 2233//1956
f 2232//1955 1800//1584 2233//1956
f 2233//1956 1800//1584 2234//1957
f 1800//1584 1798//1582 2234//1957
f 2234//1957 1798//1582 2235//1958
f 1798//1582 1796//1581 2235//1958
f 2235//1958 1796//1581 2236//1959
f 1796//1581 1794//1579 2236//1959
f 2236//1959 1794//1579 2237//1960
f 1794//1579 1792//1577 2237//1960
f 2237//1960 1792//1577 2238//1961
f 1792//1577 1790//1575 2238//1961
f 2238//1961 1790//1575 2239//1961
f 1790//1575 1788//1573 2239//1961
f 2239//1961 1788//1573 2240//1962
f 1788//1573 1786//1572 2240//1962
f 2240//1962 1786//1572 2241//1963
f 1786//1572 1784//1570 2241//1963
f 2241//1963 1784//1570 2242//1964
f 1784//1570 1782//1568 2242//1964
f 2242//1964 1782//1568 2243//1965
f 1782//1568 1779//1565 2243//1965
f 2243//1965 1779//1565 2244//1966
f 1779//1565 1812//1596 2244//1966
f 2244//1966 1812//1596 1651//1449
f 19//16 2222//15 2223//15
f 18//15 19//16 2245//1967
f 19//16 2246//1968 2245//1967
f 2245//1967 2246//1968 2247//1969
f 2246//1968 2226//1949 2247//1969
f 2247//1969 2226//1949 2248//1970
f 2226//1949 2228//1952 2248//1970
f 2248//1970 2228//1952 2249//1971
f 2228//1952 2250//1972 2249//1971
f 2249//1971 2250//1972 2251//1973
f 2250//1972 2252//1974 2251//1973
f 2251//1973 2252//1974 2253//1975
f 2252//1974 2254//1976 2253//1975
f 2253//1975 2254//1976 2255//1977
f 2254//1976 2256//1978 2255//1977
f 2255//1977 2256//1978 2257//1979
f 2256//1978 2258//1980 2257//1979
f 2257//1979 2258//1980 2259//1981
f 2258//1980 2260//1734 2259//1981
f 2259//1981 2260//1734 2261//417
f 2260//1734 495//421 2261//417
f 2261//417 495//421 493//419
f 2262//1982 2263//1983 2264//1984
f 2263//1983 1715//1506 2264//1984
f 2264//1984 1715//1506 2265//1985
f 1715//1506 1713//1504 2265//1985
f 2265//1985 1713//1504 1711//1502
f 2263//1983 2262//1982 344//93
f 2262//1982 2266//1916 344//93
f 344//93 2266//1916 2267//1986
f 2268//1916 2263//1983 344//93
f 2263//1983 2268//1916 1717//1508
f 2268//1916 1719//1509 1717//1508
f 2266//1916 2262//1982 2264//1984
f 2267//1986 2266//1916 2269//1982
f 2266//1916 2264//1984 2269//1982
f 2269//1982 2264//1984 2265//1985
f 1719//1509 2268//1916 344//93
f 348//290 1719//1509 344//93
f 2270//1987 2267//1986 2271//1988
f 2267//1986 2269//1982 2271//1988
f 2271//1988 2269//1982 2272//1989
f 2269//1982 1711//1502 2272//1989
f 2272//1989 1711//1502 1709//1500
f 2267//1986 2270//1987 344//93
f 2270//1987 2273//1916 344//93
f 344//93 2273//1916 2274//1990
f 2273//1916 2270//1987 2275//1991
f 2270//1987 2271//1988 2275//1991
f 2275//1991 2271//1988 2276//1992
f 2271//1988 2272//1989 2276//1992
f 2276//1992 2272//1989 2277//1499
f 2272//1989 1709//1500 2277//1499
f 2277//1499 1709//1500 1707//1498
f 2206//1934 2278//1916 2207//1935
f 2278//1916 2279//1993 2207//1935
f 2207//1935 2279//1993 2208//1936
f 2279//1993 2280//1994 2208//1936
f 2208//1936 2280//1994 2210//1938
f 2280//1994 2281//1995 2210//1938
f 2210//1938 2281//1995 2211//1939
f 2281//1995 2282//1996 2211//1939
f 2211//1939 2282//1996 2212//1940
f 2282//1996 2283//1939 2212//1940
f 2212//1940 2283//1939 2214//1942
f 2283//1939 2284//1997 2214//1942
f 2214//1942 2284//1997 2216//1944
f 2284//1997 1701//1493 2216//1944
f 2216//1944 1701//1493 1699//1492
f 2278//1916 2206//1934 344//93
f 2274//1990 2278//1916 344//93
f 2278//1916 2274//1990 2279//1993
f 2274//1990 2285//1998 2279//1993
f 2279//1993 2285//1998 2280//1994
f 2285//1998 2286//1999 2280//1994
f 2280//1994 2286//1999 2281//1995
f 2286//1999 2287//2000 2281//1995
f 2281//1995 2287//2000 2282//1996
f 2287//2000 2288//2001 2282//1996
f 2282//1996 2288//2001 2283//1939
f 2288//2001 2289//2002 2283//1939
f 2283//1939 2289//2002 2284//1997
f 2289//2002 1703//1495 2284//1997
f 2284//1997 1703//1495 1701//1493
f 2274//1990 2273//1916 2290//2003
f 2273//1916 2275//1991 2290//2003
f 2290//2003 2275//1991 2291//2004
f 2275//1991 2276//1992 2291//2004
f 2291//2004 2276//1992 2292//2005
f 2276//1992 2277//1499 2292//2005
f 2292//2005 2277//1499 2293//2006
f 2277//1499 1707//1498 2293//2006
f 2293//2006 1707//1498 1705//1497
f 2294//2007 18//15 2245//1967
f 18//15 2294//2007 14//12
f 2294//2007 2295//15 14//12
f 14//12 2295//15 2296//2008
f 2295//15 2294//2007 2297//2009
f 2294//2007 2298//2010 2297//2009
f 2297//2009 2298//2010 2299//2011
f 2298//2010 2300//2012 2299//2011
f 2299//2011 2300//2012 2301//2013
f 2300//2012 2302//2014 2301//2013
f 2301//2013 2302//2014 2303//2015
f 2302//2014 2304//2016 2303//2015
f 2303//2015 2304//2016 2253//1975
f 2304//2016 2251//1973 2253//1975
f 348//290 349//291 2305//2017
f 349//291 2306//2018 2305//2017
f 2305//2017 2306//2018 2307//2019
f 2306//2018 2308//2020 2307//2019
f 2307//2019 2308//2020 2309//2021
f 2308//2020 2310//2022 2309//2021
f 2309//2021 2310//2022 2311//2023
f 2310//2022 2312//2024 2311//2023
f 2311//2023 2312//2024 2313//2025
f 2312//2024 2314//2026 2313//2025
f 2313//2025 2314//2026 2315//2027
f 2314//2026 2316//2028 2315//2027
f 2315//2027 2316//2028 2317//2029
f 2316//2028 2318//2030 2317//2029
f 2317//2029 2318//2030 2319//2031
f 2318//2030 2320//2032 2319//2031
f 2319//2031 2320//2032 2321//2033
f 2320//2032 2322//2034 2321//2033
f 2321//2033 2322//2034 2323//2035
f 2322//2034 2324//2036 2323//2035
f 2323//2035 2324//2036 2325//2037
f 2324//2036 2326//2038 2325//2037
f 2325//2037 2326//2038 2327//2039
f 2326//2038 2328//2040 2327//2039
f 2327//2039 2328//2040 2329//2041
f 2328//2040 2330//2042 2329//2041
f 2329//2041 2330//2042 2331//2043
f 2330//2042 2332//2044 2331//2043
f 2331//2043 2332//2044 2333//2045
f 2332//2044 2334//2046 2333//2045
f 2333//2045 2334//2046 2335//2047
f 2334//2046 2336//2048 2335//2047
f 2335//2047 2336//2048 2337//2049
f 2336//2048 2338//2050 2337//2049
f 2337//2049 2338//2050 2339//2051
f 2338//2050 2340//2052 2339//2051
f 2339//2051 2340//2052 2341//2053
f 2340//2052 2342//2054 2341//2053
f 2341//2053 2342//2054 2343//2055
f 2342//2054 2344//2056 2343//2055
f 2343//2055 2344//2056 2345//2057
f 2344//2056 2346//2058 2345//2057
f 2345//2057 2346//2058 2347//2059
f 2346//2058 2342//2054 2347//2059
f 2347//2059 2342//2054 2348//2060
f 2342//2054 2349//2061 2348//2060
f 2348//2060 2349//2061 2350//2062
f 2349//2061 2351//2063 2350//2062
f 2350//2062 2351//2063 2352//2062
f 2351//2063 2353//2064 2352//2062
f 2352//2062 2353//2064 2354//2065
f 2353//2064 2355//2066 2354//2065
f 2354//2065 2355//2066 2356//2067
f 2355//2066 2357//2068 2356//2067
f 2356//2067 2357//2068 2358//2069
f 2357//2068 2359//2070 2358//2069
f 2358//2069 2359//2070 2360//2071
f 2359//2070 2361//2070 2360//2071
f 2360//2071 2361//2070 2362//2072
f 2361//2070 2363//2073 2362//2072
f 2362//2072 2363//2073 392//329
f 2363//2073 2364//2074 392//329
f 2365//1983 349//291 347//93
f 349//291 2365//1983 2306//2018
f 2365//1983 2366//2075 2306//2018
f 2306//2018 2366//2075 2308//2020
f 2366//2075 2367//1983 2308//2020
f 2308//2020 2367//1983 2368//2076
f 2367//1983 2369//2077 2368//2076
f 2368//2076 2369//2077 2312//2024
f 2369//2077 2370//2078 2312//2024
f 2312//2024 2370//2078 2314//2026
f 2370//2078 2371//2079 2314//2026
f 2314//2026 2371//2079 2316//2028
f 2371//2079 2372//2080 2316//2028
f 2316//2028 2372//2080 2318//2030
f 2372//2080 2373//2081 2318//2030
f 2318//2030 2373//2081 2320//2032
f 2373//2081 2374//2082 2320//2032
f 2320//2032 2374//2082 2322//2034
f 2374//2082 2375//2083 2322//2034
f 2322//2034 2375//2083 2324//2036
f 2375//2083 2376//2084 2324//2036
f 2324//2036 2376//2084 2326//2038
f 2376//2084 2377//2085 2326//2038
f 2326//2038 2377//2085 2378//2086
f 2377//2085 2379//2087 2378//2086
f 2378//2086 2379//2087 2380//2088
f 2379//2087 2328//2040 2380//2088
f 2380//2088 2328//2040 2326//2038
f 2296//2008 2295//15 2297//2009
f 2381//2089 2296//2008 2382//2090
f 2296//2008 2383//2091 2382//2090
f 2382//2090 2383//2091 2384//2090
f 2383//2091 2385//2091 2384//2090
f 2384//2090 2385//2091 2386//2092
f 2385//2091 2387//2093 2386//2092
f 2386//2092 2387//2093 2388//2094
f 2387//2093 2389//2095 2388//2094
f 2388//2094 2389//2095 2390//2096
f 2389//2095 2303//2015 2390//2096
f 2390//2096 2303//2015 2391//2097
f 2303//2015 2255//1977 2391//2097
f 2391//2097 2255//1977 2392//2098
f 2255//1977 2393//2099 2392//2098
f 2392//2098 2393//2099 2394//2100
f 2393//2099 2395//2101 2394//2100
f 2394//2100 2395//2101 2396//2102
f 2395//2101 2397//2103 2396//2102
f 2396//2102 2397//2103 2398//409
f 2397//2103 483//409 2398//409
f 2398//409 483//409 481//407
f 2296//2008 2381//2089 14//12
f 2381//2089 2399//14 14//12
f 14//12 2399//14 2400//2104
f 2366//2075 2365//1983 347//93
f 2401//1982 2366//2075 347//93
f 2366//2075 2401//1982 2367//1983
f 2401//1982 2402//1982 2367//1983
f 2367//1983 2402//1982 2369//2077
f 2402//1982 2403//2105 2369//2077
f 2369//2077 2403//2105 2404//2106
f 2403//2105 2405//2107 2404//2106
f 2404//2106 2405//2107 2406//2108
f 2405//2107 2407//2109 2406//2108
f 2406//2108 2407//2109 2408//2110
f 2407//2109 2409//2109 2408//2110
f 2408//2110 2409//2109 2410//2111
f 2409//2109 2411//2112 2410//2111
f 2410//2111 2411//2112 2412//2113
f 2411//2112 2413//2114 2412//2113
f 2412//2113 2413//2114 2414//2114
f 2413//2114 2415//2115 2414//2114
f 2414//2114 2415//2115 2416//2116
f 2415//2115 2417//2117 2416//2116
f 2416//2116 2417//2117 2418//2118
f 2417//2117 2419//2119 2418//2118
f 2418//2118 2419//2119 2420//2120
f 2419//2119 2421//2121 2420//2120
f 2420//2120 2421//2121 2422//2121
f 2421//2121 2423//2122 2422//2121
f 2422//2121 2423//2122 2424//2123
f 2423//2122 2425//2124 2424//2123
f 2424//2123 2425//2124 2426//2125
f 2425//2124 2427//2126 2426//2125
f 2426//2125 2427//2126 2428//2127
f 2427//2126 2429//2128 2428//2127
f 2428//2127 2429//2128 2430//2129
f 2429//2128 2431//2130 2430//2129
f 2430//2129 2431//2130 2432//2131
f 2431//2130 2355//2066 2432//2131
f 2432//2131 2355//2066 2353//2064
f 2405//2107 2403//2105 347//93
f 2403//2105 2402//1982 347//93
f 347//93 2402//1982 2401//1982
f 2407//2109 2405//2107 347//93
f 2409//2109 2407//2109 347//93
f 2433//2132 2409//2109 347//93
f 2409//2109 2433//2132 2411//2112
f 2433//2132 2434//2133 2411//2112
f 2411//2112 2434//2133 2413//2114
f 2434//2133 2435//2134 2413//2114
f 2413//2114 2435//2134 2415//2115
f 2435//2134 2436//2135 2415//2115
f 2415//2115 2436//2135 2437//2135
f 2436//2135 2438//2136 2437//2135
f 2437//2135 2438//2136 2439//2137
f 2438//2136 2440//2138 2439//2137
f 2439//2137 2440//2138 2441//2139
f 2440//2138 2442//2139 2441//2139
f 2441//2139 2442//2139 2443//2139
f 2442//2139 2444//2140 2443//2139
f 2443//2139 2444//2140 2445//2141
f 2444//2140 2446//2142 2445//2141
f 2445//2141 2446//2142 2447//2143
f 2446//2142 2448//2144 2447//2143
f 2447//2143 2448//2144 360//302
f 2449//2145 2433//2132 347//93
f 2433//2132 2449//2145 2434//2133
f 2449//2145 2450//2146 2434//2133
f 2434//2133 2450//2146 2435//2134
f 2450//2146 2451//2147 2435//2134
f 2435//2134 2451//2147 2452//2148
f 2451//2147 2453//2149 2452//2148
f 2452//2148 2453//2149 2454//2150
f 2453//2149 2455//2151 2454//2150
f 2454//2150 2455//2151 2440//2138
f 2455//2151 2442//2139 2440//2138
f 2456//2152 2449//2145 347//93
f 2449//2145 2456//2152 2450//2146
f 2456//2152 2457//2153 2450//2146
f 2450//2146 2457//2153 2458//2154
f 2457//2153 2459//2155 2458//2154
f 2458//2154 2459//2155 2460//2156
f 2459//2155 2461//2157 2460//2156
f 2460//2156 2461//2157 2462//2140
f 2461//2157 2463//2158 2462//2140
f 2462//2140 2463//2158 2444//2140
f 2463//2158 2446//2142 2444//2140
f 2464//1916 2456//2152 347//93
f 2456//2152 2464//1916 2457//2153
f 2464//1916 2465//2159 2457//2153
f 2457//2153 2465//2159 2459//2155
f 2465//2159 2466//296 2459//2155
f 2459//2155 2466//296 351//293
f 2465//2159 2464//1916 347//93
f 2466//296 2465//2159 347//93
f 2467//2160 2400//2104 2468//2161
f 2400//2104 2469//2162 2468//2161
f 2468//2161 2469//2162 2470//2163
f 2469//2162 2386//2092 2470//2163
f 2470//2163 2386//2092 2471//2164
f 2386//2092 2388//2094 2471//2164
f 2471//2164 2388//2094 2472//2164
f 2388//2094 2473//2165 2472//2164
f 2472//2164 2473//2165 2474//2166
f 2473//2165 2475//2167 2474//2166
f 2474//2166 2475//2167 2476//2168
f 2475//2167 2396//2102 2476//2168
f 2476//2168 2396//2102 2398//409
f 2400//2104 2467//2160 14//12
f 2467//2160 461//391 14//12
f 14//12 461//391 460//390
f 2400//2104 2399//14 2469//2162
f 2399//14 2382//2090 2469//2162
f 2469//2162 2382//2090 2384//2090
f 2399//14 2381//2089 2382//2090
f 461//391 2467//2160 2477//2169
f 2467//2160 2468//2161 2477//2169
f 2477//2169 2468//2161 2478//2170
f 2468//2161 2470//2163 2478//2170
f 2478//2170 2470//2163 2479//2171
f 2470//2163 2471//2164 2479//2171
f 2479//2171 2471//2164 2480//2172
f 2471//2164 2472//2164 2480//2172
f 2480//2172 2472//2164 2481//2173
f 2472//2164 2474//2166 2481//2173
f 2481//2173 2474//2166 2482//2174
f 2474//2166 2476//2168 2482//2174
f 2482//2174 2476//2168 2483//2175
f 2476//2168 2398//409 2483//2175
f 2483//2175 2398//409 481//407
f 2484//2176 460//390 2485//2177
f 460//390 458//388 2485//2177
f 2485//2177 458//388 456//386
f 460//390 2484//2176 14//12
f 2484//2176 16//13 14//12
f 16//13 2484//2176 2486//13
f 2484//2176 2487//2178 2486//13
f 2486//13 2487//2178 2488//13
f 2487//2178 2489//2179 2488//13
f 2488//13 2489//2179 2490//2180
f 2489//2179 2491//2179 2490//2180
f 2490//2180 2491//2179 2492//2181
f 2491//2179 2493//2182 2492//2181
f 2492//2181 2493//2182 2494//2183
f 2493//2182 2495//2184 2494//2183
f 2494//2183 2495//2184 2496//2185
f 2495//2184 2497//2186 2496//2185
f 2496//2185 2497//2186 3//1
f 2497//2186 2498//2187 3//1
f 3//1 2498//2187 2499//2188
f 2498//2187 2500//2189 2499//2188
f 2499//2188 2500//2189 440//371
f 2500//2189 439//370 440//371
f 15//13 16//13 2486//13
f 2501//2190 15//13 2488//13
f 15//13 2486//13 2488//13
f 15//13 2501//2190 11//7
f 2501//2190 2502//2191 11//7
f 11//7 2502//2191 13//11
f 464//394 2503//2192 2504//2193
f 2503//2192 2505//2194 2504//2193
f 2504//2193 2505//2194 2506//2195
f 2505//2194 2507//2196 2506//2195
f 2506//2195 2507//2196 2508//2197
f 2507//2196 2509//2198 2508//2197
f 2508//2197 2509//2198 2510//2199
f 2509//2198 2511//2200 2510//2199
f 2510//2199 2511//2200 2512//2201
f 2511//2200 2356//2067 2512//2201
f 2512//2201 2356//2067 2358//2069
f 2503//2192 464//394 2513//2202
f 2503//2192 2513//2202 468//398
f 2513//2202 466//396 468//398
f 2513//2202 464//394 466//396
f 462//392 441//372 465//395
f 441//372 467//397 465//395
f 2514//1543 2515//2203 445//376
f 2515//2203 443//374 445//376
f 2515//2203 2514//1543 2516//2204
f 2514//1543 447//378 2516//2204
f 2515//2203 2516//2204 449//380
f 2516//2204 447//378 449//380
f 447//378 2514//1543 445//376
f 2450//2146 2517//2205 2518//2206
f 2517//2205 2460//2156 2518//2206
f 2518//2206 2460//2156 2455//2151
f 2460//2156 2462//2140 2455//2151
f 2455//2151 2462//2140 2442//2139
f 2462//2140 2444//2140 2442//2139
f 2517//2205 2450//2146 2519//2207
f 2450//2146 2458//2154 2519//2207
f 2519//2207 2458//2154 2460//2156
f 2460//2156 2517//2205 2519//2207
f 2520//2208 425//357 2521//2209
f 425//357 2522//2210 2521//2209
f 2521//2209 2522//2210 2523//2211
f 2522//2210 2524//2212 2523//2211
f 2523//2211 2524//2212 2525//2213
f 2524//2212 2526//2212 2525//2213
f 2525//2213 2526//2212 2527//2214
f 2526//2212 2528//2215 2527//2214
f 2527//2214 2528//2215 2529//2216
f 2528//2215 2530//2217 2529//2216
f 2529//2216 2530//2217 2531//2218
f 2530//2217 2532//2219 2531//2218
f 2531//2218 2532//2219 2504//2193
f 2532//2219 464//394 2504//2193
f 425//357 2520//2208 421//353
f 2520//2208 423//355 421//353
f 425//357 426//358 2533//360
f 426//358 2534//2220 2533//360
f 2533//360 2534//2220 2535//360
f 417//348 419//351 2536//2221
f 419//351 2521//2209 2536//2221
f 2536//2221 2521//2209 2537//2222
f 2521//2209 2523//2211 2537//2222
f 2537//2222 2523//2211 2538//2223
f 2523//2211 2525//2213 2538//2223
f 2538//2223 2525//2213 2539//2224
f 2525//2213 2527//2214 2539//2224
f 2539//2224 2527//2214 2540//2225
f 2527//2214 2529//2216 2540//2225
f 2540//2225 2529//2216 2541//2226
f 2529//2216 2531//2218 2541//2226
f 2541//2226 2531//2218 2506//2195
f 2531//2218 2504//2193 2506//2195
f 419//351 417//348 415//348
f 419//351 420//352 2521//2209
f 420//352 2542//2227 2521//2209
f 2521//2209 2542//2227 422//354
f 2542//2227 420//352 418//350
f 422//354 2542//2227 418//350
f 422//354 423//355 2521//2209
f 423//355 2520//2208 2521//2209
f 428//360 429//361 2533//360
f 429//361 2543//2228 2533//360
f 2533//360 2543//2228 2544//2229
f 2543//2228 2545//2230 2544//2229
f 2544//2229 2545//2230 2546//2231
f 2545//2230 2547//2232 2546//2231
f 2546//2231 2547//2232 2548//2233
f 2547//2232 2549//2234 2548//2233
f 2548//2233 2549//2234 2550//2235
f 2549//2234 2551//2236 2550//2235
f 2550//2235 2551//2236 2552//2235
f 2551//2236 2553//2237 2552//2235
f 2552//2235 2553//2237 2554//2238
f 2553//2237 2555//2239 2554//2238
f 2554//2238 2555//2239 2556//2240
f 2555//2239 2557//2241 2556//2240
f 2556//2240 2557//2241 2558//2242
f 2557//2241 2559//2243 2558//2242
f 2558//2242 2559//2243 2560//2244
f 2559//2243 2561//2245 2560//2244
f 2560//2244 2561//2245 2562//2246
f 2561//2245 2563//2247 2562//2246
f 2562//2246 2563//2247 2564//386
f 2563//2247 2565//2177 2564//386
f 2564//386 2565//2177 2485//2177
f 2565//2177 2566//2248 2485//2177
f 2485//2177 2566//2248 2567//2249
f 2566//2248 2489//2179 2567//2249
f 2567//2249 2489//2179 2487//2178
f 431//362 429//361 427//359
f 429//361 431//362 2543//2228
f 431//362 432//363 2543//2228
f 2543//2228 432//363 2568//2250
f 2534//2220 426//358 424//356
f 2535//360 2534//2220 424//356
f 428//360 2535//360 424//356
f 2535//360 428//360 2533//360
f 2568//2250 434//365 2543//2228
f 434//365 2545//2230 2543//2228
f 434//365 2568//2250 430//7
f 2568//2250 432//363 430//7
f 434//365 435//366 2545//2230
f 435//366 2569//2251 2545//2230
f 2545//2230 2569//2251 2570//2252
f 2570//2252 2569//2251 433//364
f 2569//2251 435//366 433//364
f 2571//2253 2570//2252 433//364
f 2570//2252 2571//2253 2572//2254
f 2571//2253 437//368 2572//2254
f 2572//2254 437//368 2573//2255
f 437//368 438//369 2573//2255
f 2573//2255 438//369 2574//2256
f 437//368 2571//2253 433//364
f 2574//2256 439//370 2573//2255
f 439//370 2500//2189 2573//2255
f 2573//2255 2500//2189 2549//2234
f 2500//2189 2551//2236 2549//2234
f 439//370 2574//2256 436//367
f 2574//2256 438//369 436//367
f 2499//2188 440//371 1//1
f 3//1 2499//2188 1//1
f 3//1 4//3 2496//2185
f 4//3 2575//5 2496//2185
f 2496//2185 2575//5 6//5
f 6//5 7//6 2496//2185
f 7//6 2494//2183 2496//2185
f 9//8 7//6 5//4
f 7//6 9//8 2494//2183
f 9//8 10//9 2494//2183
f 2494//2183 10//9 2492//2181
f 10//9 12//10 2492//2181
f 2492//2181 12//10 13//11
f 2575//5 4//3 2//2
f 6//5 2575//5 2//2
f 12//10 10//9 8//7
f 13//11 2502//2191 2490//2180
f 2502//2191 2501//2190 2490//2180
f 2490//2180 2501//2190 2488//13
f 354//296 355//297 2461//2157
f 355//297 2463//2158 2461//2157
f 357//299 355//297 353//295
f 355//297 357//299 2463//2158
f 357//299 358//300 2463//2158
f 2463//2158 358//300 2446//2142
f 358//300 2576//2257 2446//2142
f 2446//2142 2576//2257 2448//2144
f 351//293 2466//296 347//93
f 351//293 352//294 2461//2157
f 352//294 354//296 2461//2157
f 354//296 352//294 350//292
f 2576//2257 358//300 356//298
f 2448//2144 2576//2257 356//298
f 360//302 2448//2144 356//298
f 2577//2258 366//308 2447//2143
f 366//308 2578//2259 2447//2143
f 2447//2143 2578//2259 2445//2141
f 2578//2259 2579//2260 2445//2141
f 2445//2141 2579//2260 2443//2139
f 2579//2260 2580//2261 2443//2139
f 2443//2139 2580//2261 2441//2139
f 2580//2261 2581//2262 2441//2139
f 2441//2139 2581//2262 2439//2137
f 2581//2262 2582//2263 2439//2137
f 2439//2137 2582//2263 2437//2135
f 2582//2263 2583//2264 2437//2135
f 2437//2135 2583//2264 2415//2115
f 2583//2264 2417//2117 2415//2115
f 366//308 2577//2258 362//304
f 2577//2258 364//306 362//304
f 366//308 367//309 2584//2265
f 367//309 2585//2266 2584//2265
f 2584//2265 2585//2266 2586//307
f 360//302 361//303 2447//2143
f 361//303 363//305 2447//2143
f 2447//2143 363//305 364//306
f 364//306 2577//2258 2447//2143
f 363//305 361//303 359//301
f 2586//307 369//311 2584//2265
f 369//311 2587//2267 2584//2265
f 2584//2265 2587//2267 2588//2268
f 2587//2267 2589//2269 2588//2268
f 2588//2268 2589//2269 2590//2270
f 2589//2269 2591//2271 2590//2270
f 2590//2270 2591//2271 2592//2272
f 2591//2271 2593//2273 2592//2272
f 2592//2272 2593//2273 2594//2274
f 2593//2273 2425//2124 2594//2274
f 2594//2274 2425//2124 2423//2122
f 369//311 2586//307 365//307
f 2586//307 2585//2266 365//307
f 365//307 2585//2266 367//309
f 369//311 370//312 2587//2267
f 370//312 2595//2275 2587//2267
f 2587//2267 2595//2275 372//314
f 373//315 2596//2276 2587//2267
f 2596//2276 2589//2269 2587//2267
f 2596//2276 373//315 371//313
f 2597//2277 2596//2276 371//313
f 2596//2276 2597//2277 2589//2269
f 2597//2277 375//317 2589//2269
f 2589//2269 375//317 2598//2278
f 375//317 376//316 2598//2278
f 2598//2278 376//316 378//318
f 2595//2275 370//312 368//310
f 372//314 2595//2275 368//310
f 372//314 373//315 2587//2267
f 375//317 2597//2277 371//313
f 2599//2279 384//323 2600//2280
f 384//323 2601//2281 2600//2280
f 2600//2280 2601//2281 2602//2282
f 2601//2281 2603//2283 2602//2282
f 2602//2282 2603//2283 2427//2126
f 2603//2283 2429//2128 2427//2126
f 384//323 2599//2279 380//7
f 2599//2279 382//321 380//7
f 384//323 385//324 2601//2281
f 385//324 2604//2284 2601//2281
f 2601//2281 2604//2284 2605//2285
f 379//319 2606//2286 2598//2278
f 2606//2286 2600//2280 2598//2278
f 2598//2278 2600//2280 2602//2282
f 2606//2286 379//319 377//7
f 381//320 2606//2286 377//7
f 2606//2286 381//320 2600//2280
f 381//320 382//321 2600//2280
f 2600//2280 382//321 2599//2279
f 2605//2285 2604//2284 383//322
f 2604//2284 385//324 383//322
f 387//326 2605//2285 383//322
f 2605//2285 387//326 2607//2287
f 387//326 388//327 2607//2287
f 2607//2287 388//327 2608//327
f 378//318 376//316 374//316
f 378//318 379//319 2598//2278
f 2608//327 390//328 2607//2287
f 390//328 2363//2073 2607//2287
f 2607//2287 2363//2073 2361//2070
f 390//328 2608//327 386//325
f 2608//327 388//327 386//325
f 390//328 389//7 2609//2288
f 390//328 2609//2288 2363//2073
f 2609//2288 2364//2074 2363//2073
f 392//329 2364//2074 389//7
f 2364//2074 2609//2288 389//7
f 392//329 393//330 2362//2072
f 393//330 2610//2289 2362//2072
f 2362//2072 2610//2289 395//331
f 395//331 2610//2289 391//7
f 2610//2289 393//330 391//7
f 395//331 396//332 2611//2290
f 396//332 2612//2291 2611//2290
f 2611//2290 2612//2291 398//334
f 399//334 2613//2292 2611//2290
f 2613//2292 2614//2293 2611//2290
f 2611//2290 2614//2293 2362//2072
f 2614//2293 2615//2294 2362//2072
f 2362//2072 2615//2294 2360//2071
f 2615//2294 2616//2295 2360//2071
f 2360//2071 2616//2295 2617//2296
f 2616//2295 2618//2297 2617//2296
f 2617//2296 2618//2297 2512//2201
f 2618//2297 2619//2297 2512//2201
f 2512//2201 2619//2297 2510//2199
f 2619//2297 2620//2298 2510//2199
f 2510//2199 2620//2298 2508//2197
f 2620//2298 2621//2299 2508//2197
f 2508//2197 2621//2299 2622//2300
f 2621//2299 2623//2301 2622//2300
f 2622//2300 2623//2301 2540//2225
f 2623//2301 2539//2224 2540//2225
f 2613//2292 399//334 397//333
f 2624//2302 2613//2292 397//333
f 2613//2292 2624//2302 2614//2293
f 2624//2302 401//336 2614//2293
f 2614//2293 401//336 2625//339
f 401//336 402//337 2625//339
f 2625//339 402//337 404//339
f 2612//2291 396//332 394//7
f 398//334 2612//2291 394//7
f 398//334 399//334 2611//2290
f 401//336 2624//2302 397//333
f 2626//2303 2627//2304 2628//2305
f 2627//2304 2629//2306 2628//2305
f 2628//2305 2629//2306 2630//2307
f 2629//2306 2631//2308 2630//2307
f 2630//2307 2631//2308 2632//2308
f 2631//2308 2537//2222 2632//2308
f 2632//2308 2537//2222 2538//2223
f 2627//2304 2626//2303 406//93
f 2626//2303 408//341 406//93
f 410//343 2627//2304 406//93
f 2627//2304 410//343 2629//2306
f 410//343 411//344 2629//2306
f 2629//2306 411//344 2633//2309
f 405//339 407//340 2625//339
f 407//340 2628//2305 2625//339
f 2625//339 2628//2305 2614//2293
f 2628//2305 2634//2310 2614//2293
f 2614//2293 2634//2310 2615//2294
f 2634//2310 2616//2295 2615//2294
f 407//340 405//339 403//338
f 407//340 408//341 2628//2305
f 408//341 2626//2303 2628//2305
f 2633//2309 2635//2306 2629//2306
f 2635//2306 2631//2308 2629//2306
f 2635//2306 2633//2309 409//342
f 2633//2309 411//344 409//342
f 413//346 2635//2306 409//342
f 2635//2306 413//346 2631//2308
f 413//346 414//347 2631//2308
f 2631//2308 414//347 2636//2311
f 2636//2311 414//347 412//345
f 416//349 2636//2311 412//345
f 2636//2311 416//349 2536//2221
f 416//349 417//348 2536//2221
f 404//339 402//337 400//335
f 404//339 405//339 2625//339
f 946//825 2637//825 944//823
f 2637//825 680//592 944//823
f 944//823 680//592 942//821
f 680//592 682//593 942//821
f 942//821 682//593 684//595
f 672//585 674//587 948//827
f 674//587 676//588 948//827
f 948//827 676//588 2637//825
f 676//588 678//590 2637//825
f 2637//825 678//590 680//592
f 2637//825 946//825 948//827
f 949//828 718//623 940//819
f 718//623 719//624 940//819
f 940//819 719//624 941//820
f 719//624 720//625 941//820
f 941//820 720//625 943//822
f 720//625 721//626 943//822
f 943//822 721//626 945//824
f 721//626 722//627 945//824
f 945//824 722//627 947//826
f 722//627 723//628 947//826
f 947//826 723//628 724//629
f 697//607 712//618 2638//2312
f 712//618 710//617 2638//2312
f 2638//2312 710//617 2639//2313
f 710//617 708//615 2639//2313
f 2639//2313 708//615 2640//2314
f 708//615 706//613 2640//2314
f 2640//2314 706//613 2641//2315
f 706//613 704//613 2641//2315
f 2641//2315 704//613 755//655
f 704//613 702//612 755//655
f 755//655 702//612 715//620
f 702//612 205//172 715//620
f 757//656 759//658 2641//2315
f 759//658 2642//2316 2641//2315
f 2641//2315 2642//2316 2640//2314
f 2642//2316 2643//2317 2640//2314
f 2640//2314 2643//2317 2644//2318
f 2643//2317 2645//2319 2644//2318
f 2644//2318 2645//2319 2646//2320
f 2645//2319 2647//2321 2646//2320
f 2646//2320 2647//2321 2648//2322
f 2647//2321 831//723 2648//2322
f 2648//2322 831//723 829//721
f 755//655 757//656 2641//2315
f 767//665 2647//2321 765//663
f 2647//2321 2645//2319 765//663
f 765//663 2645//2319 763//661
f 2645//2319 2643//2317 763//661
f 763//661 2643//2317 761//659
f 2643//2317 2642//2316 761//659
f 761//659 2642//2316 759//658
f 693//603 691//601 829//721
f 691//601 2649//2323 829//721
f 829//721 2649//2323 2648//2322
f 2649//2323 2650//2324 2648//2322
f 2648//2322 2650//2324 2646//2320
f 2650//2324 2639//2313 2646//2320
f 2646//2320 2639//2313 2644//2318
f 2639//2313 2640//2314 2644//2318
f 789//685 758//657 788//684
f 758//657 756//654 788//684
f 788//684 756//654 786//682
f 760//658 758//657 789//685
f 780//677 2651//2325 800//696
f 2651//2325 2652//2326 800//696
f 800//696 2652//2326 798//694
f 2652//2326 2653//2327 798//694
f 798//694 2653//2327 796//692
f 2653//2327 766//664 796//692
f 796//692 766//664 794//690
f 766//664 764//662 794//690
f 794//690 764//662 793//689
f 764//662 762//660 793//689
f 793//689 762//660 791//687
f 697//607 2638//2312 689//599
f 2638//2312 2649//2323 689//599
f 689//599 2649//2323 691//601
f 2639//2313 2650//2324 2638//2312
f 2638//2312 2650//2324 2649//2323
f 831//723 2647//2321 767//665
f 956//834 2654//2328 2655//2329
f 2654//2328 2656//2330 2655//2329
f 2655//2329 2656//2330 2657//2331
f 2656//2330 830//722 2657//2331
f 2657//2331 830//722 2658//2332
f 830//722 769//667 2658//2332
f 2658//2332 769//667 771//668
f 958//836 832//724 2654//2328
f 832//724 828//720 2654//2328
f 2654//2328 828//720 2659//2333
f 828//720 830//722 2659//2333
f 2659//2333 830//722 2656//2330
f 778//675 776//673 2651//2325
f 776//673 772//669 2651//2325
f 2651//2325 772//669 2652//2326
f 772//669 770//667 2652//2326
f 2652//2326 770//667 2653//2327
f 770//667 768//666 2653//2327
f 2653//2327 768//666 766//664
f 801//697 799//695 233//195
f 776//673 774//671 772//669
f 771//668 773//670 2660//2334
f 773//670 775//672 2660//2334
f 2660//2334 775//672 2655//2329
f 775//672 954//832 2655//2329
f 2655//2329 954//832 956//834
f 2655//2329 2657//2331 2660//2334
f 2657//2331 2658//2332 2660//2334
f 2660//2334 2658//2332 771//668
f 2651//2325 780//677 778//675
f 673//586 2661//2335 2662//2336
f 2661//2335 2663//2337 2662//2336
f 2662//2336 2663//2337 2664//2338
f 2663//2337 2665//2339 2664//2338
f 2664//2338 2665//2339 2666//2340
f 2665//2339 2667//2341 2666//2340
f 2666//2340 2667//2341 2668//2342
f 2667//2341 2669//2343 2668//2342
f 2668//2342 2669//2343 2670//2344
f 2669//2343 2671//2345 2670//2344
f 2670//2344 2671//2345 2672//2346
f 2671//2345 2673//2347 2672//2346
f 2672//2346 2673//2347 2674//2348
f 2673//2347 867//755 2674//2348
f 2674//2348 867//755 865//755
f 871//759 2675//2349 2676//2350
f 2675//2349 2669//2343 2676//2350
f 2676//2350 2669//2343 2677//2351
f 2669//2343 2667//2341 2677//2351
f 2677//2351 2667//2341 2678//2352
f 2667//2341 2665//2339 2678//2352
f 2678//2352 2665//2339 2679//2353
f 2665//2339 2663//2337 2679//2353
f 2679//2353 2663//2337 2680//2354
f 2663//2337 2661//2335 2680//2354
f 2680//2354 2661//2335 2681//2355
f 2661//2335 671//584 2681//2355
f 2681//2355 671//584 669//582
f 2661//2335 673//586 671//584
f 850//741 852//743 2670//2344
f 852//743 2682//2356 2670//2344
f 2670//2344 2682//2356 2668//2342
f 2682//2356 2683//2357 2668//2342
f 2668//2342 2683//2357 2666//2340
f 2683//2357 2684//2340 2666//2340
f 2666//2340 2684//2340 2664//2338
f 2684//2340 2685//2358 2664//2338
f 2664//2338 2685//2358 2662//2336
f 2685//2358 675//584 2662//2336
f 2662//2336 675//584 673//586
f 885//770 883//768 2680//2354
f 883//768 881//767 2680//2354
f 2680//2354 881//767 2679//2353
f 881//767 879//765 2679//2353
f 2679//2353 879//765 2678//2352
f 879//765 877//763 2678//2352
f 2678//2352 877//763 2677//2351
f 877//763 875//763 2677//2351
f 2677//2351 875//763 873//761
f 669//582 885//770 2681//2355
f 885//770 2680//2354 2681//2355
f 1111//972 880//766 1113//974
f 880//766 882//765 1113//974
f 1113//974 882//765 1115//976
f 884//769 886//771 2686//2359
f 886//771 2687//2360 2686//2359
f 2686//2359 2687//2360 2688//2361
f 2687//2360 2689//2361 2688//2361
f 2688//2361 2689//2361 2690//2362
f 2689//2361 2691//2363 2690//2362
f 2690//2362 2691//2363 2692//2362
f 2691//2363 2693//2364 2692//2362
f 2692//2362 2693//2364 2694//2365
f 2693//2364 2695//2366 2694//2365
f 2694//2365 2695//2366 2696//2367
f 2695//2366 2697//2364 2696//2367
f 2696//2367 2697//2364 2698//2368
f 2697//2364 2699//2369 2698//2368
f 2698//2368 2699//2369 2700//2370
f 2699//2369 2701//571 2700//2370
f 2700//2370 2701//571 2702//571
f 2701//571 657//571 2702//571
f 2702//571 657//571 655//569
f 1123//983 1121//981 2688//2361
f 1121//981 2703//2371 2688//2361
f 2688//2361 2703//2371 2686//2359
f 2703//2371 884//769 2686//2359
f 1121//981 1119//979 2703//2371
f 1119//979 884//769 2703//2371
f 665//579 888//579 667//581
f 888//579 669//582 667//581
f 2697//2364 2693//2364 2704//2363
f 2693//2364 2691//2363 2704//2363
f 2704//2363 2691//2363 2705//2372
f 2691//2363 2689//2361 2705//2372
f 2705//2372 2689//2361 2706//2373
f 2689//2361 886//771 2706//2373
f 2706//2373 886//771 2707//2374
f 886//771 887//772 2707//2374
f 2707//2374 887//772 2708//2375
f 887//772 889//773 2708//2375
f 2708//2375 889//773 2709//2376
f 889//773 663//577 2709//2376
f 2709//2376 663//577 661//575
f 2689//2361 2687//2360 886//771
f 752//560 646//560 747//650
f 646//560 648//562 747//650
f 747//650 648//562 745//648
f 648//562 650//564 745//648
f 745//648 650//564 743//646
f 650//564 652//566 743//646
f 743//646 652//566 741//644
f 652//566 654//568 741//644
f 741//644 654//568 739//643
f 654//568 656//570 739//643
f 739//643 656//570 737//641
f 656//570 658//572 737//641
f 737//641 658//572 735//639
f 658//572 660//574 735//639
f 735//639 660//574 733//638
f 660//574 662//576 733//638
f 733//638 662//576 731//636
f 662//576 664//578 731//636
f 731//636 664//578 729//634
f 664//578 666//580 729//634
f 729//634 666//580 727//632
f 666//580 2710//2377 727//632
f 727//632 2710//2377 2711//2378
f 2710//2377 670//583 2711//2378
f 2711//2378 670//583 725//630
f 670//583 2710//2377 668//581
f 852//743 854//745 2682//2356
f 854//745 918//799 2682//2356
f 2682//2356 918//799 2683//2357
f 918//799 920//801 2683//2357
f 2683//2357 920//801 2684//2340
f 920//801 922//803 2684//2340
f 2684//2340 922//803 2685//2358
f 922//803 677//589 2685//2358
f 2685//2358 677//589 675//584
f 845//736 843//734 902//784
f 843//734 841//732 902//784
f 902//784 841//732 900//782
f 841//732 839//731 900//782
f 900//782 839//731 898//780
f 839//731 837//729 898//780
f 898//780 837//729 138//113
f 859//750 1260//1104 894//777
f 1260//1104 1258//102 894//777
f 894//777 1258//102 892//775
f 1257//1102 1259//1103 2712//2379
f 1259//1103 1261//1105 2712//2379
f 2712//2379 1261//1105 1267//1108
f 1261//1105 860//731 1267//1108
f 906//787 847//738 904//786
f 847//738 845//736 904//786
f 904//786 845//736 902//784
f 146//120 903//785 901//783
f 906//787 849//740 847//738
f 2670//2344 2672//2346 850//741
f 2672//2346 2713//2380 850//741
f 850//741 2713//2380 848//739
f 2713//2380 2714//2381 848//739
f 848//739 2714//2381 846//737
f 2714//2381 863//753 846//737
f 846//737 863//753 844//735
f 861//751 862//752 1266//1109
f 862//752 2715//2382 1266//1109
f 1266//1109 2715//2382 1264//1107
f 2715//2382 2716//1077 1264//1107
f 1264//1107 2716//1077 1228//1077
f 2716//1077 2717//1077 1228//1077
f 1228//1077 2717//1077 2718//2383
f 2717//1077 866//756 2718//2383
f 2718//2383 866//756 868//756
f 1267//1108 1265//1108 2712//2379
f 2713//2380 2674//2348 2714//2381
f 2674//2348 865//755 2714//2381
f 2714//2381 865//755 863//753
f 2715//2382 862//752 2716//1077
f 862//752 864//754 2716//1077
f 2716//1077 864//754 2717//1077
f 864//754 866//756 2717//1077
f 2671//2345 2675//2349 2673//2347
f 2675//2349 869//757 2673//2347
f 2673//2347 869//757 867//755
f 2713//2380 2672//2346 2674//2348
f 2675//2349 2671//2345 2669//2343
f 871//759 869//757 2675//2349
f 868//756 1229//1078 2718//2383
f 2677//2351 873//761 2676//2350
f 873//761 871//759 2676//2350
f 870//758 872//760 2719//2384
f 872//760 1214//965 2719//2384
f 2719//2384 1214//965 1213//1064
f 870//758 2719//2384 1230//1079
f 1104//965 1215//1065 1106//967
f 1215//1065 874//762 1106//967
f 1106//967 874//762 876//764
f 679//591 923//804 681//591
f 923//804 921//802 681//591
f 926//807 925//806 172//143
f 175//145 931//811 926//807
f 779//676 781//678 777//674
f 951//829 777//674 781//678
f 2654//2328 2659//2333 2656//2330
f 2711//2378 725//630 727//632
f 666//580 668//581 2710//2377
f 2704//2363 2705//2372 2708//2375
f 2705//2372 2706//2373 2708//2375
f 2708//2375 2706//2373 2707//2374
f 1239//1087 1237//1086 1241//1088
f 1237//1086 2720//1082 1241//1088
f 1241//1088 2720//1082 2721//2385
f 2720//1082 2722//2386 2721//2385
f 2721//2385 2722//2386 2723//2387
f 2722//2386 2724//2388 2723//2387
f 2723//2387 2724//2388 2725//2389
f 2724//2388 2726//2390 2725//2389
f 2725//2389 2726//2390 2727//2391
f 2726//2390 2728//2392 2727//2391
f 2727//2391 2728//2392 2729//2393
f 2728//2392 2730//2394 2729//2393
f 2729//2393 2730//2394 2731//2393
f 2730//2394 2732//2395 2731//2393
f 2731//2393 2732//2395 2733//2396
f 2732//2395 1114//975 2733//2396
f 2733//2396 1114//975 2734//2397
f 1114//975 1116//977 2734//2397
f 2734//2397 1116//977 1117//978
f 1117//978 1118//978 2734//2397
f 1118//978 1120//980 2734//2397
f 2734//2397 1120//980 1255//980
f 1233//1082 1217//1067 2735//1067
f 1217//1067 1218//1068 2735//1067
f 2735//1067 1218//1068 2736//2398
f 1218//1068 1219//1069 2736//2398
f 2736//2398 1219//1069 2737//1070
f 1219//1069 1220//1070 2737//1070
f 2737//1070 1220//1070 2738//1070
f 1220//1070 1221//1071 2738//1070
f 2738//1070 1221//1071 2739//2399
f 1221//1071 1222//1072 2739//2399
f 2739//2399 1222//1072 2740//973
f 1222//1072 1223//1073 2740//973
f 2740//973 1223//1073 1112//973
f 1223//1073 1109//970 1112//973
f 1112//973 1109//970 1110//971
f 1105//966 1107//968 1108//969
f 1213//1064 1230//1079 2719//2384
f 1228//1077 2718//2383 1229//1078
f 1257//1102 2712//2379 1265//1108
f 813//707 1004//877 814//708
f 1004//877 2741//2400 814//708
f 814//708 2741//2400 2742//2401
f 2741//2400 816//709 2742//2401
f 2742//2401 816//709 815//708
f 1037//909 823//716 2743//2402
f 823//716 821//714 2743//2402
f 2743//2402 821//714 2744//903
f 821//714 819//712 2744//903
f 2744//903 819//712 2745//903
f 819//712 2746//709 2745//903
f 2745//903 2746//709 2747//2403
f 2746//709 816//709 2747//2403
f 2747//2403 816//709 1000//873
f 816//709 2741//2400 1000//873
f 1000//873 2741//2400 1002//875
f 2741//2400 1004//877 1002//875
f 814//708 2742//2401 815//708
f 978//854 995//868 980//854
f 995//868 2748//2404 980//854
f 980//854 2748//2404 982//857
f 2748//2404 1003//876 982//857
f 982//857 1003//876 984//859
f 995//868 978//854 976//852
f 988//863 990//863 974//850
f 990//863 992//865 974//850
f 974//850 992//865 976//852
f 988//863 974//850 972//848
f 1001//874 1003//876 999//872
f 1003//876 2748//2404 999//872
f 999//872 2748//2404 997//870
f 2748//2404 995//868 997//870
f 2749//2405 653//567 2750//2406
f 653//567 651//565 2750//2406
f 2750//2406 651//565 2751//2406
f 651//565 649//563 2751//2406
f 2751//2406 649//563 2752//2407
f 649//563 647//561 2752//2407
f 2752//2407 647//561 2753//561
f 647//561 645//559 2753//561
f 2753//561 645//559 2754//2408
f 645//559 2755//2409 2754//2408
f 2754//2408 2755//2409 2756//2410
f 2755//2409 641//556 2756//2410
f 2756//2410 641//556 2757//2411
f 641//556 2758//2412 2757//2411
f 2757//2411 2758//2412 2759//2413
f 2758//2412 2760//2414 2759//2413
f 2759//2413 2760//2414 2761//2415
f 2760//2414 2762//2414 2761//2415
f 2761//2415 2762//2414 2763//2415
f 2762//2414 2764//2416 2763//2415
f 2763//2415 2764//2416 2765//2417
f 2764//2416 2766//2418 2765//2417
f 2765//2417 2766//2418 2767//2417
f 2766//2418 2768//2419 2767//2417
f 2767//2417 2768//2419 2769//2420
f 2768//2419 2770//2421 2769//2420
f 2769//2420 2770//2421 2771//2422
f 2770//2421 2772//2423 2771//2422
f 2771//2422 2772//2423 2773//2424
f 2772//2423 2774//2425 2773//2424
f 2773//2424 2774//2425 2775//2426
f 2774//2425 2776//2427 2775//2426
f 2775//2426 2776//2427 2777//2428
f 2776//2427 2778//2429 2777//2428
f 2777//2428 2778//2429 2779//2430
f 2778//2429 2780//2431 2779//2430
f 2779//2430 2780//2431 2781//2432
f 2780//2431 2782//2433 2781//2432
f 2781//2432 2782//2433 2783//2434
f 2782//2433 2784//2435 2783//2434
f 2783//2434 2784//2435 2749//2405
f 2784//2435 2702//571 2749//2405
f 2749//2405 2702//571 655//569
f 2757//2411 2785//2436 2754//2408
f 2785//2436 2786//2437 2754//2408
f 2754//2408 2786//2437 2753//561
f 2786//2437 2787//2438 2753//561
f 2753//561 2787//2438 2752//2407
f 2787//2438 2788//2439 2752//2407
f 2752//2407 2788//2439 2751//2406
f 2788//2439 2789//2440 2751//2406
f 2751//2406 2789//2440 2750//2406
f 2789//2440 2783//2434 2750//2406
f 2750//2406 2783//2434 2749//2405
f 2759//2413 2761//2415 2785//2436
f 2761//2415 2790//2436 2785//2436
f 2785//2436 2790//2436 2786//2437
f 2790//2436 2771//2422 2786//2437
f 2786//2437 2771//2422 2787//2438
f 2771//2422 2773//2424 2787//2438
f 2787//2438 2773//2424 2788//2439
f 2773//2424 2791//2441 2788//2439
f 2788//2439 2791//2441 2789//2440
f 2791//2441 2781//2432 2789//2440
f 2789//2440 2781//2432 2783//2434
f 2769//2420 2771//2422 2767//2417
f 2771//2422 2790//2436 2767//2417
f 2767//2417 2790//2436 2765//2417
f 2790//2436 2761//2415 2765//2417
f 2765//2417 2761//2415 2763//2415
f 2773//2424 2775//2426 2791//2441
f 2775//2426 2777//2428 2791//2441
f 2791//2441 2777//2428 2779//2430
f 2754//2408 2756//2410 2757//2411
f 2785//2436 2757//2411 2759//2413
f 645//559 643//558 2755//2409
f 749//650 751//652 747//650
f 747//650 751//652 752//560
f 659//573 2701//571 2792//2442
f 2701//571 2699//2369 2792//2442
f 2792//2442 2699//2369 2793//2369
f 2699//2369 2697//2364 2793//2369
f 2793//2369 2697//2364 2704//2363
f 2704//2363 2708//2375 2793//2369
f 2708//2375 2709//2376 2793//2369
f 2793//2369 2709//2376 2792//2442
f 2709//2376 661//575 2792//2442
f 2792//2442 661//575 659//573
f 2697//2364 2695//2366 2693//2364
f 2782//2433 2780//2431 2794//2443
f 2780//2431 2795//2444 2794//2443
f 2794//2443 2795//2444 2796//2445
f 2795//2444 2797//2446 2796//2445
f 2796//2445 2797//2446 2798//2447
f 2797//2446 2698//2368 2798//2447
f 2798//2447 2698//2368 2700//2370
f 1143//1002 1141//1000 2799//2448
f 1141//1000 2800//2449 2799//2448
f 2799//2448 2800//2449 2801//2450
f 2800//2449 1135//994 2801//2450
f 2801//2450 1135//994 2802//2451
f 1135//994 2803//2452 2802//2451
f 2802//2451 2803//2452 2804//2453
f 2803//2452 2805//2454 2804//2453
f 2804//2453 2805//2454 2806//2455
f 2805//2454 2807//2456 2806//2455
f 2806//2455 2807//2456 2795//2444
f 2807//2456 2694//2365 2795//2444
f 2795//2444 2694//2365 2797//2446
f 2694//2365 2696//2367 2797//2446
f 2797//2446 2696//2367 2698//2368
f 2782//2433 2798//2447 2784//2435
f 2798//2447 2700//2370 2784//2435
f 2784//2435 2700//2370 2702//571
f 2796//2445 2798//2447 2794//2443
f 2798//2447 2782//2433 2794//2443
f 2701//571 659//573 657//571
f 806//702 805//701 964//842
f 805//701 803//699 964//842
f 964//842 803//699 696//606
f 810//640 809//705 1052//920
f 809//705 808//704 1052//920
f 1052//920 808//704 965//843
f 808//704 807//703 965//843
f 2779//2430 2781//2432 2791//2441
f 2749//2405 655//569 653//567
f 1052//920 965//843 1051//919
f 965//843 963//841 1051//919
f 1051//919 963//841 1050//918
f 963//841 961//839 1050//918
f 1050//918 961//839 1049//918
f 961//839 959//837 1049//918
f 1049//918 959//837 1048//917
f 959//837 957//835 1048//917
f 1048//917 957//835 1047//916
f 957//835 955//833 1047//916
f 1047//916 955//833 1046//915
f 955//833 953//831 1046//915
f 1046//915 953//831 952//830
f 964//842 696//606 962//840
f 696//606 699//609 962//840
f 962//840 699//609 960//838
f 699//609 832//724 960//838
f 960//838 832//724 958//836
f 956//834 958//836 2654//2328
f 777//674 954//832 775//672
f 2802//2451 2804//2453 2808//2457
f 2804//2453 2809//2458 2808//2457
f 2808//2457 2809//2458 2810//2459
f 2809//2458 2776//2427 2810//2459
f 2810//2459 2776//2427 2768//2419
f 2776//2427 2772//2423 2768//2419
f 2768//2419 2772//2423 2770//2421
f 2774//2425 2772//2423 2776//2427
f 2809//2458 2806//2455 2778//2429
f 2806//2455 2795//2444 2778//2429
f 2778//2429 2795//2444 2780//2431
f 2747//2403 1000//873 2811//2460
f 1000//873 2812//2461 2811//2460
f 2811//2460 2812//2461 2813//2462
f 2812//2461 2814//2463 2813//2462
f 2813//2462 2814//2463 2815//2464
f 2814//2463 998//871 2815//2464
f 2815//2464 998//871 991//864
f 998//871 996//869 991//864
f 991//864 996//869 994//867
f 994//867 993//866 991//864
f 641//556 2755//2409 643//558
f 597//515 595//513 601//519
f 595//513 2816//2465 601//519
f 601//519 2816//2465 603//521
f 2816//2465 2817//2466 603//521
f 603//521 2817//2466 605//523
f 2817//2466 2818//2467 605//523
f 605//523 2818//2467 607//523
f 2818//2467 2819//2468 607//523
f 607//523 2819//2468 609//525
f 2819//2468 2820//2469 609//525
f 609//525 2820//2469 611//527
f 2820//2469 2821//2469 611//527
f 611//527 2821//2469 613//529
f 2821//2469 2822//2470 613//529
f 613//529 2822//2470 2823//2471
f 2822//2470 2824//2472 2823//2471
f 2823//2471 2824//2472 617//533
f 2824//2472 2825//2473 617//533
f 617//533 2825//2473 2826//2474
f 2825//2473 2827//2475 2826//2474
f 2826//2474 2827//2475 2828//2476
f 2827//2475 2829//2477 2828//2476
f 2828//2476 2829//2477 2830//2478
f 2829//2477 2831//2479 2830//2478
f 2830//2478 2831//2479 2832//2480
f 2831//2479 2833//2481 2832//2480
f 2832//2480 2833//2481 2834//2482
f 2833//2481 2835//2483 2834//2482
f 2834//2482 2835//2483 2836//2484
f 2835//2483 2837//2485 2836//2484
f 2836//2484 2837//2485 2838//2485
f 2837//2485 2762//2414 2838//2485
f 2838//2485 2762//2414 2760//2414
f 2838//2485 2760//2414 2836//2484
f 2760//2414 2758//2412 2836//2484
f 2836//2484 2758//2412 2839//2486
f 2758//2412 2840//2487 2839//2486
f 2839//2486 2840//2487 2841//2488
f 2840//2487 637//552 2841//2488
f 2841//2488 637//552 635//550
f 2762//2414 2837//2485 2764//2416
f 2837//2485 2842//2489 2764//2416
f 2764//2416 2842//2489 2843//2490
f 2842//2489 2844//2491 2843//2490
f 2843//2490 2844//2491 2845//2492
f 2844//2491 2835//2483 2845//2492
f 2845//2492 2835//2483 2846//2492
f 2835//2483 2847//2493 2846//2492
f 2846//2492 2847//2493 2848//2494
f 2847//2493 2849//2495 2848//2494
f 2848//2494 2849//2495 2850//2496
f 2849//2495 2851//2497 2850//2496
f 2850//2496 2851//2497 2852//2498
f 2851//2497 2853//2499 2852//2498
f 2852//2498 2853//2499 2854//2500
f 2853//2499 1149//1008 2854//2500
f 2854//2500 1149//1008 1147//1006
f 2799//2448 2801//2450 2855//2501
f 2801//2450 2856//2502 2855//2501
f 2855//2501 2856//2502 2857//2503
f 2856//2502 2858//2503 2857//2503
f 2857//2503 2858//2503 2859//2503
f 2858//2503 2860//2504 2859//2503
f 2859//2503 2860//2504 2861//2505
f 2860//2504 2766//2418 2861//2505
f 2861//2505 2766//2418 2764//2416
f 1143//1002 2799//2448 2862//2506
f 2799//2448 2855//2501 2862//2506
f 2862//2506 2855//2501 2863//2506
f 2855//2501 2857//2503 2863//2506
f 2863//2506 2857//2503 2864//2507
f 2857//2503 2859//2503 2864//2507
f 2864//2507 2859//2503 2865//2508
f 2859//2503 2861//2505 2865//2508
f 2865//2508 2861//2505 2843//2490
f 2861//2505 2764//2416 2843//2490
f 2801//2450 2802//2451 2856//2502
f 2802//2451 2808//2457 2856//2502
f 2856//2502 2808//2457 2858//2503
f 2808//2457 2810//2459 2858//2503
f 2858//2503 2810//2459 2860//2504
f 2810//2459 2768//2419 2860//2504
f 2860//2504 2768//2419 2766//2418
f 2843//2490 2866//2509 2865//2508
f 2866//2509 2867//2496 2865//2508
f 2865//2508 2867//2496 2864//2507
f 2867//2496 2868//2510 2864//2507
f 2864//2507 2868//2510 2863//2506
f 2868//2510 2869//1004 2863//2506
f 2863//2506 2869//1004 2862//2506
f 2869//1004 1145//1004 2862//2506
f 2862//2506 1145//1004 1143//1002
f 2846//2492 2848//2494 2866//2509
f 2848//2494 2850//2496 2866//2509
f 2866//2509 2850//2496 2867//2496
f 2850//2496 2852//2498 2867//2496
f 2867//2496 2852//2498 2868//2510
f 2852//2498 2854//2500 2868//2510
f 2868//2510 2854//2500 2869//1004
f 2854//2500 1147//1006 2869//1004
f 2869//1004 1147//1006 1145//1004
f 2846//2492 2866//2509 2845//2492
f 2866//2509 2843//2490 2845//2492
f 1151//1010 2853//2499 2870//2499
f 2853//2499 2851//2497 2870//2499
f 2870//2499 2851//2497 2871//2511
f 2851//2497 2872//2512 2871//2511
f 2871//2511 2872//2512 2873//2513
f 2872//2512 2847//2493 2873//2513
f 2873//2513 2847//2493 2874//2514
f 2847//2493 2875//2493 2874//2514
f 2874//2514 2875//2493 2876//2515
f 2875//2493 2831//2479 2876//2515
f 2876//2515 2831//2479 2829//2477
f 2853//2499 1151//1010 1149//1008
f 2847//2493 2872//2512 2849//2495
f 2872//2512 2851//2497 2849//2495
f 1150//1009 1152//1011 2877//2516
f 1152//1011 2878//2517 2877//2516
f 2877//2516 2878//2517 2879//1357
f 2878//2517 2880//2518 2879//1357
f 2879//1357 2880//2518 2881//2519
f 2880//2518 2882//2520 2881//2519
f 2881//2519 2882//2520 2883//2520
f 2882//2520 2884//2521 2883//2520
f 2883//2520 2884//2521 2885//2522
f 2884//2521 2886//2523 2885//2522
f 2885//2522 2886//2523 2887//2524
f 2886//2523 2888//2525 2887//2524
f 2887//2524 2888//2525 2889//2526
f 2888//2525 2890//2527 2889//2526
f 2889//2526 2890//2527 2891//2528
f 2890//2527 2892//2527 2891//2528
f 2891//2528 2892//2527 2893//2528
f 2892//2527 2894//2529 2893//2528
f 2893//2528 2894//2529 2895//2530
f 2894//2529 2896//2531 2895//2530
f 2895//2530 2896//2531 2897//2532
f 2896//2531 2898//2533 2897//2532
f 2897//2532 2898//2533 2899//2534
f 2898//2533 2900//2535 2899//2534
f 2899//2534 2900//2535 2901//1339
f 2900//2535 2902//2536 2901//1339
f 2901//1339 2902//2536 2903//2537
f 2902//2536 2904//2538 2903//2537
f 2903//2537 2904//2538 2905//2539
f 2904//2538 2906//2540 2905//2539
f 2905//2539 2906//2540 2907//2541
f 2906//2540 2908//2540 2907//2541
f 2907//2541 2908//2540 2909//2542
f 2908//2540 2910//2543 2909//2542
f 2909//2542 2910//2543 2911//2544
f 2910//2543 2912//2545 2911//2544
f 2911//2544 2912//2545 2913//2546
f 2912//2545 2914//2547 2913//2546
f 2913//2546 2914//2547 2915//2548
f 2914//2547 2916//2548 2915//2548
f 2915//2548 2916//2548 2917//2549
f 2916//2548 2918//2550 2917//2549
f 2917//2549 2918//2550 2919//2551
f 2918//2550 2920//2552 2919//2551
f 2919//2551 2920//2552 2921//2553
f 2920//2552 2922//2554 2921//2553
f 2921//2553 2922//2554 2923//2555
f 2922//2554 2924//2556 2923//2555
f 2923//2555 2924//2556 2925//2557
f 2924//2556 2926//2558 2925//2557
f 2925//2557 2926//2558 2927//2559
f 2926//2558 2928//2558 2927//2559
f 2927//2559 2928//2558 2929//2560
f 2928//2558 2930//2560 2929//2560
f 2929//2560 2930//2560 2931//2560
f 2930//2560 2932//2561 2931//2560
f 2931//2560 2932//2561 2933//2562
f 2932//2561 2934//2563 2933//2562
f 2933//2562 2934//2563 2935//2547
f 2934//2563 2936//2547 2935//2547
f 2935//2547 2936//2547 2937//2564
f 2936//2547 2938//2565 2937//2564
f 2937//2564 2938//2565 2939//2566
f 2938//2565 2940//2567 2939//2566
f 2939//2566 2940//2567 1174//1032
f 2940//2567 2941//1032 1174//1032
f 1174//1032 2941//1032 1172//1030
f 2941//1032 1170//1028 1172//1030
f 1152//1011 1154//1013 2878//2517
f 1154//1013 2942//2568 2878//2517
f 2878//2517 2942//2568 2880//2518
f 2942//2568 1162//1021 2880//2518
f 2880//2518 1162//1021 2882//2520
f 1162//1021 1164//1023 2882//2520
f 2882//2520 1164//1023 2884//2521
f 1164//1023 1166//1023 2884//2521
f 2884//2521 1166//1023 2886//2523
f 1166//1023 2943//2569 2886//2523
f 2886//2523 2943//2569 2888//2525
f 2943//2569 2944//2570 2888//2525
f 2888//2525 2944//2570 2890//2527
f 2944//2570 2945//2571 2890//2527
f 2890//2527 2945//2571 2892//2527
f 2945//2571 2946//2572 2892//2527
f 2892//2527 2946//2572 2894//2529
f 2946//2572 2947//2573 2894//2529
f 2894//2529 2947//2573 2896//2531
f 2947//2573 2948//2574 2896//2531
f 2896//2531 2948//2574 2949//2575
f 2948//2574 2950//2576 2949//2575
f 2949//2575 2950//2576 2900//2535
f 2950//2576 2951//2577 2900//2535
f 2900//2535 2951//2577 2902//2536
f 2951//2577 2952//2578 2902//2536
f 2902//2536 2952//2578 2904//2538
f 2952//2578 2922//2554 2904//2538
f 2904//2538 2922//2554 2953//2540
f 2922//2554 2954//2579 2953//2540
f 2953//2540 2954//2579 2908//2540
f 2954//2579 2955//2580 2908//2540
f 2908//2540 2955//2580 2912//2545
f 2955//2580 2916//2548 2912//2545
f 2912//2545 2916//2548 2914//2547
f 1151//1010 2870//2499 1153//1012
f 2870//2499 2956//2581 1153//1012
f 1153//1012 2956//2581 2957//2582
f 2956//2581 2873//2513 2957//2582
f 2957//2582 2873//2513 1157//1016
f 2873//2513 2958//2583 1157//1016
f 1157//1016 2958//2583 2959//2584
f 2958//2583 2960//2585 2959//2584
f 2959//2584 2960//2585 2961//2586
f 2960//2585 2962//2587 2961//2586
f 2961//2586 2962//2587 2963//2586
f 2962//2587 2964//2588 2963//2586
f 2963//2586 2964//2588 2965//2589
f 2964//2588 2966//2590 2965//2589
f 2965//2589 2966//2590 2967//2591
f 2966//2590 2968//2592 2967//2591
f 2967//2591 2968//2592 2969//2593
f 2968//2592 2970//2594 2969//2593
f 2969//2593 2970//2594 2971//2595
f 2970//2594 2972//2596 2971//2595
f 2971//2595 2972//2596 2973//2597
f 2972//2596 2974//2598 2973//2597
f 2973//2597 2974//2598 2975//2599
f 2974//2598 2976//2600 2975//2599
f 2975//2599 2976//2600 2977//2601
f 2976//2600 2978//2602 2977//2601
f 2977//2601 2978//2602 2979//2603
f 2978//2602 2980//2603 2979//2603
f 2979//2603 2980//2603 2981//2604
f 2980//2603 2982//2605 2981//2604
f 2981//2604 2982//2605 2983//2606
f 2982//2605 583//502 2983//2606
f 2983//2606 583//502 2984//498
f 583//502 581//500 2984//498
f 2984//498 581//500 579//498
f 1153//1012 2957//2582 1155//1014
f 1154//1013 1156//1015 2942//2568
f 1156//1015 1158//1017 2942//2568
f 2942//2568 1158//1017 1160//1019
f 1162//1021 2942//2568 1160//1019
f 1166//1023 1168//1026 2943//2569
f 1168//1026 2985//2607 2943//2569
f 2943//2569 2985//2607 2986//2607
f 2985//2607 1170//1028 2986//2607
f 2986//2607 1170//1028 2987//2608
f 1170//1028 2988//2609 2987//2608
f 2987//2608 2988//2609 2989//2610
f 2988//2609 2990//2611 2989//2610
f 2989//2610 2990//2611 2945//2571
f 2990//2611 2991//2612 2945//2571
f 2945//2571 2991//2612 2946//2572
f 2991//2612 2936//2547 2946//2572
f 2946//2572 2936//2547 2934//2563
f 2943//2569 2986//2607 2944//2570
f 2986//2607 2987//2608 2944//2570
f 2944//2570 2987//2608 2989//2610
f 2945//2571 2944//2570 2989//2610
f 1148//1007 1150//1009 1552//1361
f 1150//1009 2877//2516 1552//1361
f 1552//1361 2877//2516 1550//1359
f 2877//2516 2879//1357 1550//1359
f 1550//1359 2879//1357 1548//1357
f 2879//1357 2881//2519 1548//1357
f 1548//1357 2881//2519 1546//1355
f 2881//2519 2883//2520 1546//1355
f 1546//1355 2883//2520 1544//1352
f 2883//2520 2885//2522 1544//1352
f 1544//1352 2885//2522 1542//1352
f 2885//2522 2887//2524 1542//1352
f 1542//1352 2887//2524 1540//1350
f 2887//2524 2889//2526 1540//1350
f 1540//1350 2889//2526 1538//1348
f 2889//2526 2891//2528 1538//1348
f 1538//1348 2891//2528 2992//2613
f 2891//2528 2993//2614 2992//2613
f 2992//2613 2993//2614 2994//2615
f 2993//2614 2995//2616 2994//2615
f 2994//2615 2995//2616 2996//2617
f 2995//2616 2997//2616 2996//2617
f 2996//2617 2997//2616 1530//1341
f 2997//2616 2998//2618 1530//1341
f 1530//1341 2998//2618 1528//1339
f 2998//2618 2901//1339 1528//1339
f 1528//1339 2901//1339 1526//1337
f 2901//1339 2999//2537 1526//1337
f 1526//1337 2999//2537 3000//2619
f 2999//2537 3001//2537 3000//2619
f 3000//2619 3001//2537 3002//2620
f 3001//2537 3003//2621 3002//2620
f 3002//2620 3003//2621 2907//2541
f 3003//2621 2905//2539 2907//2541
f 2998//2618 2997//2616 3004//2622
f 2997//2616 2995//2616 3004//2622
f 3004//2622 2995//2616 2895//2530
f 2995//2616 3005//2623 2895//2530
f 2895//2530 3005//2623 2893//2528
f 3005//2623 2891//2528 2893//2528
f 2995//2616 2993//2614 3006//2624
f 2993//2614 2891//2528 3006//2624
f 3006//2624 2891//2528 3005//2623
f 2809//2458 2778//2429 2776//2427
f 1536//1346 1538//1348 3007//2625
f 1538//1348 2992//2613 3007//2625
f 3007//2625 2992//2613 1534//1344
f 2992//2613 2994//2615 1534//1344
f 1534//1344 2994//2615 1532//1342
f 2994//2615 2996//2617 1532//1342
f 1532//1342 2996//2617 1530//1341
f 2804//2453 2806//2455 2809//2458
f 1525//1336 1523//1333 3008//2626
f 1523//1333 3009//2627 3008//2626
f 3008//2626 3009//2627 3010//2628
f 3009//2627 3011//2629 3010//2628
f 3010//2628 3011//2629 3012//2630
f 3011//2629 3013//2631 3012//2630
f 3012//2630 3013//2631 3014//2632
f 3013//2631 3015//2633 3014//2632
f 3014//2632 3015//2633 3016//2634
f 3015//2633 3017//2634 3016//2634
f 3016//2634 3017//2634 3018//2635
f 3017//2634 3019//2636 3018//2635
f 3018//2635 3019//2636 3020//2637
f 3019//2636 3021//2638 3020//2637
f 3020//2637 3021//2638 1535//1345
f 3021//2638 3022//2639 1535//1345
f 1535//1345 3022//2639 3023//2640
f 3022//2639 3024//2641 3023//2640
f 3023//2640 3024//2641 3025//2642
f 3024//2641 3026//2643 3025//2642
f 3025//2642 3026//2643 3027//2644
f 3026//2643 3028//2643 3027//2644
f 3027//2644 3028//2643 3029//2645
f 3028//2643 3030//2646 3029//2645
f 3029//2645 3030//2646 3031//2647
f 3030//2646 3032//2648 3031//2647
f 3031//2647 3032//2648 3033//2649
f 3032//2648 3034//2650 3033//2649
f 3033//2649 3034//2650 3035//2651
f 3034//2650 3036//2652 3035//2651
f 3035//2651 3036//2652 3037//2653
f 3036//2652 3038//2654 3037//2653
f 3037//2653 3038//2654 3039//2655
f 3038//2654 3040//2656 3039//2655
f 3039//2655 3040//2656 3041//2657
f 3040//2656 3042//2658 3041//2657
f 3041//2657 3042//2658 3043//2659
f 3042//2658 3044//2660 3043//2659
f 3043//2659 3044//2660 3045//2661
f 3044//2660 3046//2662 3045//2661
f 3045//2661 3046//2662 3047//2663
f 3046//2662 3048//2664 3047//2663
f 3047//2663 3048//2664 3049//2665
f 3048//2664 3050//2666 3049//2665
f 3049//2665 3050//2666 3051//2667
f 3050//2666 3052//2668 3051//2667
f 3051//2667 3052//2668 3053//2669
f 3052//2668 3054//2670 3053//2669
f 3053//2669 3054//2670 1553//1362
f 3054//2670 1146//1005 1553//1362
f 1146//1005 3054//2670 1144//1003
f 3054//2670 3055//2671 1144//1003
f 1144//1003 3055//2671 1142//1001
f 3055//2671 3056//2672 1142//1001
f 1142//1001 3056//2672 3057//2673
f 3056//2672 3058//2674 3057//2673
f 3057//2673 3058//2674 3059//2675
f 3058//2674 3060//2676 3059//2675
f 3059//2675 3060//2676 3061//2677
f 3060//2676 3062//2678 3061//2677
f 3061//2677 3062//2678 3063//2679
f 3062//2678 3064//2678 3063//2679
f 3063//2679 3064//2678 3065//2680
f 3064//2678 3066//2681 3065//2680
f 3065//2680 3066//2681 3067//2682
f 3066//2681 3068//2681 3067//2682
f 3067//2682 3068//2681 1126//986
f 3068//2681 1286//1125 1126//986
f 1126//986 1286//1125 1124//984
f 1535//1345 3023//2640 3069//2683
f 3023//2640 3070//2684 3069//2683
f 3069//2683 3070//2684 1539//1349
f 3070//2684 3071//2685 1539//1349
f 1539//1349 3071//2685 1541//1351
f 3071//2685 3072//2686 1541//1351
f 1541//1351 3072//2686 1543//1353
f 3072//2686 3073//2657 1543//1353
f 1543//1353 3073//2657 1545//1354
f 3073//2657 3074//2687 1545//1354
f 1545//1354 3074//2687 1547//1356
f 3074//2687 3075//2688 1547//1356
f 1547//1356 3075//2688 1549//1358
f 3075//2688 3076//2689 1549//1358
f 1549//1358 3076//2689 1551//1360
f 3076//2689 3053//2669 1551//1360
f 1551//1360 3053//2669 1553//1362
f 1535//1345 3069//2683 1537//1347
f 3069//2683 1539//1349 1537//1347
f 3070//2684 3023//2640 3077//2645
f 3023//2640 3029//2645 3077//2645
f 3077//2645 3029//2645 3078//2690
f 3029//2645 3079//2691 3078//2690
f 3078//2690 3079//2691 3071//2685
f 3079//2691 3033//2649 3071//2685
f 3071//2685 3033//2649 3072//2686
f 3033//2649 3080//2692 3072//2686
f 3072//2686 3080//2692 3073//2657
f 3080//2692 3041//2657 3073//2657
f 3073//2657 3041//2657 3074//2687
f 3041//2657 3043//2659 3074//2687
f 3074//2687 3043//2659 3075//2688
f 3043//2659 3045//2661 3075//2688
f 3075//2688 3045//2661 3076//2689
f 3045//2661 3051//2667 3076//2689
f 3076//2689 3051//2667 3053//2669
f 1283//1122 1284//1123 3081//2693
f 1284//1123 3082//2694 3081//2693
f 3081//2693 3082//2694 3083//2695
f 3082//2694 3066//2681 3083//2695
f 3083//2695 3066//2681 3084//2696
f 3066//2681 3064//2678 3084//2696
f 3084//2696 3064//2678 3085//2697
f 3064//2678 3062//2678 3085//2697
f 3085//2697 3062//2678 3086//2678
f 3062//2678 3060//2676 3086//2678
f 3086//2678 3060//2676 3087//2698
f 3060//2676 3058//2674 3087//2698
f 3087//2698 3058//2674 3088//2699
f 3058//2674 3089//2700 3088//2699
f 3088//2699 3089//2700 3090//2701
f 3089//2700 3055//2671 3090//2701
f 3090//2701 3055//2671 3052//2668
f 3055//2671 3054//2670 3052//2668
f 3070//2684 3077//2645 3071//2685
f 3071//2685 3077//2645 3078//2690
f 2690//2362 2692//2362 3091//2702
f 2692//2362 2694//2365 3091//2702
f 3091//2702 2694//2365 3092//2703
f 2694//2365 2807//2456 3092//2703
f 3092//2703 2807//2456 3093//2704
f 2807//2456 3094//2705 3093//2704
f 3093//2704 3094//2705 3095//2706
f 3094//2705 3096//2707 3095//2706
f 3095//2706 3096//2707 3097//2708
f 3096//2707 1129//989 3097//2708
f 3097//2708 1129//989 1127//987
f 3094//2705 2807//2456 3098//2709
f 2807//2456 2805//2454 3098//2709
f 3098//2709 2805//2454 3099//2710
f 2805//2454 2803//2452 3099//2710
f 3099//2710 2803//2452 1133//992
f 2803//2452 1135//994 1133//992
f 1141//1000 1139//998 2800//2449
f 1139//998 1137//996 2800//2449
f 2800//2449 1137//996 1135//994
f 3065//2680 3100//2711 3063//2679
f 3100//2711 3101//2712 3063//2679
f 3063//2679 3101//2712 3061//2677
f 3101//2712 1138//997 3061//2677
f 3061//2677 1138//997 3059//2675
f 1138//997 1140//999 3059//2675
f 3059//2675 1140//999 3102//2713
f 1140//999 1142//1001 3102//2713
f 3102//2713 1142//1001 3057//2673
f 3084//2696 3085//2697 3103//2714
f 3085//2697 3086//2678 3103//2714
f 3103//2714 3086//2678 3104//2714
f 3086//2678 3087//2698 3104//2714
f 3104//2714 3087//2698 3105//2715
f 3087//2698 3088//2699 3105//2715
f 3105//2715 3088//2699 3048//2664
f 3088//2699 3090//2701 3048//2664
f 3048//2664 3090//2701 3050//2666
f 3090//2701 3052//2668 3050//2666
f 3058//2674 3056//2672 3089//2700
f 3056//2672 3055//2671 3089//2700
f 3049//2665 3051//2667 3047//2663
f 3051//2667 3045//2661 3047//2663
f 3035//2651 3037//2653 3080//2692
f 3037//2653 3039//2655 3080//2692
f 3080//2692 3039//2655 3041//2657
f 3035//2651 3080//2692 3033//2649
f 3029//2645 3031//2647 3079//2691
f 3031//2647 3033//2649 3079//2691
f 2873//2513 2956//2581 2871//2511
f 2956//2581 2870//2499 2871//2511
f 2948//2574 3106//2716 3107//2717
f 3106//2716 2946//2572 3107//2717
f 3107//2717 2946//2572 3108//2718
f 2946//2572 2934//2563 3108//2718
f 3108//2718 2934//2563 3109//2719
f 2934//2563 2932//2561 3109//2719
f 3109//2719 2932//2561 3110//2720
f 2932//2561 2930//2560 3110//2720
f 3110//2720 2930//2560 3111//2721
f 2930//2560 2928//2558 3111//2721
f 3111//2721 2928//2558 2926//2558
f 2948//2574 2947//2573 3106//2716
f 2947//2573 2946//2572 3106//2716
f 2951//2577 2950//2576 3112//2722
f 2950//2576 2948//2574 3112//2722
f 3112//2722 2948//2574 3109//2719
f 2948//2574 3107//2717 3109//2719
f 3109//2719 3107//2717 3108//2718
f 2995//2616 3006//2624 3005//2623
f 1536//1346 3007//2625 1534//1344
f 1322//1158 3113//2723 3114//2724
f 3113//2723 3115//2725 3114//2724
f 3114//2724 3115//2725 3116//2726
f 3115//2725 3117//2727 3116//2726
f 3116//2726 3117//2727 3118//2728
f 3117//2727 3119//2729 3118//2728
f 3118//2728 3119//2729 3120//2730
f 3119//2729 3121//2731 3120//2730
f 3120//2730 3121//2731 3122//2732
f 3121//2731 3123//2733 3122//2732
f 3122//2732 3123//2733 3124//2734
f 3123//2733 3125//2735 3124//2734
f 3124//2734 3125//2735 3126//2736
f 3125//2735 3127//2737 3126//2736
f 3126//2736 3127//2737 3128//2736
f 3127//2737 3129//2738 3128//2736
f 3128//2736 3129//2738 3130//2739
f 3129//2738 3131//2740 3130//2739
f 3130//2739 3131//2740 3132//2741
f 3131//2740 3133//2742 3132//2741
f 3132//2741 3133//2742 3030//2646
f 3133//2742 3134//2743 3030//2646
f 3030//2646 3134//2743 3135//2743
f 3134//2743 3034//2650 3135//2743
f 3135//2743 3034//2650 3032//2648
f 3135//2743 3032//2648 3030//2646
f 1283//1122 3081//2693 3136//2744
f 3081//2693 3137//2745 3136//2744
f 3136//2744 3137//2745 3138//2745
f 3137//2745 3139//2746 3138//2745
f 3138//2745 3139//2746 3140//2747
f 3139//2746 3141//2748 3140//2747
f 3140//2747 3141//2748 3117//2727
f 3141//2748 3142//2749 3117//2727
f 3117//2727 3142//2749 3143//2735
f 3142//2749 3144//2750 3143//2735
f 3143//2735 3144//2750 3145//2735
f 3144//2750 3146//2751 3145//2735
f 3145//2735 3146//2751 3147//2752
f 3146//2751 3148//2753 3147//2752
f 3147//2752 3148//2753 3149//2754
f 3148//2753 3150//2755 3149//2754
f 3149//2754 3150//2755 3151//2756
f 3150//2755 3152//2737 3151//2756
f 3151//2756 3152//2737 3127//2737
f 3152//2737 3153//2757 3127//2737
f 3127//2737 3153//2757 3133//2742
f 3153//2757 3154//2758 3133//2742
f 3133//2742 3154//2758 3134//2743
f 3154//2758 3036//2652 3134//2743
f 3134//2743 3036//2652 3034//2650
f 3152//2737 3150//2755 3155//2652
f 3150//2755 3156//2759 3155//2652
f 3155//2652 3156//2759 3038//2654
f 3156//2759 3157//2759 3038//2654
f 3038//2654 3157//2759 3040//2656
f 3157//2759 3042//2658 3040//2656
f 3084//2696 3103//2714 3158//2760
f 3103//2714 3159//2761 3158//2760
f 3158//2760 3159//2761 3160//2762
f 3159//2761 3161//2715 3160//2762
f 3160//2762 3161//2715 3157//2759
f 3161//2715 3044//2660 3157//2759
f 3157//2759 3044//2660 3042//2658
f 3105//2715 3048//2664 3161//2715
f 3048//2664 3046//2662 3161//2715
f 3161//2715 3046//2662 3044//2660
f 3102//2713 3057//2673 3059//2675
f 1134//993 1136//995 1132//990
f 1136//995 1138//997 1132//990
f 1132//990 1138//997 3101//2712
f 3094//2705 3098//2709 3096//2707
f 3098//2709 3099//2710 3096//2707
f 3096//2707 3099//2710 1131//991
f 3099//2710 1133//992 1131//991
f 1123//983 2688//2361 3162//985
f 2688//2361 2690//2362 3162//985
f 3162//985 2690//2362 3095//2706
f 2690//2362 3092//2703 3095//2706
f 3095//2706 3092//2703 3093//2704
f 2690//2362 3091//2702 3092//2703
f 2844//2491 2842//2489 2835//2483
f 2842//2489 2837//2485 2835//2483
f 1157//1016 1155//1014 2957//2582
f 1165//1024 1163//1022 1169//1027
f 1163//1022 1161//1020 1169//1027
f 1169//1027 1161//1020 1159//1018
f 1167//1025 1165//1024 1169//1027
f 2985//2607 1168//1026 1170//1028
f 2941//1032 2940//2567 2988//2609
f 2940//2567 2938//2565 2988//2609
f 2988//2609 2938//2565 2990//2611
f 2938//2565 2991//2612 2990//2611
f 2936//2547 2991//2612 2938//2565
f 2921//2553 2923//2555 2917//2549
f 2923//2555 2925//2557 2917//2549
f 2917//2549 2925//2557 3163//2763
f 2925//2557 3164//2764 3163//2763
f 3163//2763 3164//2764 3165//2765
f 3164//2764 3166//2766 3165//2765
f 3165//2765 3166//2766 3167//2767
f 3166//2766 3168//2768 3167//2767
f 3167//2767 3168//2768 3169//2768
f 3168//2768 2927//2559 3169//2768
f 3169//2768 2927//2559 2937//2564
f 2927//2559 2933//2562 2937//2564
f 2937//2564 2933//2562 2935//2547
f 3117//2727 3115//2725 3170//2747
f 3115//2725 3171//2725 3170//2747
f 3170//2747 3171//2725 3138//2745
f 3171//2725 3172//2769 3138//2745
f 3138//2745 3172//2769 3136//2744
f 3172//2769 1282//1121 3136//2744
f 3136//2744 1282//1121 1283//1122
f 1284//1123 1285//1124 3082//2694
f 1285//1124 3068//2681 3082//2694
f 3082//2694 3068//2681 3066//2681
f 3117//2727 3170//2747 3140//2747
f 3170//2747 3138//2745 3140//2747
f 3144//2750 3142//2749 3173//2749
f 3142//2749 3139//2746 3173//2749
f 3173//2749 3139//2746 3174//2770
f 3139//2746 3137//2745 3174//2770
f 3174//2770 3137//2745 3083//2695
f 3137//2745 3081//2693 3083//2695
f 1126//986 1128//988 3067//2682
f 1128//988 3100//2711 3067//2682
f 3067//2682 3100//2711 3065//2680
f 3083//2695 3084//2696 3174//2770
f 3084//2696 3158//2760 3174//2770
f 3174//2770 3158//2760 3173//2749
f 3158//2760 3146//2751 3173//2749
f 3173//2749 3146//2751 3144//2750
f 3105//2715 3161//2715 3104//2714
f 3161//2715 3159//2761 3104//2714
f 3104//2714 3159//2761 3103//2714
f 3157//2759 3148//2753 3160//2762
f 3148//2753 3146//2751 3160//2762
f 3160//2762 3146//2751 3158//2760
f 3142//2749 3141//2748 3139//2746
f 3157//2759 3156//2759 3148//2753
f 3156//2759 3150//2755 3148//2753
f 3038//2654 3036//2652 3155//2652
f 3036//2652 3154//2758 3155//2652
f 3155//2652 3154//2758 3153//2757
f 3155//2652 3153//2757 3152//2737
f 1235//1084 1233//1082 2720//1082
f 1233//1082 2735//1067 2720//1082
f 2720//1082 2735//1067 2722//2386
f 2735//1067 2736//2398 2722//2386
f 2722//2386 2736//2398 2724//2388
f 2736//2398 2737//1070 2724//2388
f 2724//2388 2737//1070 2726//2390
f 2737//1070 2738//1070 2726//2390
f 2726//2390 2738//1070 2728//2392
f 2738//1070 2739//2399 2728//2392
f 2728//2392 2739//2399 2730//2394
f 2739//2399 2740//973 2730//2394
f 2730//2394 2740//973 2732//2395
f 2740//973 1112//973 2732//2395
f 2732//2395 1112//973 1114//975
f 1217//1067 1233//1082 1216//1066
f 2720//1082 1237//1086 1235//1084
f 2734//2397 1255//980 2733//2396
f 1255//980 1253//1099 2733//2396
f 2733//2396 1253//1099 2731//2393
f 1253//1099 1251//1097 2731//2393
f 2731//2393 1251//1097 2729//2393
f 1251//1097 1249//1095 2729//2393
f 2729//2393 1249//1095 2727//2391
f 1249//1095 1247//1093 2727//2391
f 2727//2391 1247//1093 2725//2389
f 1247//1093 1245//1091 2725//2389
f 2725//2389 1245//1091 2723//2387
f 1245//1091 1243//1089 2723//2387
f 2723//2387 1243//1089 2721//2385
f 1243//1089 1241//1088 2721//2385
f 3171//2725 3115//2725 3175//2771
f 3115//2725 3176//2772 3175//2771
f 3175//2771 3176//2772 3172//2769
f 3176//2772 1281//1090 3172//2769
f 3172//2769 1281//1090 1282//1121
f 3115//2725 1278//1118 3176//2772
f 1278//1118 1280//1120 3176//2772
f 3176//2772 1280//1120 1281//1090
f 1242//1089 1279//1119 1240//1088
f 3171//2725 3175//2771 3172//2769
f 1225//1074 1262//1106 1226//1075
f 1262//1106 1263//1106 1226//1075
f 1226//1075 1263//1106 1227//1076
f 1263//1106 1264//1107 1227//1076
f 1227//1076 1264//1107 1228//1077
f 1262//1106 1225//1074 1224//107
f 1286//1125 3068//2681 1285//1124
f 1123//983 3162//985 1125//985
f 3162//985 3097//2708 1125//985
f 1125//985 3097//2708 1127//987
f 1132//990 3101//2712 1130//990
f 3101//2712 3100//2711 1130//990
f 1130//990 3100//2711 1128//988
f 3097//2708 3162//985 3095//2706
f 3096//2707 1131//991 1129//989
f 3143//2735 3145//2735 3125//2735
f 3145//2735 3147//2752 3125//2735
f 3125//2735 3147//2752 3177//2773
f 3147//2752 3149//2754 3177//2773
f 3177//2773 3149//2754 3151//2756
f 3127//2737 3125//2735 3151//2756
f 3125//2735 3177//2773 3151//2756
f 1238//1086 1240//1088 1279//1119
f 1231//1080 1232//1081 1271//1112
f 1232//1081 1234//1083 1271//1112
f 1271//1112 1234//1083 1236//1085
f 1231//1080 1271//1112 1268//1110
f 1192//1047 3165//2765 3178//2774
f 3165//2765 3167//2767 3178//2774
f 3178//2774 3167//2767 3179//2775
f 3167//2767 3169//2768 3179//2775
f 3179//2775 3169//2768 3180//2776
f 3169//2768 2937//2564 3180//2776
f 3180//2776 2937//2564 2939//2566
f 2988//2609 1170//1028 2941//1032
f 1177//1035 1175//1033 3181//2589
f 1175//1033 3182//1033 3181//2589
f 3181//2589 3182//1033 3183//2777
f 3182//1033 1173//1031 3183//2777
f 3183//2777 1173//1031 3184//2778
f 1173//1031 3185//2779 3184//2778
f 3184//2778 3185//2779 3186//2780
f 3185//2779 1169//1027 3186//2780
f 3186//2780 1169//1027 1159//1018
f 1169//1027 3185//2779 1171//1029
f 569//488 3187//2781 571//490
f 3187//2781 3188//2782 571//490
f 571//490 3188//2782 3189//2783
f 3188//2782 3190//2784 3189//2783
f 3189//2783 3190//2784 3191//2785
f 3190//2784 3192//2786 3191//2785
f 3191//2785 3192//2786 3193//2787
f 3192//2786 3194//2788 3193//2787
f 3193//2787 3194//2788 3195//2789
f 3194//2788 3196//2790 3195//2789
f 3195//2789 3196//2790 3197//2791
f 3196//2790 3198//2792 3197//2791
f 3197//2791 3198//2792 3199//2793
f 3198//2792 3200//2794 3199//2793
f 3199//2793 3200//2794 3201//2795
f 3200//2794 3202//2794 3201//2795
f 3201//2795 3202//2794 3203//2796
f 3202//2794 3204//2797 3203//2796
f 3203//2796 3204//2797 3205//2798
f 3204//2797 3206//2799 3205//2798
f 3205//2798 3206//2799 3207//2800
f 3206//2799 3208//2801 3207//2800
f 3207//2800 3208//2801 3209//2802
f 3208//2801 3210//2803 3209//2802
f 3209//2802 3210//2803 3211//2804
f 3210//2803 3212//2805 3211//2804
f 3211//2804 3212//2805 3213//2806
f 3212//2805 3214//2807 3213//2806
f 3213//2806 3214//2807 3215//2808
f 3214//2807 3216//2809 3215//2808
f 3215//2808 3216//2809 3217//2810
f 3216//2809 3218//2811 3217//2810
f 3217//2810 3218//2811 3219//2812
f 3218//2811 3220//2813 3219//2812
f 3219//2812 3220//2813 3221//2814
f 3220//2813 3222//2815 3221//2814
f 3221//2814 3222//2815 2969//2593
f 3222//2815 3223//2816 2969//2593
f 2969//2593 3223//2816 3224//2816
f 3223//2816 3181//2589 3224//2816
f 3224//2816 3181//2589 2965//2589
f 3181//2589 3183//2777 2965//2589
f 2965//2589 3183//2777 2963//2586
f 3183//2777 3184//2778 2963//2586
f 2963//2586 3184//2778 2961//2586
f 3184//2778 3225//2817 2961//2586
f 2961//2586 3225//2817 3226//1016
f 3225//2817 1159//1018 3226//1016
f 3226//1016 1159//1018 1157//1016
f 1159//1018 3225//2817 3186//2780
f 1157//1016 2959//2584 3226//1016
f 2964//2588 2962//2587 3227//2818
f 2962//2587 3228//2819 3227//2818
f 3227//2818 3228//2819 3229//2820
f 3228//2819 2960//2585 3229//2820
f 3229//2820 2960//2585 2876//2515
f 2960//2585 3230//2821 2876//2515
f 2876//2515 3230//2821 2874//2514
f 3230//2821 2873//2513 2874//2514
f 2958//2583 2873//2513 3231//2822
f 2873//2513 3230//2821 3231//2822
f 3231//2822 3230//2821 2960//2585
f 2875//2493 2847//2493 3232//2823
f 2847//2493 2835//2483 3232//2823
f 3232//2823 2835//2483 2833//2481
f 2828//2476 2830//2478 3233//2824
f 2830//2478 3234//2825 3233//2824
f 3233//2824 3234//2825 3235//2826
f 3234//2825 2832//2480 3235//2826
f 3235//2826 2832//2480 2841//2488
f 2832//2480 3236//2480 2841//2488
f 2841//2488 3236//2480 2839//2486
f 3236//2480 2836//2484 2839//2486
f 3236//2480 2832//2480 3237//2484
f 2832//2480 2834//2482 3237//2484
f 3237//2484 2834//2482 2836//2484
f 2836//2484 3236//2480 3237//2484
f 2840//2487 2758//2412 3238//2827
f 2758//2412 641//556 3238//2827
f 3238//2827 641//556 639//554
f 638//553 640//555 3239//2828
f 640//555 642//557 3239//2828
f 3239//2828 642//557 3240//2829
f 642//557 750//651 3240//2829
f 3240//2829 750//651 3241//2830
f 750//651 818//711 3241//2830
f 3241//2830 818//711 820//713
f 816//709 2746//709 817//710
f 1000//873 998//871 2812//2461
f 998//871 2814//2463 2812//2461
f 2747//2403 2811//2460 2745//903
f 2811//2460 2813//2462 2745//903
f 2745//903 2813//2462 3242//2831
f 2813//2462 3243//2462 3242//2831
f 3242//2831 3243//2462 1029//901
f 3243//2462 3244//2832 1029//901
f 1029//901 3244//2832 1021//893
f 3244//2832 3245//2833 1021//893
f 1021//893 3245//2833 1019//891
f 3245//2833 3246//2834 1019//891
f 1019//891 3246//2834 1017//889
f 3246//2834 3247//2835 1017//889
f 1017//889 3247//2835 3248//2836
f 3247//2835 991//864 3248//2836
f 3248//2836 991//864 989//864
f 3244//2832 2813//2462 3246//2834
f 2813//2462 2815//2464 3246//2834
f 3246//2834 2815//2464 3249//2837
f 2815//2464 991//864 3249//2837
f 3249//2837 991//864 3247//2835
f 989//864 1015//887 3248//2836
f 1017//889 3248//2836 1015//887
f 3246//2834 3249//2837 3247//2835
f 819//712 817//710 2746//709
f 638//553 3239//2828 820//713
f 3239//2828 3240//2829 820//713
f 820//713 3240//2829 3241//2830
f 2840//2487 3238//2827 637//552
f 3238//2827 639//554 637//552
f 2875//2493 3232//2823 2831//2479
f 3232//2823 2833//2481 2831//2479
f 2960//2585 2958//2583 3231//2822
f 2961//2586 3226//1016 2959//2584
f 3184//2778 3186//2780 3225//2817
f 1173//1031 1171//1029 3185//2779
f 3180//2776 2939//2566 3179//2775
f 2939//2566 1174//1032 3179//2775
f 3179//2775 1174//1032 1176//1034
f 2952//2578 2951//2577 3111//2721
f 2951//2577 3250//2838 3111//2721
f 3111//2721 3250//2838 3110//2720
f 3250//2838 3109//2719 3110//2720
f 3109//2719 3250//2838 3112//2722
f 2899//2534 2998//2618 2897//2532
f 2998//2618 3004//2622 2897//2532
f 2897//2532 3004//2622 2895//2530
f 3018//2635 3020//2637 3251//2839
f 3020//2637 1535//1345 3251//2839
f 3251//2839 1535//1345 3252//2840
f 1535//1345 1533//1343 3252//2840
f 3252//2840 1533//1343 1531//1340
f 3027//2644 3029//2645 3025//2642
f 3029//2645 3023//2640 3025//2642
f 3122//2732 3253//2841 3254//2842
f 3253//2841 3255//2843 3254//2842
f 3254//2842 3255//2843 3256//2844
f 3255//2843 3257//2845 3256//2844
f 3256//2844 3257//2845 3258//2846
f 3257//2845 3259//2847 3258//2846
f 3258//2846 3259//2847 3260//2848
f 3259//2847 3130//2739 3260//2848
f 3260//2848 3130//2739 3261//2849
f 3130//2739 3132//2741 3261//2849
f 3261//2849 3132//2741 3262//2850
f 3132//2741 3030//2646 3262//2850
f 3262//2850 3030//2646 3263//2851
f 3030//2646 3028//2643 3263//2851
f 3263//2851 3028//2643 3261//2849
f 3028//2643 3026//2643 3261//2849
f 3261//2849 3026//2643 3264//2852
f 3026//2643 3265//2853 3264//2852
f 3264//2852 3265//2853 3266//2854
f 3265//2853 3267//2855 3266//2854
f 3266//2854 3267//2855 3268//2856
f 3267//2855 3269//2857 3268//2856
f 3268//2856 3269//2857 3270//2858
f 3269//2857 3271//2859 3270//2858
f 3270//2858 3271//2859 3272//2860
f 3271//2859 3273//2861 3272//2860
f 3272//2860 3273//2861 3274//2860
f 3273//2861 3275//2862 3274//2860
f 3274//2860 3275//2862 3276//2862
f 3275//2862 3277//2863 3276//2862
f 3276//2862 3277//2863 3278//2864
f 3277//2863 3279//2865 3278//2864
f 3278//2864 3279//2865 3280//2866
f 3279//2865 3281//2867 3280//2866
f 3280//2866 3281//2867 3282//2866
f 3281//2867 3283//2868 3282//2866
f 3282//2866 3283//2868 3284//2869
f 3283//2868 3285//2870 3284//2869
f 3284//2869 3285//2870 3286//2871
f 3285//2870 3287//2872 3286//2871
f 3286//2871 3287//2872 3288//2873
f 3287//2872 3289//2874 3288//2873
f 3288//2873 3289//2874 3290//2875
f 3289//2874 3291//2876 3290//2875
f 3290//2875 3291//2876 3292//2875
f 3291//2876 3293//2877 3292//2875
f 3292//2875 3293//2877 3294//2878
f 3293//2877 3295//2879 3294//2878
f 3294//2878 3295//2879 3296//2880
f 3295//2879 3297//2881 3296//2880
f 3296//2880 3297//2881 3298//2882
f 3297//2881 3299//2883 3298//2882
f 3298//2882 3299//2883 3300//2884
f 3299//2883 3301//2885 3300//2884
f 3300//2884 3301//2885 3302//2886
f 3301//2885 3303//2887 3302//2886
f 3302//2886 3303//2887 3304//2887
f 3303//2887 1342//1176 3304//2887
f 3304//2887 1342//1176 1340//1174
f 3127//2737 3133//2742 3129//2738
f 3133//2742 3131//2740 3129//2738
f 3125//2735 3123//2733 3143//2735
f 3123//2733 3121//2731 3143//2735
f 3143//2735 3121//2731 3119//2729
f 3119//2729 3117//2727 3143//2735
f 1275//1115 1277//1117 1320//1156
f 1277//1117 3305//2888 1320//1156
f 1320//1156 3305//2888 3306//2889
f 3305//2888 1278//1118 3306//2889
f 3306//2889 1278//1118 3113//2723
f 1278//1118 3115//2725 3113//2723
f 1278//1118 3305//2888 1277//1117
f 1236//1085 1238//1086 1274//1085
f 1238//1086 1276//1116 1274//1085
f 2900//2535 2898//2533 2949//2575
f 2898//2533 2896//2531 2949//2575
f 2951//2577 3112//2722 3250//2838
f 3008//2626 3010//2628 1527//1338
f 3010//2628 3014//2632 1527//1338
f 1527//1338 3014//2632 1529//1340
f 3014//2632 3016//2634 1529//1340
f 1529//1340 3016//2634 1531//1340
f 3016//2634 3018//2635 1531//1340
f 1531//1340 3018//2635 3252//2840
f 3018//2635 3251//2839 3252//2840
f 3022//2639 3021//2638 3307//2641
f 3021//2638 3019//2636 3307//2641
f 3307//2641 3019//2636 3308//2890
f 3019//2636 3017//2634 3308//2890
f 3308//2890 3017//2634 3309//2891
f 3017//2634 3015//2633 3309//2891
f 3309//2891 3015//2633 3310//2892
f 3015//2633 3311//2629 3310//2892
f 3310//2892 3311//2629 3271//2859
f 3311//2629 3011//2629 3271//2859
f 3271//2859 3011//2629 3312//2893
f 3011//2629 3313//2894 3312//2893
f 3312//2893 3313//2894 3275//2862
f 3313//2894 3314//1331 3275//2862
f 3275//2862 3314//1331 1519//1331
f 3314//1331 3315//2895 1519//1331
f 1519//1331 3315//2895 3316//2896
f 3315//2895 1523//1333 3316//2896
f 3316//2896 1523//1333 1521//1333
f 3265//2853 3026//2643 3307//2641
f 3026//2643 3024//2641 3307//2641
f 3307//2641 3024//2641 3022//2639
f 3261//2849 3262//2850 3263//2851
f 3259//2847 3257//2845 3130//2739
f 3257//2845 3253//2841 3130//2739
f 3130//2739 3253//2841 3128//2736
f 3253//2841 3126//2736 3128//2736
f 3122//2732 3124//2734 3253//2841
f 3124//2734 3126//2736 3253//2841
f 3116//2726 3118//2728 1322//1158
f 3118//2728 3120//2730 1322//1158
f 1322//1158 3120//2730 1324//1158
f 3120//2730 3317//2842 1324//1158
f 1324//1158 3317//2842 1326//1160
f 3317//2842 3318//2897 1326//1160
f 1326//1160 3318//2897 3319//2898
f 3318//2897 3320//2899 3319//2898
f 3319//2898 3320//2899 1330//1164
f 3320//2899 3321//2900 1330//1164
f 1330//1164 3321//2900 3322//2901
f 3321//2900 3323//2902 3322//2901
f 3322//2901 3323//2902 1334//1168
f 3323//2902 3324//2903 1334//1168
f 1334//1168 3324//2903 1336//1170
f 3324//2903 3325//1170 1336//1170
f 1336//1170 3325//1170 1338//1172
f 3325//1170 3326//2904 1338//1172
f 1338//1172 3326//2904 3327//2905
f 3326//2904 3328//2906 3327//2905
f 3327//2905 3328//2906 3329//2907
f 3328//2906 3300//2884 3329//2907
f 3329//2907 3300//2884 3330//2908
f 3300//2884 3302//2886 3330//2908
f 3330//2908 3302//2886 3304//2887
f 3114//2724 3116//2726 1322//1158
f 1322//1158 1320//1156 3113//2723
f 1320//1156 3306//2889 3113//2723
f 1288//1127 1272//1113 1273//1114
f 2929//2560 2931//2560 2927//2559
f 2931//2560 2933//2562 2927//2559
f 3164//2764 2925//2557 3166//2766
f 2925//2557 2927//2559 3166//2766
f 3166//2766 2927//2559 3168//2768
f 1173//1031 3182//1033 1175//1033
f 2960//2585 3228//2819 2962//2587
f 2966//2590 2964//2588 3331//2909
f 2964//2588 3332//2910 3331//2909
f 3331//2909 3332//2910 3333//2911
f 3332//2910 3334//2912 3333//2911
f 3333//2911 3334//2912 2824//2472
f 3334//2912 3335//2913 2824//2472
f 2824//2472 3335//2913 3336//2914
f 3335//2913 3227//2818 3336//2914
f 3336//2914 3227//2818 2827//2475
f 3227//2818 3229//2820 2827//2475
f 2827//2475 3229//2820 2829//2477
f 3229//2820 2876//2515 2829//2477
f 2832//2480 3234//2825 2830//2478
f 2826//2474 2828//2476 3337//2915
f 2828//2476 3338//2916 3337//2915
f 3337//2915 3338//2916 619//535
f 3338//2916 3339//2917 619//535
f 619//535 3339//2917 629//544
f 3339//2917 3340//2918 629//544
f 629//544 3340//2918 3341//2919
f 3340//2918 3233//2824 3341//2919
f 3341//2919 3233//2824 633//548
f 3233//2824 3235//2826 633//548
f 633//548 3235//2826 3342//2920
f 3235//2826 2841//2488 3342//2920
f 3342//2920 2841//2488 635//550
f 636//551 638//553 824//553
f 638//553 820//713 824//553
f 824//553 820//713 822//715
f 2745//903 3242//2831 2744//903
f 3242//2831 1031//903 2744//903
f 2744//903 1031//903 2743//2402
f 1031//903 1033//905 2743//2402
f 2743//2402 1033//905 1035//907
f 3244//2832 3243//2462 2813//2462
f 3246//2834 3245//2833 3244//2832
f 1029//901 1031//903 3242//2831
f 633//548 3342//2920 635//550
f 1192//1047 3178//2774 1190//1045
f 3178//2774 3343//2921 1190//1045
f 1190//1045 3343//2921 1188//1043
f 3343//2921 3344//2922 1188//1043
f 1188//1043 3344//2922 1178//1036
f 3344//2922 3345//2923 1178//1036
f 1178//1036 3345//2923 1176//1034
f 3345//2923 3179//2775 1176//1034
f 3343//2921 3178//2774 3344//2922
f 3178//2774 3179//2775 3344//2922
f 3344//2922 3179//2775 3345//2923
f 3265//2853 3307//2641 3346//2924
f 3307//2641 3308//2890 3346//2924
f 3346//2924 3308//2890 3267//2855
f 3308//2890 3309//2891 3267//2855
f 3267//2855 3309//2891 3347//2892
f 3309//2891 3310//2892 3347//2892
f 3347//2892 3310//2892 3271//2859
f 3265//2853 3346//2924 3267//2855
f 3320//2899 3318//2897 3348//2925
f 3318//2897 3256//2844 3348//2925
f 3348//2925 3256//2844 3349//2926
f 3256//2844 3350//2927 3349//2926
f 3349//2926 3350//2927 3351//2928
f 3350//2927 3352//2927 3351//2928
f 3351//2928 3352//2927 3353//2929
f 3352//2927 3354//2930 3353//2929
f 3353//2929 3354//2930 3355//2931
f 3354//2930 3258//2846 3355//2931
f 3355//2931 3258//2846 3356//2932
f 3258//2846 3260//2848 3356//2932
f 3356//2932 3260//2848 3357//2933
f 3260//2848 3261//2849 3357//2933
f 3357//2933 3261//2849 3264//2852
f 3268//2856 3270//2858 3358//2934
f 3270//2858 3359//2935 3358//2934
f 3358//2934 3359//2935 3360//2936
f 3359//2935 3361//2937 3360//2936
f 3360//2936 3361//2937 3266//2854
f 3361//2937 3356//2932 3266//2854
f 3266//2854 3356//2932 3264//2852
f 3356//2932 3357//2933 3264//2852
f 3256//2844 3318//2897 3254//2842
f 3318//2897 3317//2842 3254//2842
f 3254//2842 3317//2842 3122//2732
f 3317//2842 3120//2730 3122//2732
f 1288//1127 1304//1141 129//108
f 2922//2554 2952//2578 2924//2556
f 2952//2578 3111//2721 2924//2556
f 2924//2556 3111//2721 2926//2558
f 2998//2618 2899//2534 2901//1339
f 3003//2621 3001//2537 2903//2537
f 3001//2537 2999//2537 2903//2537
f 2903//2537 2999//2537 2901//1339
f 3257//2845 3255//2843 3253//2841
f 1310//1146 1303//1140 1316//1152
f 1303//1140 1305//1142 1316//1152
f 1316//1152 1305//1142 3362//1142
f 1305//1142 1275//1115 3362//1142
f 3362//1142 1275//1115 1318//1154
f 1275//1115 1320//1156 1318//1154
f 1327//1161 1329//1163 3363//2938
f 1329//1163 3364//2939 3363//2938
f 3363//2938 3364//2939 3365//2940
f 3364//2939 3366//1240 3365//2940
f 3365//2940 3366//1240 1325//1159
f 3366//1240 1317//1153 1325//1159
f 1325//1159 1317//1153 1321//1157
f 1317//1153 1319//1155 1321//1157
f 1316//1152 3362//1142 1318//1154
f 1321//1157 1323//1158 1325//1159
f 3214//2807 3367//2941 3368//2942
f 3367//2941 1177//1035 3368//2942
f 3368//2942 1177//1035 3369//2943
f 1177//1035 3181//2589 3369//2943
f 3369//2943 3181//2589 3223//2816
f 3200//2794 3198//2792 3370//2944
f 3198//2792 3371//2945 3370//2944
f 3370//2944 3371//2945 3372//2946
f 3371//2945 3373//2947 3372//2946
f 3372//2946 3373//2947 3374//2948
f 3373//2947 3375//2949 3374//2948
f 3374//2948 3375//2949 3376//2950
f 3375//2949 3377//2951 3376//2950
f 3376//2950 3377//2951 3378//2952
f 3377//2951 3379//2953 3378//2952
f 3378//2952 3379//2953 3380//2954
f 3379//2953 3381//2955 3380//2954
f 3380//2954 3381//2955 3382//2956
f 3381//2955 3383//2798 3382//2956
f 3382//2956 3383//2798 3384//2957
f 3383//2798 545//465 3384//2957
f 3384//2957 545//465 3385//2958
f 545//465 3386//2959 3385//2958
f 3385//2958 3386//2959 3387//2960
f 3386//2959 3388//2961 3387//2960
f 3387//2960 3388//2961 3389//2962
f 3388//2961 1202//1057 3389//2962
f 3389//2962 1202//1057 3390//2963
f 1202//1057 3391//2964 3390//2963
f 3390//2963 3391//2964 3392//2965
f 3391//2964 3393//2966 3392//2965
f 3392//2965 3393//2966 3394//2967
f 3393//2966 3395//2968 3394//2967
f 3394//2967 3395//2968 3396//2969
f 3395//2968 1204//1059 3396//2969
f 3396//2969 1204//1059 3397//2970
f 1204//1059 1183//1038 3397//2970
f 3397//2970 1183//1038 3398//2968
f 1183//1038 3399//2971 3398//2968
f 3398//2968 3399//2971 3400//2972
f 3399//2971 3401//2973 3400//2972
f 3400//2972 3401//2973 3402//2960
f 3401//2973 3403//2974 3402//2960
f 3402//2960 3403//2974 3208//2801
f 3403//2974 3404//2975 3208//2801
f 3208//2801 3404//2975 3210//2803
f 3404//2975 1181//1037 3210//2803
f 3210//2803 1181//1037 3212//2805
f 1181//1037 1179//1035 3212//2805
f 3212//2805 1179//1035 3367//2941
f 1179//1035 1177//1035 3367//2941
f 3335//2913 3334//2912 3227//2818
f 3334//2912 3332//2910 3227//2818
f 3227//2818 3332//2910 2964//2588
f 2965//2589 2967//2591 3224//2816
f 2827//2475 2825//2473 3336//2914
f 3340//2918 3339//2917 3233//2824
f 3339//2917 3338//2916 3233//2824
f 3233//2824 3338//2916 2828//2476
f 633//548 631//546 3341//2919
f 1040//911 1042//913 825//717
f 1042//913 1044//717 825//717
f 825//717 1044//717 634//549
f 1040//911 825//717 823//716
f 2743//2402 1035//907 1037//909
f 1027//899 1029//901 1025//897
f 1029//901 1021//893 1025//897
f 1025//897 1021//893 1023//895
f 1020//892 1058//923 1022//894
f 1024//896 1022//894 1058//923
f 1030//902 1028//900 3405//2976
f 1028//900 1026//898 3405//2976
f 3405//2976 1026//898 3406//2977
f 1026//898 3407//2978 3406//2977
f 3406//2977 3407//2978 3408//2979
f 3407//2978 3409//2980 3408//2979
f 3408//2979 3409//2980 3410//2981
f 3409//2980 3411//2982 3410//2981
f 3410//2981 3411//2982 3412//2983
f 3411//2982 1065//930 3412//2983
f 3412//2983 1065//930 1067//932
f 1682//1476 3413//2984 1681//1475
f 3413//2984 3414//2985 1681//1475
f 1681//1475 3414//2985 3415//2986
f 3414//2985 3416//2987 3415//2986
f 3415//2986 3416//2987 3417//2988
f 3416//2987 3418//2989 3417//2988
f 3417//2988 3418//2989 3419//2990
f 3418//2989 3420//2991 3419//2990
f 3419//2990 3420//2991 3421//2992
f 3420//2991 3422//2993 3421//2992
f 3421//2992 3422//2993 3423//2994
f 3422//2993 3424//2995 3423//2994
f 3423//2994 3424//2995 3425//2996
f 3424//2995 3426//2997 3425//2996
f 3425//2996 3426//2997 3427//2998
f 3426//2997 3428//2999 3427//2998
f 3427//2998 3428//2999 3429//3000
f 3428//2999 3430//3001 3429//3000
f 3429//3000 3430//3001 3431//3002
f 3430//3001 3432//3003 3431//3002
f 3431//3002 3432//3003 3433//3004
f 3432//3003 3434//3005 3433//3004
f 3433//3004 3434//3005 3435//3006
f 3434//3005 3436//3007 3435//3006
f 3435//3006 3436//3007 3437//3008
f 3436//3007 3438//3009 3437//3008
f 3437//3008 3438//3009 3439//3010
f 3438//3009 3440//3011 3439//3010
f 3439//3010 3440//3011 3441//906
f 3440//3011 1034//906 3441//906
f 3441//906 1034//906 3405//2976
f 1034//906 1032//904 3405//2976
f 3405//2976 1032//904 1030//902
f 600//518 3442//3012 598//516
f 3442//3012 3443//3013 598//516
f 598//516 3443//3013 3444//3014
f 3443//3013 3445//3015 3444//3014
f 3444//3014 3445//3015 3446//3016
f 3445//3015 3447//3017 3446//3016
f 3446//3016 3447//3017 3448//3018
f 3447//3017 3449//3019 3448//3018
f 3448//3018 3449//3019 3450//3020
f 3449//3019 3451//3021 3450//3020
f 3450//3020 3451//3021 3452//3022
f 3451//3021 3453//3023 3452//3022
f 3452//3022 3453//3023 3454//3024
f 3453//3023 3455//3025 3454//3024
f 3454//3024 3455//3025 3456//3026
f 3455//3025 3457//3027 3456//3026
f 3456//3026 3457//3027 3458//3028
f 3457//3027 3459//3029 3458//3028
f 3458//3028 3459//3029 3460//3030
f 3459//3029 3461//3031 3460//3030
f 3460//3030 3461//3031 3462//3032
f 3461//3031 3463//3033 3462//3032
f 3462//3032 3463//3033 3464//3034
f 3463//3033 3465//3033 3464//3034
f 3464//3034 3465//3033 3422//2993
f 3465//3033 3466//3035 3422//2993
f 3422//2993 3466//3035 3467//3036
f 3466//3035 3468//3037 3467//3036
f 3467//3036 3468//3037 3469//3038
f 3468//3037 3470//3037 3469//3038
f 3469//3038 3470//3037 3471//3039
f 3470//3037 3472//3040 3471//3039
f 3471//3039 3472//3040 3473//3041
f 3472//3040 3474//3042 3473//3041
f 3473//3041 3474//3042 3475//3043
f 3474//3042 3476//3044 3475//3043
f 3475//3043 3476//3044 3477//3045
f 3476//3044 3478//3046 3477//3045
f 3477//3045 3478//3046 3479//3047
f 3478//3046 3480//3048 3479//3047
f 3479//3047 3480//3048 3481//3048
f 3480//3048 1041//912 3481//3048
f 3481//3048 1041//912 1036//908
f 1041//912 1039//910 1036//908
f 1036//908 1039//910 1038//910
f 632//547 1045//914 630//545
f 1045//914 1043//912 630//545
f 630//545 1043//912 3482//3049
f 1043//912 3483//3050 3482//3049
f 3482//3049 3483//3050 3484//3051
f 3483//3050 3485//3052 3484//3051
f 3484//3051 3485//3052 3486//3053
f 3485//3052 3487//3054 3486//3053
f 3486//3053 3487//3054 3488//3055
f 3487//3054 1041//912 3488//3055
f 3488//3055 1041//912 3480//3048
f 629//544 3341//2919 631//546
f 619//535 617//533 3337//2915
f 617//533 2826//2474 3337//2915
f 2824//2472 3336//2914 2825//2473
f 2966//2590 3331//2909 2968//2592
f 3331//2909 3333//2911 2968//2592
f 2968//2592 3333//2911 3489//3056
f 3333//2911 3490//3057 3489//3056
f 3489//3056 3490//3057 3491//3058
f 3490//3057 3492//3058 3491//3058
f 3491//3058 3492//3058 3493//3059
f 3492//3058 3494//3059 3493//3059
f 3493//3059 3494//3059 3495//3060
f 3494//3059 2819//2468 3495//3060
f 3495//3060 2819//2468 2818//2467
f 2969//2593 3224//2816 2967//2591
f 3214//2807 3368//2942 3222//2815
f 3368//2942 3369//2943 3222//2815
f 3222//2815 3369//2943 3223//2816
f 1180//1037 1182//1036 1178//1036
f 1182//1036 1186//1041 1178//1036
f 1178//1036 1186//1041 1188//1043
f 3367//2941 3214//2807 3212//2805
f 3011//2629 3311//2629 3013//2631
f 3311//2629 3015//2633 3013//2631
f 1525//1336 3008//2626 1527//1338
f 3010//2628 3012//2630 3014//2632
f 3271//2859 3269//2857 3347//2892
f 3269//2857 3267//2855 3347//2892
f 3354//2930 3352//2927 3258//2846
f 3352//2927 3350//2927 3258//2846
f 3258//2846 3350//2927 3256//2844
f 3323//2902 3321//2900 3496//3061
f 3321//2900 3497//3062 3496//3061
f 3496//3061 3497//3062 3498//3063
f 3497//3062 3499//3064 3498//3063
f 3498//3063 3499//3064 3324//2903
f 3499//3064 3500//3065 3324//2903
f 3324//2903 3500//3065 3325//1170
f 3500//3065 3501//3066 3325//1170
f 3325//1170 3501//3066 3502//3067
f 3501//3066 3503//3068 3502//3067
f 3502//3067 3503//3068 3504//3069
f 3503//3068 3505//3070 3504//3069
f 3504//3069 3505//3070 3506//3071
f 3505//3070 3507//3072 3506//3071
f 3506//3071 3507//3072 3508//3073
f 3507//3072 3509//3074 3508//3073
f 3508//3073 3509//3074 3510//3075
f 3509//3074 3511//3076 3510//3075
f 3510//3075 3511//3076 3512//3077
f 3511//3076 3353//2929 3512//3077
f 3512//3077 3353//2929 3513//3078
f 3353//2929 3355//2931 3513//3078
f 3513//3078 3355//2931 3514//3079
f 3355//2931 3356//2932 3514//3079
f 3514//3079 3356//2932 3515//3079
f 3356//2932 3361//2937 3515//3079
f 3515//3079 3361//2937 3513//3078
f 3361//2937 3359//2935 3513//3078
f 3513//3078 3359//2935 3516//3078
f 3359//2935 3517//3080 3516//3078
f 3516//3078 3517//3080 3518//3081
f 3517//3080 3519//3082 3518//3081
f 3518//3081 3519//3082 3520//3071
f 3519//3082 3521//3083 3520//3071
f 3520//3071 3521//3083 3522//3084
f 3521//3083 3523//3085 3522//3084
f 3522//3084 3523//3085 3524//3086
f 3523//3085 3525//3087 3524//3086
f 3524//3086 3525//3087 3526//3088
f 3525//3087 3527//3089 3526//3088
f 3526//3088 3527//3089 3290//2875
f 3527//3089 3288//2873 3290//2875
f 1327//1161 3363//2938 1325//1159
f 1325//1159 3363//2938 3365//2940
f 2905//2539 3003//2621 2903//2537
f 2908//2540 2906//2540 2953//2540
f 2906//2540 2904//2538 2953//2540
f 2909//2542 2911//2544 3528//3090
f 2911//2544 1518//1330 3528//3090
f 3528//3090 1518//1330 3529//3091
f 1518//1330 3530//3092 3529//3091
f 3529//3091 3530//3092 3002//2620
f 3530//3092 1522//1334 3002//2620
f 3002//2620 1522//1334 3000//2619
f 1522//1334 1524//1335 3000//2619
f 3000//2619 1524//1335 1526//1337
f 3268//2856 3358//2934 3266//2854
f 3266//2854 3358//2934 3360//2936
f 1330//1164 1328//1162 3319//2898
f 1328//1162 1326//1160 3319//2898
f 1351//1183 1353//1185 3531//3093
f 1353//1185 3532//1185 3531//3093
f 3531//3093 3532//1185 3533//3094
f 3532//1185 3534//3095 3533//3094
f 3533//3094 3534//3095 3535//3094
f 3534//3095 3536//3096 3535//3094
f 3535//3094 3536//3096 1335//1169
f 3536//3096 3537//3097 1335//1169
f 1335//1169 3537//3097 1333//1167
f 3537//3097 3538//3098 1333//1167
f 1333//1167 3538//3098 1331//1165
f 3538//3098 3539//3099 1331//1165
f 1331//1165 3539//3099 1329//1163
f 3539//3099 3540//3100 1329//1163
f 1329//1163 3540//3100 3541//3101
f 3540//3100 3542//3100 3541//3101
f 3541//3101 3542//3100 3543//3102
f 3542//3100 1425//1244 3543//3102
f 3543//3102 1425//1244 3544//3103
f 1425//1244 1423//1242 3544//3103
f 3544//3103 1423//1242 3364//2939
f 1423//1242 1421//1240 3364//2939
f 3364//2939 1421//1240 3366//1240
f 1421//1240 3545//3104 3366//1240
f 3366//1240 3545//3104 1317//1153
f 3545//3104 3546//3105 1317//1153
f 1317//1153 3546//3105 1315//1151
f 3546//3105 1421//1240 1315//1151
f 1315//1151 1421//1240 1313//1149
f 1314//1150 1312//1148 1316//1152
f 1316//1152 1312//1148 1310//1146
f 2918//2550 2955//2580 2920//2552
f 2955//2580 2954//2579 2920//2552
f 2920//2552 2954//2579 2922//2554
f 3514//3079 3515//3079 3513//3078
f 3501//3066 3500//3065 3547//3106
f 3500//3065 3499//3064 3547//3106
f 3547//3106 3499//3064 3548//3107
f 3499//3064 3497//3062 3548//3107
f 3548//3107 3497//3062 3351//2928
f 3497//3062 3321//2900 3351//2928
f 3351//2928 3321//2900 3349//2926
f 3321//2900 3348//2925 3349//2926
f 3320//2899 3348//2925 3321//2900
f 3546//3105 3545//3104 1421//1240
f 1414//1232 1412//1232 1311//1147
f 1412//1232 1410//1230 1311//1147
f 1311//1147 1410//1230 1309//1145
f 1410//1230 1308//1144 1309//1145
f 1308//1144 1410//1230 1307//1143
f 2917//2549 2919//2551 2921//2553
f 3293//2877 3291//2876 3549//3108
f 3291//2876 3550//3109 3549//3108
f 3549//3108 3550//3109 3551//3110
f 3550//3109 3552//3111 3551//3110
f 3551//3110 3552//3111 3553//3112
f 3552//3111 3554//3113 3553//3112
f 3553//3112 3554//3113 3555//3113
f 3554//3113 1494//1307 3555//3113
f 3555//3113 1494//1307 3556//3114
f 1494//1307 3557//3115 3556//3114
f 3556//3114 3557//3115 3558//3116
f 3557//3115 1490//1303 3558//3116
f 3558//3116 1490//1303 3559//3117
f 1490//1303 1488//1301 3559//3117
f 3559//3117 1488//1301 3560//3118
f 1488//1301 1486//1299 3560//3118
f 3560//3118 1486//1299 3561//1297
f 1486//1299 1484//1297 3561//1297
f 3561//1297 1484//1297 3562//3119
f 1484//1297 1482//1294 3562//3119
f 3562//3119 1482//1294 3563//3120
f 1482//1294 1480//1294 3563//3120
f 3563//3120 1480//1294 3564//3121
f 1480//1294 1478//1292 3564//3121
f 3564//3121 1478//1292 3565//3122
f 1478//1292 3566//993 3565//3122
f 3565//3122 3566//993 1352//1184
f 3566//993 3567//3123 1352//1184
f 1352//1184 3567//3123 1354//1186
f 3567//3123 3568//3124 1354//1186
f 1354//1186 3568//3124 1356//1188
f 3568//3124 3569//3125 1356//1188
f 1356//1188 3569//3125 1358//1188
f 3569//3125 1468//1283 1358//1188
f 1358//1188 1468//1283 1360//1191
f 1468//1283 1466//1281 1360//1191
f 1360//1191 1466//1281 1362//1193
f 1466//1281 1464//1279 1362//1193
f 1362//1193 1464//1279 1364//1195
f 1464//1279 1462//1277 1364//1195
f 1364//1195 1462//1277 1366//1197
f 1462//1277 1460//1275 1366//1197
f 1366//1197 1460//1275 1368//1199
f 1460//1275 1458//1273 1368//1199
f 1368//1199 1458//1273 1370//1200
f 1458//1273 1456//1271 1370//1200
f 1370//1200 1456//1271 1372//1202
f 1456//1271 1454//1269 1372//1202
f 1372//1202 1454//1269 1374//1204
f 1454//1269 1452//1268 1374//1204
f 1374//1204 1452//1268 1376//1206
f 1452//1268 1450//1266 1376//1206
f 1376//1206 1450//1266 1378//1208
f 1450//1266 1448//1263 1378//1208
f 1378//1208 1448//1263 1380//1210
f 1448//1263 1446//1263 1380//1210
f 1380//1210 1446//1263 1382//1210
f 1663//1461 1674//1469 1664//1462
f 1674//1469 1676//1470 1664//1462
f 1664//1462 1676//1470 1666//1464
f 1676//1470 1677//1471 1666//1464
f 1666//1464 1677//1471 3570//3126
f 1677//1471 2107//206 3570//3126
f 3570//3126 2107//206 2108//1851
f 1059//924 1292//925 1060//925
f 3407//2978 3571//3127 3409//2980
f 3571//3127 3572//3128 3409//2980
f 3409//2980 3572//3128 3573//3129
f 3572//3128 1024//896 3573//3129
f 3573//3129 1024//896 1061//926
f 3407//2978 1026//898 3571//3127
f 1026//898 1024//896 3571//3127
f 3571//3127 1024//896 3572//3128
f 1062//927 1060//925 1292//925
f 3411//2982 3409//2980 1063//928
f 3409//2980 3573//3129 1063//928
f 1063//928 3573//3129 1061//926
f 3419//2990 3421//2992 3574//3130
f 3421//2992 3425//2996 3574//3130
f 3574//3130 3425//2996 3575//3131
f 3425//2996 3427//2998 3575//3131
f 3575//3131 3427//2998 3576//3132
f 3427//2998 3429//3000 3576//3132
f 3576//3132 3429//3000 3577//3133
f 3429//3000 3431//3002 3577//3133
f 3577//3133 3431//3002 3578//3134
f 3431//3002 3433//3004 3578//3134
f 3578//3134 3433//3004 3579//3135
f 3433//3004 3435//3006 3579//3135
f 3579//3135 3435//3006 3580//3136
f 3435//3006 3437//3008 3580//3136
f 3580//3136 3437//3008 3581//3137
f 3437//3008 3439//3010 3581//3137
f 3581//3137 3439//3010 3582//3138
f 3439//3010 3441//906 3582//3138
f 3582//3138 3441//906 3583//2976
f 3441//906 3405//2976 3583//2976
f 3583//2976 3405//2976 3584//3139
f 3405//2976 3406//2977 3584//3139
f 3584//3139 3406//2977 3585//3140
f 3406//2977 3408//2979 3585//3140
f 3585//3140 3408//2979 3586//2979
f 3408//2979 3410//2981 3586//2979
f 3586//2979 3410//2981 3587//3141
f 3410//2981 3412//2983 3587//3141
f 3587//3141 3412//2983 3588//3142
f 3412//2983 1067//932 3588//3142
f 3588//3142 1067//932 1069//934
f 3417//2988 3574//3130 3589//3143
f 3574//3130 3575//3131 3589//3143
f 3589//3143 3575//3131 3590//3144
f 3575//3131 3576//3132 3590//3144
f 3590//3144 3576//3132 3591//3145
f 3576//3132 3577//3133 3591//3145
f 3591//3145 3577//3133 3592//3146
f 3577//3133 3578//3134 3592//3146
f 3592//3146 3578//3134 3593//3147
f 3578//3134 3579//3135 3593//3147
f 3593//3147 3579//3135 3594//3148
f 3579//3135 3580//3136 3594//3148
f 3594//3148 3580//3136 3595//3149
f 3580//3136 3581//3137 3595//3149
f 3595//3149 3581//3137 3596//3149
f 3581//3137 3582//3138 3596//3149
f 3596//3149 3582//3138 3585//3140
f 3582//3138 3583//2976 3585//3140
f 3585//3140 3583//2976 3584//3139
f 3424//2995 3467//3036 3426//2997
f 3467//3036 3469//3038 3426//2997
f 3426//2997 3469//3038 3428//2999
f 3469//3038 3471//3039 3428//2999
f 3428//2999 3471//3039 3430//3001
f 3471//3039 3473//3041 3430//3001
f 3430//3001 3473//3041 3432//3003
f 3473//3041 3475//3043 3432//3003
f 3432//3003 3475//3043 3434//3005
f 3475//3043 3477//3045 3434//3005
f 3434//3005 3477//3045 3436//3007
f 3477//3045 3479//3047 3436//3007
f 3436//3007 3479//3047 3438//3009
f 3479//3047 3597//3150 3438//3009
f 3438//3009 3597//3150 3440//3011
f 3597//3150 1036//908 3440//3011
f 3440//3011 1036//908 1034//906
f 3481//3048 1036//908 3598//3151
f 1036//908 3597//3150 3598//3151
f 3598//3151 3597//3150 3479//3047
f 1041//912 3487//3054 1043//912
f 3487//3054 3485//3052 1043//912
f 1043//912 3485//3052 3483//3050
f 3479//3047 3481//3048 3598//3151
f 3453//3023 3599//3152 3455//3025
f 3599//3152 3600//3153 3455//3025
f 3455//3025 3600//3153 3457//3027
f 3600//3153 3601//3154 3457//3027
f 3457//3027 3601//3154 3459//3029
f 3601//3154 3602//3155 3459//3029
f 3459//3029 3602//3155 3461//3031
f 3602//3155 3603//3156 3461//3031
f 3461//3031 3603//3156 3463//3033
f 3603//3156 3604//3157 3463//3033
f 3463//3033 3604//3157 3465//3033
f 3604//3157 3605//3158 3465//3033
f 3465//3033 3605//3158 3466//3035
f 3605//3158 3606//3159 3466//3035
f 3466//3035 3606//3159 3607//3160
f 3606//3159 3608//3161 3607//3160
f 3607//3160 3608//3161 3470//3037
f 3608//3161 3609//3162 3470//3037
f 3470//3037 3609//3162 3472//3040
f 3609//3162 3610//3163 3472//3040
f 3472//3040 3610//3163 3474//3042
f 3610//3163 3611//3164 3474//3042
f 3474//3042 3611//3164 3476//3044
f 3611//3164 3486//3053 3476//3044
f 3476//3044 3486//3053 3478//3046
f 3486//3053 3488//3055 3478//3046
f 3478//3046 3488//3055 3480//3048
f 630//545 3482//3049 3612//3165
f 3482//3049 3613//3166 3612//3165
f 3612//3165 3613//3166 3614//3167
f 3613//3166 3615//3168 3614//3167
f 3614//3167 3615//3168 3616//3169
f 3615//3168 3617//3169 3616//3169
f 3616//3169 3617//3169 3618//3170
f 3617//3169 3619//3170 3618//3170
f 3618//3170 3619//3170 3620//3171
f 3619//3170 3621//3158 3620//3171
f 3620//3171 3621//3158 3622//3172
f 3621//3158 3623//3173 3622//3172
f 3622//3172 3623//3173 3624//3174
f 3623//3173 3625//3174 3624//3174
f 3624//3174 3625//3174 3626//3175
f 3625//3174 3627//3176 3626//3175
f 3626//3175 3627//3176 3628//3177
f 3627//3176 3629//3178 3628//3177
f 3628//3177 3629//3178 3630//3179
f 3629//3178 3631//3180 3630//3179
f 3630//3179 3631//3180 3632//3181
f 3631//3180 3633//3182 3632//3181
f 3632//3181 3633//3182 3634//3183
f 3633//3182 3635//3184 3634//3183
f 3634//3183 3635//3184 3636//3185
f 3635//3184 3637//3186 3636//3185
f 3636//3185 3637//3186 3638//3187
f 3637//3186 604//522 3638//3187
f 3638//3187 604//522 606//523
f 3610//3163 3609//3162 3639//3188
f 3609//3162 3640//3189 3639//3188
f 3639//3188 3640//3189 3641//3190
f 3640//3189 3619//3170 3641//3190
f 3641//3190 3619//3170 3642//3191
f 3619//3170 3617//3169 3642//3191
f 3642//3191 3617//3169 3639//3188
f 3617//3169 3615//3168 3639//3188
f 3639//3188 3615//3168 3643//3192
f 3615//3168 3613//3166 3643//3192
f 3643//3192 3613//3166 3484//3051
f 3613//3166 3482//3049 3484//3051
f 630//545 3612//3165 628//543
f 3612//3165 3614//3167 628//543
f 628//543 3614//3167 626//541
f 3614//3167 3644//3193 626//541
f 626//541 3644//3193 624//539
f 3644//3193 3616//3169 624//539
f 624//539 3616//3169 3618//3170
f 623//538 619//535 625//540
f 619//535 629//544 625//540
f 625//540 629//544 627//542
f 619//535 623//538 621//536
f 618//534 620//534 3645//534
f 620//534 622//537 3645//534
f 3645//534 622//537 3646//530
f 622//537 3647//3194 3646//530
f 3646//530 3647//3194 3648//3195
f 3647//3194 3620//3171 3648//3195
f 3648//3195 3620//3171 3622//3172
f 3638//3187 606//523 3649//3196
f 606//523 608//524 3649//3196
f 3649//3196 608//524 3650//3197
f 608//524 610//526 3650//3197
f 3650//3197 610//526 3651//3198
f 610//526 612//528 3651//3198
f 3651//3198 612//528 3652//530
f 612//528 614//530 3652//530
f 3652//530 614//530 3645//534
f 614//530 616//532 3645//534
f 3645//534 616//532 618//534
f 617//533 615//531 2823//2471
f 613//529 2823//2471 615//531
f 3492//3058 3490//3057 3653//3199
f 3490//3057 3333//2911 3653//3199
f 3653//3199 3333//2911 3654//3200
f 3333//2911 2824//2472 3654//3200
f 3654//3200 2824//2472 3655//3201
f 2824//2472 2822//2470 3655//3201
f 3655//3201 2822//2470 2821//2469
f 3654//3200 3655//3201 3656//3202
f 3655//3201 2821//2469 3656//3202
f 3656//3202 2821//2469 2820//2469
f 3494//3059 3492//3058 3656//3202
f 3492//3058 3653//3199 3656//3202
f 3656//3202 3653//3199 3654//3200
f 585//504 583//502 3657//508
f 583//502 2982//2605 3657//508
f 3657//508 2982//2605 3658//3203
f 2982//2605 2980//2603 3658//3203
f 3658//3203 2980//2603 3659//3204
f 2980//2603 2978//2602 3659//3204
f 3659//3204 2978//2602 3660//3205
f 2978//2602 2976//2600 3660//3205
f 3660//3205 2976//2600 3661//3206
f 2976//2600 2974//2598 3661//3206
f 3661//3206 2974//2598 3662//3207
f 2974//2598 2972//2596 3662//3207
f 3662//3207 2972//2596 3491//3058
f 2972//2596 3663//3208 3491//3058
f 3491//3058 3663//3208 3489//3056
f 3663//3208 2968//2592 3489//3056
f 2968//2592 3663//3208 2970//2594
f 577//496 575//494 579//498
f 575//494 573//492 579//498
f 579//498 573//492 3664//3209
f 573//492 3665//3210 3664//3209
f 3664//3209 3665//3210 2983//2606
f 3665//3210 3666//3211 2983//2606
f 2983//2606 3666//3211 2981//2604
f 3666//3211 3667//2785 2981//2604
f 2981//2604 3667//2785 2979//2603
f 3667//2785 3668//3212 2979//2603
f 2979//2603 3668//3212 2977//2601
f 3668//3212 3669//3213 2977//2601
f 2977//2601 3669//3213 2975//2599
f 3669//3213 3670//3214 2975//2599
f 2975//2599 3670//3214 2973//2597
f 3670//3214 3671//3215 2973//2597
f 2973//2597 3671//3215 2971//2595
f 3671//3215 2969//2593 2971//2595
f 573//492 571//490 3672//3216
f 571//490 3673//3217 3672//3216
f 3672//3216 3673//3217 3666//3211
f 3673//3217 3191//2785 3666//3211
f 3666//3211 3191//2785 3667//2785
f 3191//2785 3674//3218 3667//2785
f 3667//2785 3674//3218 3668//3212
f 3674//3218 3675//3219 3668//3212
f 3668//3212 3675//3219 3669//3213
f 3675//3219 3219//2812 3669//3213
f 3669//3213 3219//2812 3670//3214
f 3219//2812 3221//2814 3670//3214
f 3670//3214 3221//2814 3676//3220
f 3221//2814 2969//2593 3676//3220
f 3676//3220 2969//2593 3671//3215
f 2972//2596 2970//2594 3663//3208
f 3220//2813 3218//2811 3222//2815
f 3218//2811 3216//2809 3222//2815
f 3222//2815 3216//2809 3214//2807
f 3670//3214 3676//3220 3671//3215
f 3213//2806 3215//2808 3677//3221
f 3215//2808 3217//2810 3677//3221
f 3677//3221 3217//2810 3678//2795
f 3217//2810 3675//3219 3678//2795
f 3678//2795 3675//3219 3674//3218
f 3201//2795 3209//2802 3677//3221
f 3209//2802 3211//2804 3677//3221
f 3677//3221 3211//2804 3213//2806
f 3401//2973 1183//1038 3403//2974
f 1183//1038 1181//1037 3403//2974
f 3403//2974 1181//1037 3404//2975
f 1182//1036 1184//1039 1186//1041
f 1192//1047 1194//1049 3165//2765
f 1194//1049 3679//3222 3165//2765
f 3165//2765 3679//3222 3163//2763
f 3679//3222 3680//3223 3163//2763
f 3163//2763 3680//3223 2917//2549
f 3680//3223 3681//3224 2917//2549
f 2917//2549 3681//3224 2915//2548
f 3681//3224 3682//3225 2915//2548
f 2915//2548 3682//3225 3683//3226
f 3682//3225 3684//3224 3683//3226
f 3683//3226 3684//3224 1508//1320
f 3684//3224 3685//3227 1508//1320
f 1508//1320 3685//3227 1506//457
f 3685//3227 537//459 1506//457
f 1506//457 537//459 535//457
f 1203//1058 1199//1054 1187//1042
f 1199//1054 1197//1052 1187//1042
f 1187//1042 1197//1052 1189//1044
f 1197//1052 1193//1048 1189//1044
f 1189//1044 1193//1048 1191//1046
f 1194//1049 3684//3224 3679//3222
f 3684//3224 3681//3224 3679//3222
f 3679//3222 3681//3224 3680//3223
f 2912//2545 2910//2543 2908//2540
f 2955//2580 2918//2550 2916//2548
f 2909//2542 3528//3090 2907//2541
f 3528//3090 3529//3091 2907//2541
f 2907//2541 3529//3091 3002//2620
f 3313//2894 3011//2629 3314//1331
f 3011//2629 3009//2627 3314//1331
f 3314//1331 3009//2627 3315//2895
f 3009//2627 1523//1333 3315//2895
f 1518//1330 1520//1332 3530//3092
f 1520//1332 1522//1334 3530//3092
f 1519//1331 3316//2896 1521//1333
f 3275//2862 3273//2861 3312//2893
f 3273//2861 3271//2859 3312//2893
f 3519//3082 3517//3080 3686//3228
f 3517//3080 3359//2935 3686//3228
f 3686//3228 3359//2935 3687//3229
f 3359//2935 3270//2858 3687//3229
f 3687//3229 3270//2858 3688//3230
f 3270//2858 3272//2860 3688//3230
f 3688//3230 3272//2860 3274//2860
f 3286//2871 3288//2873 3282//2866
f 3288//2873 3527//3089 3282//2866
f 3282//2866 3527//3089 3280//2866
f 3527//3089 3525//3087 3280//2866
f 3280//2866 3525//3087 3278//2864
f 3525//3087 3523//3085 3278//2864
f 3278//2864 3523//3085 3276//2862
f 3523//3085 3521//3083 3276//2862
f 3276//2862 3521//3083 3274//2860
f 3521//3083 3519//3082 3274//2860
f 3274//2860 3519//3082 3688//3230
f 3519//3082 3687//3229 3688//3230
f 3686//3228 3687//3229 3519//3082
f 3508//3073 3510//3075 3518//3081
f 3510//3075 3689//3231 3518//3081
f 3518//3081 3689//3231 3516//3078
f 3689//3231 3513//3078 3516//3078
f 3513//3078 3689//3231 3512//3077
f 3548//3107 3351//2928 3690//3232
f 3351//2928 3353//2929 3690//3232
f 3690//3232 3353//2929 3691//3076
f 3353//2929 3511//3076 3691//3076
f 3691//3076 3511//3076 3509//3074
f 3510//3075 3512//3077 3689//3231
f 3690//3232 3691//3076 3547//3106
f 3691//3076 3509//3074 3547//3106
f 3547//3106 3509//3074 3501//3066
f 3509//3074 3507//3072 3501//3066
f 3501//3066 3507//3072 3505//3070
f 3548//3107 3690//3232 3547//3106
f 3324//2903 3323//2902 3498//3063
f 3323//2902 3496//3061 3498//3063
f 1334//1168 1332//1166 3322//2901
f 1332//1166 1330//1164 3322//2901
f 1329//1163 3541//3101 3364//2939
f 3541//3101 3543//3102 3364//2939
f 3364//2939 3543//3102 3544//3103
f 1429//1248 1427//1246 3692//3233
f 1427//1246 3542//3100 3692//3233
f 3692//3233 3542//3100 3538//3098
f 3542//3100 3540//3100 3538//3098
f 3538//3098 3540//3100 3539//3099
f 1313//1149 1418//1237 1311//1147
f 1418//1237 1416//1235 1311//1147
f 1311//1147 1416//1235 1414//1232
f 1426//1245 1444//1261 1424//1243
f 1444//1261 3693//1239 1424//1243
f 1424//1243 3693//1239 1422//1241
f 3693//1239 1420//1239 1422//1241
f 1443//1260 1417//1236 3693//1239
f 1417//1236 1419//1238 3693//1239
f 3693//1239 1419//1238 1420//1239
f 1413//1233 1441//1258 1411//1231
f 1681//1475 3415//2986 1089//952
f 3415//2986 3694//3234 1089//952
f 1089//952 3694//3234 3695//3235
f 3694//3234 3696//3236 3695//3235
f 3695//3235 3696//3236 3697//3237
f 3696//3236 3698//3238 3697//3237
f 3697//3237 3698//3238 3699//3239
f 3698//3238 3700//3240 3699//3239
f 3699//3239 3700//3240 3701//3241
f 3700//3240 3702//3242 3701//3241
f 3701//3241 3702//3242 3703//3243
f 3702//3242 3704//3242 3703//3243
f 3703//3243 3704//3242 3705//3244
f 3704//3242 3706//3245 3705//3244
f 3705//3244 3706//3245 3707//3246
f 3706//3245 3708//3149 3707//3246
f 3707//3246 3708//3149 3587//3141
f 3708//3149 3586//2979 3587//3141
f 3585//3140 3586//2979 3596//3149
f 3586//2979 3708//3149 3596//3149
f 3596//3149 3708//3149 3595//3149
f 3708//3149 3706//3245 3595//3149
f 3595//3149 3706//3245 3594//3148
f 3706//3245 3704//3242 3594//3148
f 3594//3148 3704//3242 3593//3147
f 3704//3242 3702//3242 3593//3147
f 3593//3147 3702//3242 3592//3146
f 3702//3242 3700//3240 3592//3146
f 3592//3146 3700//3240 3591//3145
f 3700//3240 3698//3238 3591//3145
f 3591//3145 3698//3238 3590//3144
f 3698//3238 3696//3236 3590//3144
f 3590//3144 3696//3236 3589//3143
f 3696//3236 3694//3234 3589//3143
f 3589//3143 3694//3234 3417//2988
f 3694//3234 3415//2986 3417//2988
f 3587//3141 3588//3142 3707//3246
f 3588//3142 3709//3247 3707//3246
f 3707//3246 3709//3247 3705//3244
f 3709//3247 3710//3248 3705//3244
f 3705//3244 3710//3248 3703//3243
f 3710//3248 3711//3243 3703//3243
f 3703//3243 3711//3243 3701//3241
f 3711//3243 3712//3249 3701//3241
f 3701//3241 3712//3249 3699//3239
f 3712//3249 3713//3237 3699//3239
f 3699//3239 3713//3237 3697//3237
f 3713//3237 3714//3250 3697//3237
f 3697//3237 3714//3250 3695//3235
f 3714//3250 1087//952 3695//3235
f 3695//3235 1087//952 1089//952
f 3588//3142 1069//934 3709//3247
f 1069//934 1071//936 3709//3247
f 3709//3247 1071//936 3715//3251
f 1071//936 3716//3252 3715//3251
f 3715//3251 3716//3252 3717//3251
f 3716//3252 3718//3253 3717//3251
f 3717//3251 3718//3253 3719//3254
f 3718//3253 3720//3254 3719//3254
f 3719//3254 3720//3254 3721//3255
f 3720//3254 1083//948 3721//3255
f 3721//3255 1083//948 1085//950
f 1065//930 3411//2982 1063//928
f 1386//1211 1388//1212 1750//1538
f 1388//1212 3722//3256 1750//1538
f 1750//1538 3722//3256 1749//1537
f 3722//3256 3723//3257 1749//1537
f 1749//1537 3723//3257 1748//1536
f 3723//3257 3724//3258 1748//1536
f 1748//1536 3724//3258 1747//1134
f 3724//3258 1406//1227 1747//1134
f 1747//1134 1406//1227 1746//1535
f 1388//1212 1390//1213 3722//3256
f 1390//1213 3725//3259 3722//3256
f 3722//3256 3725//3259 3723//3257
f 3725//3259 3726//3260 3723//3257
f 3723//3257 3726//3260 3724//3258
f 3726//3260 1404//1225 3724//3258
f 3724//3258 1404//1225 1406//1227
f 3484//3051 3611//3164 3643//3192
f 3611//3164 3610//3163 3643//3192
f 3643//3192 3610//3163 3639//3188
f 3621//3158 3619//3170 3606//3159
f 3619//3170 3640//3189 3606//3159
f 3606//3159 3640//3189 3727//3261
f 3640//3189 3609//3162 3727//3261
f 3727//3261 3609//3162 3608//3161
f 3641//3190 3642//3191 3639//3188
f 3611//3164 3484//3051 3486//3053
f 3710//3248 3715//3251 3711//3243
f 3715//3251 3717//3251 3711//3243
f 3711//3243 3717//3251 3712//3249
f 3717//3251 3719//3254 3712//3249
f 3712//3249 3719//3254 3713//3237
f 3719//3254 3721//3255 3713//3237
f 3713//3237 3721//3255 3714//3250
f 3721//3255 1085//950 3714//3250
f 3714//3250 1085//950 1087//952
f 3574//3130 3417//2988 3419//2990
f 1081//946 1083//948 1077//942
f 1083//948 3720//3254 1077//942
f 1077//942 3720//3254 1075//940
f 3720//3254 3718//3253 1075//940
f 1075//940 3718//3253 1073//938
f 3718//3253 3716//3252 1073//938
f 1073//938 3716//3252 1071//936
f 1077//942 1079//944 1081//946
f 1072//937 1300//1137 1074//939
f 1300//1137 1076//941 1074//939
f 3421//2992 3423//2994 3425//2996
f 3466//3035 3607//3160 3468//3037
f 3607//3160 3470//3037 3468//3037
f 3715//3251 3710//3248 3709//3247
f 1390//1213 1392//1214 3725//3259
f 1392//1214 1394//1216 3725//3259
f 3725//3259 1394//1216 3726//3260
f 1394//1216 1396//1218 3726//3260
f 3726//3260 1396//1218 1404//1225
f 1396//1218 1400//1222 1404//1225
f 1404//1225 1400//1222 1402//1222
f 1398//1220 1400//1222 1396//1218
f 1667//1463 1669//1466 1393//1215
f 1669//1466 1671//1468 1393//1215
f 1393//1215 1671//1468 1395//1217
f 1665//1463 1667//1463 1393//1215
f 2108//1851 2101//1847 3728//1847
f 2101//1847 2103//1848 3728//1847
f 3728//1847 2103//1848 1670//1467
f 2103//1848 2105//1848 1670//1467
f 1670//1467 2105//1848 1672//1219
f 2105//1848 1397//1219 1672//1219
f 1756//1544 1752//1540 3729//3262
f 1752//1540 1776//1562 3729//3262
f 3729//3262 1776//1562 2084//1832
f 1776//1562 1775//1561 2084//1832
f 2084//1832 1775//1561 1405//1226
f 1084//949 1082//947 3730//3263
f 1082//947 1080//945 3730//3263
f 3730//3263 1080//945 3731//3264
f 1080//945 1727//1516 3731//3264
f 3731//3264 1727//1516 3732//3265
f 1727//1516 1729//1518 3732//3265
f 3732//3265 1729//1518 1731//1520
f 1680//1474 1088//953 3730//3263
f 1088//953 1086//951 3730//3263
f 3730//3263 1086//951 1084//949
f 3454//3024 3456//3026 3733//3266
f 3456//3026 3734//3267 3733//3266
f 3733//3266 3734//3267 3735//3268
f 3734//3267 3736//3028 3735//3268
f 3735//3268 3736//3028 3737//3269
f 3736//3028 3738//3270 3737//3269
f 3737//3269 3738//3270 3739//3271
f 3738//3270 3740//3272 3739//3271
f 3739//3271 3740//3272 3741//3273
f 3740//3272 3420//2991 3741//3273
f 3741//3273 3420//2991 3742//3274
f 3420//2991 3416//2987 3742//3274
f 3742//3274 3416//2987 3414//2985
f 1682//1476 1684//1478 3413//2984
f 1684//1478 3739//3271 3413//2984
f 3413//2984 3739//3271 3414//2985
f 3739//3271 3742//3274 3414//2985
f 3420//2991 3418//2989 3416//2987
f 3467//3036 3424//2995 3422//2993
f 3727//3261 3608//3161 3606//3159
f 3616//3169 3644//3193 3614//3167
f 1361//1192 1429//1248 3743//1192
f 1429//1248 3692//3233 3743//1192
f 3743//1192 3692//3233 3537//3097
f 3692//3233 3538//3098 3537//3097
f 1425//1244 3542//3100 1427//1246
f 1357//1189 3744//3275 1355//1187
f 3744//3275 3532//1185 1355//1187
f 1355//1187 3532//1185 1353//1185
f 1361//1192 3743//1192 1359//1190
f 3743//1192 3536//3096 1359//1190
f 1359//1190 3536//3096 3744//3275
f 3536//3096 3534//3095 3744//3275
f 3744//3275 3534//3095 3532//1185
f 3744//3275 1357//1189 1359//1190
f 3536//3096 3743//1192 3537//3097
f 1335//1169 1337//1171 3535//3094
f 1337//1171 1339//1173 3535//3094
f 3535//3094 1339//1173 3533//3094
f 1339//1173 1341//1175 3533//3094
f 3533//3094 1341//1175 3531//3093
f 1341//1175 1343//1175 3531//3093
f 3531//3093 1343//1175 1351//1183
f 1343//1175 1347//1179 1351//1183
f 1351//1183 1347//1179 1349//1181
f 1343//1175 1345//1177 1347//1179
f 3293//2877 3745//3276 3295//2879
f 3745//3276 3746//3277 3295//2879
f 3295//2879 3746//3277 3297//2881
f 3746//3277 3747//3278 3297//2881
f 3297//2881 3747//3278 3299//2883
f 3747//3278 3748//3279 3299//2883
f 3299//2883 3748//3279 3301//2885
f 3748//3279 1346//1178 3301//2885
f 3301//2885 1346//1178 3303//2887
f 1346//1178 1344//1176 3303//2887
f 3303//2887 1344//1176 1342//1176
f 1340//1174 1338//1172 3304//2887
f 1338//1172 3327//2905 3304//2887
f 3304//2887 3327//2905 3329//2907
f 3329//2907 3330//2908 3304//2887
f 3522//3084 3749//3280 3750//3281
f 3749//3280 3751//3282 3750//3281
f 3750//3281 3751//3282 3504//3069
f 3751//3282 3752//3283 3504//3069
f 3504//3069 3752//3283 3502//3067
f 3752//3283 3326//2904 3502//3067
f 3502//3067 3326//2904 3325//1170
f 3501//3066 3505//3070 3503//3068
f 1443//1260 1442//1259 1417//1236
f 1442//1259 1415//1234 1417//1236
f 1444//1261 1443//1260 3693//1239
f 1597//1400 1620//1399 1596//1399
f 1620//1399 1618//1418 1596//1399
f 1596//1399 1618//1418 1616//102
f 1595//1398 1596//1399 1614//102
f 1596//1399 1616//102 1614//102
f 1627//1426 1625//1424 1598//1401
f 1625//1424 1623//1422 1598//1401
f 1598//1401 1623//1422 1597//1400
f 1627//1426 1598//1401 1629//1428
f 1598//1401 1599//1402 1629//1428
f 1606//1409 3753//3284 3754//3285
f 3753//3284 1646//1445 3754//3285
f 3754//3285 1646//1445 3755//3286
f 1646//1445 3756//3287 3755//3286
f 3755//3286 3756//3287 3757//3288
f 3756//3287 3758//3289 3757//3288
f 3757//3288 3758//3289 1604//1407
f 3758//3289 3759//3290 1604//1407
f 1604//1407 3759//3290 1603//1406
f 3759//3290 3760//3291 1603//1406
f 1603//1406 3760//3291 3761//3292
f 3760//3291 3762//3293 3761//3292
f 3761//3292 3762//3293 3763//3294
f 3762//3293 3764//1435 3763//3294
f 3763//3294 3764//1435 3765//3295
f 3764//1435 3766//3296 3765//3295
f 3765//3295 3766//3296 3767//3297
f 3766//3296 1634//1433 3767//3297
f 3767//3297 1634//1433 3768//3298
f 1634//1433 3769//3299 3768//3298
f 3768//3298 3769//3299 1600//1403
f 3769//3299 1632//1431 1600//1403
f 1600//1403 1632//1431 1599//1402
f 3765//3295 3767//3297 1601//1404
f 3767//3297 3768//3298 1601//1404
f 1601//1404 3768//3298 1600//1403
f 1603//1406 3763//3294 1602//1405
f 3763//3294 3765//3295 1602//1405
f 1602//1405 3765//3295 1601//1404
f 1603//1406 3761//3292 3763//3294
f 3754//3285 3755//3286 1605//1408
f 3755//3286 3757//3288 1605//1408
f 1605//1408 3757//3288 1604//1407
f 1605//1408 1606//1409 3754//3285
f 1648//1446 1646//1445 3770//3300
f 1646//1445 3753//3284 3770//3300
f 3770//3300 3753//3284 1607//1410
f 3753//3284 1606//1409 1607//1410
f 3566//993 1478//1292 3771//3123
f 1478//1292 1476//1291 3771//3123
f 3771//3123 1476//1291 3567//3123
f 1476//1291 1474//1289 3567//3123
f 3567//3123 1474//1289 3568//3124
f 1474//1289 1472//1287 3568//3124
f 3568//3124 1472//1287 3569//3125
f 1472//1287 1470//1285 3569//3125
f 3569//3125 1470//1285 1468//1283
f 1648//1446 3770//3300 1608//1411
f 3770//3300 1607//1410 1608//1411
f 1491//1304 3772//3301 1489//1302
f 3772//3301 1585//1389 1489//1302
f 1489//1302 1585//1389 1487//1300
f 1585//1389 1583//1387 1487//1300
f 1487//1300 1583//1387 1485//1298
f 1583//1387 1581//1385 1485//1298
f 1485//1298 1581//1385 1483//1296
f 1581//1385 1579//1383 1483//1296
f 1483//1296 1579//1383 1481//1295
f 1579//1383 1577//1381 1481//1295
f 1481//1295 1577//1381 1479//1293
f 1577//1381 1575//1379 1479//1293
f 1479//1293 1575//1379 1477//1291
f 1575//1379 1573//1376 1477//1291
f 1477//1291 1573//1376 1475//1290
f 1573//1376 1571//1376 1475//1290
f 1475//1290 1571//1376 1473//1288
f 1570//1375 1611//1414 1569//1374
f 1610//1413 1654//1452 1609//1412
f 1654//1452 1652//1450 1609//1412
f 3566//993 3771//3123 3567//3123
f 3565//3122 1352//1184 3773//3302
f 1352//1184 1350//1182 3773//3302
f 3773//3302 1350//1182 3774//3303
f 1350//1182 1348//1180 3774//3303
f 3774//3303 1348//1180 3775//3304
f 1348//1180 3776//3305 3775//3304
f 3775//3304 3776//3305 3777//3306
f 3776//3305 3778//3305 3777//3306
f 3777//3306 3778//3305 3779//3307
f 3778//3305 3780//3308 3779//3307
f 3779//3307 3780//3308 3781//3309
f 3780//3308 3782//3310 3781//3309
f 3781//3309 3782//3310 3783//3311
f 3782//3310 3784//3110 3783//3311
f 3783//3311 3784//3110 3785//3312
f 3784//3110 3551//3110 3785//3312
f 3785//3312 3551//3110 3553//3112
f 3522//3084 3750//3281 3520//3071
f 3750//3281 3506//3071 3520//3071
f 3520//3071 3506//3071 3518//3081
f 3506//3071 3508//3073 3518//3081
f 3524//3086 3786//3313 3749//3280
f 3786//3313 3787//3314 3749//3280
f 3749//3280 3787//3314 3751//3282
f 3787//3314 3788//2906 3751//3282
f 3751//3282 3788//2906 3752//3283
f 3788//2906 3328//2906 3752//3283
f 3752//3283 3328//2906 3326//2904
f 3555//3113 3556//3114 3785//3312
f 3556//3114 3558//3116 3785//3312
f 3785//3312 3558//3116 3783//3311
f 3558//3116 3559//3117 3783//3311
f 3783//3311 3559//3117 3781//3309
f 3559//3117 3560//3118 3781//3309
f 3781//3309 3560//3118 3779//3307
f 3560//3118 3561//1297 3779//3307
f 3779//3307 3561//1297 3777//3306
f 3561//1297 3562//3119 3777//3306
f 3777//3306 3562//3119 3775//3304
f 3562//3119 3563//3120 3775//3304
f 3775//3304 3563//3120 3774//3303
f 3563//3120 3564//3121 3774//3303
f 3774//3303 3564//3121 3773//3302
f 3564//3121 3565//3122 3773//3302
f 2233//1956 2234//1957 3789//3315
f 2234//1957 3790//3316 3789//3315
f 3789//3315 3790//3316 3791//3317
f 3790//3316 3792//3318 3791//3317
f 3791//3317 3792//3318 3793//3319
f 3792//3318 3794//3320 3793//3319
f 3793//3319 3794//3320 3795//3321
f 3794//3320 3796//3322 3795//3321
f 3795//3321 3796//3322 3797//3322
f 3796//3322 3798//3323 3797//3322
f 3797//3322 3798//3323 3799//3324
f 3798//3323 3800//3325 3799//3324
f 3799//3324 3800//3325 3801//3326
f 3800//3325 3802//3327 3801//3326
f 3801//3326 3802//3327 3803//3328
f 3802//3327 3804//3329 3803//3328
f 3803//3328 3804//3329 3805//3330
f 3804//3329 3806//3331 3805//3330
f 3805//3330 3806//3331 3807//3332
f 3806//3331 3808//3333 3807//3332
f 3807//3332 3808//3333 3809//3334
f 3808//3333 3810//3335 3809//3334
f 3809//3334 3810//3335 3811//3334
f 3810//3335 3812//3336 3811//3334
f 3811//3334 3812//3336 3813//3337
f 3812//3336 3814//3338 3813//3337
f 3813//3337 3814//3338 3815//3339
f 3814//3338 3816//3340 3815//3339
f 3815//3339 3816//3340 1655//1453
f 3816//3340 3817//1453 1655//1453
f 1655//1453 3817//1453 3818//3341
f 3817//1453 3819//1965 3818//3341
f 3818//3341 3819//1965 1653//1451
f 3819//1965 2244//1966 1653//1451
f 1653//1451 2244//1966 1651//1449
f 1642//1441 3762//3293 3756//3287
f 3762//3293 3759//3290 3756//3287
f 3756//3287 3759//3290 3758//3289
f 3762//3293 3760//3291 3759//3290
f 1632//1431 3769//3299 1634//1433
f 1825//1607 1827//1609 3820//3342
f 1827//1609 3821//3343 3820//3342
f 3820//3342 3821//3343 3822//3344
f 3821//3343 3823//3345 3822//3344
f 3822//3344 3823//3345 1637//1436
f 3823//3345 3824//3346 1637//1436
f 1637//1436 3824//3346 1635//1434
f 3824//3346 3825//3347 1635//1434
f 1635//1434 3825//3347 1633//1432
f 3825//3347 3826//3348 1633//1432
f 1633//1432 3826//3348 1631//1430
f 3826//3348 1630//1429 1631//1430
f 2014//1773 2016//1775 3827//3349
f 2016//1775 3828//3350 3827//3349
f 3827//3349 3828//3350 3829//3351
f 3828//3350 3830//3352 3829//3351
f 3829//3351 3830//3352 3831//3353
f 3830//3352 3832//3354 3831//3353
f 3831//3353 3832//3354 3833//3355
f 3832//3354 1628//1427 3833//3355
f 3833//3355 1628//1427 3826//3348
f 1628//1427 1630//1429 3826//3348
f 2009//1769 1621//1420 3834//3356
f 1621//1420 1622//1421 3834//3356
f 3834//3356 1622//1421 1624//1423
f 2009//1769 1619//1419 1621//1420
f 1822//1605 1820//1603 3835//3357
f 1820//1603 3836//1642 3835//3357
f 3835//3357 3836//1642 1864//1642
f 3836//1642 3837//1642 1864//1642
f 1864//1642 3837//1642 1862//1640
f 3837//1642 3838//1640 1862//1640
f 1862//1640 3838//1640 1860//1637
f 3838//1640 3839//3358 1860//1637
f 1860//1637 3839//3358 1858//1637
f 3839//3358 3840//3359 1858//1637
f 1858//1637 3840//3359 1855//1634
f 3840//3359 1844//1625 1855//1634
f 1855//1634 1844//1625 1842//1623
f 1822//1605 3835//3357 1866//1643
f 3835//3357 1864//1642 1866//1643
f 1820//1603 1818//1601 3836//1642
f 1818//1601 3841//3360 3836//1642
f 3836//1642 3841//3360 3837//1642
f 3841//3360 3842//3361 3837//1642
f 3837//1642 3842//3361 3838//1640
f 3842//3361 3843//3362 3838//1640
f 3838//1640 3843//3362 3839//3358
f 3843//3362 3844//3363 3839//3358
f 3839//3358 3844//3363 3840//3359
f 3844//3363 1846//1625 3840//3359
f 3840//3359 1846//1625 1844//1625
f 1846//1625 3844//3363 1848//1628
f 3844//3363 3845//3363 1848//1628
f 1848//1628 3845//3363 1850//1630
f 3845//3363 3846//3364 1850//1630
f 1850//1630 3846//3364 1852//1630
f 3846//3364 3847//1598 1852//1630
f 1852//1630 3847//1598 1854//1633
f 3847//1598 1814//1598 1854//1633
f 3844//3363 3843//3362 3845//3363
f 3843//3362 3848//3365 3845//3363
f 3845//3363 3848//3365 3846//3364
f 3848//3365 3849//3366 3846//3364
f 3846//3364 3849//3366 3847//1598
f 3849//3366 1816//1598 3847//1598
f 3847//1598 1816//1598 1814//1598
f 3841//3360 3850//3367 3842//3361
f 3850//3367 3848//3365 3842//3361
f 3842//3361 3848//3365 3843//3362
f 1818//1601 1816//1598 3850//3367
f 1816//1598 3849//3366 3850//3367
f 3850//3367 3849//3366 3848//3365
f 3850//3367 3841//3360 1818//1601
f 1949//1718 1885//1661 3851//3368
f 1885//1661 1883//1659 3851//3368
f 3851//3368 1883//1659 3852//1657
f 1883//1659 1881//1657 3852//1657
f 3852//1657 1881//1657 1851//1631
f 1881//1657 1879//1655 1851//1631
f 1851//1631 1879//1655 1849//1629
f 42//33 1869//1645 1873//1649
f 1869//1645 1845//1626 1873//1649
f 1873//1649 1845//1626 1875//1651
f 1845//1626 1847//1627 1875//1651
f 1886//1662 1893//1669 1884//1660
f 1893//1669 3853//3369 1884//1660
f 1884//1660 3853//3369 1882//1658
f 3853//3369 3854//1659 1882//1658
f 1882//1658 3854//1659 1880//1656
f 3854//1659 3855//1656 1880//1656
f 1880//1656 3855//1656 1878//1654
f 3855//1656 1914//1688 1878//1654
f 1878//1654 1914//1688 1877//1653
f 1893//1669 1921//1669 3853//3369
f 1921//1669 1919//1692 3853//3369
f 3853//3369 1919//1692 3854//1659
f 1919//1692 3856//3370 3854//1659
f 3854//1659 3856//3370 3855//1656
f 3856//3370 1913//1684 3855//1656
f 3855//1656 1913//1684 1914//1688
f 1874//1650 1908//1683 1872//1648
f 1913//1684 3856//3370 1912//1687
f 3856//3370 1917//1690 1912//1687
f 1912//1687 1917//1690 1911//1686
f 1872//1648 1908//1683 39//31
f 3852//1657 1853//1632 3851//3368
f 1853//1632 1925//1697 3851//3368
f 3851//3368 1925//1697 1949//1718
f 1853//1632 3852//1657 1851//1631
f 1949//1718 1948//1717 1885//1661
f 1885//1661 1948//1717 1887//1663
f 1888//1664 1890//1666 1886//1662
f 1917//1690 3856//3370 1919//1692
f 1896//1672 1971//1734 1898//1674
f 1971//1734 1969//1733 1898//1674
f 1898//1674 1969//1733 1900//1676
f 1815//1599 1817//1600 3857//3371
f 1817//1600 3858//1602 3857//3371
f 3857//3371 3858//1602 3859//3372
f 3858//1602 3860//3373 3859//3372
f 3859//3372 3860//3373 3861//3374
f 3860//3373 3862//3375 3861//3374
f 3861//3374 3862//3375 3863//3344
f 3862//3375 3820//3342 3863//3344
f 3863//3344 3820//3342 3822//3344
f 1981//1744 1979//1742 3864//3376
f 1979//1742 1815//1599 3864//3376
f 3864//3376 1815//1599 3865//3371
f 1815//1599 3857//3371 3865//3371
f 3865//3371 3857//3371 3866//3377
f 3857//3371 3859//3372 3866//3377
f 3866//3377 3859//3372 1643//1442
f 3859//3372 3861//3374 1643//1442
f 1643//1442 3861//3374 1641//1440
f 3861//3374 3863//3344 1641//1440
f 1641//1440 3863//3344 1639//1438
f 3863//3344 3822//3344 1639//1438
f 1639//1438 3822//3344 1637//1436
f 1817//1600 1819//1602 3858//1602
f 1819//1602 1821//1604 3858//1602
f 3858//1602 1821//1604 3860//3373
f 1821//1604 1823//1606 3860//3373
f 3860//3373 1823//1606 3862//3375
f 1823//1606 1825//1607 3862//3375
f 3862//3375 1825//1607 3820//3342
f 1647//1444 3865//3371 1645//1444
f 3865//3371 3866//3377 1645//1444
f 1645//1444 3866//3377 1643//1442
f 1636//1435 3766//3296 1638//1437
f 3766//3296 3764//1435 1638//1437
f 1638//1437 3764//1435 1640//1439
f 3764//1435 3762//3293 1640//1439
f 1640//1439 3762//3293 1642//1441
f 1646//1445 1644//1443 3756//3287
f 1644//1443 1642//1441 3756//3287
f 1785//1571 1983//1746 1783//1569
f 1983//1746 3867//3378 1783//1569
f 1783//1569 3867//3378 1781//1567
f 3867//3378 3868//1567 1781//1567
f 1781//1567 3868//1567 1780//1566
f 3868//1567 3865//3371 1780//1566
f 1780//1566 3865//3371 1647//1444
f 3867//3378 1981//1744 3869//3379
f 1981//1744 3864//3376 3869//3379
f 3869//3379 3864//3376 3865//3371
f 3865//3371 3868//1567 3869//3379
f 1987//1750 1615//1416 1617//1417
f 2006//1767 1998//1759 2008//1768
f 1998//1759 1991//1754 2008//1768
f 2008//1768 1991//1754 1992//1755
f 1996//1757 1998//1759 2006//1767
f 1997//1758 1995//1756 2000//1761
f 111//91 2000//1761 1995//1756
f 2011//1771 2004//1765 2015//1774
f 2004//1765 2005//1766 2015//1774
f 2015//1774 2005//1766 2017//1776
f 2005//1766 2007//1767 2017//1776
f 2017//1776 2007//1767 2019//1776
f 2007//1767 3834//3356 2019//1776
f 2019//1776 3834//3356 1624//1423
f 2007//1767 2009//1769 3834//3356
f 3828//3350 2018//1777 3830//3352
f 2018//1777 2020//1425 3830//3352
f 3830//3352 2020//1425 3832//3354
f 2020//1425 1626//1425 3832//3354
f 3832//3354 1626//1425 1628//1427
f 2018//1777 3828//3350 2016//1775
f 3826//3348 3825//3347 3833//3355
f 3825//3347 3870//3380 3833//3355
f 3833//3355 3870//3380 3831//3353
f 3870//3380 3871//3381 3831//3353
f 3831//3353 3871//3381 3829//3351
f 3871//3381 3872//3382 3829//3351
f 3829//3351 3872//3382 3827//3349
f 3872//3382 1831//1613 3827//3349
f 3827//3349 1831//1613 1833//1615
f 1833//1615 2014//1773 3827//3349
f 1831//1613 3872//3382 1829//1611
f 3872//3382 3821//3343 1829//1611
f 1829//1611 3821//3343 1827//1609
f 3825//3347 3824//3346 3870//3380
f 3824//3346 3823//3345 3870//3380
f 3870//3380 3823//3345 3871//3381
f 3823//3345 3872//3382 3871//3381
f 3823//3345 3821//3343 3872//3382
f 1636//1435 1634//1433 3766//3296
f 2033//1788 2029//1784 3873//3383
f 2029//1784 2028//1783 3873//3383
f 3873//3383 2028//1783 1826//1608
f 1826//1608 1824//1605 3873//3383
f 1824//1605 1867//1644 3873//3383
f 3873//3383 1867//1644 1865//1641
f 1865//1641 2033//1788 3873//3383
f 1859//1638 1857//1636 60//49
f 3867//3378 3869//3379 3868//1567
f 1803//1587 1942//1712 1801//1585
f 1942//1712 1940//1711 1801//1585
f 1801//1585 1940//1711 3874//3384
f 1940//1711 1938//1709 3874//3384
f 3874//3384 1938//1709 3875//3385
f 1938//1709 1936//1707 3875//3385
f 3875//3385 1936//1707 3876//3386
f 1936//1707 1934//1705 3876//3386
f 3876//3386 1934//1705 3877//3387
f 1934//1705 1932//1703 3877//3387
f 3877//3387 1932//1703 3878//3388
f 1932//1703 3879//3389 3878//3388
f 3878//3388 3879//3389 3880//3390
f 3879//3389 1836//1618 3880//3390
f 3880//3390 1836//1618 1980//1743
f 1836//1618 1977//1740 1980//1743
f 1980//1743 1977//1740 1978//1741
f 2219//1946 1970//1732 2220//1947
f 1970//1732 3881//3391 2220//1947
f 2220//1947 3881//3391 1976//1739
f 3881//3391 1974//1737 1976//1739
f 1976//1739 1974//1737 1975//1738
f 1970//1732 1972//1735 3881//3391
f 1972//1735 1973//1736 3881//3391
f 3881//3391 1973//1736 1974//1737
f 1965//1730 1966//1679 1967//1731
f 2250//1972 2228//1952 3882//3392
f 2228//1952 2230//1953 3882//3392
f 3882//3392 2230//1953 3883//3393
f 2230//1953 2231//1954 3883//3393
f 3883//3393 2231//1954 3884//3394
f 2231//1954 3793//3319 3884//3394
f 3884//3394 3793//3319 3885//3395
f 3793//3319 3886//3396 3885//3395
f 3885//3395 3886//3396 3887//1734
f 3886//3396 3888//3397 3887//1734
f 3887//1734 3888//3397 3889//3398
f 3888//3397 3890//3399 3889//3398
f 3889//3398 3890//3399 3891//3398
f 3890//3399 3892//3400 3891//3398
f 3891//3398 3892//3400 3893//3401
f 3892//3400 3894//3402 3893//3401
f 3893//3401 3894//3402 499//424
f 3894//3402 3895//3403 499//424
f 499//424 3895//3403 501//426
f 3895//3403 3896//3404 501//426
f 501//426 3896//3404 3897//3405
f 3896//3404 3898//3406 3897//3405
f 3897//3405 3898//3406 3899//3407
f 3898//3406 3900//3408 3899//3407
f 3899//3407 3900//3408 3901//3409
f 3900//3408 3902//3410 3901//3409
f 3901//3409 3902//3410 505//430
f 3902//3410 3903//3410 505//430
f 505//430 3903//3410 3904//3411
f 3903//3410 3905//3412 3904//3411
f 3904//3411 3905//3412 3906//3413
f 3905//3412 3907//3408 3906//3413
f 3906//3413 3907//3408 1588//1391
f 3907//3408 3908//3414 1588//1391
f 1588//1391 3908//3414 3909//3415
f 3908//3414 3910//3416 3909//3415
f 3909//3415 3910//3416 1584//1388
f 3910//3416 1582//1386 1584//1388
f 3801//3326 3803//3328 3911//3417
f 3803//3328 3912//3418 3911//3417
f 3911//3417 3912//3418 3913//3419
f 3912//3418 3914//3420 3913//3419
f 3913//3419 3914//3420 3915//3421
f 3914//3420 3916//3422 3915//3421
f 3915//3421 3916//3422 3917//3423
f 3916//3422 3918//3424 3917//3423
f 3917//3423 3918//3424 3919//3425
f 3918//3424 3920//3426 3919//3425
f 3919//3425 3920//3426 3921//3427
f 3920//3426 3922//3428 3921//3427
f 3921//3427 3922//3428 3910//3416
f 3922//3428 1582//1386 3910//3416
f 1576//1380 1578//1382 3923//1382
f 1578//1382 3924//3429 3923//1382
f 3923//1382 3924//3429 3925//3430
f 3924//3429 3926//3431 3925//3430
f 3925//3430 3926//3431 3918//3424
f 3926//3431 3927//3432 3918//3424
f 3918//3424 3927//3432 3920//3426
f 3927//3432 3924//3429 3920//3426
f 3920//3426 3924//3429 3922//3428
f 3924//3429 1580//1384 3922//3428
f 3922//3428 1580//1384 1582//1386
f 1588//1391 3909//3415 3928//3433
f 3909//3415 1584//1388 3928//3433
f 3928//3433 1584//1388 1586//1388
f 3915//3421 3917//3423 3929//3434
f 3917//3423 3930//3434 3929//3434
f 3929//3434 3930//3434 3931//3435
f 3930//3434 3932//3436 3931//3435
f 3931//3435 3932//3436 3900//3408
f 3932//3436 3933//3437 3900//3408
f 3900//3408 3933//3437 3907//3408
f 3933//3437 3934//3438 3907//3408
f 3907//3408 3934//3438 3908//3414
f 3934//3438 3935//3439 3908//3414
f 3908//3414 3935//3439 3910//3416
f 3935//3439 3936//3440 3910//3416
f 3910//3416 3936//3440 3921//3427
f 3936//3440 3937//3441 3921//3427
f 3921//3427 3937//3441 3919//3425
f 3937//3441 3930//3434 3919//3425
f 3919//3425 3930//3434 3917//3423
f 1491//1304 1493//1306 3772//3301
f 1493//1306 1587//1390 3772//3301
f 3772//3301 1587//1390 1585//1389
f 1494//1307 1492//1305 3557//3115
f 1492//1305 1490//1303 3557//3115
f 1348//1180 1346//1178 3776//3305
f 1346//1178 3748//3279 3776//3305
f 3776//3305 3748//3279 3778//3305
f 3748//3279 3747//3278 3778//3305
f 3778//3305 3747//3278 3780//3308
f 3747//3278 3746//3277 3780//3308
f 3780//3308 3746//3277 3782//3310
f 3746//3277 3745//3276 3782//3310
f 3782//3310 3745//3276 3784//3110
f 3745//3276 3549//3108 3784//3110
f 3784//3110 3549//3108 3551//3110
f 3553//3112 3555//3113 3785//3312
f 1505//1318 1504//1317 1507//1319
f 1504//1317 3938//1317 1507//1319
f 1507//1319 3938//1317 3939//3442
f 3938//1317 3940//3443 3939//3442
f 3939//3442 3940//3443 3285//2870
f 3940//3443 3941//3444 3285//2870
f 3285//2870 3941//3444 3942//3445
f 3941//3444 3943//3446 3942//3445
f 3942//3445 3943//3446 3289//2874
f 3943//3446 3550//3109 3289//2874
f 3289//2874 3550//3109 3291//2876
f 3285//2870 3942//3445 3287//2872
f 3942//3445 3289//2874 3287//2872
f 3550//3109 3943//3446 3944//3447
f 3943//3446 3941//3444 3944//3447
f 3944//3447 3941//3444 3554//3113
f 3941//3444 3945//3448 3554//3113
f 3554//3113 3945//3448 3946//3449
f 3945//3448 3947//3450 3946//3449
f 3946//3449 3947//3450 1498//1311
f 3947//3450 1501//1314 1498//1311
f 1498//1311 1501//1314 1500//1313
f 3550//3109 3944//3447 3552//3111
f 3282//2866 3284//2869 3286//2871
f 3285//2870 3283//2868 1511//1323
f 3283//2868 3948//2868 1511//1323
f 1511//1323 3948//2868 3949//3451
f 3948//2868 3281//2867 3949//3451
f 3949//3451 3281//2867 1515//1327
f 3281//2867 3279//2865 1515//1327
f 1515//1327 3279//2865 1517//1329
f 3279//2865 3277//2863 1517//1329
f 1517//1329 3277//2863 1519//1331
f 3277//2863 3275//2862 1519//1331
f 1515//1327 1513//1325 3949//3451
f 3281//2867 3948//2868 3283//2868
f 1508//1320 1510//1322 3950//1320
f 1510//1322 1512//1324 3950//1320
f 3950//1320 1512//1324 3951//3452
f 1512//1324 3952//1326 3951//3452
f 3951//3452 3952//1326 3953//3453
f 3952//1326 1516//1328 3953//3453
f 3953//3453 1516//1328 2911//2544
f 1516//1328 1518//1330 2911//2544
f 2915//2548 3951//3452 2913//2546
f 3951//3452 3953//3453 2913//2546
f 2913//2546 3953//3453 2911//2544
f 1516//1328 3952//1326 1514//1326
f 1578//1382 1580//1384 3924//3429
f 3549//3108 3745//3276 3293//2877
f 3300//2884 3328//2906 3298//2882
f 3328//2906 3788//2906 3298//2882
f 3298//2882 3788//2906 3296//2880
f 3788//2906 3787//3314 3296//2880
f 3296//2880 3787//3314 3294//2878
f 3787//3314 3786//3313 3294//2878
f 3294//2878 3786//3313 3292//2875
f 3786//3313 3526//3088 3292//2875
f 3292//2875 3526//3088 3290//2875
f 3526//3088 3786//3313 3524//3086
f 3927//3432 3926//3431 3924//3429
f 1574//1378 1576//1380 3954//3454
f 1576//1380 3923//1382 3954//3454
f 3954//3454 3923//1382 3955//3455
f 3923//1382 3956//3456 3955//3455
f 3955//3455 3956//3456 3957//3457
f 3956//3456 3958//3458 3957//3457
f 3957//3457 3958//3458 3959//3459
f 3958//3458 3916//3422 3959//3459
f 3959//3459 3916//3422 3914//3420
f 3956//3456 3923//1382 3960//3460
f 3923//1382 3925//3430 3960//3460
f 3960//3460 3925//3430 3958//3458
f 3925//3430 3918//3424 3958//3458
f 3958//3458 3918//3424 3916//3422
f 3524//3086 3749//3280 3522//3084
f 1572//1377 1574//1378 3815//3339
f 1574//1378 3954//3454 3815//3339
f 3815//3339 3954//3454 3961//3461
f 3954//3454 3962//3455 3961//3461
f 3961//3461 3962//3455 3963//3461
f 3962//3455 3957//3457 3963//3461
f 3963//3461 3957//3457 3964//3462
f 3957//3457 3959//3459 3964//3462
f 3964//3462 3959//3459 3965//3463
f 3959//3459 3914//3420 3965//3463
f 3965//3463 3914//3420 3912//3418
f 3957//3457 3962//3455 3955//3455
f 3962//3455 3954//3454 3955//3455
f 3750//3281 3504//3069 3506//3071
f 3815//3339 1655//1453 1572//1377
f 3912//3418 3805//3330 3965//3463
f 3805//3330 3807//3332 3965//3463
f 3965//3463 3807//3332 3964//3462
f 3807//3332 3809//3334 3964//3462
f 3964//3462 3809//3334 3963//3461
f 3809//3334 3811//3334 3963//3461
f 3963//3461 3811//3334 3961//3461
f 3811//3334 3813//3337 3961//3461
f 3961//3461 3813//3337 3815//3339
f 3956//3456 3960//3460 3958//3458
f 1655//1453 3818//3341 1653//1451
f 3817//1453 3816//3340 3966//3464
f 3816//3340 3812//3336 3966//3464
f 3966//3464 3812//3336 3967//3465
f 3812//3336 3810//3335 3967//3465
f 3967//3465 3810//3335 3968//3466
f 3810//3335 3808//3333 3968//3466
f 3968//3466 3808//3333 3969//3466
f 3808//3333 3806//3331 3969//3466
f 3969//3466 3806//3331 3970//3467
f 3806//3331 3804//3329 3970//3467
f 3970//3467 3804//3329 3971//3468
f 3804//3329 3802//3327 3971//3468
f 3971//3468 3802//3327 3972//3468
f 3802//3327 3800//3325 3972//3468
f 3972//3468 3800//3325 3973//3469
f 3800//3325 3798//3323 3973//3469
f 3973//3469 3798//3323 3974//3470
f 3798//3323 3794//3320 3974//3470
f 3974//3470 3794//3320 3792//3318
f 3816//3340 3814//3338 3812//3336
f 3792//3318 3790//3316 3974//3470
f 3790//3316 3975//3471 3974//3470
f 3974//3470 3975//3471 3973//3469
f 3975//3471 3976//3472 3973//3469
f 3973//3469 3976//3472 3972//3468
f 3976//3472 3977//3473 3972//3468
f 3972//3468 3977//3473 3971//3468
f 3977//3473 3978//3474 3971//3468
f 3971//3468 3978//3474 3970//3467
f 3978//3474 3979//3475 3970//3467
f 3970//3467 3979//3475 3969//3466
f 3979//3475 3980//1963 3969//3466
f 3969//3466 3980//1963 3968//3466
f 3980//1963 3981//3476 3968//3466
f 3968//3466 3981//3476 3967//3465
f 3981//3476 3982//3477 3967//3465
f 3967//3465 3982//3477 3966//3464
f 3982//3477 3819//1965 3966//3464
f 3966//3464 3819//1965 3817//1453
f 1512//1324 1514//1326 3952//1326
f 1511//1323 3949//3451 1513//1325
f 3554//3113 3552//3111 3944//3447
f 3928//3433 1586//1388 1588//1391
f 3936//3440 3935//3439 3937//3441
f 3935//3439 3933//3437 3937//3441
f 3937//3441 3933//3437 3932//3436
f 3935//3439 3934//3438 3933//3437
f 1508//1320 3950//1320 3683//3226
f 3950//1320 3951//3452 3683//3226
f 3683//3226 3951//3452 2915//2548
f 3684//3224 3682//3225 3681//3224
f 541//463 539//461 3983//3478
f 539//461 537//459 3983//3478
f 3983//3478 537//459 1198//1053
f 537//459 3685//3227 1198//1053
f 1198//1053 3685//3227 3984//3479
f 3685//3227 3684//3224 3984//3479
f 3984//3479 3684//3224 1196//1051
f 3684//3224 1194//1049 1196//1051
f 1197//1052 1195//1050 1193//1048
f 1187//1042 1205//1060 1203//1058
f 1183//1038 1204//1059 1185//1040
f 3401//2973 3399//2971 1183//1038
f 622//537 624//539 3647//3194
f 624//539 3618//3170 3647//3194
f 3647//3194 3618//3170 3620//3171
f 3636//3185 3638//3187 3985//3480
f 3638//3187 3649//3196 3985//3480
f 3985//3480 3649//3196 3986//3481
f 3649//3196 3650//3197 3986//3481
f 3986//3481 3650//3197 3987//3482
f 3650//3197 3651//3198 3987//3482
f 3987//3482 3651//3198 3988//3483
f 3651//3198 3652//530 3988//3483
f 3988//3483 3652//530 3646//530
f 3652//530 3645//534 3646//530
f 3656//3202 2820//2469 3494//3059
f 2819//2468 3494//3059 2820//2469
f 3491//3058 3493//3059 3662//3207
f 3493//3059 3989//3484 3662//3207
f 3662//3207 3989//3484 3661//3206
f 3989//3484 3990//3485 3661//3206
f 3661//3206 3990//3485 3660//3205
f 3990//3485 3991//3486 3660//3205
f 3660//3205 3991//3486 3659//3204
f 3991//3486 3992//3487 3659//3204
f 3659//3204 3992//3487 3658//3203
f 3992//3487 591//508 3658//3203
f 3658//3203 591//508 3657//508
f 591//508 589//508 3657//508
f 3657//508 589//508 587//506
f 3675//3219 3217//2810 3219//2812
f 3201//2795 3203//2796 3209//2802
f 3203//2796 3205//2798 3209//2802
f 3209//2802 3205//2798 3207//2800
f 3674//3218 3193//2787 3678//2795
f 3193//2787 3201//2795 3678//2795
f 3678//2795 3201//2795 3677//3221
f 3195//2789 3197//2791 3193//2787
f 3197//2791 3199//2793 3193//2787
f 3193//2787 3199//2793 3201//2795
f 3646//530 3648//3195 3988//3483
f 3648//3195 3993//3488 3988//3483
f 3988//3483 3993//3488 3987//3482
f 3993//3488 3994//3489 3987//3482
f 3987//3482 3994//3489 3986//3481
f 3994//3489 3995//3490 3986//3481
f 3986//3481 3995//3490 3985//3480
f 3995//3490 3996//3480 3985//3480
f 3985//3480 3996//3480 3636//3185
f 3996//3480 3632//3181 3636//3185
f 3636//3185 3632//3181 3634//3183
f 3493//3059 3495//3060 3989//3484
f 3495//3060 3997//3485 3989//3484
f 3989//3484 3997//3485 3990//3485
f 3997//3485 3998//3491 3990//3485
f 3990//3485 3998//3491 3991//3486
f 3998//3491 3999//3486 3991//3486
f 3991//3486 3999//3486 3992//3487
f 3999//3486 593//511 3992//3487
f 3992//3487 593//511 591//508
f 3191//2785 3193//2787 3674//3218
f 3631//3180 4000//3492 3601//3154
f 4000//3492 4001//3492 3601//3154
f 3601//3154 4001//3492 3602//3155
f 4001//3492 3627//3176 3602//3155
f 3602//3155 3627//3176 3603//3156
f 3627//3176 3625//3174 3603//3156
f 3603//3156 3625//3174 3604//3157
f 3625//3174 3623//3173 3604//3157
f 3604//3157 3623//3173 3605//3158
f 3623//3173 3621//3158 3605//3158
f 3605//3158 3621//3158 3606//3159
f 3648//3195 3622//3172 3993//3488
f 3622//3172 3624//3174 3993//3488
f 3993//3488 3624//3174 3994//3489
f 3624//3174 3626//3175 3994//3489
f 3994//3489 3626//3175 3995//3490
f 3626//3175 3628//3177 3995//3490
f 3995//3490 3628//3177 3996//3480
f 3628//3177 3630//3179 3996//3480
f 3996//3480 3630//3179 3632//3181
f 3495//3060 2818//2467 3997//3485
f 2818//2467 2817//2466 3997//3485
f 3997//3485 2817//2466 3998//3491
f 2817//2466 2816//2465 3998//3491
f 3998//3491 2816//2465 3999//3486
f 2816//2465 595//513 3999//3486
f 3999//3486 595//513 593//511
f 571//490 3189//2783 3673//3217
f 3189//2783 3191//2785 3673//3217
f 573//492 3672//3216 3665//3210
f 3672//3216 3666//3211 3665//3210
f 3664//3209 2983//2606 4002//3493
f 2983//2606 2984//498 4002//3493
f 4002//3493 2984//498 579//498
f 3422//2993 3420//2991 3464//3034
f 3420//2991 3740//3272 3464//3034
f 3464//3034 3740//3272 4003//3494
f 3740//3272 3738//3270 4003//3494
f 4003//3494 3738//3270 4004//3032
f 3738//3270 3460//3030 4004//3032
f 4004//3032 3460//3030 3462//3032
f 4003//3494 4004//3032 3464//3034
f 3464//3034 4004//3032 3462//3032
f 3451//3021 3449//3019 4005//3019
f 3449//3019 3447//3017 4005//3019
f 4005//3019 3447//3017 4006//3495
f 3447//3017 3445//3015 4006//3495
f 4006//3495 3445//3015 4007//3496
f 3445//3015 3443//3013 4007//3496
f 4007//3496 3443//3013 4008//3497
f 3443//3013 3442//3012 4008//3497
f 4008//3497 3442//3012 3637//3186
f 3442//3012 602//520 3637//3186
f 3637//3186 602//520 604//522
f 602//520 3442//3012 600//518
f 3657//508 587//506 585//504
f 3631//3180 3629//3178 4000//3492
f 3629//3178 3627//3176 4000//3492
f 4000//3492 3627//3176 4001//3492
f 4008//3497 3637//3186 4009//510
f 3637//3186 3635//3184 4009//510
f 4009//510 3635//3184 4007//3496
f 3635//3184 3633//3182 4007//3496
f 4007//3496 3633//3182 4006//3495
f 3633//3182 4010//3498 4006//3495
f 4006//3495 4010//3498 4005//3019
f 4010//3498 3599//3152 4005//3019
f 4005//3019 3599//3152 3451//3021
f 3599//3152 3453//3023 3451//3021
f 601//519 599//517 597//515
f 3741//3273 3742//3274 3739//3271
f 4007//3496 4008//3497 4009//510
f 2321//2033 4011//3499 4012//3500
f 4011//3499 4013//3501 4012//3500
f 4012//3500 4013//3501 4014//3501
f 4013//3501 4015//3502 4014//3501
f 4014//3501 4015//3502 4016//3503
f 4015//3502 4017//3504 4016//3503
f 4016//3503 4017//3504 4018//3505
f 4017//3504 4019//3506 4018//3505
f 4018//3505 4019//3506 4020//3507
f 4019//3506 4021//3508 4020//3507
f 4020//3507 4021//3508 4022//3509
f 4021//3508 4023//3510 4022//3509
f 4022//3509 4023//3510 4024//3511
f 4023//3510 4025//3512 4024//3511
f 4024//3511 4025//3512 4026//3513
f 4025//3512 4027//3514 4026//3513
f 4026//3513 4027//3514 4028//3515
f 4027//3514 4029//3516 4028//3515
f 4028//3515 4029//3516 4030//3517
f 4029//3516 4031//3518 4030//3517
f 4030//3517 4031//3518 4032//3519
f 4031//3518 4033//3520 4032//3519
f 4032//3519 4033//3520 4034//3521
f 4033//3520 4035//3522 4034//3521
f 4034//3521 4035//3522 4036//3523
f 4035//3522 4037//3524 4036//3523
f 4036//3523 4037//3524 4038//3525
f 4037//3524 4039//3526 4038//3525
f 4038//3525 4039//3526 4040//3527
f 4039//3526 4041//3528 4040//3527
f 4040//3527 4041//3528 4042//3529
f 4041//3528 4043//3529 4042//3529
f 4042//3529 4043//3529 4044//3530
f 4043//3529 594//512 4044//3530
f 4044//3530 594//512 596//514
f 596//514 598//516 4044//3530
f 598//516 3444//3014 4044//3530
f 4044//3530 3444//3014 3446//3016
f 4023//3510 4021//3508 4045//3531
f 4021//3508 4046//3532 4045//3531
f 4045//3531 4046//3532 4047//3533
f 4046//3532 4048//3534 4047//3533
f 4047//3533 4048//3534 4025//3512
f 4048//3534 4049//3535 4025//3512
f 4025//3512 4049//3535 4050//3536
f 4049//3535 4051//3537 4050//3536
f 4050//3536 4051//3537 4029//3516
f 4051//3537 4052//3538 4029//3516
f 4029//3516 4052//3538 4031//3518
f 4052//3538 4053//3539 4031//3518
f 4031//3518 4053//3539 4033//3520
f 4053//3539 4054//3540 4033//3520
f 4033//3520 4054//3540 4055//3541
f 4054//3540 4056//3542 4055//3541
f 4055//3541 4056//3542 4037//3524
f 4056//3542 4057//3543 4037//3524
f 4037//3524 4057//3543 4058//3544
f 4057//3543 4059//3545 4058//3544
f 4058//3544 4059//3545 4060//3546
f 4059//3545 4061//3547 4060//3546
f 4060//3546 4061//3547 4062//3548
f 4061//3547 588//507 4062//3548
f 4062//3548 588//507 4043//3529
f 588//507 592//510 4043//3529
f 4043//3529 592//510 594//512
f 588//507 590//509 592//510
f 4057//3543 4063//3549 4064//3550
f 4063//3549 4065//3551 4064//3550
f 4064//3550 4065//3551 4066//3552
f 4065//3551 4067//3553 4066//3552
f 4066//3552 4067//3553 4068//3554
f 4067//3553 580//499 4068//3554
f 4068//3554 580//499 4069//3555
f 580//499 582//501 4069//3555
f 4069//3555 582//501 584//503
f 4069//3555 584//503 4070//3556
f 584//503 586//505 4070//3556
f 4070//3556 586//505 4071//3557
f 586//505 4061//3547 4071//3557
f 4071//3557 4061//3547 4072//3558
f 4061//3547 4059//3545 4072//3558
f 4072//3558 4059//3545 4057//3543
f 4069//3555 4070//3556 4068//3554
f 4070//3556 4071//3557 4068//3554
f 4068//3554 4071//3557 4072//3558
f 3664//3209 4002//3493 579//498
f 3371//2945 4073//3559 4074//3560
f 4073//3559 4075//3561 4074//3560
f 4074//3560 4075//3561 4076//3562
f 4075//3561 4077//3563 4076//3562
f 4076//3562 4077//3563 4078//3564
f 4077//3563 4079//3565 4078//3564
f 4078//3564 4079//3565 3188//2782
f 4079//3565 3192//2786 3188//2782
f 3188//2782 3192//2786 3190//2784
f 4077//3563 3196//2790 4079//3565
f 3196//2790 3194//2788 4079//3565
f 4079//3565 3194//2788 3192//2786
f 3387//2960 3389//2962 3385//2958
f 3389//2962 4080//3566 3385//2958
f 3385//2958 4080//3566 3382//2956
f 4080//3566 4081//3567 3382//2956
f 3382//2956 4081//3567 4082//3568
f 4081//3567 3394//2967 4082//3568
f 4082//3568 3394//2967 3378//2952
f 3394//2967 4083//3569 3378//2952
f 3378//2952 4083//3569 3376//2950
f 4083//3569 4084//3570 3376//2950
f 3376//2950 4084//3570 3374//2948
f 4084//3570 4085//3571 3374//2948
f 3374//2948 4085//3571 4086//2946
f 4085//3571 3204//2797 4086//2946
f 4086//2946 3204//2797 3370//2944
f 3204//2797 3202//2794 3370//2944
f 3370//2944 3202//2794 3200//2794
f 3397//2970 3398//2968 4087//3572
f 3398//2968 3400//2972 4087//3572
f 4087//3572 3400//2972 4088//3573
f 3400//2972 3402//2960 4088//3573
f 4088//3573 3402//2960 3206//2799
f 3402//2960 3208//2801 3206//2799
f 1768//1555 1766//1553 2064//1816
f 1766//1553 4089//3574 2064//1816
f 2064//1816 4089//3574 2062//1814
f 4089//3574 4090//3575 2062//1814
f 2062//1814 4090//3575 2060//1812
f 4090//3575 4091//3576 2060//1812
f 2060//1812 4091//3576 2057//1809
f 4091//3576 2049//1802 2057//1809
f 2057//1809 2049//1802 2047//1800
f 1763//1550 1765//1552 1728//1517
f 1765//1552 1767//1554 1728//1517
f 1728//1517 1767//1554 1730//1519
f 1767//1554 1769//1556 1730//1519
f 1730//1519 1769//1556 1732//1521
f 1725//1514 1757//1545 1724//1514
f 1757//1545 1759//1546 1724//1514
f 1724//1514 1759//1546 1726//1515
f 1759//1546 1761//1548 1726//1515
f 1726//1515 1761//1548 1763//1550
f 1758//1544 2055//1807 1760//1547
f 2055//1807 4092//3577 1760//1547
f 1760//1547 4092//3577 1762//1549
f 4092//3577 4093//3578 1762//1549
f 1762//1549 4093//3578 1764//1551
f 4093//3578 4089//3574 1764//1551
f 1764//1551 4089//3574 1766//1553
f 4089//3574 4093//3578 4090//3575
f 4093//3578 4094//3579 4090//3575
f 4090//3575 4094//3579 4091//3576
f 4094//3579 2051//1803 4091//3576
f 4091//3576 2051//1803 2049//1802
f 1728//1517 1726//1515 1763//1550
f 4093//3578 4092//3577 4094//3579
f 4092//3577 2053//1805 4094//3579
f 4094//3579 2053//1805 2051//1803
f 2053//1805 4092//3577 2055//1807
f 3729//3262 2082//1830 4095//3580
f 2082//1830 2080//1828 4095//3580
f 4095//3580 2080//1828 2056//1808
f 2080//1828 2078//1826 2056//1808
f 2056//1808 2078//1826 2054//1806
f 262//221 2068//1820 2072//1806
f 2068//1820 2050//1802 2072//1806
f 2072//1806 2050//1802 2074//1804
f 2050//1802 2052//1804 2074//1804
f 1401//1223 2104//1849 2083//1831
f 2104//1849 4096//1846 2083//1831
f 2083//1831 4096//1846 2081//1829
f 4096//1846 4097//3581 2081//1829
f 2081//1829 4097//3581 2079//1827
f 4097//3581 4098//3582 2079//1827
f 2079//1827 4098//3582 2077//1825
f 4098//3582 2095//1842 2077//1825
f 2077//1825 2095//1842 2076//1824
f 2104//1849 2102//1848 4096//1846
f 2102//1848 2100//1846 4096//1846
f 4096//1846 2100//1846 4097//3581
f 2100//1846 4099//3583 4097//3581
f 4097//3581 4099//3583 4098//3582
f 4099//3583 2094//1841 4098//3582
f 4098//3582 2094//1841 2095//1842
f 2073//1823 2089//1837 2071//1822
f 2094//1841 4099//3583 2093//1840
f 4099//3583 2098//1844 2093//1840
f 2093//1840 2098//1844 2092//213
f 2071//1822 2089//1837 259//218
f 3729//3262 4095//3580 1756//1544
f 4095//3580 2056//1808 1756//1544
f 3729//3262 2084//1832 2082//1830
f 1401//1223 1399//1221 2104//1849
f 2098//1844 4099//3583 2100//1846
f 2108//1851 3728//1847 3570//3126
f 3728//1847 1668//1465 3570//3126
f 3570//3126 1668//1465 1666//1464
f 1670//1467 1668//1465 3728//1847
f 1678//1472 2107//206 1677//1471
f 2215//1943 2217//1945 4100//3584
f 2217//1945 4101//3585 4100//3584
f 4100//3584 4101//3585 4102//3585
f 4101//3585 4103//3586 4102//3585
f 4102//3585 4103//3586 4104//3587
f 4103//3586 4105//3587 4104//3587
f 4104//3587 4105//3587 4106//3588
f 4105//3587 4107//3589 4106//3588
f 4106//3588 4107//3589 4108//3590
f 4107//3589 4109//3590 4108//3590
f 4108//3590 4109//3590 4110//3591
f 4109//3590 3732//3265 4110//3591
f 4110//3591 3732//3265 1731//1520
f 1685//1479 1683//1477 4111//1481
f 1683//1477 1680//1474 4111//1481
f 4111//1481 1680//1474 4112//3592
f 1680//1474 3730//3263 4112//3592
f 4112//3592 3730//3263 4113//3593
f 3730//3263 3731//3264 4113//3593
f 4113//3593 3731//3264 4109//3590
f 3731//3264 3732//3265 4109//3590
f 1693//1486 4111//1481 4114//3594
f 4111//1481 4112//3592 4114//3594
f 4114//3594 4112//3592 4107//3589
f 4112//3592 4113//3593 4107//3589
f 4107//3589 4113//3593 4109//3590
f 2175//1908 2173//1908 4115//3595
f 2173//1908 4116//3596 4115//3595
f 4115//3595 4116//3596 4117//3597
f 4116//3596 2213//1941 4117//3597
f 4117//3597 2213//1941 4118//3597
f 2213//1941 2215//1943 4118//3597
f 4118//3597 2215//1943 4119//3598
f 2215//1943 4100//3584 4119//3598
f 4119//3598 4100//3584 4120//3599
f 4100//3584 4102//3585 4120//3599
f 4120//3599 4102//3585 4121//3600
f 4102//3585 4104//3587 4121//3600
f 4121//3600 4104//3587 4122//3601
f 4104//3587 4106//3588 4122//3601
f 4122//3601 4106//3588 4123//3602
f 4106//3588 4108//3590 4123//3602
f 4123//3602 4108//3590 4124//3602
f 4108//3590 4110//3591 4124//3602
f 4124//3602 4110//3591 1733//1522
f 4110//3591 1731//1520 1733//1522
f 4103//3586 4101//3585 4125//3603
f 4101//3585 1697//1490 4125//3603
f 4125//3603 1697//1490 4126//3604
f 1697//1490 1695//1488 4126//3604
f 4126//3604 1695//1488 4103//3586
f 1695//1488 1693//1486 4103//3586
f 4103//3586 1693//1486 4105//3587
f 1693//1486 4114//3594 4105//3587
f 4105//3587 4114//3594 4107//3589
f 4125//3603 4126//3604 4103//3586
f 1693//1486 1691//1485 4111//1481
f 1691//1485 1689//1483 4111//1481
f 4111//1481 1689//1483 1687//1481
f 4111//1481 1687//1481 1685//1479
f 2138//1876 2139//1877 2123//1863
f 2121//1861 2123//1863 2139//1877
f 2129//1868 2147//1868 2127//1867
f 2147//1868 2143//1881 2127//1867
f 2127//1867 2143//1881 2125//1865
f 2131//1870 2147//1868 2129//1868
f 2146//1884 2145//1883 2149//1886
f 330//278 2149//1886 2145//1883
f 2153//1890 2132//1871 2157//1894
f 2132//1871 2130//1869 2157//1894
f 2157//1894 2130//1869 2159//1895
f 2130//1869 2128//1866 2159//1895
f 2159//1895 2128//1866 2161//1897
f 2128//1866 4127//3605 2161//1897
f 2161//1897 4127//3605 2163//1899
f 4127//3605 4128//1862 2163//1899
f 2163//1899 4128//1862 4129//3606
f 4128//1862 2209//1937 4129//3606
f 4129//3606 2209//1937 2167//1902
f 2122//1862 4130//3607 2124//1864
f 4130//3607 4131//3605 2124//1864
f 2124//1864 4131//3605 2126//1866
f 4131//3605 4127//3605 2126//1866
f 2126//1866 4127//3605 2128//1866
f 4128//1862 4127//3605 4132//3608
f 4127//3605 4131//3605 4132//3608
f 4132//3608 4131//3605 2209//1937
f 4131//3605 4130//3607 2209//1937
f 2209//1937 4130//3607 2120//1860
f 4130//3607 2122//1862 2120//1860
f 2163//1899 4129//3606 2165//1900
f 1743//1532 2156//1893 4133//3609
f 2156//1893 2158//1894 4133//3609
f 4133//3609 2158//1894 4134//3610
f 2158//1894 2160//1896 4134//3610
f 4134//3610 2160//1896 4135//3611
f 2160//1896 2162//1898 4135//3611
f 4135//3611 2162//1898 4136//3612
f 2162//1898 2164//1899 4136//3612
f 4136//3612 2164//1899 4137//3613
f 2164//1899 2166//1901 4137//3613
f 4137//3613 2166//1901 2168//1903
f 4133//3609 4134//3610 4138//3614
f 4134//3610 4135//3611 4138//3614
f 4138//3614 4135//3611 4139//3615
f 4135//3611 4136//3612 4139//3615
f 4139//3615 4136//3612 4140//3616
f 4136//3612 4137//3613 4140//3616
f 4140//3616 4137//3613 2172//1907
f 4137//3613 2170//1905 2172//1907
f 2172//1907 2174//1909 4140//3616
f 2174//1909 4141//3617 4140//3616
f 4140//3616 4141//3617 4139//3615
f 4141//3617 4142//3618 4139//3615
f 4139//3615 4142//3618 4138//3614
f 4142//3618 4143//3619 4138//3614
f 4138//3614 4143//3619 4133//3609
f 4143//3619 1741//1530 4133//3609
f 4133//3609 1741//1530 1743//1532
f 1741//1530 4143//3619 1739//1528
f 4143//3619 2180//1914 1739//1528
f 1739//1528 2180//1914 1737//1526
f 2174//1909 2176//1910 4141//3617
f 2176//1910 2178//1912 4141//3617
f 4141//3617 2178//1912 4142//3618
f 2178//1912 4143//3619 4142//3618
f 2178//1912 2180//1914 4143//3619
f 4137//3613 2168//1903 2170//1905
f 2173//1908 2171//1906 4116//3596
f 2171//1906 2169//1904 4116//3596
f 4116//3596 2169//1904 2213//1941
f 4121//3600 2177//1911 4144//3599
f 2177//1911 2175//1908 4144//3599
f 4144//3599 2175//1908 4115//3595
f 4121//3600 4144//3599 4120//3599
f 4144//3599 4115//3595 4120//3599
f 4120//3599 4115//3595 4119//3598
f 4115//3595 4118//3597 4119//3598
f 4117//3597 4118//3597 4115//3595
f 1733//1522 1735//1524 4124//3602
f 1735//1524 2181//1526 4124//3602
f 4124//3602 2181//1526 4123//3602
f 2181//1526 2179//1913 4123//3602
f 4123//3602 2179//1913 4122//3601
f 2179//1913 2177//1911 4122//3601
f 4122//3601 2177//1911 4121//3600
f 2066//1818 2193//1818 1772//1559
f 2193//1818 2188//1920 1772//1559
f 1772//1559 2188//1920 1773//1527
f 1772//1559 1771//1558 2066//1818
f 2061//1813 2059//1811 280//237
f 2209//1937 4128//1862 4132//3608
f 2167//1902 2165//1900 4129//3606
f 4101//3585 2217//1945 1697//1490
f 4036//3523 4038//3525 4145//3620
f 4038//3525 4040//3527 4145//3620
f 4145//3620 4040//3527 4146//3621
f 4040//3527 4147//3622 4146//3621
f 4146//3621 4147//3622 4148//3623
f 4147//3622 3450//3020 4148//3623
f 4148//3623 3450//3020 4149//3624
f 3450//3020 3452//3022 4149//3624
f 4149//3624 3452//3022 4150//3625
f 3452//3022 4151//3626 4150//3625
f 4150//3625 4151//3626 4152//3627
f 4151//3626 4153//3628 4152//3627
f 4152//3627 4153//3628 4154//3627
f 4153//3628 4155//3629 4154//3627
f 4154//3627 4155//3629 4156//3630
f 4155//3629 4157//3631 4156//3630
f 4156//3630 4157//3631 4158//3631
f 4157//3631 1690//1484 4158//3631
f 4158//3631 1690//1484 1696//1489
f 1690//1484 1692//1485 1696//1489
f 1696//1489 1692//1485 1694//1487
f 2244//1966 3819//1965 2243//1965
f 3819//1965 3982//3477 2243//1965
f 2243//1965 3982//3477 2242//1964
f 3982//3477 3981//3476 2242//1964
f 2242//1964 3981//3476 2241//1963
f 3981//3476 3980//1963 2241//1963
f 2241//1963 3980//1963 2240//1962
f 3980//1963 3979//3475 2240//1962
f 2240//1962 3979//3475 2239//1961
f 3979//3475 3978//3474 2239//1961
f 2239//1961 3978//3474 2238//1961
f 3978//3474 3977//3473 2238//1961
f 2238//1961 3977//3473 2237//1960
f 3977//3473 3976//3472 2237//1960
f 2237//1960 3976//3472 2236//1959
f 3976//3472 3975//3471 2236//1959
f 2236//1959 3975//3471 2235//1958
f 3975//3471 3790//3316 2235//1958
f 2235//1958 3790//3316 2234//1957
f 1982//1745 1984//1747 4159//3632
f 1984//1747 4160//1961 4159//3632
f 4159//3632 4160//1961 4161//3633
f 4160//1961 4162//1961 4161//3633
f 4161//3633 4162//1961 3877//3387
f 4162//1961 1793//1578 3877//3387
f 3877//3387 1793//1578 3876//3386
f 1793//1578 1795//1580 3876//3386
f 3876//3386 1795//1580 3875//3385
f 1795//1580 1797//1581 3875//3385
f 3875//3385 1797//1581 3874//3384
f 1797//1581 1799//1583 3874//3384
f 3874//3384 1799//1583 1801//1585
f 1803//1587 1805//1589 1942//1712
f 1942//1712 1805//1589 1807//1591
f 1802//1586 1800//1584 4163//3634
f 1800//1584 2232//1955 4163//3634
f 4163//3634 2232//1955 1804//1588
f 3805//3330 3912//3418 3803//3328
f 3799//3324 4164//3417 4165//3635
f 4164//3417 4166//3636 4165//3635
f 4165//3635 4166//3636 3892//3400
f 4166//3636 4167//3637 3892//3400
f 3892//3400 4167//3637 4168//3638
f 4167//3637 4169//3639 4168//3638
f 4168//3638 4169//3639 4170//3640
f 4169//3639 4171//3417 4170//3640
f 4170//3640 4171//3417 4172//3641
f 4171//3417 3913//3419 4172//3641
f 4172//3641 3913//3419 3915//3421
f 3915//3421 3929//3434 4172//3641
f 3929//3434 4173//3642 4172//3641
f 4172//3641 4173//3642 4174//3643
f 4173//3642 3898//3406 4174//3643
f 4174//3643 3898//3406 4168//3638
f 3898//3406 3896//3404 4168//3638
f 4168//3638 3896//3404 3895//3403
f 3799//3324 3801//3326 4164//3417
f 3801//3326 3911//3417 4164//3417
f 4164//3417 3911//3417 4171//3417
f 3911//3417 3913//3419 4171//3417
f 4173//3642 3929//3434 4175//3644
f 3929//3434 3931//3435 4175//3644
f 4175//3644 3931//3435 3898//3406
f 3931//3435 3900//3408 3898//3406
f 3932//3436 3930//3434 3937//3441
f 4172//3641 4174//3643 4170//3640
f 4171//3417 4169//3639 4164//3417
f 4169//3639 4167//3637 4164//3417
f 4164//3417 4167//3637 4166//3636
f 3892//3400 3795//3321 4165//3635
f 3795//3321 3797//3322 4165//3635
f 4165//3635 3797//3322 3799//3324
f 3798//3323 3796//3322 3794//3320
f 1983//1746 1981//1744 3867//3378
f 1980//1743 1982//1745 3880//3390
f 1982//1745 4159//3632 3880//3390
f 3880//3390 4159//3632 3878//3388
f 4159//3632 4161//3633 3878//3388
f 3878//3388 4161//3633 3877//3387
f 1932//1703 1840//1621 3879//3389
f 1840//1621 1836//1618 3879//3389
f 1984//1747 1787//1571 4160//1961
f 1787//1571 1789//1574 4160//1961
f 4160//1961 1789//1574 4162//1961
f 1789//1574 1791//1576 4162//1961
f 4162//1961 1791//1576 1793//1578
f 1970//1732 2219//1946 2045//390
f 3898//3406 4173//3642 4175//3644
f 4168//3638 4170//3640 4174//3643
f 3791//3317 3793//3319 3789//3315
f 3793//3319 2231//1954 3789//3315
f 3789//3315 2231//1954 2233//1956
f 1804//1588 1802//1586 4163//3634
f 1808//1592 1806//1590 2221//1948
f 2229//1953 2227//1951 1804//1588
f 2227//1951 2225//1950 1804//1588
f 1804//1588 2225//1950 1806//1590
f 3890//3399 3888//3397 3795//3321
f 3888//3397 3886//3396 3795//3321
f 3795//3321 3886//3396 3793//3319
f 3890//3399 3795//3321 3892//3400
f 3892//3400 4168//3638 3894//3402
f 4168//3638 3895//3403 3894//3402
f 3905//3412 3903//3410 3907//3408
f 3903//3410 3902//3410 3907//3408
f 3907//3408 3902//3410 3900//3408
f 1588//1391 1589//1392 4176//3645
f 1589//1392 1591//1394 4176//3645
f 4176//3645 1591//1394 3904//3411
f 1591//1394 4177//1395 3904//3411
f 3904//3411 4177//1395 4178//3646
f 4177//1395 509//434 4178//3646
f 4178//3646 509//434 507//432
f 1588//1391 4176//3645 3906//3413
f 1497//1310 1590//1393 1495//1308
f 1590//1393 1493//1306 1495//1308
f 1498//1311 1496//1309 4179//1308
f 1496//1309 1494//1307 4179//1308
f 4179//1308 1494//1307 4180//3647
f 1494//1307 3554//3113 4180//3647
f 4180//3647 3554//3113 3946//3449
f 3941//3444 3940//3443 4181//3648
f 3940//3443 3938//1317 4181//3648
f 4181//3648 3938//1317 3947//3450
f 3938//1317 1502//1315 3947//3450
f 3947//3450 1502//1315 1501//1314
f 3941//3444 4181//3648 3945//3448
f 3939//3442 3285//2870 4182//3649
f 3285//2870 1511//1323 4182//3649
f 4182//3649 1511//1323 1509//1321
f 3939//3442 4182//3649 1507//1319
f 4182//3649 1509//1321 1507//1319
f 3947//3450 3945//3448 4181//3648
f 4179//1308 4180//3647 1498//1311
f 1498//1311 4180//3647 3946//3449
f 3904//3411 3906//3413 4176//3645
f 3897//3405 3899//3407 503//428
f 3899//3407 3901//3409 503//428
f 503//428 3901//3409 505//430
f 3897//3405 503//428 501//426
f 495//421 4183//1734 497//422
f 4183//1734 3889//3398 497//422
f 497//422 3889//3398 499//424
f 3889//3398 3891//3398 499//424
f 499//424 3891//3398 3893//3401
f 495//421 2260//1734 4183//1734
f 2260//1734 4184//3650 4183//1734
f 4183//1734 4184//3650 3887//1734
f 4184//3650 3882//3392 3887//1734
f 3887//1734 3882//3392 3885//3395
f 3882//3392 3884//3394 3885//3395
f 3883//3393 3884//3394 3882//3392
f 19//16 2223//15 2246//1968
f 2223//15 2224//1949 2246//1968
f 2246//1968 2224//1949 2226//1949
f 1198//1053 3984//3479 1196//1051
f 1203//1058 1201//1056 1199//1054
f 3397//2970 4087//3572 3396//2969
f 4087//3572 4083//3569 3396//2969
f 3396//2969 4083//3569 3394//2967
f 1204//1059 3395//2968 1202//1057
f 3395//2968 3393//2966 1202//1057
f 1202//1057 3393//2966 3391//2964
f 4087//3572 4088//3573 4185//3651
f 4088//3573 3206//2799 4185//3651
f 4185//3651 3206//2799 4186//3652
f 3206//2799 3204//2797 4186//3652
f 4186//3652 3204//2797 4085//3571
f 3370//2944 3372//2946 4086//2946
f 3371//2945 3198//2792 4073//3559
f 3198//2792 3196//2790 4073//3559
f 4073//3559 3196//2790 4075//3561
f 3196//2790 4077//3563 4075//3561
f 569//488 567//486 3187//2781
f 567//486 4187//2782 3187//2781
f 3187//2781 4187//2782 3188//2782
f 4187//2782 4188//3653 3188//2782
f 3188//2782 4188//3653 4078//3564
f 4188//3653 4189//3654 4078//3564
f 4078//3564 4189//3654 4076//3562
f 4189//3654 4190//3655 4076//3562
f 4076//3562 4190//3655 4191//3656
f 4190//3655 4192//3657 4191//3656
f 4191//3656 4192//3657 4193//3658
f 4192//3657 4194//3659 4193//3658
f 4193//3658 4194//3659 4195//3660
f 4194//3659 551//471 4195//3660
f 4195//3660 551//471 549//469
f 494//420 496//420 4196//3661
f 496//420 4197//418 4196//3661
f 4196//3661 4197//418 492//418
f 4197//418 4198//3662 492//418
f 492//418 4198//3662 4199//3663
f 4198//3662 4200//3664 4199//3663
f 4199//3663 4200//3664 4201//3665
f 4200//3664 4202//3666 4201//3665
f 4201//3665 4202//3666 4203//3667
f 4202//3666 4204//3668 4203//3667
f 4203//3667 4204//3668 4205//3669
f 4204//3668 4206//3670 4205//3669
f 4205//3669 4206//3670 4207//3671
f 4206//3670 4208//3672 4207//3671
f 4207//3671 4208//3672 4209//3673
f 4208//3672 4210//3674 4209//3673
f 4209//3673 4210//3674 4211//3675
f 4210//3674 4212//3676 4211//3675
f 4211//3675 4212//3676 4213//3677
f 4212//3676 4214//3678 4213//3677
f 4213//3677 4214//3678 4215//3679
f 4214//3678 4216//3678 4215//3679
f 4215//3679 4216//3678 4217//3680
f 4216//3678 4218//3681 4217//3680
f 4217//3680 4218//3681 4219//3682
f 4218//3681 4220//3683 4219//3682
f 4219//3682 4220//3683 4221//3684
f 4220//3683 4222//3685 4221//3684
f 4221//3684 4222//3685 4223//3684
f 4222//3685 4224//3685 4223//3684
f 4223//3684 4224//3685 4225//3686
f 4224//3685 4226//3687 4225//3686
f 4225//3686 4226//3687 4227//3688
f 4226//3687 4228//3688 4227//3688
f 4227//3688 4228//3688 4229//3689
f 4228//3688 4230//3690 4229//3689
f 4229//3689 4230//3690 4231//3689
f 4230//3690 4232//3691 4231//3689
f 4231//3689 4232//3691 4233//3692
f 4232//3691 4234//3693 4233//3692
f 4233//3692 4234//3693 4235//3694
f 4234//3693 4236//3695 4235//3694
f 4235//3694 4236//3695 4237//3695
f 4236//3695 4238//3696 4237//3695
f 4237//3695 4238//3696 4239//3695
f 4238//3696 4240//3697 4239//3695
f 4239//3695 4240//3697 4241//3698
f 4240//3697 4242//3699 4241//3698
f 4241//3698 4242//3699 4243//3700
f 4242//3699 4244//3701 4243//3700
f 4243//3700 4244//3701 4245//3701
f 4244//3701 4246//3702 4245//3701
f 4245//3701 4246//3702 4247//3703
f 4246//3702 4248//3702 4247//3703
f 4247//3703 4248//3702 4249//3704
f 4248//3702 4250//3705 4249//3704
f 4249//3704 4250//3705 4251//3706
f 4250//3705 4252//3707 4251//3706
f 4251//3706 4252//3707 4253//3708
f 4252//3707 4254//3709 4253//3708
f 4253//3708 4254//3709 4255//3710
f 4254//3709 4256//3711 4255//3710
f 4255//3710 4256//3711 4257//3712
f 4256//3711 532//454 4257//3712
f 4257//3712 532//454 4258//3713
f 532//454 4259//3714 4258//3713
f 4258//3713 4259//3714 4260//3712
f 4259//3714 4261//3715 4260//3712
f 4260//3712 4261//3715 4262//3716
f 4261//3715 4263//3717 4262//3716
f 4262//3716 4263//3717 4264//3716
f 4263//3717 4265//475 4264//3716
f 4264//3716 4265//475 4266//3718
f 4265//475 556//475 4266//3718
f 4266//3718 556//475 4267//3718
f 556//475 4268//3719 4267//3718
f 4267//3718 4268//3719 4269//3720
f 4268//3719 560//479 4269//3720
f 4269//3720 560//479 4270//3721
f 560//479 4271//3722 4270//3721
f 4270//3721 4271//3722 4272//3723
f 4271//3722 4273//3724 4272//3723
f 4272//3723 4273//3724 4274//3725
f 4273//3724 4275//3726 4274//3725
f 4274//3725 4275//3726 4276//3727
f 4275//3726 576//495 4276//3727
f 4276//3727 576//495 4277//495
f 576//495 578//497 4277//495
f 4277//495 578//497 4278//3728
f 578//497 580//499 4278//3728
f 4278//3728 580//499 4279//3729
f 580//499 4067//3553 4279//3729
f 4279//3729 4067//3553 4277//495
f 4067//3553 4065//3551 4277//495
f 4277//495 4065//3551 4280//3730
f 4065//3551 4281//3551 4280//3730
f 4280//3730 4281//3551 4282//3731
f 4281//3551 4283//3732 4282//3731
f 4282//3731 4283//3732 4284//3733
f 4283//3732 4285//3734 4284//3733
f 4284//3733 4285//3734 4053//3539
f 4285//3734 4054//3540 4053//3539
f 4072//3558 4057//3543 4068//3554
f 4057//3543 4064//3550 4068//3554
f 4068//3554 4064//3550 4066//3552
f 4057//3543 4056//3542 4063//3549
f 4056//3542 4054//3540 4063//3549
f 4063//3549 4054//3540 4065//3551
f 4054//3540 4283//3732 4065//3551
f 4065//3551 4283//3732 4281//3551
f 4039//3526 4037//3524 4286//3526
f 4037//3524 4058//3544 4286//3526
f 4286//3526 4058//3544 4287//3735
f 4058//3544 4060//3546 4287//3735
f 4287//3735 4060//3546 4041//3528
f 4060//3546 4062//3548 4041//3528
f 4041//3528 4062//3548 4043//3529
f 4033//3520 4055//3541 4035//3522
f 4055//3541 4037//3524 4035//3522
f 4041//3528 4039//3526 4287//3735
f 4039//3526 4286//3526 4287//3735
f 4032//3519 4034//3521 4288//3736
f 4034//3521 4036//3523 4288//3736
f 4288//3736 4036//3523 4289//3737
f 4036//3523 4290//3523 4289//3737
f 4289//3737 4290//3523 4291//3738
f 4290//3523 4292//3739 4291//3738
f 4291//3738 4292//3739 4293//3740
f 4292//3739 4294//3739 4293//3740
f 4293//3740 4294//3739 4295//3741
f 4294//3739 4296//3742 4295//3741
f 4295//3741 4296//3742 4297//3743
f 4296//3742 4298//3744 4297//3743
f 4297//3743 4298//3744 4299//3745
f 4298//3744 4300//3746 4299//3745
f 4299//3745 4300//3746 4301//3747
f 4300//3746 4302//3747 4301//3747
f 4301//3747 4302//3747 4303//3748
f 4302//3747 4304//3748 4303//3748
f 4303//3748 4304//3748 4305//3749
f 4304//3748 4306//3750 4305//3749
f 4305//3749 4306//3750 4307//3751
f 4306//3750 4308//3752 4307//3751
f 4307//3751 4308//3752 1704//1496
f 4308//3752 1702//1494 1704//1496
f 1696//1489 1698//1491 4158//3631
f 1698//1491 4309//3753 4158//3631
f 4158//3631 4309//3753 4156//3630
f 4309//3753 4310//3754 4156//3630
f 4156//3630 4310//3754 4154//3627
f 4310//3754 4311//3755 4154//3627
f 4154//3627 4311//3755 4152//3627
f 4311//3755 4312//3756 4152//3627
f 4152//3627 4312//3756 4150//3625
f 4312//3756 4313//3757 4150//3625
f 4150//3625 4313//3757 4149//3624
f 4313//3757 4314//3758 4149//3624
f 4149//3624 4314//3758 4148//3623
f 4314//3758 4292//3739 4148//3623
f 4148//3623 4292//3739 4146//3621
f 4292//3739 4290//3523 4146//3621
f 4146//3621 4290//3523 4145//3620
f 4290//3523 4036//3523 4145//3620
f 4291//3738 4293//3740 4289//3737
f 4293//3740 4295//3741 4289//3737
f 4289//3737 4295//3741 4297//3743
f 4032//3519 4288//3736 4315//3759
f 4288//3736 4289//3737 4315//3759
f 4315//3759 4289//3737 4316//3760
f 4289//3737 4297//3743 4316//3760
f 4316//3760 4297//3743 4317//3761
f 4297//3743 4318//3762 4317//3761
f 4317//3761 4318//3762 4319//3763
f 4318//3762 4320//3764 4319//3763
f 4319//3763 4320//3764 4321//3765
f 4320//3764 4322//3766 4321//3765
f 4321//3765 4322//3766 4323//3767
f 4322//3766 4324//3768 4323//3767
f 4323//3767 4324//3768 4325//3769
f 4324//3768 4326//3770 4325//3769
f 4325//3769 4326//3770 4327//3771
f 4326//3770 4328//3772 4327//3771
f 4327//3771 4328//3772 1718//290
f 4328//3772 4329//3773 1718//290
f 1718//290 4329//3773 1716//1507
f 4329//3773 1714//1505 1716//1507
f 1706//1496 1708//1499 4330//3774
f 1708//1499 4331//3775 4330//3774
f 4330//3774 4331//3775 4332//3776
f 4331//3775 4333//3744 4332//3776
f 4332//3776 4333//3744 4334//3776
f 4333//3744 4335//3777 4334//3776
f 4334//3776 4335//3777 4336//3778
f 4335//3777 4337//3779 4336//3778
f 4336//3778 4337//3779 4338//3780
f 4337//3779 4339//3781 4338//3780
f 4338//3780 4339//3781 4340//3782
f 4339//3781 4320//3764 4340//3782
f 4340//3782 4320//3764 4341//3783
f 4320//3764 4318//3762 4341//3783
f 4341//3783 4318//3762 4338//3780
f 4318//3762 4297//3743 4338//3780
f 4338//3780 4297//3743 4299//3745
f 4298//3744 4296//3742 4300//3746
f 4296//3742 4294//3739 4300//3746
f 4300//3746 4294//3739 4342//3746
f 4294//3739 4314//3758 4342//3746
f 4342//3746 4314//3758 4313//3757
f 1704//1496 1706//1496 4307//3751
f 1706//1496 4330//3774 4307//3751
f 4307//3751 4330//3774 4305//3749
f 4330//3774 4332//3776 4305//3749
f 4305//3749 4332//3776 4303//3748
f 4332//3776 4334//3776 4303//3748
f 4303//3748 4334//3776 4301//3747
f 4334//3776 4343//3780 4301//3747
f 4301//3747 4343//3780 4299//3745
f 4343//3780 4338//3780 4299//3745
f 4338//3780 4343//3780 4336//3778
f 4340//3782 4341//3783 4338//3780
f 4320//3764 4339//3781 4328//3772
f 4339//3781 4344//3784 4328//3772
f 4328//3772 4344//3784 4345//3785
f 4344//3784 4337//3779 4345//3785
f 4345//3785 4337//3779 1714//1505
f 4337//3779 4346//3777 1714//1505
f 1714//1505 4346//3777 4347//1501
f 4346//3777 4333//3744 4347//1501
f 4347//1501 4333//3744 1710//1501
f 4333//3744 4331//3775 1710//1501
f 1710//1501 4331//3775 1708//1499
f 4337//3779 4335//3777 4346//3777
f 4337//3779 4344//3784 4339//3781
f 4334//3776 4336//3778 4343//3780
f 1710//1501 1712//1503 4347//1501
f 1712//1503 1714//1505 4347//1501
f 1714//1505 4329//3773 4345//3785
f 4333//3744 4346//3777 4335//3777
f 1717//1508 1715//1506 2263//1983
f 1711//1502 2269//1982 2265//1985
f 4328//3772 4345//3785 4329//3773
f 4032//3519 4315//3759 4319//3763
f 4315//3759 4316//3760 4319//3763
f 4319//3763 4316//3760 4317//3761
f 4278//3728 4279//3729 4277//495
f 572//491 574//493 4348//3786
f 574//493 576//495 4348//3786
f 4348//3786 576//495 4275//3726
f 560//479 4349//3787 4350//3788
f 4349//3787 564//483 4350//3788
f 4350//3788 564//483 4351//3789
f 564//483 566//485 4351//3789
f 4351//3789 566//485 4352//3790
f 566//485 568//487 4352//3790
f 4352//3790 568//487 4348//3786
f 568//487 570//489 4348//3786
f 4348//3786 570//489 572//491
f 4188//3653 4187//2782 4189//3654
f 4187//2782 567//486 4189//3654
f 4189//3654 567//486 565//484
f 4191//3656 3375//2949 4074//3560
f 3375//2949 3373//2947 4074//3560
f 4074//3560 3373//2947 3371//2945
f 3374//2948 4086//2946 3372//2946
f 4087//3572 4185//3651 4084//3570
f 4185//3651 4186//3652 4084//3570
f 4084//3570 4186//3652 4085//3571
f 4342//3746 4313//3757 4353//3791
f 4313//3757 4312//3756 4353//3791
f 4353//3791 4312//3756 4354//3792
f 4312//3756 4311//3755 4354//3792
f 4354//3792 4311//3755 4355//3754
f 4311//3755 4310//3754 4355//3754
f 4355//3754 4310//3754 4356//3793
f 4310//3754 4309//3753 4356//3793
f 4356//3793 4309//3753 1700//1492
f 4309//3753 1698//1491 1700//1492
f 4300//3746 4342//3746 4302//3747
f 4342//3746 4353//3791 4302//3747
f 4302//3747 4353//3791 4304//3748
f 4353//3791 4354//3792 4304//3748
f 4304//3748 4354//3792 4306//3750
f 4354//3792 4355//3754 4306//3750
f 4306//3750 4355//3754 4308//3752
f 4355//3754 4356//3793 4308//3752
f 4308//3752 4356//3793 1702//1494
f 4356//3793 1700//1492 1702//1494
f 4294//3739 4292//3739 4314//3758
f 3633//3182 3631//3180 4010//3498
f 3631//3180 3600//3153 4010//3498
f 4010//3498 3600//3153 3599//3152
f 4042//3529 4357//3529 4147//3622
f 4357//3529 3448//3018 4147//3622
f 4147//3622 3448//3018 3450//3020
f 3452//3022 3454//3024 4151//3626
f 3454//3024 3733//3266 4151//3626
f 4151//3626 3733//3266 4153//3628
f 3733//3266 4358//3794 4153//3628
f 4153//3628 4358//3794 4155//3629
f 4358//3794 4359//1480 4155//3629
f 4155//3629 4359//1480 4157//3631
f 4359//1480 1688//1482 4157//3631
f 4157//3631 1688//1482 1690//1484
f 4147//3622 4040//3527 4042//3529
f 4042//3529 4044//3530 4357//3529
f 4044//3530 3446//3016 4357//3529
f 4357//3529 3446//3016 3448//3018
f 4061//3547 586//505 588//507
f 1705//1497 2289//2002 2293//2006
f 2289//2002 2288//2001 2293//2006
f 2293//2006 2288//2001 2292//2005
f 2288//2001 2287//2000 2292//2005
f 2292//2005 2287//2000 2291//2004
f 2287//2000 2286//1999 2291//2004
f 2291//2004 2286//1999 2290//2003
f 2286//1999 2285//1998 2290//2003
f 2290//2003 2285//1998 2274//1990
f 1703//1495 2289//2002 1705//1497
f 1688//1482 4359//1480 1686//1480
f 4359//1480 4360//3795 1686//1480
f 1686//1480 4360//3795 1684//1478
f 4360//3795 3737//3269 1684//1478
f 1684//1478 3737//3269 3739//3271
f 4359//1480 4358//3794 4360//3795
f 4358//3794 3735//3268 4360//3795
f 4360//3795 3735//3268 3737//3269
f 3735//3268 4358//3794 3733//3266
f 3460//3030 3736//3028 3458//3028
f 3736//3028 3734//3267 3458//3028
f 3458//3028 3734//3267 3456//3026
f 3736//3028 3460//3030 3738//3270
f 3600//3153 3631//3180 3601//3154
f 3938//1317 1504//1317 1502//1315
f 1591//1394 1592//1395 4177//1395
f 1592//1395 517//439 4177//1395
f 4177//1395 517//439 509//434
f 517//439 515//437 509//434
f 509//434 515//437 513//434
f 1592//1395 519//441 517//439
f 505//430 3904//3411 507//432
f 3904//3411 4178//3646 507//432
f 4200//3664 4198//3662 4361//3796
f 4198//3662 4362//3797 4361//3796
f 4361//3796 4362//3797 4363//3798
f 4362//3797 4364//3797 4363//3798
f 4363//3798 4364//3797 4365//3799
f 4364//3797 4366//3800 4365//3799
f 4365//3799 4366//3800 4367//3801
f 4366//3800 4368//3802 4367//3801
f 4367//3801 4368//3802 4369//3803
f 4368//3802 4370//3804 4369//3803
f 4369//3803 4370//3804 4371//3805
f 4370//3804 4372//3806 4371//3805
f 4371//3805 4372//3806 508//433
f 4372//3806 504//429 508//433
f 508//433 504//429 506//431
f 4362//3797 4198//3662 4368//3802
f 4198//3662 4373//3807 4368//3802
f 4368//3802 4373//3807 4374//3808
f 4373//3807 4375//3809 4374//3808
f 4374//3808 4375//3809 4372//3806
f 4375//3809 502//427 4372//3806
f 4372//3806 502//427 504//429
f 4198//3662 4197//418 4376//3810
f 4197//418 496//420 4376//3810
f 4376//3810 496//420 4375//3809
f 496//420 500//425 4375//3809
f 4375//3809 500//425 502//427
f 496//420 498//423 500//425
f 3887//1734 3889//3398 4183//1734
f 2250//1972 3882//3392 4377//3811
f 3882//3392 4184//3650 4377//3811
f 4377//3811 4184//3650 2252//1974
f 4184//3650 2260//1734 2252//1974
f 2252//1974 2260//1734 2258//1980
f 2250//1972 4377//3811 2252//1974
f 2294//2007 2245//1967 2298//2010
f 2245//1967 2247//1969 2298//2010
f 2298//2010 2247//1969 2300//2012
f 2247//1969 2248//1970 2300//2012
f 2300//2012 2248//1970 2251//1973
f 2248//1970 2249//1971 2251//1973
f 545//465 543//464 3386//2959
f 543//464 541//463 3386//2959
f 3386//2959 541//463 3388//2961
f 541//463 3983//3478 3388//2961
f 3388//2961 3983//3478 4378//3812
f 3983//3478 1198//1053 4378//3812
f 4378//3812 1198//1053 1200//1055
f 1202//1057 3388//2961 1200//1055
f 3388//2961 4378//3812 1200//1055
f 553//473 551//471 4379//3813
f 551//471 4380//3814 4379//3813
f 4379//3813 4380//3814 4381//3815
f 4380//3814 4192//3657 4381//3815
f 4381//3815 4192//3657 563//482
f 4192//3657 4190//3655 563//482
f 563//482 4190//3655 565//484
f 4190//3655 4189//3654 565//484
f 4191//3656 4074//3560 4076//3562
f 560//479 4350//3788 4382//3816
f 4350//3788 4351//3789 4382//3816
f 4382//3816 4351//3789 4273//3724
f 4351//3789 4352//3790 4273//3724
f 4273//3724 4352//3790 4383//3817
f 4352//3790 4348//3786 4383//3817
f 4383//3817 4348//3786 4275//3726
f 4273//3724 4383//3817 4275//3726
f 4276//3727 4277//495 4384//3818
f 4277//495 4280//3730 4384//3818
f 4384//3818 4280//3730 4385//3819
f 4280//3730 4282//3731 4385//3819
f 4385//3819 4282//3731 4386//3820
f 4282//3731 4387//3821 4386//3820
f 4386//3820 4387//3821 4388//3822
f 4387//3821 4389//3823 4388//3822
f 4388//3822 4389//3823 4390//3824
f 4389//3823 4391//3825 4390//3824
f 4390//3824 4391//3825 4392//3826
f 4391//3825 4284//3733 4392//3826
f 4392//3826 4284//3733 4393//3827
f 4284//3733 4052//3538 4393//3827
f 4393//3827 4052//3538 4394//3828
f 4052//3538 4051//3537 4394//3828
f 4394//3828 4051//3537 4049//3535
f 4323//3767 4395//3829 4396//3830
f 4395//3829 4397//3831 4396//3830
f 4396//3830 4397//3831 4398//3830
f 4397//3831 4399//3832 4398//3830
f 4398//3830 4399//3832 4323//3767
f 4399//3832 4028//3515 4323//3767
f 4323//3767 4028//3515 4321//3765
f 4028//3515 4400//3833 4321//3765
f 4321//3765 4400//3833 4319//3763
f 4400//3833 4030//3517 4319//3763
f 4319//3763 4030//3517 4032//3519
f 4030//3517 4400//3833 4028//3515
f 4020//3507 4022//3509 4401//3834
f 4022//3509 4024//3511 4401//3834
f 4401//3834 4024//3511 4402//3835
f 4024//3511 4397//3831 4402//3835
f 4402//3835 4397//3831 4403//3836
f 4397//3831 4404//3837 4403//3836
f 4403//3836 4404//3837 4405//3838
f 4404//3837 4406//3839 4405//3838
f 4405//3838 4406//3839 4407//3840
f 4406//3839 4408//3841 4407//3840
f 4407//3840 4408//3841 4409//3842
f 4408//3841 4410//3843 4409//3842
f 4409//3842 4410//3843 2309//2021
f 4410//3843 4411//3844 2309//2021
f 2309//2021 4411//3844 4412//3769
f 4411//3844 4325//3769 4412//3769
f 4412//3769 4325//3769 2305//2017
f 4325//3769 4327//3771 2305//2017
f 2305//2017 4327//3771 4413//3845
f 4327//3771 1718//290 4413//3845
f 4413//3845 1718//290 348//290
f 2305//2017 4413//3845 348//290
f 4191//3656 4193//3658 3375//2949
f 4193//3658 4414//3846 3375//2949
f 3375//2949 4414//3846 3377//2951
f 4414//3846 4415//3847 3377//2951
f 3377//2951 4415//3847 4416//3848
f 4415//3847 4417//3849 4416//3848
f 4416//3848 4417//3849 3381//2955
f 4417//3849 4418//3850 3381//2955
f 3381//2955 4418//3850 4419//3851
f 4418//3850 545//465 4419//3851
f 4419//3851 545//465 3383//2798
f 4087//3572 4084//3570 4083//3569
f 4270//3721 4420//3852 4421//3852
f 4420//3852 4422//3853 4421//3852
f 4421//3852 4422//3853 4423//3854
f 4422//3853 4274//3725 4423//3854
f 4423//3854 4274//3725 4385//3819
f 4274//3725 4276//3727 4385//3819
f 4385//3819 4276//3727 4384//3818
f 4054//3540 4285//3734 4283//3732
f 4053//3539 4052//3538 4284//3733
f 4322//3766 4320//3764 4324//3768
f 4320//3764 4328//3772 4324//3768
f 4324//3768 4328//3772 4326//3770
f 536//458 538//460 4424//3855
f 538//460 540//462 4424//3855
f 4424//3855 540//462 4425//3856
f 540//462 4426//3857 4425//3856
f 4425//3856 4426//3857 4427//3858
f 4426//3857 544//464 4427//3858
f 4427//3858 544//464 4428//3858
f 544//464 546//466 4428//3858
f 4428//3858 546//466 554//473
f 546//466 548//468 554//473
f 554//473 548//468 550//470
f 4259//3714 532//454 4424//3855
f 532//454 534//456 4424//3855
f 4424//3855 534//456 536//458
f 535//457 533//455 1503//1316
f 533//455 531//453 1503//1316
f 1503//1316 531//453 529//451
f 529//451 527//449 1503//1316
f 526//448 528//450 4429//3859
f 528//450 530//452 4429//3859
f 4429//3859 530//452 4430//3860
f 530//452 4431//3861 4430//3860
f 4430//3860 4431//3861 4432//3862
f 4431//3861 4254//3709 4432//3862
f 4432//3862 4254//3709 4252//3707
f 4433//3863 4434//3864 4435//3865
f 4434//3864 4436//3866 4435//3865
f 4435//3865 4436//3866 4437//3867
f 4436//3866 4438//3868 4437//3867
f 4437//3867 4438//3868 4439//3869
f 4438//3868 4440//3870 4439//3869
f 4439//3869 4440//3870 4441//3871
f 4440//3870 4442//3872 4441//3871
f 4441//3871 4442//3872 4443//3873
f 4442//3872 4444//3874 4443//3873
f 4443//3873 4444//3874 4445//3875
f 4444//3874 4446//3876 4445//3875
f 4445//3875 4446//3876 4447//3877
f 4446//3876 4448//3878 4447//3877
f 4447//3877 4448//3878 4449//3879
f 4448//3878 4444//3874 4449//3879
f 4449//3879 4444//3874 4450//3880
f 4444//3874 4451//3881 4450//3880
f 4450//3880 4451//3881 4452//3882
f 4451//3881 4453//3883 4452//3882
f 4452//3882 4453//3883 4454//3884
f 4453//3883 4455//3885 4454//3884
f 4454//3884 4455//3885 4456//3886
f 4455//3885 4457//3887 4456//3886
f 4456//3886 4457//3887 4458//3886
f 4457//3887 4459//3888 4458//3886
f 4458//3886 4459//3888 4460//3685
f 4459//3888 4461//3889 4460//3685
f 4460//3685 4461//3889 4462//3890
f 4461//3889 4463//3891 4462//3890
f 4462//3890 4463//3891 4464//3892
f 4463//3891 4465//3893 4464//3892
f 4464//3892 4465//3893 4466//3894
f 4465//3893 4467//3895 4466//3894
f 4466//3894 4467//3895 4468//3896
f 4467//3895 4469//3897 4468//3896
f 4468//3896 4469//3897 4470//3898
f 4469//3897 4471//3898 4470//3898
f 4470//3898 4471//3898 4472//3898
f 4471//3898 4434//3864 4472//3898
f 4472//3898 4434//3864 4473//3899
f 4434//3864 4433//3863 4473//3899
f 4473//3899 4433//3863 4474//3899
f 4433//3863 4475//3900 4474//3899
f 4474//3899 4475//3900 4476//3901
f 4475//3900 4477//3902 4476//3901
f 4476//3901 4477//3902 4478//3903
f 4477//3902 522//444 4478//3903
f 4478//3903 522//444 4429//3859
f 522//444 524//446 4429//3859
f 4429//3859 524//446 526//448
f 518//440 520//442 4479//3904
f 520//442 522//444 4479//3904
f 4479//3904 522//444 4480//3905
f 522//444 4481//3906 4480//3905
f 4480//3905 4481//3906 4482//3863
f 4481//3906 4475//3900 4482//3863
f 4482//3863 4475//3900 4433//3863
f 4439//3869 4483//3907 4484//3908
f 4483//3907 4485//3909 4484//3908
f 4484//3908 4485//3909 4486//3910
f 4485//3909 514//436 4486//3910
f 4486//3910 514//436 4479//3904
f 514//436 516//438 4479//3904
f 4479//3904 516//438 518//440
f 513//434 511//434 509//434
f 4210//3674 4208//3672 4487//3911
f 4208//3672 4488//3912 4487//3911
f 4487//3911 4488//3912 4447//3877
f 4488//3912 4489//3877 4447//3877
f 4447//3877 4489//3877 4490//3877
f 4489//3877 4491//3913 4490//3877
f 4490//3877 4491//3913 4492//3914
f 4491//3913 4493//3801 4492//3914
f 4492//3914 4493//3801 4494//3803
f 4493//3801 4369//3803 4494//3803
f 4494//3803 4369//3803 512//435
f 4369//3803 4495//435 512//435
f 512//435 4495//435 510//434
f 4495//435 508//433 510//434
f 508//433 4495//435 4371//3805
f 4372//3806 4370//3804 4374//3808
f 4369//3803 4371//3805 4495//435
f 4375//3809 4373//3807 4376//3810
f 4368//3802 4374//3808 4370//3804
f 4198//3662 4376//3810 4373//3807
f 492//418 494//420 4196//3661
f 2257//1979 2259//1981 491//417
f 2259//1981 2261//417 491//417
f 491//417 2261//417 493//419
f 2258//1980 2256//1978 2252//1974
f 2252//1974 2256//1978 2254//1976
f 2253//1975 2255//1977 2303//2015
f 2300//2012 2251//1973 2302//2014
f 2251//1973 2304//2016 2302//2014
f 2387//2093 2385//2091 2303//2015
f 2385//2091 2383//2091 2303//2015
f 2303//2015 2383//2091 2301//2013
f 2383//2091 2299//2011 2301//2013
f 2296//2008 2297//2009 2383//2091
f 2297//2009 2299//2011 2383//2091
f 3394//2967 4081//3567 3392//2965
f 4081//3567 4080//3566 3392//2965
f 3392//2965 4080//3566 3390//2963
f 4080//3566 3389//2962 3390//2963
f 563//482 561//480 4381//3815
f 561//480 559//478 4381//3815
f 4381//3815 559//478 4379//3813
f 559//478 555//474 4379//3813
f 4379//3813 555//474 553//473
f 564//483 4349//3787 562//481
f 4270//3721 4272//3723 4420//3852
f 4272//3723 4274//3725 4420//3852
f 4420//3852 4274//3725 4422//3853
f 4273//3724 4271//3722 4382//3816
f 4284//3733 4391//3825 4282//3731
f 4391//3825 4389//3823 4282//3731
f 4282//3731 4389//3823 4387//3821
f 4253//3708 4496//3915 4497//3916
f 4496//3915 4498//3915 4497//3916
f 4497//3916 4498//3915 4499//3917
f 4498//3915 4500//3918 4499//3917
f 4499//3917 4500//3918 4501//3919
f 4500//3918 4502//3920 4501//3919
f 4501//3919 4502//3920 4503//3921
f 4502//3920 4504//3921 4503//3921
f 4503//3921 4504//3921 4505//3922
f 4504//3921 4506//3923 4505//3922
f 4505//3922 4506//3923 4507//3924
f 4506//3923 4421//3852 4507//3924
f 4507//3924 4421//3852 4508//3925
f 4421//3852 4423//3854 4508//3925
f 4508//3925 4423//3854 4509//3926
f 4423//3854 4385//3819 4509//3926
f 4509//3926 4385//3819 4510//3820
f 4385//3819 4386//3820 4510//3820
f 4510//3820 4386//3820 4508//3925
f 4386//3820 4388//3822 4508//3925
f 4508//3925 4388//3822 4511//3927
f 4388//3822 4512//3928 4511//3927
f 4511//3927 4512//3928 4513//3929
f 4512//3928 4514//3928 4513//3929
f 4513//3929 4514//3928 4515//3930
f 4514//3928 4516//3931 4515//3930
f 4515//3930 4516//3931 4517//3932
f 4516//3931 4518//3933 4517//3932
f 4517//3932 4518//3933 4519//3934
f 4518//3933 4520//3935 4519//3934
f 4519//3934 4520//3935 4521//3935
f 4520//3935 4522//3936 4521//3935
f 4521//3935 4522//3936 4523//3937
f 4522//3936 4046//3532 4523//3937
f 4523//3937 4046//3532 4524//3938
f 4046//3532 4021//3508 4524//3938
f 4524//3938 4021//3508 4019//3506
f 4026//3513 4028//3515 4525//3760
f 4028//3515 4399//3832 4525//3760
f 4525//3760 4399//3832 4024//3511
f 4399//3832 4397//3831 4024//3511
f 4025//3512 4050//3536 4027//3514
f 4050//3536 4029//3516 4027//3514
f 2305//2017 2307//2019 4412//3769
f 3378//2952 3380//2954 4082//3568
f 4414//3846 4193//3658 4526//3939
f 4193//3658 4195//3660 4526//3939
f 4526//3939 4195//3660 549//469
f 549//469 4417//3849 4526//3939
f 4417//3849 4415//3847 4526//3939
f 4526//3939 4415//3847 4414//3846
f 3377//2951 4416//3848 3379//2953
f 4192//3657 4380//3814 4194//3659
f 4411//3844 4527//3940 4325//3769
f 4527//3940 4395//3829 4325//3769
f 4325//3769 4395//3829 4323//3767
f 4323//3767 4396//3830 4398//3830
f 2309//2021 4412//3769 2307//2019
f 4397//3831 4395//3829 4410//3843
f 4395//3829 4527//3940 4410//3843
f 4410//3843 4527//3940 4411//3844
f 4026//3513 4525//3760 4024//3511
f 4522//3936 4520//3935 4528//3941
f 4520//3935 4529//3942 4528//3941
f 4528//3941 4529//3942 4049//3535
f 4529//3942 4530//3943 4049//3535
f 4049//3535 4530//3943 4394//3828
f 4530//3943 4393//3827 4394//3828
f 4516//3931 4514//3928 4531//3944
f 4514//3928 4532//3945 4531//3944
f 4531//3944 4532//3945 4533//3946
f 4532//3945 4390//3824 4533//3946
f 4533//3946 4390//3824 4530//3943
f 4390//3824 4392//3826 4530//3943
f 4530//3943 4392//3826 4393//3827
f 4508//3925 4509//3926 4510//3820
f 560//479 4382//3816 4271//3722
f 562//481 4349//3787 560//479
f 551//471 4194//3659 4380//3814
f 3381//2955 3379//2953 4416//3848
f 3382//2956 4082//3568 3380//2954
f 481//407 479//405 2483//2175
f 479//405 4534//3947 2483//2175
f 2483//2175 4534//3947 2482//2174
f 4534//3947 4535//3948 2482//2174
f 2482//2174 4535//3948 2481//2173
f 4535//3948 4536//3949 2481//2173
f 2481//2173 4536//3949 2480//2172
f 4536//3949 4537//2172 2480//2172
f 2480//2172 4537//2172 2479//2171
f 4537//2172 4538//3950 2479//2171
f 2479//2171 4538//3950 2478//2170
f 4538//3950 4539//3951 2478//2170
f 2478//2170 4539//3951 2477//2169
f 4539//3951 459//389 2477//2169
f 2477//2169 459//389 461//391
f 2484//2176 2485//2177 2487//2178
f 544//464 4426//3857 542//463
f 4426//3857 540//462 542//463
f 4261//3715 4259//3714 4540//3952
f 4259//3714 4424//3855 4540//3952
f 4540//3952 4424//3855 4541//3953
f 4424//3855 4425//3856 4541//3953
f 4541//3953 4425//3856 4427//3858
f 530//452 532//454 4542//3954
f 532//454 4256//3711 4542//3954
f 4542//3954 4256//3711 4254//3709
f 4496//3915 4255//3710 4260//3712
f 4255//3710 4257//3712 4260//3712
f 4260//3712 4257//3712 4258//3713
f 4540//3952 4541//3953 4261//3715
f 4541//3953 4427//3858 4261//3715
f 4261//3715 4427//3858 4263//3717
f 4427//3858 4428//3858 4263//3717
f 4263//3717 4428//3858 4265//475
f 4428//3858 554//473 4265//475
f 4265//475 554//473 556//475
f 4254//3709 4431//3861 4542//3954
f 4431//3861 530//452 4542//3954
f 4429//3859 4430//3860 4543//3955
f 4430//3860 4432//3862 4543//3955
f 4543//3955 4432//3862 4544//3956
f 4432//3862 4545//3957 4544//3956
f 4544//3956 4545//3957 4546//3958
f 4545//3957 4547//3959 4546//3958
f 4546//3958 4547//3959 4548//3960
f 4547//3959 4549//3961 4548//3960
f 4548//3960 4549//3961 4550//3962
f 4549//3961 4551//3961 4550//3962
f 4550//3962 4551//3961 4552//3963
f 4551//3961 4553//3964 4552//3963
f 4552//3963 4553//3964 4554//3965
f 4553//3964 4555//3966 4554//3965
f 4554//3965 4555//3966 4556//3967
f 4555//3966 4557//3968 4556//3967
f 4556//3967 4557//3968 4558//3969
f 4557//3968 4559//3970 4558//3969
f 4558//3969 4559//3970 4560//3968
f 4559//3970 4561//3971 4560//3968
f 4560//3968 4561//3971 4562//3972
f 4561//3971 4563//3973 4562//3972
f 4562//3972 4563//3973 4564//3690
f 4563//3973 4230//3690 4564//3690
f 4564//3690 4230//3690 4228//3688
f 4462//3890 4464//3892 4565//3974
f 4464//3892 4466//3894 4565//3974
f 4565//3974 4466//3894 4556//3967
f 4466//3894 4468//3896 4556//3967
f 4556//3967 4468//3896 4554//3965
f 4468//3896 4470//3898 4554//3965
f 4554//3965 4470//3898 4552//3963
f 4470//3898 4472//3898 4552//3963
f 4552//3963 4472//3898 4550//3962
f 4472//3898 4473//3899 4550//3962
f 4550//3962 4473//3899 4548//3960
f 4473//3899 4474//3899 4548//3960
f 4548//3960 4474//3899 4546//3958
f 4474//3899 4476//3901 4546//3958
f 4546//3958 4476//3901 4544//3956
f 4476//3901 4566//3975 4544//3956
f 4544//3956 4566//3975 4543//3955
f 4566//3975 4429//3859 4543//3955
f 4429//3859 4566//3975 4478//3903
f 4475//3900 4481//3906 4477//3902
f 4481//3906 522//444 4477//3902
f 4476//3901 4478//3903 4566//3975
f 4437//3867 4484//3908 4567//3869
f 4484//3908 4568//3976 4567//3869
f 4567//3869 4568//3976 4569//3977
f 4568//3976 4479//3904 4569//3977
f 4569//3977 4479//3904 4480//3905
f 4479//3904 4568//3976 4486//3910
f 4435//3865 4567//3869 4482//3863
f 4567//3869 4569//3977 4482//3863
f 4482//3863 4569//3977 4480//3905
f 4445//3875 4490//3877 4570//3978
f 4490//3877 4492//3914 4570//3978
f 4570//3978 4492//3914 4571//3979
f 4492//3914 4572//3980 4571//3979
f 4571//3979 4572//3980 4573//3907
f 4572//3980 4574//3981 4573//3907
f 4573//3907 4574//3981 4575//3982
f 4574//3981 514//436 4575//3982
f 4575//3982 514//436 4576//3982
f 514//436 4485//3909 4576//3982
f 4576//3982 4485//3909 4483//3907
f 514//436 4574//3981 512//435
f 4574//3981 4577//3983 512//435
f 512//435 4577//3983 4494//3803
f 4577//3983 4572//3980 4494//3803
f 4494//3803 4572//3980 4492//3914
f 4441//3871 4573//3907 4483//3907
f 4573//3907 4575//3982 4483//3907
f 4483//3907 4575//3982 4576//3982
f 4484//3908 4486//3910 4568//3976
f 4572//3980 4577//3983 4574//3981
f 4208//3672 4206//3670 4488//3912
f 4206//3670 4578//3798 4488//3912
f 4488//3912 4578//3798 4489//3877
f 4578//3798 4365//3799 4489//3877
f 4489//3877 4365//3799 4491//3913
f 4365//3799 4367//3801 4491//3913
f 4491//3913 4367//3801 4493//3801
f 4367//3801 4369//3803 4493//3801
f 4366//3800 4364//3797 4368//3802
f 4368//3802 4364//3797 4362//3797
f 4200//3664 4361//3796 4202//3666
f 4361//3796 4363//3798 4202//3666
f 4202//3666 4363//3798 4204//3668
f 4363//3798 4578//3798 4204//3668
f 4204//3668 4578//3798 4206//3670
f 2505//2194 2503//2192 4579//3984
f 2503//2192 468//398 4579//3984
f 4579//3984 468//398 4580//398
f 468//398 470//398 4580//398
f 4580//398 470//398 4581//3985
f 470//398 472//400 4581//3985
f 4581//3985 472//400 4582//3986
f 472//400 474//402 4582//3986
f 4582//3986 474//402 4583//3987
f 474//402 476//403 4583//3987
f 4583//3987 476//403 4584//3988
f 476//403 478//404 4584//3988
f 4584//3988 478//404 4585//3988
f 478//404 480//406 4585//3988
f 4585//3988 480//406 4586//3989
f 480//406 482//408 4586//3989
f 4586//3989 482//408 4587//3990
f 482//408 484//410 4587//3990
f 4587//3990 484//410 4588//410
f 484//410 486//412 4588//410
f 4588//410 486//412 4589//3991
f 486//412 488//414 4589//3991
f 4589//3991 488//414 4201//3665
f 488//414 490//416 4201//3665
f 4201//3665 490//416 4590//3992
f 490//416 492//418 4590//3992
f 4590//3992 492//418 4199//3663
f 4590//3992 4199//3663 4201//3665
f 2395//2101 4591//3993 4592//3994
f 4591//3993 2257//1979 4592//3994
f 4592//3994 2257//1979 4593//3995
f 2257//1979 491//417 4593//3995
f 4593//3995 491//417 489//415
f 483//409 2397//2103 485//411
f 2397//2103 4594//2103 485//411
f 485//411 4594//2103 487//413
f 4594//2103 4593//3995 487//413
f 487//413 4593//3995 489//415
f 2255//1977 2257//1979 2393//2099
f 2257//1979 4591//3993 2393//2099
f 2393//2099 4591//3993 2395//2101
f 2397//2103 2395//2101 4594//2103
f 2395//2101 4592//3994 4594//2103
f 4594//2103 4592//3994 4593//3995
f 2396//2102 2475//2167 2394//2100
f 2475//2167 4595//3996 2394//2100
f 2394//2100 4595//3996 2392//2098
f 4595//3996 2391//2097 2392//2098
f 2473//2165 2388//2094 4595//3996
f 2388//2094 2390//2096 4595//3996
f 4595//3996 2390//2096 2391//2097
f 2303//2015 2389//2095 2387//2093
f 2384//2090 2386//2092 2469//2162
f 3382//2956 3384//2957 3385//2958
f 545//465 4418//3850 547//467
f 4418//3850 4417//3849 547//467
f 547//467 4417//3849 549//469
f 3381//2955 4419//3851 3383//2798
f 550//470 552//472 554//473
f 559//478 557//476 555//474
f 560//479 4268//3719 558//477
f 556//475 558//477 4268//3719
f 4267//3718 4269//3720 4596//3720
f 4269//3720 4270//3721 4596//3720
f 4596//3720 4270//3721 4597//3997
f 4270//3721 4421//3852 4597//3997
f 4597//3997 4421//3852 4598//3998
f 4421//3852 4506//3923 4598//3998
f 4598//3998 4506//3923 4504//3921
f 4496//3915 4262//3716 4498//3915
f 4262//3716 4264//3716 4498//3915
f 4498//3915 4264//3716 4500//3918
f 4264//3716 4266//3718 4500//3918
f 4500//3918 4266//3718 4502//3920
f 4266//3718 4267//3718 4502//3920
f 4502//3920 4267//3718 4504//3921
f 4267//3718 4596//3720 4504//3921
f 4504//3921 4596//3720 4597//3997
f 4504//3921 4597//3997 4598//3998
f 4505//3922 4507//3924 4599//3922
f 4507//3924 4508//3925 4599//3922
f 4599//3922 4508//3925 4600//3999
f 4508//3925 4511//3927 4600//3999
f 4600//3999 4511//3927 4601//4000
f 4511//3927 4513//3929 4601//4000
f 4601//4000 4513//3929 4602//4001
f 4513//3929 4603//4002 4602//4001
f 4602//4001 4603//4002 4604//4003
f 4603//4002 4605//4004 4604//4003
f 4604//4003 4605//4004 4606//4005
f 4605//4004 4607//4006 4606//4005
f 4606//4005 4607//4006 4608//4007
f 4607//4006 4517//3932 4608//4007
f 4608//4007 4517//3932 4609//4008
f 4517//3932 4610//4009 4609//4008
f 4609//4008 4610//4009 4611//4010
f 4610//4009 4239//3695 4611//4010
f 4611//4010 4239//3695 4612//4011
f 4239//3695 4613//4012 4612//4011
f 4612//4011 4613//4012 4243//3700
f 4613//4012 4241//3698 4243//3700
f 4602//4001 4505//3922 4601//4000
f 4505//3922 4599//3922 4601//4000
f 4601//4000 4599//3922 4600//3999
f 4512//3928 4388//3822 4614//3945
f 4388//3822 4390//3824 4614//3945
f 4614//3945 4390//3824 4532//3945
f 4512//3928 4614//3945 4514//3928
f 4514//3928 4614//3945 4532//3945
f 4518//3933 4531//3944 4615//4013
f 4531//3944 4533//3946 4615//4013
f 4615//4013 4533//3946 4616//3735
f 4533//3946 4530//3943 4616//3735
f 4616//3735 4530//3943 4617//4014
f 4530//3943 4529//3942 4617//4014
f 4617//4014 4529//3942 4520//3935
f 4520//3935 4518//3933 4617//4014
f 4518//3933 4615//4013 4617//4014
f 4617//4014 4615//4013 4616//3735
f 4046//3532 4522//3936 4048//3534
f 4522//3936 4528//3941 4048//3534
f 4048//3534 4528//3941 4049//3535
f 4023//3510 4045//3531 4025//3512
f 4045//3531 4047//3533 4025//3512
f 4408//3841 4406//3839 4410//3843
f 4406//3839 4404//3837 4410//3843
f 4410//3843 4404//3837 4397//3831
f 4401//3834 4402//3835 4020//3507
f 4402//3835 4618//4015 4020//3507
f 4020//3507 4618//4015 4018//3505
f 4618//4015 4619//4016 4018//3505
f 4018//3505 4619//4016 4016//3503
f 4619//4016 4620//4017 4016//3503
f 4016//3503 4620//4017 4014//3501
f 4620//4017 4621//2031 4014//3501
f 4014//3501 4621//2031 4012//3500
f 4621//2031 2319//2031 4012//3500
f 4012//3500 2319//2031 2321//2033
f 4402//3835 4403//3836 4618//4015
f 4403//3836 4405//3838 4618//4015
f 4618//4015 4405//3838 4619//4016
f 4405//3838 4622//4018 4619//4016
f 4619//4016 4622//4018 4620//4017
f 4622//4018 4623//4019 4620//4017
f 4620//4017 4623//4019 4621//2031
f 4623//4019 2317//2029 4621//2031
f 4621//2031 2317//2029 2319//2031
f 4623//4019 4622//4018 4624//4020
f 4622//4018 4407//3840 4624//4020
f 4624//4020 4407//3840 2313//2025
f 4407//3840 4409//3842 2313//2025
f 2313//2025 4409//3842 2311//2023
f 4409//3842 2309//2021 2311//2023
f 2308//2020 2368//2076 2310//2022
f 2312//2024 2310//2022 2368//2076
f 4445//3875 4570//3978 4443//3873
f 4570//3978 4573//3907 4443//3873
f 4443//3873 4573//3907 4441//3871
f 4439//3869 4441//3871 4483//3907
f 4573//3907 4570//3978 4571//3979
f 4437//3867 4439//3869 4484//3908
f 4435//3865 4437//3867 4567//3869
f 4433//3863 4435//3865 4482//3863
f 4432//3862 4252//3707 4545//3957
f 4252//3707 4250//3705 4545//3957
f 4545//3957 4250//3705 4547//3959
f 4250//3705 4248//3702 4547//3959
f 4547//3959 4248//3702 4549//3961
f 4248//3702 4246//3702 4549//3961
f 4549//3961 4246//3702 4551//3961
f 4246//3702 4244//3701 4551//3961
f 4551//3961 4244//3701 4553//3964
f 4244//3701 4242//3699 4553//3964
f 4553//3964 4242//3699 4555//3966
f 4242//3699 4240//3697 4555//3966
f 4555//3966 4240//3697 4625//4021
f 4240//3697 4238//3696 4625//4021
f 4625//4021 4238//3696 4559//3970
f 4238//3696 4236//3695 4559//3970
f 4559//3970 4236//3695 4561//3971
f 4236//3695 4234//3693 4561//3971
f 4561//3971 4234//3693 4563//3973
f 4234//3693 4232//3691 4563//3973
f 4563//3973 4232//3691 4230//3690
f 4496//3915 4253//3708 4255//3710
f 4262//3716 4496//3915 4260//3712
f 4612//4011 4243//3700 4626//4022
f 4243//3700 4245//3701 4626//4022
f 4626//4022 4245//3701 4627//4023
f 4245//3701 4247//3703 4627//4023
f 4627//4023 4247//3703 4628//4024
f 4247//3703 4249//3704 4628//4024
f 4628//4024 4249//3704 4629//4025
f 4249//3704 4251//3706 4629//4025
f 4629//4025 4251//3706 4497//3916
f 4251//3706 4253//3708 4497//3916
f 4434//3864 4471//3898 4436//3866
f 4471//3898 4630//4026 4436//3866
f 4436//3866 4630//4026 4438//3868
f 4630//4026 4631//4027 4438//3868
f 4438//3868 4631//4027 4440//3870
f 4631//4027 4632//3872 4440//3870
f 4440//3870 4632//3872 4442//3872
f 4632//3872 4451//3881 4442//3872
f 4442//3872 4451//3881 4444//3874
f 4444//3874 4448//3878 4446//3876
f 4497//3916 4499//3917 4629//4025
f 4499//3917 4633//4028 4629//4025
f 4629//4025 4633//4028 4628//4024
f 4633//4028 4634//4028 4628//4024
f 4628//4024 4634//4028 4627//4023
f 4634//4028 4635//4029 4627//4023
f 4627//4023 4635//4029 4626//4022
f 4635//4029 4609//4008 4626//4022
f 4626//4022 4609//4008 4611//4010
f 4471//3898 4469//3897 4630//4026
f 4469//3897 4636//4030 4630//4026
f 4630//4026 4636//4030 4631//4027
f 4636//4030 4637//4031 4631//4027
f 4631//4027 4637//4031 4632//3872
f 4637//4031 4453//3883 4632//3872
f 4632//3872 4453//3883 4451//3881
f 4210//3674 4638//4032 4639//4033
f 4638//4032 4450//3880 4639//4033
f 4639//4033 4450//3880 4214//3678
f 4450//3880 4452//3882 4214//3678
f 4214//3678 4452//3882 4216//3678
f 4452//3882 4454//3884 4216//3678
f 4216//3678 4454//3884 4218//3681
f 4454//3884 4456//3886 4218//3681
f 4218//3681 4456//3886 4220//3683
f 4456//3886 4458//3886 4220//3683
f 4220//3683 4458//3886 4222//3685
f 4458//3886 4460//3685 4222//3685
f 4222//3685 4460//3685 4224//3685
f 4460//3685 4640//4034 4224//3685
f 4224//3685 4640//4034 4226//3687
f 4640//4034 4564//3690 4226//3687
f 4226//3687 4564//3690 4228//3688
f 4210//3674 4487//3911 4638//4032
f 4487//3911 4641//4035 4638//4032
f 4638//4032 4641//4035 4450//3880
f 4641//4035 4449//3879 4450//3880
f 4499//3917 4501//3919 4633//4028
f 4501//3919 4642//4036 4633//4028
f 4633//4028 4642//4036 4634//4028
f 4642//4036 4606//4005 4634//4028
f 4634//4028 4606//4005 4635//4029
f 4606//4005 4608//4007 4635//4029
f 4635//4029 4608//4007 4609//4008
f 4214//3678 4212//3676 4639//4033
f 4469//3897 4467//3895 4636//4030
f 4467//3895 4643//3887 4636//4030
f 4636//4030 4643//3887 4637//4031
f 4643//3887 4455//3885 4637//4031
f 4637//4031 4455//3885 4453//3883
f 4505//3922 4604//4003 4503//3921
f 4604//4003 4642//4036 4503//3921
f 4503//3921 4642//4036 4501//3919
f 4215//3679 4217//3680 4644//4037
f 4217//3680 4645//4038 4644//4037
f 4644//4037 4645//4038 4646//4037
f 4645//4038 4647//4039 4646//4037
f 4646//4037 4647//4039 4648//4040
f 4647//4039 4649//4041 4648//4040
f 4648//4040 4649//4041 4650//4042
f 4649//4041 4651//4043 4650//4042
f 4650//4042 4651//4043 4652//4044
f 4651//4043 4653//4045 4652//4044
f 4652//4044 4653//4045 4654//4046
f 4653//4045 4655//4047 4654//4046
f 4654//4046 4655//4047 4656//4048
f 4655//4047 4657//4049 4656//4048
f 4656//4048 4657//4049 4658//4050
f 4657//4049 4659//4051 4658//4050
f 4658//4050 4659//4051 4660//4052
f 4659//4051 4585//3988 4660//4052
f 4660//4052 4585//3988 4586//3989
f 4650//4042 4652//4044 4661//4053
f 4652//4044 4662//4044 4661//4053
f 4661//4053 4662//4044 4644//4037
f 4662//4044 4663//4054 4644//4037
f 4644//4037 4663//4054 4215//3679
f 4663//4054 4664//4054 4215//3679
f 4215//3679 4664//4054 4665//4055
f 4664//4054 4666//4056 4665//4055
f 4665//4055 4666//4056 4667//4057
f 4666//4056 4668//4058 4667//4057
f 4667//4057 4668//4058 4669//4058
f 4668//4058 4670//4059 4669//4058
f 4669//4058 4670//4059 4671//4060
f 4670//4059 4672//4061 4671//4060
f 4671//4060 4672//4061 4673//4062
f 4672//4061 4674//4063 4673//4062
f 4673//4062 4674//4063 4675//4064
f 4674//4063 4588//410 4675//4064
f 4675//4064 4588//410 4589//3991
f 4215//3679 4665//4055 4213//3677
f 4665//4055 4667//4057 4213//3677
f 4213//3677 4667//4057 4211//3675
f 4667//4057 4669//4058 4211//3675
f 4211//3675 4669//4058 4209//3673
f 4669//4058 4671//4060 4209//3673
f 4209//3673 4671//4060 4207//3671
f 4671//4060 4673//4062 4207//3671
f 4207//3671 4673//4062 4205//3669
f 4673//4062 4675//4064 4205//3669
f 4205//3669 4675//4064 4203//3667
f 4675//4064 4589//3991 4203//3667
f 4203//3667 4589//3991 4201//3665
f 4467//3895 4465//3893 4643//3887
f 4465//3893 4457//3887 4643//3887
f 4643//3887 4457//3887 4455//3885
f 4604//4003 4606//4005 4642//4036
f 2325//2037 2327//2039 4676//4065
f 2327//2039 2333//2045 4676//4065
f 4676//4065 2333//2045 4677//4066
f 2333//2045 2335//2047 4677//4066
f 4677//4066 2335//2047 4678//4067
f 2335//2047 2337//2049 4678//4067
f 4678//4067 2337//2049 4679//4068
f 2337//2049 2339//2051 4679//4068
f 4679//4068 2339//2051 4680//4069
f 2339//2051 4647//4039 4680//4069
f 4680//4069 4647//4039 4681//4070
f 4647//4039 4645//4038 4681//4070
f 4681//4070 4645//4038 4682//4071
f 4645//4038 4217//3680 4682//4071
f 4682//4071 4217//3680 4683//4070
f 4217//3680 4219//3682 4683//4070
f 4683//4070 4219//3682 4221//3684
f 4661//4053 4644//4037 4650//4042
f 4644//4037 4646//4037 4650//4042
f 4650//4042 4646//4037 4648//4040
f 4465//3893 4463//3891 4457//3887
f 4463//3891 4461//3889 4457//3887
f 4457//3887 4461//3889 4459//3888
f 4564//3690 4640//4034 4562//3972
f 4640//4034 4462//3890 4562//3972
f 4562//3972 4462//3890 4560//3968
f 4462//3890 4565//3974 4560//3968
f 4560//3968 4565//3974 4684//3968
f 4565//3974 4556//3967 4684//3968
f 4684//3968 4556//3967 4558//3969
f 4559//3970 4557//3968 4625//4021
f 4557//3968 4555//3966 4625//4021
f 4611//4010 4612//4011 4626//4022
f 4602//4001 4604//4003 4505//3922
f 4607//4006 4605//4004 4515//3930
f 4605//4004 4603//4002 4515//3930
f 4515//3930 4603//4002 4513//3929
f 4515//3930 4517//3932 4607//4006
f 4241//3698 4613//4012 4239//3695
f 4684//3968 4558//3969 4560//3968
f 4682//4071 4683//4070 4681//4070
f 4683//4070 4221//3684 4681//4070
f 4681//4070 4221//3684 4685//4072
f 4221//3684 4223//3684 4685//4072
f 4685//4072 4223//3684 4686//4073
f 4223//3684 4225//3686 4686//4073
f 4686//4073 4225//3686 4687//4074
f 4225//3686 4227//3688 4687//4074
f 4687//4074 4227//3688 4688//4074
f 4227//3688 4229//3689 4688//4074
f 4688//4074 4229//3689 4689//4075
f 4229//3689 4690//3937 4689//4075
f 4689//4075 4690//3937 4691//4076
f 4690//3937 4524//3938 4691//4076
f 4691//4076 4524//3938 4019//3506
f 4584//3988 4659//4051 4692//4077
f 4659//4051 4657//4049 4692//4077
f 4692//4077 4657//4049 4693//4078
f 4657//4049 4655//4047 4693//4078
f 4693//4078 4655//4047 4694//4079
f 4655//4047 4653//4045 4694//4079
f 4694//4079 4653//4045 2345//2057
f 4653//4045 4651//4043 2345//2057
f 2345//2057 4651//4043 2343//2055
f 4651//4043 4649//4041 2343//2055
f 2343//2055 4649//4041 4695//4080
f 4649//4041 4647//4039 4695//4080
f 4695//4080 4647//4039 2339//2051
f 4587//3990 4674//4063 4696//4081
f 4674//4063 4672//4061 4696//4081
f 4696//4081 4672//4061 4697//4082
f 4672//4061 4670//4059 4697//4082
f 4697//4082 4670//4059 4698//4083
f 4670//4059 4668//4058 4698//4083
f 4698//4083 4668//4058 4699//4084
f 4668//4058 4666//4056 4699//4084
f 4699//4084 4666//4056 4700//4085
f 4666//4056 4663//4054 4700//4085
f 4700//4085 4663//4054 4662//4044
f 4662//4044 4652//4044 4700//4085
f 4652//4044 4654//4046 4700//4085
f 4700//4085 4654//4046 4699//4084
f 4654//4046 4656//4048 4699//4084
f 4699//4084 4656//4048 4698//4083
f 4656//4048 4658//4050 4698//4083
f 4698//4083 4658//4050 4697//4082
f 4658//4050 4660//4052 4697//4082
f 4697//4082 4660//4052 4696//4081
f 4660//4052 4586//3989 4696//4081
f 4696//4081 4586//3989 4587//3990
f 4666//4056 4664//4054 4663//4054
f 4210//3674 4639//4033 4212//3676
f 4447//3877 4449//3879 4487//3911
f 4449//3879 4641//4035 4487//3911
f 4447//3877 4490//3877 4445//3875
f 2475//2167 2473//2165 4595//3996
f 4363//3798 4365//3799 4578//3798
f 4674//4063 4587//3990 4588//410
f 2505//2194 4579//3984 4701//4086
f 4579//3984 4580//398 4701//4086
f 4701//4086 4580//398 4702//4087
f 4580//398 4703//4088 4702//4087
f 4702//4087 4703//4088 4704//4087
f 4703//4088 4705//4089 4704//4087
f 4704//4087 4705//4089 2348//2060
f 4705//4089 4706//4090 2348//2060
f 2348//2060 4706//4090 2347//2059
f 4706//4090 4707//4091 2347//2059
f 2347//2059 4707//4091 2345//2057
f 4707//4091 4694//4079 2345//2057
f 4580//398 4581//3985 4703//4088
f 4581//3985 4708//4092 4703//4088
f 4703//4088 4708//4092 4709//4093
f 4708//4092 4710//4094 4709//4093
f 4709//4093 4710//4094 4707//4091
f 4710//4094 4694//4079 4707//4091
f 4581//3985 4582//3986 4708//4092
f 4582//3986 4711//4095 4708//4092
f 4708//4092 4711//4095 4710//4094
f 4711//4095 4693//4078 4710//4094
f 4710//4094 4693//4078 4694//4079
f 4707//4091 4706//4090 4709//4093
f 4706//4090 4705//4089 4709//4093
f 4709//4093 4705//4089 4703//4088
f 4582//3986 4583//3987 4711//4095
f 4583//3987 4692//4077 4711//4095
f 4711//4095 4692//4077 4693//4078
f 475//403 473//401 4712//4096
f 473//401 471//399 4712//4096
f 4712//4096 471//399 4713//399
f 471//399 469//399 4713//399
f 4713//399 469//399 467//397
f 4692//4077 4583//3987 4584//3988
f 4659//4051 4584//3988 4585//3988
f 477//404 475//403 4534//3947
f 475//403 4712//4096 4534//3947
f 4534//3947 4712//4096 4535//3948
f 4712//4096 4714//4097 4535//3948
f 4535//3948 4714//4097 4536//3949
f 4714//4097 4715//4098 4536//3949
f 4536//3949 4715//4098 4537//2172
f 4715//4098 4716//4099 4537//2172
f 4537//2172 4716//4099 4538//3950
f 4716//4099 4717//4100 4538//3950
f 4538//3950 4717//4100 4539//3951
f 4717//4100 457//387 4539//3951
f 4539//3951 457//387 459//389
f 479//405 477//404 4534//3947
f 4712//4096 4713//399 4714//4097
f 4713//399 4718//4101 4714//4097
f 4714//4097 4718//4101 4715//4098
f 4718//4101 4719//4102 4715//4098
f 4715//4098 4719//4102 4716//4099
f 4719//4102 4720//4103 4716//4099
f 4716//4099 4720//4103 4717//4100
f 4720//4103 455//385 4717//4100
f 4717//4100 455//385 457//387
f 453//383 4720//4103 2515//2203
f 4720//4103 4719//4102 2515//2203
f 2515//2203 4719//4102 443//374
f 4719//4102 4718//4101 443//374
f 443//374 4718//4101 441//372
f 4718//4101 4713//399 441//372
f 441//372 4713//399 467//397
f 455//385 4720//4103 453//383
f 451//381 453//383 449//380
f 453//383 2515//2203 449//380
f 2485//2177 456//386 2564//386
f 456//386 454//384 2564//386
f 2564//386 454//384 4721//4104
f 454//384 4722//4105 4721//4104
f 4721//4104 4722//4105 4723//4106
f 4722//4105 450//379 4723//4106
f 4723//4106 450//379 2558//2242
f 450//379 4724//4107 2558//2242
f 2558//2242 4724//4107 2556//2240
f 4724//4107 4725//4108 2556//2240
f 2556//2240 4725//4108 2554//2238
f 4725//4108 4726//2238 2554//2238
f 2554//2238 4726//2238 2552//2235
f 4726//2238 4727//2235 2552//2235
f 2552//2235 4727//2235 2550//2235
f 4727//2235 4728//4109 2550//2235
f 2550//2235 4728//4109 2548//2233
f 4728//4109 4729//4110 2548//2233
f 2548//2233 4729//4110 2546//2231
f 4729//4110 2544//2229 2546//2231
f 450//379 4722//4105 452//382
f 4722//4105 454//384 452//382
f 2339//2051 2341//2053 4695//4080
f 2341//2053 2343//2055 4695//4080
f 2346//2058 2344//2056 2342//2054
f 4701//4086 4702//4087 2505//2194
f 4702//4087 4704//4087 2505//2194
f 2505//2194 4704//4087 2348//2060
f 4723//4106 2560//2244 4721//4104
f 2560//2244 2562//2246 4721//4104
f 4721//4104 2562//2246 2564//386
f 2493//2182 2491//2179 4730//4111
f 2491//2179 4731//2179 4730//4111
f 4730//4111 4731//2179 2561//2245
f 4731//2179 2565//2177 2561//2245
f 2561//2245 2565//2177 2563//2247
f 2491//2179 2489//2179 4731//2179
f 2489//2179 2566//2248 4731//2179
f 4731//2179 2566//2248 2565//2177
f 2567//2249 2487//2178 2485//2177
f 4691//4076 4017//3504 4732//4112
f 4017//3504 4015//3502 4732//4112
f 4732//4112 4015//3502 4733//4113
f 4015//3502 4013//3501 4733//4113
f 4733//4113 4013//3501 4734//4114
f 4013//3501 4011//3499 4734//4114
f 4734//4114 4011//3499 4735//4115
f 4011//3499 2323//2035 4735//4115
f 4735//4115 2323//2035 2325//2037
f 4019//3506 4017//3504 4691//4076
f 2325//2037 4676//4065 4735//4115
f 4676//4065 4736//4115 4735//4115
f 4735//4115 4736//4115 4734//4114
f 4736//4115 4737//4116 4734//4114
f 4734//4114 4737//4116 4733//4113
f 4737//4116 4738//4117 4733//4113
f 4733//4113 4738//4117 4732//4112
f 4738//4117 4689//4075 4732//4112
f 4732//4112 4689//4075 4691//4076
f 4524//3938 4690//3937 4523//3937
f 4690//3937 4231//3689 4523//3937
f 4523//3937 4231//3689 4521//3935
f 4231//3689 4233//3692 4521//3935
f 4521//3935 4233//3692 4739//4118
f 4233//3692 4235//3694 4739//4118
f 4739//4118 4235//3694 4610//4009
f 4235//3694 4237//3695 4610//4009
f 4610//4009 4237//3695 4239//3695
f 4229//3689 4231//3689 4690//3937
f 4676//4065 4677//4066 4736//4115
f 4677//4066 4740//4119 4736//4115
f 4736//4115 4740//4119 4737//4116
f 4740//4119 4741//4074 4737//4116
f 4737//4116 4741//4074 4738//4117
f 4741//4074 4688//4074 4738//4117
f 4738//4117 4688//4074 4689//4075
f 4521//3935 4739//4118 4519//3934
f 4739//4118 4610//4009 4519//3934
f 4519//3934 4610//4009 4517//3932
f 4518//3933 4516//3931 4531//3944
f 2317//2029 4623//4019 2315//2027
f 4623//4019 4624//4020 2315//2027
f 2315//2027 4624//4020 2313//2025
f 2353//2064 2351//2063 4742//2064
f 2351//2063 4743//4120 4742//2064
f 4742//2064 4743//4120 4744//4121
f 4743//4120 2379//2087 4744//4121
f 4744//4121 2379//2087 4745//4122
f 2379//2087 2377//2085 4745//4122
f 4745//4122 2377//2085 4746//2084
f 2377//2085 2376//2084 4746//2084
f 4746//2084 2376//2084 4747//4123
f 2376//2084 2375//2083 4747//4123
f 4747//4123 2375//2083 4748//4124
f 2375//2083 2374//2082 4748//4124
f 4748//4124 2374//2082 4749//4125
f 2374//2082 2373//2081 4749//4125
f 4749//4125 2373//2081 4750//4126
f 2373//2081 2372//2080 4750//4126
f 4750//4126 2372//2080 4751//4127
f 2372//2080 2371//2079 4751//4127
f 4751//4127 2371//2079 4752//2108
f 2371//2079 2370//2078 4752//2108
f 4752//2108 2370//2078 2404//2106
f 2370//2078 2369//2077 2404//2106
f 4745//4122 4746//2084 4753//4128
f 4746//2084 4754//2084 4753//4128
f 4753//4128 4754//2084 4755//4129
f 4754//2084 4747//4123 4755//4129
f 4755//4129 4747//4123 4756//4130
f 4747//4123 4748//4124 4756//4130
f 4756//4130 4748//4124 4757//4131
f 4748//4124 4749//4125 4757//4131
f 4757//4131 4749//4125 4758//4132
f 4749//4125 4750//4126 4758//4132
f 4758//4132 4750//4126 4759//4133
f 4750//4126 4751//4127 4759//4133
f 4759//4133 4751//4127 4760//4134
f 4751//4127 4752//2108 4760//4134
f 4760//4134 4752//2108 2406//2108
f 4752//2108 2404//2106 2406//2108
f 4742//2064 4744//4121 4761//4135
f 4744//4121 4762//4136 4761//4135
f 4761//4135 4762//4136 4763//4137
f 4762//4136 4764//4138 4763//4137
f 4763//4137 4764//4138 4765//4139
f 4764//4138 4766//4138 4765//4139
f 4765//4139 4766//4138 4767//4140
f 4766//4138 4768//4141 4767//4140
f 4767//4140 4768//4141 4769//4142
f 4768//4141 4756//4130 4769//4142
f 4769//4142 4756//4130 4770//4142
f 4756//4130 4757//4131 4770//4142
f 4770//4142 4757//4131 4771//4143
f 4757//4131 4758//4132 4771//4143
f 4771//4143 4758//4132 4772//4144
f 4758//4132 4759//4133 4772//4144
f 4772//4144 4759//4133 4773//4145
f 4759//4133 4760//4134 4773//4145
f 4773//4145 4760//4134 2408//2110
f 4760//4134 2406//2108 2408//2110
f 4622//4018 4405//3838 4407//3840
f 2455//2151 2453//2149 2518//2206
f 2453//2149 2451//2147 2518//2206
f 2518//2206 2451//2147 2450//2146
f 2454//2150 2438//2136 4774//4146
f 2438//2136 2436//2135 4774//4146
f 4774//4146 2436//2135 2435//2134
f 2435//2134 2452//2148 4774//4146
f 2408//2110 2410//2111 4773//4145
f 2410//2111 2412//2113 4773//4145
f 4773//4145 2412//2113 4772//4144
f 2412//2113 2414//2114 4772//4144
f 4772//4144 2414//2114 4771//4143
f 2414//2114 2416//2116 4771//4143
f 4771//4143 2416//2116 4770//4142
f 2416//2116 4775//4147 4770//4142
f 4770//4142 4775//4147 4776//4148
f 4775//4147 4777//4149 4776//4148
f 4776//4148 4777//4149 4778//4150
f 4777//4149 4779//4151 4778//4150
f 4778//4150 4779//4151 4780//4152
f 4779//4151 4781//4153 4780//4152
f 4780//4152 4781//4153 4782//4154
f 4781//4153 2428//2127 4782//4154
f 4782//4154 2428//2127 4763//4137
f 2428//2127 2430//2129 4763//4137
f 4763//4137 2430//2129 4761//4135
f 2430//2129 2432//2131 4761//4135
f 4761//4135 2432//2131 4742//2064
f 2432//2131 2353//2064 4742//2064
f 2420//2120 4777//4149 4783//4155
f 4777//4149 4775//4147 4783//4155
f 4783//4155 4775//4147 2416//2116
f 2416//2116 2418//2118 4783//4155
f 4778//4150 4767//4140 4784//4156
f 4767//4140 4769//4142 4784//4156
f 4784//4156 4769//4142 4770//4142
f 4770//4142 4776//4148 4784//4156
f 4756//4130 4768//4141 4755//4129
f 4768//4141 4766//4138 4755//4129
f 4755//4129 4766//4138 4753//4128
f 4766//4138 4764//4138 4753//4128
f 4753//4128 4764//4138 4762//4136
f 4747//4123 4754//2084 4746//2084
f 2323//2035 4011//3499 2321//2033
f 2326//2038 2378//2086 2380//2088
f 2329//2041 2331//2043 2327//2039
f 2331//2043 2333//2045 2327//2039
f 4681//4070 4685//4072 4680//4069
f 4685//4072 4785//4157 4680//4069
f 4680//4069 4785//4157 4679//4068
f 4785//4157 4786//4158 4679//4068
f 4679//4068 4786//4158 4678//4067
f 4786//4158 4740//4119 4678//4067
f 4678//4067 4740//4119 4677//4066
f 4685//4072 4686//4073 4785//4157
f 4686//4073 4687//4074 4785//4157
f 4785//4157 4687//4074 4786//4158
f 4687//4074 4741//4074 4786//4158
f 4786//4158 4741//4074 4740//4119
f 4688//4074 4741//4074 4687//4074
f 4460//3685 4462//3890 4640//4034
f 2454//2150 4774//4146 2452//2148
f 2594//2274 2423//2122 4787//4159
f 2423//2122 2421//2121 4787//4159
f 4787//4159 2421//2121 4788//4160
f 2421//2121 2419//2119 4788//4160
f 4788//4160 2419//2119 2582//2263
f 2419//2119 2417//2117 2582//2263
f 2582//2263 2417//2117 2583//2264
f 2420//2120 4783//4155 2418//2118
f 4778//4150 4784//4156 4776//4148
f 2328//2040 2379//2087 2330//2042
f 2379//2087 4743//4120 2330//2042
f 2330//2042 4743//4120 4789//4161
f 4743//4120 2351//2063 4789//4161
f 4789//4161 2351//2063 2349//2061
f 2334//2046 2332//2044 4790//4162
f 2332//2044 2330//2042 4790//4162
f 4790//4162 2330//2042 4789//4161
f 2340//2052 2338//2050 4790//4162
f 2338//2050 2336//2048 4790//4162
f 4790//4162 2336//2048 2334//2046
f 4789//4161 2349//2061 4790//4162
f 2349//2061 2342//2054 4790//4162
f 4790//4162 2342//2054 2340//2052
f 2621//2299 2620//2298 4791//4163
f 2620//2298 4792//4164 4791//4163
f 4791//4163 4792//4164 4793//4165
f 4792//4164 4794//4166 4793//4165
f 4793//4165 4794//4166 2630//2307
f 4794//4166 2634//2310 2630//2307
f 2630//2307 2634//2310 2628//2305
f 2620//2298 2619//2297 4792//4164
f 2619//2297 2618//2297 4792//4164
f 4792//4164 2618//2297 2616//2295
f 4792//4164 2616//2295 4794//4166
f 2630//2307 2632//2308 4793//4165
f 2632//2308 4795//4167 4793//4165
f 4793//4165 4795//4167 4791//4163
f 4795//4167 2623//2301 4791//4163
f 4791//4163 2623//2301 2621//2299
f 2540//2225 2541//2226 2622//2300
f 2541//2226 2506//2195 2622//2300
f 2622//2300 2506//2195 2508//2197
f 464//394 2532//2219 4796//4168
f 2532//2219 2530//2217 4796//4168
f 4796//4168 2530//2217 4797//4169
f 2530//2217 2528//2215 4797//4169
f 4797//4169 2528//2215 4798//4170
f 2528//2215 2526//2212 4798//4170
f 4798//4170 2526//2212 4729//4110
f 2526//2212 2524//2212 4729//4110
f 4729//4110 2524//2212 2544//2229
f 2524//2212 2522//2210 2544//2229
f 2544//2229 2522//2210 2533//360
f 2522//2210 425//357 2533//360
f 2632//2308 2538//2223 4795//4167
f 2538//2223 2539//2224 4795//4167
f 4795//4167 2539//2224 2623//2301
f 2537//2222 2631//2308 2536//2221
f 450//379 448//379 4724//4107
f 448//379 4799//4171 4724//4107
f 4724//4107 4799//4171 4725//4108
f 4799//4171 4800//4172 4725//4108
f 4725//4108 4800//4172 4726//2238
f 4800//4172 4801//4173 4726//2238
f 4726//2238 4801//4173 4727//2235
f 4801//4173 4798//4170 4727//2235
f 4727//2235 4798//4170 4728//4109
f 4798//4170 4729//4110 4728//4109
f 4798//4170 4801//4173 4797//4169
f 4801//4173 4800//4172 4797//4169
f 4797//4169 4800//4172 4802//4174
f 4800//4172 4799//4171 4802//4174
f 4802//4174 4799//4171 4803//4174
f 4799//4171 448//379 4803//4174
f 4803//4174 448//379 446//377
f 2573//2255 2547//2232 2572//2254
f 2547//2232 2545//2230 2572//2254
f 2572//2254 2545//2230 2570//2252
f 2549//2234 2547//2232 2573//2255
f 2493//2182 4804//4175 2495//2184
f 4804//4175 2555//2239 2495//2184
f 2495//2184 2555//2239 2497//2186
f 2555//2239 2553//2237 2497//2186
f 2497//2186 2553//2237 2498//2187
f 2553//2237 2551//2236 2498//2187
f 2498//2187 2551//2236 2500//2189
f 464//394 4796//4168 463//393
f 4796//4168 4803//4174 463//393
f 463//393 4803//4174 446//377
f 4797//4169 4802//4174 4796//4168
f 4796//4168 4802//4174 4803//4174
f 2560//2244 4723//4106 2558//2242
f 4730//4111 2559//2243 4804//4175
f 2559//2243 2557//2241 4804//4175
f 4804//4175 2557//2241 2555//2239
f 4730//4111 4804//4175 2493//2182
f 2490//2180 2492//2181 13//11
f 2561//2245 2559//2243 4730//4111
f 2348//2060 2350//2062 4805//4176
f 2350//2062 2352//2062 4805//4176
f 4805//4176 2352//2062 4806//2196
f 2352//2062 2354//2065 4806//2196
f 4806//2196 2354//2065 2511//2200
f 2354//2065 2356//2067 2511//2200
f 4753//4128 4762//4136 4745//4122
f 4762//4136 4744//4121 4745//4122
f 2511//2200 2509//2198 4806//2196
f 2509//2198 2507//2196 4806//2196
f 4806//2196 2507//2196 4805//4176
f 2507//2196 2505//2194 4805//4176
f 4805//4176 2505//2194 2348//2060
f 2461//2157 2459//2155 351//293
f 2438//2136 2454//2150 2440//2138
f 4787//4159 4788//4160 4807//4177
f 4788//4160 2581//2262 4807//4177
f 4807//4177 2581//2262 4808//4178
f 2581//2262 2580//2261 4808//4178
f 4808//4178 2580//2261 2579//2260
f 2594//2274 4787//4159 2592//2272
f 4787//4159 4807//4177 2592//2272
f 2592//2272 4807//4177 2590//2270
f 4807//4177 4808//4178 2590//2270
f 2590//2270 4808//4178 2588//2268
f 4808//4178 2579//2260 2588//2268
f 2588//2268 2579//2260 2584//2265
f 2579//2260 2578//2259 2584//2265
f 2584//2265 2578//2259 366//308
f 2581//2262 4788//4160 2582//2263
f 2426//2125 4781//4153 2424//2123
f 4781//4153 4779//4151 2424//2123
f 2424//2123 4779//4151 2422//2121
f 4779//4151 4777//4149 2422//2121
f 2422//2121 4777//4149 2420//2120
f 2598//2278 2602//2282 2593//2273
f 2602//2282 2427//2126 2593//2273
f 2593//2273 2427//2126 2425//2124
f 4781//4153 2426//2125 2428//2127
f 2593//2273 2591//2271 2598//2278
f 2598//2278 2591//2271 2589//2269
f 2431//2130 2429//2128 4809//4179
f 2429//2128 2603//2283 4809//4179
f 4809//4179 2603//2283 4810//4180
f 2603//2283 2601//2281 4810//4180
f 4810//4180 2601//2281 2607//2287
f 2601//2281 2605//2285 2607//2287
f 2355//2066 2431//2130 2357//2068
f 2431//2130 4809//4179 2357//2068
f 2357//2068 4809//4179 2359//2070
f 4809//4179 4810//4180 2359//2070
f 2359//2070 4810//4180 2361//2070
f 4810//4180 2607//2287 2361//2070
f 4782//4154 4765//4139 4780//4152
f 4765//4139 4767//4140 4780//4152
f 4780//4152 4767//4140 4778//4150
f 4765//4139 4782//4154 4763//4137
f 2360//2071 2617//2296 2358//2069
f 2512//2201 2358//2069 2617//2296
f 395//331 2611//2290 2362//2072
f 2616//2295 2634//2310 4794//4166
f 2636//2311 2536//2221 2631//2308
f 240//202 237//199 344//93
f 344//93 128//107 347//93
f 128//107 125//104 347//93
f 20//17 17//14 125//104
f 11//7 8//7 347//93
f 383//322 380//7 430//7
f 231//193 228//190 128//107
f 125//104 17//14 347//93
f 17//14 14//12 347//93
f 347//93 14//12 11//7
f 344//93 252//7 249//7
f 344//93 237//199 128//107
f 237//199 234//196 128//107
f 128//107 234//196 231//193
f 122//101 119//7 41//7
f 347//93 1//1 436//367
f 338//7 294//249 291//246
f 270//228 267//7 338//7
f 261//220 258//217 344//93
f 258//217 255//7 344//93
f 344//93 255//7 252//7
f 249//7 246//208 344//93
f 246//208 243//205 344//93
f 344//93 243//205 240//202
f 128//107 219//183 216//7
f 35//7 32//7 125//104
f 32//7 29//7 125//104
f 8//7 5//4 347//93
f 5//4 2//2 347//93
f 347//93 2//2 1//1
f 353//295 350//292 430//7
f 350//292 347//93 430//7
f 430//7 347//93 433//364
f 347//93 436//367 433//364
f 430//7 403//338 400//335
f 294//249 329//277 326//93
f 270//228 338//7 273//231
f 344//93 341//7 261//220
f 341//7 338//7 261//220
f 261//220 338//7 264//223
f 338//7 267//7 264//223
f 228//190 225//156 128//107
f 225//156 222//7 128//107
f 128//107 222//7 219//183
f 216//7 213//178 128//107
f 213//178 210//176 128//107
f 128//107 210//176 131//70
f 210//176 183//153 180//150
f 210//176 163//136 160//133
f 210//176 142//7 139//7
f 41//7 110//70 107//88
f 98//81 95//78 41//7
f 95//78 92//75 41//7
f 41//7 92//75 89//7
f 50//41 47//38 68//53
f 122//101 41//7 125//104
f 41//7 38//30 125//104
f 125//104 38//30 35//7
f 29//7 26//22 125//104
f 26//22 23//7 125//104
f 125//104 23//7 20//17
f 430//7 427//359 403//338
f 427//359 424//356 403//338
f 403//338 424//356 421//353
f 400//335 397//333 430//7
f 397//333 394//7 430//7
f 430//7 394//7 391//7
f 391//7 389//7 430//7
f 389//7 386//325 430//7
f 430//7 386//325 383//322
f 362//304 359//301 430//7
f 359//301 356//298 430//7
f 430//7 356//298 353//295
f 338//7 335//282 294//249
f 335//282 332//70 294//249
f 294//249 332//70 329//277
f 317//268 314//93 294//249
f 314//93 311//263 294//249
f 305//93 302//256 299//253
f 210//176 207//53 183//153
f 207//53 204//171 183//153
f 183//153 204//171 201//168
f 139//7 136//113 210//176
f 136//113 134//111 210//176
f 210//176 134//111 131//70
f 119//7 116//96 41//7
f 116//96 113//93 41//7
f 41//7 113//93 110//70
f 50//41 68//53 53//7
f 47//38 44//35 68//53
f 44//35 41//7 68//53
f 68//53 41//7 71//7
f 380//7 377//7 430//7
f 377//7 374//316 430//7
f 430//7 374//316 371//313
f 326//93 323//272 294//249
f 323//272 320//156 294//249
f 294//249 320//156 317//268
f 311//263 308//93 294//249
f 308//93 305//93 294//249
f 294//249 305//93 297//53
f 305//93 299//253 297//53
f 180//150 177//147 210//176
f 177//147 174//7 210//176
f 210//176 174//7 171//7
f 171//7 169//141 210//176
f 169//141 166//138 210//176
f 210//176 166//138 163//136
f 160//133 157//130 210//176
f 157//130 154//127 210//176
f 210//176 154//127 151//7
f 89//7 86//70 41//7
f 86//70 83//67 41//7
f 41//7 83//67 80//65
f 80//65 77//62 41//7
f 77//62 74//59 41//7
f 41//7 74//59 71//7
f 62//7 59//48 56//7
f 415//348 412//345 409//342
f 371//313 368//310 430//7
f 368//310 365//307 430//7
f 430//7 365//307 362//304
f 291//246 288//243 338//7
f 288//243 285//7 338//7
f 338//7 285//7 282//239
f 282//239 279//236 338//7
f 279//236 276//53 338//7
f 338//7 276//53 273//231
f 195//70 192//161 189//159
f 151//7 148//122 210//176
f 148//122 145//119 210//176
f 210//176 145//119 142//7
f 107//88 104//7 41//7
f 104//7 101//83 41//7
f 41//7 101//83 98//81
f 421//353 418//350 403//338
f 418//350 415//348 403//338
f 403//338 415//348 406//93
f 415//348 409//342 406//93
f 201//168 198//7 183//153
f 198//7 195//70 183//153
f 183//153 195//70 186//156
f 195//70 189//159 186//156
f 53//7 68//53 56//7
f 68//53 65//53 56//7
f 56//7 65//53 62//7
