# OBJ generated by ONSHAPE BY PTC INC, 1.192 Units = meters
mtllib peg_semisphere.mtl
g Part 1
v 0.02 2.73617e-17 -0.05 
v 0.0171824 0.00218325 -0.05 
v 0.0168456 0.00402819 -0.05 
v 0.01725 -0.0015615 -0.05 
v 0.0173177 0.000312707 -0.05 
v 0.0163113 0.0058259 -0.05 
v 0.0155858 0.00755531 -0.05 
v 0.016511 -0.00523323 -0.05 
v 0.01698 -0.00341739 -0.05 
v 0.015 -0.00866025 -0.05 
v 0.0158484 -0.0069877 -0.05 
v 0.015 0.00866025 -0.05 
v 0.01 0.0173205 0.05 
v 0.02 2.81494e-17 0.05 
v 0.01 0.0173205 -0.05 
v 0.0024931 0.0171401 -0.05 
v 0.000625312 0.0173092 -0.05 
v 0.00783547 0.0154469 -0.05 
v 0.00611944 0.0162035 -0.05 
v 0.00433166 0.0167701 -0.05 
v 0.00945964 0.0145091 -0.05 
v 0.0135972 0.0107292 -0.05 
v 0.0123575 0.0121364 -0.05 
v 0.0109729 0.0134013 -0.05 
v 0.0146776 0.00919614 -0.05 
v -1.78855e-18 0.0173205 -0.05 
v -0.01 0.0173205 0.05 
v -0.01 0.0173205 -0.05 
v -0.00124981 0.0172754 -0.05 
v -0.00311028 0.017039 -0.05 
v -0.00997729 0.0141582 -0.05 
v -0.0114496 0.0129964 -0.05 
v -0.00670043 0.015972 -0.05 
v -0.00838803 0.0151539 -0.05 
v -0.00493428 0.0166028 -0.05 
v -0.0127876 0.0116823 -0.05 
v -0.0139757 0.0102313 -0.05 
v -0.015 0.00866025 -0.05 
v 0.01 -0.0173205 0.05 
v -0.02 -1.86881e-17 0.05 
v -0.01 -0.0173205 0.05 
v 0.01 -0.0173205 -0.05 
v 0.00997729 -0.0141582 -0.05 
v 0.0114496 -0.0129964 -0.05 
v 0.00493428 -0.0166028 -0.05 
v 0.00670043 -0.015972 -0.05 
v 0.00838803 -0.0151539 -0.05 
v 0.00311028 -0.017039 -0.05 
v 2.50997e-17 -0.0173205 -0.05 
v 0.00124981 -0.0172754 -0.05 
v 0.0127876 -0.0116823 -0.05 
v 0.0139757 -0.0102313 -0.05 
v -0.01 -0.0173205 -0.05 
v -0.0024931 -0.0171401 -0.05 
v -0.000625312 -0.0173092 -0.05 
v -0.0135972 -0.0107292 -0.05 
v -0.0123575 -0.0121364 -0.05 
v -0.015 -0.00866025 -0.05 
v -0.0146776 -0.00919614 -0.05 
v -0.00433166 -0.0167701 -0.05 
v -0.00783547 -0.0154469 -0.05 
v -0.00611944 -0.0162035 -0.05 
v -0.0109729 -0.0134013 -0.05 
v -0.00945964 -0.0145091 -0.05 
v -0.0158484 0.0069877 -0.05 
v -0.016511 0.00523323 -0.05 
v -0.01698 0.00341739 -0.05 
v -0.01725 0.0015615 -0.05 
v -0.0173177 -0.000312707 -0.05 
v -0.0171824 -0.00218325 -0.05 
v -0.0168456 -0.00402819 -0.05 
v -0.0163113 -0.0058259 -0.05 
v -0.0155858 -0.00755531 -0.05 
v 0.00311868 -0.00180057 -0.066942 
v 0.00156793 -0.000905243 -0.0672256 
v 0.00165661 -0.000730414 -0.0672256 
v 0.00329507 -0.00145282 -0.066942 
v 0.00172587 -0.000547021 -0.0672256 
v 0.00343283 -0.00108805 -0.066942 
v 0.0017749 -0.000357215 -0.0672256 
v 0.00353035 -0.000710516 -0.066942 
v 0.00180311 -0.000163221 -0.0672256 
v 0.00358647 -0.000324654 -0.066942 
v 0.00181019 3.26868e-05 -0.0672256 
v 0.00360055 6.50154e-05 -0.066942 
v 0.00179605 0.000228211 -0.0672256 
v 0.00357241 0.000453922 -0.066942 
v 0.00176084 0.00042106 -0.0672256 
v 0.00350239 0.000837507 -0.066942 
v 0.001705 0.000608972 -0.0672256 
v 0.00339131 0.00121127 -0.066942 
v 0.00162916 0.000789745 -0.0672256 
v 0.00324047 0.00157084 -0.066942 
v 0.00153422 0.000961259 -0.0672256 
v 0.00305164 0.00191199 -0.066942 
v 0.0014213 0.0011215 -0.0672256 
v 0.00282703 0.00223072 -0.066942 
v 0.00129171 0.0012686 -0.0672256 
v 0.00256927 0.0025233 -0.066942 
v 0.00114698 0.00140082 -0.0672256 
v 0.00228139 0.00278629 -0.066942 
v 0.000988801 0.00151662 -0.0672256 
v 0.00196677 0.00301662 -0.066942 
v 0.00081903 0.00161464 -0.0672256 
v 0.00162909 0.00321158 -0.066942 
v 0.000639655 0.00169372 -0.0672256 
v 0.0012723 0.00336889 -0.066942 
v 0.000452782 0.00175295 -0.0672256 
v 0.000900603 0.0034867 -0.066942 
v 0.0002606 0.00179163 -0.0672256 
v 0.000518345 0.00356364 -0.066942 
v 6.53629e-05 0.00180931 -0.0672256 
v 0.00013001 0.00359879 -0.066942 
v -0.000130641 0.00180577 -0.0672256 
v -0.00025985 0.00359175 -0.066942 
v -0.000325113 0.00178106 -0.0672256 
v -0.000646663 0.0035426 -0.066942 
v -0.000515773 0.00173546 -0.0672256 
v -0.00102589 0.00345192 -0.066942 
v -0.000700386 0.00166953 -0.0672256 
v -0.0013931 0.00332076 -0.066942 
v -0.000876788 0.00158401 -0.0672256 
v -0.00174397 0.00315067 -0.066942 
v -0.00104291 0.00147993 -0.0672256 
v -0.00207439 0.00294365 -0.066942 
v -0.00119681 0.0013585 -0.0672256 
v -0.0023805 0.00270211 -0.066942 
v -0.00133667 0.00122114 -0.0672256 
v -0.00265869 0.00242889 -0.066942 
v -0.00146086 0.00106946 -0.0672256 
v -0.00290572 0.0021272 -0.066942 
v -0.00156793 0.000905243 -0.0672256 
v -0.00311868 0.00180057 -0.066942 
v -0.00165661 0.000730414 -0.0672256 
v -0.00329507 0.00145282 -0.066942 
v -0.00172587 0.000547021 -0.0672256 
v -0.00343283 0.00108805 -0.066942 
v -0.0017749 0.000357215 -0.0672256 
v -0.00353035 0.000710516 -0.066942 
v -0.00180311 0.000163221 -0.0672256 
v -0.00358647 0.000324654 -0.066942 
v -0.00181019 -3.26868e-05 -0.0672256 
v -0.00360055 -6.50154e-05 -0.066942 
v -0.00179605 -0.000228211 -0.0672256 
v -0.00357241 -0.000453922 -0.066942 
v -0.00176084 -0.00042106 -0.0672256 
v -0.00350239 -0.000837507 -0.066942 
v -0.001705 -0.000608972 -0.0672256 
v -0.00339131 -0.00121127 -0.066942 
v -0.00162916 -0.000789745 -0.0672256 
v -0.00324047 -0.00157084 -0.066942 
v -0.00153422 -0.000961259 -0.0672256 
v -0.00305164 -0.00191199 -0.066942 
v -0.0014213 -0.0011215 -0.0672256 
v -0.00282703 -0.00223072 -0.066942 
v -0.00129171 -0.0012686 -0.0672256 
v -0.00256927 -0.0025233 -0.066942 
v -0.00114698 -0.00140082 -0.0672256 
v -0.00228139 -0.00278629 -0.066942 
v -0.000988801 -0.00151662 -0.0672256 
v -0.00196677 -0.00301662 -0.066942 
v -0.00081903 -0.00161464 -0.0672256 
v -0.00162909 -0.00321158 -0.066942 
v -0.000639655 -0.00169372 -0.0672256 
v -0.0012723 -0.00336889 -0.066942 
v -0.000452782 -0.00175295 -0.0672256 
v -0.000900603 -0.0034867 -0.066942 
v -0.0002606 -0.00179163 -0.0672256 
v -0.000518345 -0.00356364 -0.066942 
v -6.53629e-05 -0.00180931 -0.0672256 
v -0.00013001 -0.00359879 -0.066942 
v 0.000130641 -0.00180577 -0.0672256 
v 0.00025985 -0.00359175 -0.066942 
v 0.000325113 -0.00178106 -0.0672256 
v 0.000646663 -0.0035426 -0.066942 
v 0.000515773 -0.00173546 -0.0672256 
v 0.00102589 -0.00345192 -0.066942 
v 0.000700386 -0.00166953 -0.0672256 
v 0.0013931 -0.00332076 -0.066942 
v 0.000876788 -0.00158401 -0.0672256 
v 0.00174397 -0.00315067 -0.066942 
v 0.00104291 -0.00147993 -0.0672256 
v 0.00207439 -0.00294365 -0.066942 
v 0.00119681 -0.0013585 -0.0672256 
v 0.0023805 -0.00270211 -0.066942 
v 0.00133667 -0.00122114 -0.0672256 
v 0.00265869 -0.00242889 -0.066942 
v 0.00146086 -0.00106946 -0.0672256 
v 0.00290572 -0.0021272 -0.066942 
v 0.00463525 -0.00267617 -0.0664728 
v 0.00489743 -0.00215932 -0.0664728 
v 0.00510218 -0.00161716 -0.0664728 
v 0.00524712 -0.00105603 -0.0664728 
v 0.00533054 -0.000482529 -0.0664728 
v 0.00535146 9.66318e-05 -0.0664728 
v 0.00530964 0.00067466 -0.0664728 
v 0.00520557 0.00124478 -0.0664728 
v 0.00504047 0.0018003 -0.0664728 
v 0.00481628 0.00233472 -0.0664728 
v 0.00453562 0.00284176 -0.0664728 
v 0.00420178 0.00331549 -0.0664728 
v 0.00381868 0.00375035 -0.0664728 
v 0.00339081 0.00414124 -0.0664728 
v 0.00292319 0.00448357 -0.0664728 
v 0.00242129 0.00477334 -0.0664728 
v 0.00189101 0.00500715 -0.0664728 
v 0.00133856 0.00518225 -0.0664728 
v 0.000770411 0.00529659 -0.0664728 
v 0.000193232 0.00534884 -0.0664728 
v -0.000386212 0.00533838 -0.0664728 
v -0.000961129 0.00526533 -0.0664728 
v -0.00152478 0.00513055 -0.0664728 
v -0.00207055 0.00493561 -0.0664728 
v -0.00259204 0.00468282 -0.0664728 
v -0.00308315 0.00437512 -0.0664728 
v -0.00353811 0.00401612 -0.0664728 
v -0.00395159 0.00361004 -0.0664728 
v -0.00431874 0.00316164 -0.0664728 
v -0.00463525 0.00267617 -0.0664728 
v -0.00489743 0.00215932 -0.0664728 
v -0.00510218 0.00161716 -0.0664728 
v -0.00524712 0.00105603 -0.0664728 
v -0.00533054 0.000482529 -0.0664728 
v -0.00535146 -9.66318e-05 -0.0664728 
v -0.00530964 -0.00067466 -0.0664728 
v -0.00520557 -0.00124478 -0.0664728 
v -0.00504047 -0.0018003 -0.0664728 
v -0.00481628 -0.00233472 -0.0664728 
v -0.00453562 -0.00284176 -0.0664728 
v -0.00420178 -0.00331549 -0.0664728 
v -0.00381868 -0.00375035 -0.0664728 
v -0.00339081 -0.00414124 -0.0664728 
v -0.00292319 -0.00448357 -0.0664728 
v -0.00242129 -0.00477334 -0.0664728 
v -0.00189101 -0.00500715 -0.0664728 
v -0.00133856 -0.00518225 -0.0664728 
v -0.000770411 -0.00529659 -0.0664728 
v -0.000193232 -0.00534884 -0.0664728 
v 0.000386212 -0.00533838 -0.0664728 
v 0.000961129 -0.00526533 -0.0664728 
v 0.00152478 -0.00513055 -0.0664728 
v 0.00207055 -0.00493561 -0.0664728 
v 0.00259204 -0.00468282 -0.0664728 
v 0.00308315 -0.00437512 -0.0664728 
v 0.00353811 -0.00401612 -0.0664728 
v 0.00395159 -0.00361004 -0.0664728 
v 0.00431874 -0.00316164 -0.0664728 
v 0.00610105 -0.00352244 -0.0658231 
v 0.00644613 -0.00284215 -0.0658231 
v 0.00671563 -0.00212854 -0.0658231 
v 0.0069064 -0.00138998 -0.0658231 
v 0.0070162 -0.000635118 -0.0658231 
v 0.00704374 0.000127189 -0.0658231 
v 0.00698869 0.000888006 -0.0658231 
v 0.00685172 0.00163841 -0.0658231 
v 0.00663441 0.00236961 -0.0658231 
v 0.00633932 0.00307302 -0.0658231 
v 0.0059699 0.00374041 -0.0658231 
v 0.0055305 0.00436394 -0.0658231 
v 0.00502625 0.00493631 -0.0658231 
v 0.00446308 0.00545081 -0.0658231 
v 0.00384758 0.0059014 -0.0658231 
v 0.00318697 0.0062828 -0.0658231 
v 0.002489 0.00659055 -0.0658231 
v 0.00176185 0.00682102 -0.0658231 
v 0.00101404 0.00697152 -0.0658231 
v 0.000254337 0.00704029 -0.0658231 
v -0.000508343 0.00702652 -0.0658231 
v -0.00126506 0.00693037 -0.0658231 
v -0.00200695 0.00675297 -0.0658231 
v -0.00272531 0.00649639 -0.0658231 
v -0.00341172 0.00616365 -0.0658231 
v -0.00405813 0.00575865 -0.0658231 
v -0.00465696 0.00528613 -0.0658231 
v -0.00520119 0.00475164 -0.0658231 
v -0.00568444 0.00416143 -0.0658231 
v -0.00610105 0.00352244 -0.0658231 
v -0.00644613 0.00284215 -0.0658231 
v -0.00671563 0.00212854 -0.0658231 
v -0.0069064 0.00138998 -0.0658231 
v -0.0070162 0.000635118 -0.0658231 
v -0.00704374 -0.000127189 -0.0658231 
v -0.00698869 -0.000888006 -0.0658231 
v -0.00685172 -0.00163841 -0.0658231 
v -0.00663441 -0.00236961 -0.0658231 
v -0.00633932 -0.00307302 -0.0658231 
v -0.0059699 -0.00374041 -0.0658231 
v -0.0055305 -0.00436394 -0.0658231 
v -0.00502625 -0.00493631 -0.0658231 
v -0.00446308 -0.00545081 -0.0658231 
v -0.00384758 -0.0059014 -0.0658231 
v -0.00318697 -0.0062828 -0.0658231 
v -0.002489 -0.00659055 -0.0658231 
v -0.00176185 -0.00682102 -0.0658231 
v -0.00101404 -0.00697152 -0.0658231 
v -0.000254337 -0.00704029 -0.0658231 
v 0.000508343 -0.00702652 -0.0658231 
v 0.00126506 -0.00693037 -0.0658231 
v 0.00200695 -0.00675297 -0.0658231 
v 0.00272531 -0.00649639 -0.0658231 
v 0.00341172 -0.00616365 -0.0658231 
v 0.00405813 -0.00575865 -0.0658231 
v 0.00465696 -0.00528613 -0.0658231 
v 0.00520119 -0.00475164 -0.0658231 
v 0.00568444 -0.00416143 -0.0658231 
v 0.0075 -0.00433013 -0.065 
v 0.0079242 -0.00349385 -0.065 
v 0.0082555 -0.00261661 -0.065 
v 0.00849001 -0.0017087 -0.065 
v 0.00862499 -0.000780749 -0.065 
v 0.00865884 0.000156354 -0.065 
v 0.00859118 0.00109162 -0.065 
v 0.00842279 0.00201409 -0.065 
v 0.00815566 0.00291295 -0.065 
v 0.0077929 0.00377766 -0.065 
v 0.00733878 0.00459807 -0.065 
v 0.00679862 0.00536458 -0.065 
v 0.00617876 0.00606819 -0.065 
v 0.00548645 0.00670066 -0.065 
v 0.00472982 0.00725457 -0.065 
v 0.00391773 0.00772343 -0.065 
v 0.00305972 0.00810174 -0.065 
v 0.00216583 0.00838506 -0.065 
v 0.00124655 0.00857007 -0.065 
v 0.000312656 0.00865461 -0.065 
v -0.000624904 0.00863768 -0.065 
v -0.00155514 0.00851948 -0.065 
v -0.00246714 0.0083014 -0.065 
v -0.00335022 0.00798599 -0.065 
v -0.00419402 0.00757695 -0.065 
v -0.00498864 0.00707909 -0.065 
v -0.00572478 0.00649822 -0.065 
v -0.0063938 0.00584117 -0.065 
v -0.00698787 0.00511564 -0.065 
v -0.0075 0.00433013 -0.065 
v -0.0079242 0.00349385 -0.065 
v -0.0082555 0.00261661 -0.065 
v -0.00849001 0.0017087 -0.065 
v -0.00862499 0.000780749 -0.065 
v -0.00865884 -0.000156354 -0.065 
v -0.00859118 -0.00109162 -0.065 
v -0.00842279 -0.00201409 -0.065 
v -0.00815566 -0.00291295 -0.065 
v -0.0077929 -0.00377766 -0.065 
v -0.00733878 -0.00459807 -0.065 
v -0.00679862 -0.00536458 -0.065 
v -0.00617876 -0.00606819 -0.065 
v -0.00548645 -0.00670066 -0.065 
v -0.00472982 -0.00725457 -0.065 
v -0.00391773 -0.00772343 -0.065 
v -0.00305972 -0.00810174 -0.065 
v -0.00216583 -0.00838506 -0.065 
v -0.00124655 -0.00857007 -0.065 
v -0.000312656 -0.00865461 -0.065 
v 0.000624904 -0.00863768 -0.065 
v 0.00155514 -0.00851948 -0.065 
v 0.00246714 -0.0083014 -0.065 
v 0.00335022 -0.00798599 -0.065 
v 0.00419402 -0.00757695 -0.065 
v 0.00498864 -0.00707909 -0.065 
v 0.00572478 -0.00649822 -0.065 
v 0.0063938 -0.00584117 -0.065 
v 0.00698787 -0.00511564 -0.065 
v 0.00881678 -0.00509037 -0.0640126 
v 0.00931546 -0.00410727 -0.0640126 
v 0.00970493 -0.00307601 -0.0640126 
v 0.00998061 -0.00200869 -0.0640126 
v 0.0101393 -0.000917825 -0.0640126 
v 0.0101791 0.000183805 -0.0640126 
v 0.0100995 0.00128328 -0.0640126 
v 0.00990159 0.00236771 -0.0640126 
v 0.00958755 0.00342438 -0.0640126 
v 0.00916111 0.0044409 -0.0640126 
v 0.00862726 0.00540536 -0.0640126 
v 0.00799226 0.00630644 -0.0640126 
v 0.00726356 0.00713359 -0.0640126 
v 0.00644971 0.0078771 -0.0640126 
v 0.00556023 0.00852826 -0.0640126 
v 0.00460557 0.00907944 -0.0640126 
v 0.00359692 0.00952416 -0.0640126 
v 0.00254609 0.00985723 -0.0640126 
v 0.00146541 0.0100747 -0.0640126 
v 0.000367549 0.0101741 -0.0640126 
v -0.000734619 0.0101542 -0.0640126 
v -0.00182818 0.0100152 -0.0640126 
v -0.0029003 0.00975888 -0.0640126 
v -0.00393842 0.0093881 -0.0640126 
v -0.00493036 0.00890724 -0.0640126 
v -0.0058645 0.00832196 -0.0640126 
v -0.00672989 0.00763912 -0.0640126 
v -0.00751637 0.00686671 -0.0640126 
v -0.00821473 0.00601379 -0.0640126 
v -0.00881678 0.00509037 -0.0640126 
v -0.00931546 0.00410727 -0.0640126 
v -0.00970493 0.00307601 -0.0640126 
v -0.00998061 0.00200869 -0.0640126 
v -0.0101393 0.000917825 -0.0640126 
v -0.0101791 -0.000183805 -0.0640126 
v -0.0100995 -0.00128328 -0.0640126 
v -0.00990159 -0.00236771 -0.0640126 
v -0.00958755 -0.00342438 -0.0640126 
v -0.00916111 -0.0044409 -0.0640126 
v -0.00862726 -0.00540536 -0.0640126 
v -0.00799226 -0.00630644 -0.0640126 
v -0.00726356 -0.00713359 -0.0640126 
v -0.00644971 -0.0078771 -0.0640126 
v -0.00556023 -0.00852826 -0.0640126 
v -0.00460557 -0.00907944 -0.0640126 
v -0.00359692 -0.00952416 -0.0640126 
v -0.00254609 -0.00985723 -0.0640126 
v -0.00146541 -0.0100747 -0.0640126 
v -0.000367549 -0.0101741 -0.0640126 
v 0.000734619 -0.0101542 -0.0640126 
v 0.00182818 -0.0100152 -0.0640126 
v 0.0029003 -0.00975888 -0.0640126 
v 0.00393842 -0.0093881 -0.0640126 
v 0.00493036 -0.00890724 -0.0640126 
v 0.0058645 -0.00832196 -0.0640126 
v 0.00672989 -0.00763912 -0.0640126 
v 0.00751637 -0.00686671 -0.0640126 
v 0.00821473 -0.00601379 -0.0640126 
v 0.010037 -0.00579484 -0.0628716 
v 0.0106047 -0.00467569 -0.0628716 
v 0.011048 -0.00350171 -0.0628716 
v 0.0113619 -0.00228668 -0.0628716 
v 0.0115425 -0.00104485 -0.0628716 
v 0.0115878 0.000209242 -0.0628716 
v 0.0114972 0.00146088 -0.0628716 
v 0.0112719 0.00269538 -0.0628716 
v 0.0109144 0.00389829 -0.0628716 
v 0.0104289 0.00505549 -0.0628716 
v 0.00982121 0.00615342 -0.0628716 
v 0.00909833 0.00717921 -0.0628716 
v 0.00826879 0.00812083 -0.0628716 
v 0.0073423 0.00896724 -0.0628716 
v 0.00632973 0.00970851 -0.0628716 
v 0.00524295 0.010336 -0.0628716 
v 0.0040947 0.0108422 -0.0628716 
v 0.00289845 0.0112214 -0.0628716 
v 0.00166821 0.011469 -0.0628716 
v 0.000418415 0.0115821 -0.0628716 
v -0.000836285 0.0115595 -0.0628716 
v -0.00208118 0.0114013 -0.0628716 
v -0.00330168 0.0111094 -0.0628716 
v -0.00448347 0.0106873 -0.0628716 
v -0.00561269 0.0101399 -0.0628716 
v -0.00667611 0.00947367 -0.0628716 
v -0.00766125 0.00869632 -0.0628716 
v -0.00855658 0.00781701 -0.0628716 
v -0.00935159 0.00684606 -0.0628716 
v -0.010037 0.00579484 -0.0628716 
v -0.0106047 0.00467569 -0.0628716 
v -0.011048 0.00350171 -0.0628716 
v -0.0113619 0.00228668 -0.0628716 
v -0.0115425 0.00104485 -0.0628716 
v -0.0115878 -0.000209242 -0.0628716 
v -0.0114972 -0.00146088 -0.0628716 
v -0.0112719 -0.00269538 -0.0628716 
v -0.0109144 -0.00389829 -0.0628716 
v -0.0104289 -0.00505549 -0.0628716 
v -0.00982121 -0.00615342 -0.0628716 
v -0.00909833 -0.00717921 -0.0628716 
v -0.00826879 -0.00812083 -0.0628716 
v -0.0073423 -0.00896724 -0.0628716 
v -0.00632973 -0.00970851 -0.0628716 
v -0.00524295 -0.010336 -0.0628716 
v -0.0040947 -0.0108422 -0.0628716 
v -0.00289845 -0.0112214 -0.0628716 
v -0.00166821 -0.011469 -0.0628716 
v -0.000418415 -0.0115821 -0.0628716 
v 0.000836285 -0.0115595 -0.0628716 
v 0.00208118 -0.0114013 -0.0628716 
v 0.00330168 -0.0111094 -0.0628716 
v 0.00448347 -0.0106873 -0.0628716 
v 0.00561269 -0.0101399 -0.0628716 
v 0.00667611 -0.00947367 -0.0628716 
v 0.00766125 -0.00869632 -0.0628716 
v 0.00855658 -0.00781701 -0.0628716 
v 0.00935159 -0.00684606 -0.0628716 
v 0.0111472 -0.00643582 -0.0615897 
v 0.0117777 -0.00519287 -0.0615897 
v 0.0122701 -0.00388904 -0.0615897 
v 0.0126186 -0.00253962 -0.0615897 
v 0.0128192 -0.00116042 -0.0615897 
v 0.0128695 0.000232387 -0.0615897 
v 0.012769 0.00162247 -0.0615897 
v 0.0125187 0.00299353 -0.0615897 
v 0.0121217 0.00432949 -0.0615897 
v 0.0115825 0.00561469 -0.0615897 
v 0.0109076 0.00683407 -0.0615897 
v 0.0101047 0.00797332 -0.0615897 
v 0.00918342 0.00901909 -0.0615897 
v 0.00815445 0.00995913 -0.0615897 
v 0.00702988 0.0107824 -0.0615897 
v 0.00582289 0.0114793 -0.0615897 
v 0.00454763 0.0120415 -0.0615897 
v 0.00321905 0.0124626 -0.0615897 
v 0.00185274 0.0127376 -0.0615897 
v 0.000464697 0.0128633 -0.0615897 
v -0.000928789 0.0128381 -0.0615897 
v -0.00231139 0.0126624 -0.0615897 
v -0.00366688 0.0123383 -0.0615897 
v -0.00497939 0.0118695 -0.0615897 
v -0.00623352 0.0112615 -0.0615897 
v -0.00741457 0.0105216 -0.0615897 
v -0.00850869 0.00965824 -0.0615897 
v -0.00950305 0.00868167 -0.0615897 
v -0.010386 0.00760332 -0.0615897 
v -0.0111472 0.00643582 -0.0615897 
v -0.0117777 0.00519287 -0.0615897 
v -0.0122701 0.00388904 -0.0615897 
v -0.0126186 0.00253962 -0.0615897 
v -0.0128192 0.00116042 -0.0615897 
v -0.0128695 -0.000232387 -0.0615897 
v -0.012769 -0.00162247 -0.0615897 
v -0.0125187 -0.00299353 -0.0615897 
v -0.0121217 -0.00432949 -0.0615897 
v -0.0115825 -0.00561469 -0.0615897 
v -0.0109076 -0.00683407 -0.0615897 
v -0.0101047 -0.00797332 -0.0615897 
v -0.00918342 -0.00901909 -0.0615897 
v -0.00815445 -0.00995913 -0.0615897 
v -0.00702988 -0.0107824 -0.0615897 
v -0.00582289 -0.0114793 -0.0615897 
v -0.00454763 -0.0120415 -0.0615897 
v -0.00321905 -0.0124626 -0.0615897 
v -0.00185274 -0.0127376 -0.0615897 
v -0.000464697 -0.0128633 -0.0615897 
v 0.000928789 -0.0128381 -0.0615897 
v 0.00231139 -0.0126624 -0.0615897 
v 0.00366688 -0.0123383 -0.0615897 
v 0.00497939 -0.0118695 -0.0615897 
v 0.00623352 -0.0112615 -0.0615897 
v 0.00741457 -0.0105216 -0.0615897 
v 0.00850869 -0.00965824 -0.0615897 
v 0.00950305 -0.00868167 -0.0615897 
v 0.010386 -0.00760332 -0.0615897 
v 0.0121353 -0.00700629 -0.0601807 
v 0.0128216 -0.00565317 -0.0601807 
v 0.0133577 -0.00423377 -0.0601807 
v 0.0137371 -0.00276473 -0.0601807 
v 0.0139555 -0.00126328 -0.0601807 
v 0.0140103 0.000252985 -0.0601807 
v 0.0139008 0.00176628 -0.0601807 
v 0.0136284 0.00325887 -0.0601807 
v 0.0131961 0.00471325 -0.0601807 
v 0.0126092 0.00611238 -0.0601807 
v 0.0118744 0.00743984 -0.0601807 
v 0.0110004 0.00868007 -0.0601807 
v 0.00999744 0.00981854 -0.0601807 
v 0.00887726 0.0108419 -0.0601807 
v 0.00765301 0.0117381 -0.0601807 
v 0.00633903 0.0124968 -0.0601807 
v 0.00495073 0.0131089 -0.0601807 
v 0.00350439 0.0135673 -0.0601807 
v 0.00201696 0.0138667 -0.0601807 
v 0.000505888 0.0140035 -0.0601807 
v -0.00101112 0.0139761 -0.0601807 
v -0.00251627 0.0137848 -0.0601807 
v -0.00399192 0.0134319 -0.0601807 
v -0.00542076 0.0129216 -0.0601807 
v -0.00678606 0.0122598 -0.0601807 
v -0.00807179 0.0114542 -0.0601807 
v -0.00926289 0.0105143 -0.0601807 
v -0.0103454 0.00945121 -0.0601807 
v -0.0113066 0.00827727 -0.0601807 
v -0.0121353 0.00700629 -0.0601807 
v -0.0128216 0.00565317 -0.0601807 
v -0.0133577 0.00423377 -0.0601807 
v -0.0137371 0.00276473 -0.0601807 
v -0.0139555 0.00126328 -0.0601807 
v -0.0140103 -0.000252985 -0.0601807 
v -0.0139008 -0.00176628 -0.0601807 
v -0.0136284 -0.00325887 -0.0601807 
v -0.0131961 -0.00471325 -0.0601807 
v -0.0126092 -0.00611238 -0.0601807 
v -0.0118744 -0.00743984 -0.0601807 
v -0.0110004 -0.00868007 -0.0601807 
v -0.00999744 -0.00981854 -0.0601807 
v -0.00887726 -0.0108419 -0.0601807 
v -0.00765301 -0.0117381 -0.0601807 
v -0.00633903 -0.0124968 -0.0601807 
v -0.00495073 -0.0131089 -0.0601807 
v -0.00350439 -0.0135673 -0.0601807 
v -0.00201696 -0.0138667 -0.0601807 
v -0.000505888 -0.0140035 -0.0601807 
v 0.00101112 -0.0139761 -0.0601807 
v 0.00251627 -0.0137848 -0.0601807 
v 0.00399192 -0.0134319 -0.0601807 
v 0.00542076 -0.0129216 -0.0601807 
v 0.00678606 -0.0122598 -0.0601807 
v 0.00807179 -0.0114542 -0.0601807 
v 0.00926289 -0.0105143 -0.0601807 
v 0.0103454 -0.00945121 -0.0601807 
v 0.0113066 -0.00827727 -0.0601807 
v 0.0129904 -0.0075 -0.0586603 
v 0.0137251 -0.00605153 -0.0586603 
v 0.014299 -0.00453211 -0.0586603 
v 0.0147051 -0.00295955 -0.0586603 
v 0.0149389 -0.0013523 -0.0586603 
v 0.0149976 0.000270812 -0.0586603 
v 0.0148804 0.00189075 -0.0586603 
v 0.0145887 0.00348851 -0.0586603 
v 0.014126 0.00504538 -0.0586603 
v 0.0134977 0.00654309 -0.0586603 
v 0.0127111 0.00796409 -0.0586603 
v 0.0117756 0.00929173 -0.0586603 
v 0.0107019 0.0105104 -0.0586603 
v 0.00950281 0.0116059 -0.0586603 
v 0.00819229 0.0125653 -0.0586603 
v 0.00678572 0.0133774 -0.0586603 
v 0.00529959 0.0140326 -0.0586603 
v 0.00375133 0.0145233 -0.0586603 
v 0.00215909 0.0148438 -0.0586603 
v 0.000541536 0.0149902 -0.0586603 
v -0.00108237 0.0149609 -0.0586603 
v -0.00269358 0.0147562 -0.0586603 
v -0.00427321 0.0143784 -0.0586603 
v -0.00580275 0.0138321 -0.0586603 
v -0.00726425 0.0131237 -0.0586603 
v -0.00864058 0.0122613 -0.0586603 
v -0.00991561 0.0112552 -0.0586603 
v -0.0110744 0.0101172 -0.0586603 
v -0.0121033 0.00886054 -0.0586603 
v -0.0129904 0.0075 -0.0586603 
v -0.0137251 0.00605153 -0.0586603 
v -0.014299 0.00453211 -0.0586603 
v -0.0147051 0.00295955 -0.0586603 
v -0.0149389 0.0013523 -0.0586603 
v -0.0149976 -0.000270812 -0.0586603 
v -0.0148804 -0.00189075 -0.0586603 
v -0.0145887 -0.00348851 -0.0586603 
v -0.014126 -0.00504538 -0.0586603 
v -0.0134977 -0.00654309 -0.0586603 
v -0.0127111 -0.00796409 -0.0586603 
v -0.0117756 -0.00929173 -0.0586603 
v -0.0107019 -0.0105104 -0.0586603 
v -0.00950281 -0.0116059 -0.0586603 
v -0.00819229 -0.0125653 -0.0586603 
v -0.00678572 -0.0133774 -0.0586603 
v -0.00529959 -0.0140326 -0.0586603 
v -0.00375133 -0.0145233 -0.0586603 
v -0.00215909 -0.0148438 -0.0586603 
v -0.000541536 -0.0149902 -0.0586603 
v 0.00108237 -0.0149609 -0.0586603 
v 0.00269358 -0.0147562 -0.0586603 
v 0.00427321 -0.0143784 -0.0586603 
v 0.00580275 -0.0138321 -0.0586603 
v 0.00726425 -0.0131237 -0.0586603 
v 0.00864058 -0.0122613 -0.0586603 
v 0.00991561 -0.0112552 -0.0586603 
v 0.0110744 -0.0101172 -0.0586603 
v 0.0121033 -0.00886054 -0.0586603 
v 0.0137032 -0.00791154 -0.0570449 
v 0.0144782 -0.00638358 -0.0570449 
v 0.0150836 -0.00478079 -0.0570449 
v 0.015512 -0.00312194 -0.0570449 
v 0.0157586 -0.0014265 -0.0570449 
v 0.0158205 0.000285672 -0.0570449 
v 0.0156969 0.00199449 -0.0570449 
v 0.0153892 0.00367993 -0.0570449 
v 0.0149011 0.00532223 -0.0570449 
v 0.0142383 0.00690212 -0.0570449 
v 0.0134086 0.0084011 -0.0570449 
v 0.0124217 0.00980158 -0.0570449 
v 0.0112891 0.0110871 -0.0570449 
v 0.0100242 0.0122427 -0.0570449 
v 0.00864181 0.0132548 -0.0570449 
v 0.00715806 0.0141114 -0.0570449 
v 0.00559039 0.0148026 -0.0570449 
v 0.00395717 0.0153203 -0.0570449 
v 0.00227756 0.0156583 -0.0570449 
v 0.000571251 0.0158128 -0.0570449 
v -0.00114176 0.0157818 -0.0570449 
v -0.00284138 0.0155659 -0.0570449 
v -0.00450769 0.0151674 -0.0570449 
v -0.00612115 0.0145911 -0.0570449 
v -0.00766285 0.0138438 -0.0570449 
v -0.0091147 0.0129341 -0.0570449 
v -0.0104597 0.0118728 -0.0570449 
v -0.0116821 0.0106723 -0.0570449 
v -0.0127675 0.00934673 -0.0570449 
v -0.0137032 0.00791154 -0.0570449 
v -0.0144782 0.00638358 -0.0570449 
v -0.0150836 0.00478079 -0.0570449 
v -0.015512 0.00312194 -0.0570449 
v -0.0157586 0.0014265 -0.0570449 
v -0.0158205 -0.000285672 -0.0570449 
v -0.0156969 -0.00199449 -0.0570449 
v -0.0153892 -0.00367993 -0.0570449 
v -0.0149011 -0.00532223 -0.0570449 
v -0.0142383 -0.00690212 -0.0570449 
v -0.0134086 -0.0084011 -0.0570449 
v -0.0124217 -0.00980158 -0.0570449 
v -0.0112891 -0.0110871 -0.0570449 
v -0.0100242 -0.0122427 -0.0570449 
v -0.00864181 -0.0132548 -0.0570449 
v -0.00715806 -0.0141114 -0.0570449 
v -0.00559039 -0.0148026 -0.0570449 
v -0.00395717 -0.0153203 -0.0570449 
v -0.00227756 -0.0156583 -0.0570449 
v -0.000571251 -0.0158128 -0.0570449 
v 0.00114176 -0.0157818 -0.0570449 
v 0.00284138 -0.0155659 -0.0570449 
v 0.00450769 -0.0151674 -0.0570449 
v 0.00612115 -0.0145911 -0.0570449 
v 0.00766285 -0.0138438 -0.0570449 
v 0.0091147 -0.0129341 -0.0570449 
v 0.0104597 -0.0118728 -0.0570449 
v 0.0116821 -0.0106723 -0.0570449 
v 0.0127675 -0.00934673 -0.0570449 
v 0.0142658 -0.00823639 -0.0553523 
v 0.0150727 -0.0066457 -0.0553523 
v 0.0157029 -0.00497709 -0.0553523 
v 0.016149 -0.00325014 -0.0553523 
v 0.0164057 -0.00148507 -0.0553523 
v 0.0164701 0.000297402 -0.0553523 
v 0.0163414 0.00207639 -0.0553523 
v 0.0160211 0.00383103 -0.0553523 
v 0.015513 0.00554076 -0.0553523 
v 0.014823 0.00718553 -0.0553523 
v 0.0139592 0.00874605 -0.0553523 
v 0.0129318 0.010204 -0.0553523 
v 0.0117527 0.0115424 -0.0553523 
v 0.0104358 0.0127454 -0.0553523 
v 0.00899665 0.013799 -0.0553523 
v 0.00745197 0.0146908 -0.0553523 
v 0.00581993 0.0154104 -0.0553523 
v 0.00411966 0.0159493 -0.0553523 
v 0.00237108 0.0163012 -0.0553523 
v 0.000594707 0.016462 -0.0553523 
v -0.00118864 0.0164298 -0.0553523 
v -0.00295805 0.016205 -0.0553523 
v -0.00469278 0.0157902 -0.0553523 
v -0.00637249 0.0151903 -0.0553523 
v -0.00797749 0.0144122 -0.0553523 
v -0.00948896 0.0134652 -0.0553523 
v -0.0108892 0.0123603 -0.0553523 
v -0.0121617 0.0111106 -0.0553523 
v -0.0132917 0.00973052 -0.0553523 
v -0.0142658 0.00823639 -0.0553523 
v -0.0150727 0.0066457 -0.0553523 
v -0.0157029 0.00497709 -0.0553523 
v -0.016149 0.00325014 -0.0553523 
v -0.0164057 0.00148507 -0.0553523 
v -0.0164701 -0.000297402 -0.0553523 
v -0.0163414 -0.00207639 -0.0553523 
v -0.0160211 -0.00383103 -0.0553523 
v -0.015513 -0.00554076 -0.0553523 
v -0.014823 -0.00718553 -0.0553523 
v -0.0139592 -0.00874605 -0.0553523 
v -0.0129318 -0.010204 -0.0553523 
v -0.0117527 -0.0115424 -0.0553523 
v -0.0104358 -0.0127454 -0.0553523 
v -0.00899665 -0.013799 -0.0553523 
v -0.00745197 -0.0146908 -0.0553523 
v -0.00581993 -0.0154104 -0.0553523 
v -0.00411966 -0.0159493 -0.0553523 
v -0.00237108 -0.0163012 -0.0553523 
v -0.000594707 -0.016462 -0.0553523 
v 0.00118864 -0.0164298 -0.0553523 
v 0.00295805 -0.016205 -0.0553523 
v 0.00469278 -0.0157902 -0.0553523 
v 0.00637249 -0.0151903 -0.0553523 
v 0.00797749 -0.0144122 -0.0553523 
v 0.00948896 -0.0134652 -0.0553523 
v 0.0108892 -0.0123603 -0.0553523 
v 0.0121617 -0.0111106 -0.0553523 
v 0.0132917 -0.00973052 -0.0553523 
v 0.0146722 -0.00847101 -0.0536011 
v 0.0155021 -0.006835 -0.0536011 
v 0.0161502 -0.00511887 -0.0536011 
v 0.016609 -0.00334272 -0.0536011 
v 0.016873 -0.00152737 -0.0536011 
v 0.0169393 0.000305874 -0.0536011 
v 0.0168069 0.00213554 -0.0536011 
v 0.0164775 0.00394016 -0.0536011 
v 0.0159549 0.00569859 -0.0536011 
v 0.0152452 0.00739021 -0.0536011 
v 0.0143568 0.00899519 -0.0536011 
v 0.0133001 0.0104947 -0.0536011 
v 0.0120875 0.0118712 -0.0536011 
v 0.0107331 0.0131085 -0.0536011 
v 0.00925292 0.0141921 -0.0536011 
v 0.00766425 0.0151093 -0.0536011 
v 0.00598571 0.0158494 -0.0536011 
v 0.00423701 0.0164036 -0.0536011 
v 0.00243862 0.0167656 -0.0536011 
v 0.000611648 0.016931 -0.0536011 
v -0.0012225 0.0168978 -0.0536011 
v -0.00304231 0.0166666 -0.0536011 
v -0.00482645 0.01624 -0.0536011 
v -0.00655401 0.015623 -0.0536011 
v -0.00820473 0.0148228 -0.0536011 
v -0.00975926 0.0138488 -0.0536011 
v -0.0111994 0.0127124 -0.0536011 
v -0.0125082 0.0114271 -0.0536011 
v -0.0136703 0.0100077 -0.0536011 
v -0.0146722 0.00847101 -0.0536011 
v -0.0155021 0.006835 -0.0536011 
v -0.0161502 0.00511887 -0.0536011 
v -0.016609 0.00334272 -0.0536011 
v -0.016873 0.00152737 -0.0536011 
v -0.0169393 -0.000305874 -0.0536011 
v -0.0168069 -0.00213554 -0.0536011 
v -0.0164775 -0.00394016 -0.0536011 
v -0.0159549 -0.00569859 -0.0536011 
v -0.0152452 -0.00739021 -0.0536011 
v -0.0143568 -0.00899519 -0.0536011 
v -0.0133001 -0.0104947 -0.0536011 
v -0.0120875 -0.0118712 -0.0536011 
v -0.0107331 -0.0131085 -0.0536011 
v -0.00925292 -0.0141921 -0.0536011 
v -0.00766425 -0.0151093 -0.0536011 
v -0.00598571 -0.0158494 -0.0536011 
v -0.00423701 -0.0164036 -0.0536011 
v -0.00243862 -0.0167656 -0.0536011 
v -0.000611648 -0.016931 -0.0536011 
v 0.0012225 -0.0168978 -0.0536011 
v 0.00304231 -0.0166666 -0.0536011 
v 0.00482645 -0.01624 -0.0536011 
v 0.00655401 -0.015623 -0.0536011 
v 0.00820473 -0.0148228 -0.0536011 
v 0.00975926 -0.0138488 -0.0536011 
v 0.0111994 -0.0127124 -0.0536011 
v 0.0125082 -0.0114271 -0.0536011 
v 0.0136703 -0.0100077 -0.0536011 
v 0.0149178 -0.00861281 -0.0518105 
v 0.0157616 -0.00694942 -0.0518105 
v 0.0164206 -0.00520456 -0.0518105 
v 0.016887 -0.00339867 -0.0518105 
v 0.0171555 -0.00155294 -0.0518105 
v 0.0172228 0.000310994 -0.0518105 
v 0.0170882 0.00217128 -0.0518105 
v 0.0167533 0.00400612 -0.0518105 
v 0.016222 0.00579399 -0.0518105 
v 0.0155004 0.00751392 -0.0518105 
v 0.0145972 0.00914577 -0.0518105 
v 0.0135228 0.0106704 -0.0518105 
v 0.0122898 0.0120699 -0.0518105 
v 0.0109128 0.0133279 -0.0518105 
v 0.00940782 0.0144297 -0.0518105 
v 0.00779255 0.0153622 -0.0518105 
v 0.00608592 0.0161147 -0.0518105 
v 0.00430793 0.0166782 -0.0518105 
v 0.00247944 0.0170462 -0.0518105 
v 0.000621887 0.0172144 -0.0518105 
v -0.00124296 0.0171807 -0.0518105 
v -0.00309324 0.0169456 -0.0518105 
v -0.00490725 0.0165118 -0.0518105 
v -0.00666373 0.0158845 -0.0518105 
v -0.00834208 0.0150709 -0.0518105 
v -0.00992263 0.0140806 -0.0518105 
v -0.0113868 0.0129252 -0.0518105 
v -0.0127176 0.0116183 -0.0518105 
v -0.0138992 0.0101752 -0.0518105 
v -0.0149178 0.00861281 -0.0518105 
v -0.0157616 0.00694942 -0.0518105 
v -0.0164206 0.00520456 -0.0518105 
v -0.016887 0.00339867 -0.0518105 
v -0.0171555 0.00155294 -0.0518105 
v -0.0172228 -0.000310994 -0.0518105 
v -0.0170882 -0.00217128 -0.0518105 
v -0.0167533 -0.00400612 -0.0518105 
v -0.016222 -0.00579399 -0.0518105 
v -0.0155004 -0.00751392 -0.0518105 
v -0.0145972 -0.00914577 -0.0518105 
v -0.0135228 -0.0106704 -0.0518105 
v -0.0122898 -0.0120699 -0.0518105 
v -0.0109128 -0.0133279 -0.0518105 
v -0.00940782 -0.0144297 -0.0518105 
v -0.00779255 -0.0153622 -0.0518105 
v -0.00608592 -0.0161147 -0.0518105 
v -0.00430793 -0.0166782 -0.0518105 
v -0.00247944 -0.0170462 -0.0518105 
v -0.000621887 -0.0172144 -0.0518105 
v 0.00124296 -0.0171807 -0.0518105 
v 0.00309324 -0.0169456 -0.0518105 
v 0.00490725 -0.0165118 -0.0518105 
v 0.00666373 -0.0158845 -0.0518105 
v 0.00834208 -0.0150709 -0.0518105 
v 0.00992263 -0.0140806 -0.0518105 
v 0.0113868 -0.0129252 -0.0518105 
v 0.0127176 -0.0116183 -0.0518105 
v 0.0138992 -0.0101752 -0.0518105 
v 8.10229e-18 -5.30288e-19 -0.0673205 
v -0.02 -1.94758e-17 -0.05 
vn 1.20354e-16 -7.87706e-18 -1 
vn 0.866025 0.5 1.00291e-16 
vn -4.996e-16 1 -7.87706e-18 
vn 1.20354e-16 -7.87706e-18 -1 
vn -1.20354e-16 7.87706e-18 1 
vn 0.866025 -0.5 1.08168e-16 
vn 1.20354e-16 -7.87706e-18 -1 
vn 1.11022e-15 -1 7.87706e-18 
vn 0.180057 -0.103956 -0.978148 
vn 0.0905243 -0.0522642 -0.994522 
vn 0.0956444 -0.0421705 -0.994522 
vn 0.190241 -0.0838789 -0.978148 
vn 0.0996432 -0.0315823 -0.994522 
vn 0.198195 -0.0628185 -0.978148 
vn 0.102474 -0.0206238 -0.994522 
vn 0.203825 -0.0410217 -0.978148 
vn 0.104103 -0.00942356 -0.994522 
vn 0.207065 -0.0187439 -0.978148 
vn 0.104511 0.00188717 -0.994522 
vn 0.207878 0.00375367 -0.978148 
vn 0.103695 0.0131758 -0.994522 
vn 0.206253 0.0262072 -0.978148 
vn 0.101662 0.0243099 -0.994522 
vn 0.202211 0.0483535 -0.978148 
vn 0.098438 0.035159 -0.994522 
vn 0.195798 0.0699329 -0.978148 
vn 0.0940596 0.045596 -0.994522 
vn 0.187089 0.0906924 -0.978148 
vn 0.0885784 0.0554983 -0.994522 
vn 0.176186 0.110389 -0.978148 
vn 0.0820588 0.06475 -0.994522 
vn 0.163218 0.128791 -0.978148 
vn 0.074577 0.0732425 -0.994522 
vn 0.148337 0.145683 -0.978148 
vn 0.0662209 0.0808764 -0.994522 
vn 0.131716 0.160867 -0.978148 
vn 0.0570885 0.087562 -0.994522 
vn 0.113551 0.174165 -0.978148 
vn 0.0472867 0.0932211 -0.994522 
vn 0.0940553 0.185421 -0.978148 
vn 0.0369305 0.0977872 -0.994522 
vn 0.0734564 0.194503 -0.978148 
vn 0.0261414 0.101207 -0.994522 
vn 0.0519964 0.201305 -0.978148 
vn 0.0150458 0.10344 -0.994522 
vn 0.0299267 0.205747 -0.978148 
vn 0.00377373 0.10446 -0.994522 
vn 0.00750611 0.207776 -0.978148 
vn -0.00754254 0.104256 -0.994522 
vn -0.0150024 0.20737 -0.978148 
vn -0.0187704 0.102829 -0.994522 
vn -0.0373351 0.204532 -0.978148 
vn -0.0297782 0.100197 -0.994522 
vn -0.0592301 0.199296 -0.978148 
vn -0.0404368 0.0963902 -0.994522 
vn -0.0804306 0.191724 -0.978148 
vn -0.0506214 0.0914531 -0.994522 
vn -0.100688 0.181904 -0.978148 
vn -0.0602125 0.0854439 -0.994522 
vn -0.119765 0.169952 -0.978148 
vn -0.0690976 0.0784329 -0.994522 
vn -0.137438 0.156007 -0.978148 
vn -0.0771726 0.0705024 -0.994522 
vn -0.1535 0.140232 -0.978148 
vn -0.0843429 0.0617453 -0.994522 
vn -0.167762 0.122814 -0.978148 
vn -0.0905243 0.0522642 -0.994522 
vn -0.180057 0.103956 -0.978148 
vn -0.0956444 0.0421705 -0.994522 
vn -0.190241 0.0838789 -0.978148 
vn -0.0996432 0.0315823 -0.994522 
vn -0.198195 0.0628185 -0.978148 
vn -0.102474 0.0206238 -0.994522 
vn -0.203825 0.0410217 -0.978148 
vn -0.104103 0.00942356 -0.994522 
vn -0.207065 0.0187439 -0.978148 
vn -0.104511 -0.00188717 -0.994522 
vn -0.207878 -0.00375367 -0.978148 
vn -0.103695 -0.0131758 -0.994522 
vn -0.206253 -0.0262072 -0.978148 
vn -0.101662 -0.0243099 -0.994522 
vn -0.202211 -0.0483535 -0.978148 
vn -0.098438 -0.035159 -0.994522 
vn -0.195798 -0.0699329 -0.978148 
vn -0.0940596 -0.045596 -0.994522 
vn -0.187089 -0.0906924 -0.978148 
vn -0.0885784 -0.0554983 -0.994522 
vn -0.176186 -0.110389 -0.978148 
vn -0.0820588 -0.06475 -0.994522 
vn -0.163218 -0.128791 -0.978148 
vn -0.074577 -0.0732425 -0.994522 
vn -0.148337 -0.145683 -0.978148 
vn -0.0662209 -0.0808764 -0.994522 
vn -0.131716 -0.160867 -0.978148 
vn -0.0570885 -0.087562 -0.994522 
vn -0.113551 -0.174165 -0.978148 
vn -0.0472867 -0.0932211 -0.994522 
vn -0.0940553 -0.185421 -0.978148 
vn -0.0369305 -0.0977872 -0.994522 
vn -0.0734564 -0.194503 -0.978148 
vn -0.0261414 -0.101207 -0.994522 
vn -0.0519964 -0.201305 -0.978148 
vn -0.0150458 -0.10344 -0.994522 
vn -0.0299267 -0.205747 -0.978148 
vn -0.00377373 -0.10446 -0.994522 
vn -0.00750611 -0.207776 -0.978148 
vn 0.00754254 -0.104256 -0.994522 
vn 0.0150024 -0.20737 -0.978148 
vn 0.0187704 -0.102829 -0.994522 
vn 0.0373351 -0.204532 -0.978148 
vn 0.0297782 -0.100197 -0.994522 
vn 0.0592301 -0.199296 -0.978148 
vn 0.0404368 -0.0963902 -0.994522 
vn 0.0804306 -0.191724 -0.978148 
vn 0.0506214 -0.0914531 -0.994522 
vn 0.100688 -0.181904 -0.978148 
vn 0.0602125 -0.0854439 -0.994522 
vn 0.119765 -0.169952 -0.978148 
vn 0.0690976 -0.0784329 -0.994522 
vn 0.137438 -0.156007 -0.978148 
vn 0.0771726 -0.0705024 -0.994522 
vn 0.1535 -0.140232 -0.978148 
vn 0.0843429 -0.0617453 -0.994522 
vn 0.167762 -0.122814 -0.978148 
vn 0.267617 -0.154508 -0.951057 
vn 0.282753 -0.124668 -0.951057 
vn 0.294575 -0.0933665 -0.951057 
vn 0.302942 -0.0609701 -0.951057 
vn 0.307759 -0.0278588 -0.951057 
vn 0.308967 0.00557904 -0.951057 
vn 0.306552 0.0389515 -0.951057 
vn 0.300544 0.0718673 -0.951057 
vn 0.291012 0.103941 -0.951057 
vn 0.278068 0.134795 -0.951057 
vn 0.261864 0.164069 -0.951057 
vn 0.24259 0.19142 -0.951057 
vn 0.220472 0.216527 -0.951057 
vn 0.195769 0.239094 -0.951057 
vn 0.16877 0.258859 -0.951057 
vn 0.139793 0.275589 -0.951057 
vn 0.109178 0.289088 -0.951057 
vn 0.0772816 0.299197 -0.951057 
vn 0.0444797 0.305799 -0.951057 
vn 0.0111563 0.308816 -0.951057 
vn -0.022298 0.308211 -0.951057 
vn -0.0554908 0.303994 -0.951057 
vn -0.088033 0.296212 -0.951057 
vn -0.119543 0.284958 -0.951057 
vn -0.149652 0.270362 -0.951057 
vn -0.178006 0.252597 -0.951057 
vn -0.204273 0.231871 -0.951057 
vn -0.228145 0.208426 -0.951057 
vn -0.249342 0.182537 -0.951057 
vn -0.267617 0.154508 -0.951057 
vn -0.282753 0.124668 -0.951057 
vn -0.294575 0.0933665 -0.951057 
vn -0.302942 0.0609701 -0.951057 
vn -0.307759 0.0278588 -0.951057 
vn -0.308967 -0.00557904 -0.951057 
vn -0.306552 -0.0389515 -0.951057 
vn -0.300544 -0.0718673 -0.951057 
vn -0.291012 -0.103941 -0.951057 
vn -0.278068 -0.134795 -0.951057 
vn -0.261864 -0.164069 -0.951057 
vn -0.24259 -0.19142 -0.951057 
vn -0.220472 -0.216527 -0.951057 
vn -0.195769 -0.239094 -0.951057 
vn -0.16877 -0.258859 -0.951057 
vn -0.139793 -0.275589 -0.951057 
vn -0.109178 -0.289088 -0.951057 
vn -0.0772816 -0.299197 -0.951057 
vn -0.0444797 -0.305799 -0.951057 
vn -0.0111563 -0.308816 -0.951057 
vn 0.022298 -0.308211 -0.951057 
vn 0.0554908 -0.303994 -0.951057 
vn 0.088033 -0.296212 -0.951057 
vn 0.119543 -0.284958 -0.951057 
vn 0.149652 -0.270362 -0.951057 
vn 0.178006 -0.252597 -0.951057 
vn 0.204273 -0.231871 -0.951057 
vn 0.228145 -0.208426 -0.951057 
vn 0.249342 -0.182537 -0.951057 
vn 0.352244 -0.203368 -0.913545 
vn 0.372167 -0.164092 -0.913545 
vn 0.387727 -0.122892 -0.913545 
vn 0.398741 -0.0802505 -0.913545 
vn 0.40508 -0.0366686 -0.913545 
vn 0.40667 0.00734328 -0.913545 
vn 0.403492 0.051269 -0.913545 
vn 0.395584 0.0945937 -0.913545 
vn 0.383038 0.136809 -0.913545 
vn 0.366001 0.177421 -0.913545 
vn 0.344673 0.215953 -0.913545 
vn 0.319303 0.251952 -0.913545 
vn 0.290191 0.284998 -0.913545 
vn 0.257676 0.314703 -0.913545 
vn 0.22214 0.340718 -0.913545 
vn 0.184 0.362738 -0.913545 
vn 0.143702 0.380505 -0.913545 
vn 0.10172 0.393812 -0.913545 
vn 0.0585454 0.402501 -0.913545 
vn 0.0146842 0.406471 -0.913545 
vn -0.0293492 0.405676 -0.913545 
vn -0.0730385 0.400125 -0.913545 
vn -0.115871 0.389883 -0.913545 
vn -0.157346 0.375069 -0.913545 
vn -0.196976 0.355858 -0.913545 
vn -0.234296 0.332476 -0.913545 
vn -0.26887 0.305195 -0.913545 
vn -0.300291 0.274336 -0.913545 
vn -0.328191 0.24026 -0.913545 
vn -0.352244 0.203368 -0.913545 
vn -0.372167 0.164092 -0.913545 
vn -0.387727 0.122892 -0.913545 
vn -0.398741 0.0802505 -0.913545 
vn -0.40508 0.0366686 -0.913545 
vn -0.40667 -0.00734328 -0.913545 
vn -0.403492 -0.051269 -0.913545 
vn -0.395584 -0.0945937 -0.913545 
vn -0.383038 -0.136809 -0.913545 
vn -0.366001 -0.177421 -0.913545 
vn -0.344673 -0.215953 -0.913545 
vn -0.319303 -0.251952 -0.913545 
vn -0.290191 -0.284998 -0.913545 
vn -0.257676 -0.314703 -0.913545 
vn -0.22214 -0.340718 -0.913545 
vn -0.184 -0.362738 -0.913545 
vn -0.143702 -0.380505 -0.913545 
vn -0.10172 -0.393812 -0.913545 
vn -0.0585454 -0.402501 -0.913545 
vn -0.0146842 -0.406471 -0.913545 
vn 0.0293492 -0.405676 -0.913545 
vn 0.0730385 -0.400125 -0.913545 
vn 0.115871 -0.389883 -0.913545 
vn 0.157346 -0.375069 -0.913545 
vn 0.196976 -0.355858 -0.913545 
vn 0.234296 -0.332476 -0.913545 
vn 0.26887 -0.305195 -0.913545 
vn 0.300291 -0.274336 -0.913545 
vn 0.328191 -0.24026 -0.913545 
vn 0.433013 -0.25 -0.866025 
vn 0.457504 -0.201718 -0.866025 
vn 0.476632 -0.15107 -0.866025 
vn 0.490171 -0.0986517 -0.866025 
vn 0.497964 -0.0450765 -0.866025 
vn 0.499919 0.00902707 -0.866025 
vn 0.496012 0.0630249 -0.866025 
vn 0.48629 0.116284 -0.866025 
vn 0.470867 0.168179 -0.866025 
vn 0.449923 0.218103 -0.866025 
vn 0.423705 0.26547 -0.866025 
vn 0.392519 0.309724 -0.866025 
vn 0.356731 0.350347 -0.866025 
vn 0.31676 0.386863 -0.866025 
vn 0.273076 0.418843 -0.866025 
vn 0.226191 0.445912 -0.866025 
vn 0.176653 0.467754 -0.866025 
vn 0.125044 0.484111 -0.866025 
vn 0.0719697 0.494793 -0.866025 
vn 0.0180512 0.499674 -0.866025 
vn -0.0360789 0.498697 -0.866025 
vn -0.089786 0.491872 -0.866025 
vn -0.14244 0.479281 -0.866025 
vn -0.193425 0.461071 -0.866025 
vn -0.242142 0.437456 -0.866025 
vn -0.288019 0.408711 -0.866025 
vn -0.33052 0.375175 -0.866025 
vn -0.369146 0.33724 -0.866025 
vn -0.403445 0.295351 -0.866025 
vn -0.433013 0.25 -0.866025 
vn -0.457504 0.201718 -0.866025 
vn -0.476632 0.15107 -0.866025 
vn -0.490171 0.0986517 -0.866025 
vn -0.497964 0.0450765 -0.866025 
vn -0.499919 -0.00902707 -0.866025 
vn -0.496012 -0.0630249 -0.866025 
vn -0.48629 -0.116284 -0.866025 
vn -0.470867 -0.168179 -0.866025 
vn -0.449923 -0.218103 -0.866025 
vn -0.423705 -0.26547 -0.866025 
vn -0.392519 -0.309724 -0.866025 
vn -0.356731 -0.350347 -0.866025 
vn -0.31676 -0.386863 -0.866025 
vn -0.273076 -0.418843 -0.866025 
vn -0.226191 -0.445912 -0.866025 
vn -0.176653 -0.467754 -0.866025 
vn -0.125044 -0.484111 -0.866025 
vn -0.0719697 -0.494793 -0.866025 
vn -0.0180512 -0.499674 -0.866025 
vn 0.0360789 -0.498697 -0.866025 
vn 0.089786 -0.491872 -0.866025 
vn 0.14244 -0.479281 -0.866025 
vn 0.193425 -0.461071 -0.866025 
vn 0.242142 -0.437456 -0.866025 
vn 0.288019 -0.408711 -0.866025 
vn 0.33052 -0.375175 -0.866025 
vn 0.369146 -0.33724 -0.866025 
vn 0.403445 -0.295351 -0.866025 
vn 0.509037 -0.293893 -0.809017 
vn 0.537828 -0.237133 -0.809017 
vn 0.560314 -0.177594 -0.809017 
vn 0.576231 -0.115972 -0.809017 
vn 0.585392 -0.0529907 -0.809017 
vn 0.587689 0.010612 -0.809017 
vn 0.583097 0.0740902 -0.809017 
vn 0.571668 0.1367 -0.809017 
vn 0.553537 0.197707 -0.809017 
vn 0.528917 0.256396 -0.809017 
vn 0.498095 0.312078 -0.809017 
vn 0.461433 0.364103 -0.809017 
vn 0.419362 0.411858 -0.809017 
vn 0.372374 0.454785 -0.809017 
vn 0.32102 0.492379 -0.809017 
vn 0.265903 0.524201 -0.809017 
vn 0.207668 0.549878 -0.809017 
vn 0.146998 0.569107 -0.809017 
vn 0.0846054 0.581664 -0.809017 
vn 0.0212205 0.587402 -0.809017 
vn -0.0424133 0.586253 -0.809017 
vn -0.10555 0.578231 -0.809017 
vn -0.167449 0.563429 -0.809017 
vn -0.227385 0.542022 -0.809017 
vn -0.284654 0.51426 -0.809017 
vn -0.338587 0.480469 -0.809017 
vn -0.38855 0.441045 -0.809017 
vn -0.433958 0.396449 -0.809017 
vn -0.474278 0.347206 -0.809017 
vn -0.509037 0.293893 -0.809017 
vn -0.537828 0.237133 -0.809017 
vn -0.560314 0.177594 -0.809017 
vn -0.576231 0.115972 -0.809017 
vn -0.585392 0.0529907 -0.809017 
vn -0.587689 -0.010612 -0.809017 
vn -0.583097 -0.0740902 -0.809017 
vn -0.571668 -0.1367 -0.809017 
vn -0.553537 -0.197707 -0.809017 
vn -0.528917 -0.256396 -0.809017 
vn -0.498095 -0.312078 -0.809017 
vn -0.461433 -0.364103 -0.809017 
vn -0.419362 -0.411858 -0.809017 
vn -0.372374 -0.454785 -0.809017 
vn -0.32102 -0.492379 -0.809017 
vn -0.265903 -0.524201 -0.809017 
vn -0.207668 -0.549878 -0.809017 
vn -0.146998 -0.569107 -0.809017 
vn -0.0846054 -0.581664 -0.809017 
vn -0.0212205 -0.587402 -0.809017 
vn 0.0424133 -0.586253 -0.809017 
vn 0.10555 -0.578231 -0.809017 
vn 0.167449 -0.563429 -0.809017 
vn 0.227385 -0.542022 -0.809017 
vn 0.284654 -0.51426 -0.809017 
vn 0.338587 -0.480469 -0.809017 
vn 0.38855 -0.441045 -0.809017 
vn 0.433958 -0.396449 -0.809017 
vn 0.474278 -0.347206 -0.809017 
vn 0.579484 -0.334565 -0.743145 
vn 0.61226 -0.269951 -0.743145 
vn 0.637858 -0.202171 -0.743145 
vn 0.655977 -0.132022 -0.743145 
vn 0.666406 -0.0603242 -0.743145 
vn 0.669022 0.0120806 -0.743145 
vn 0.663794 0.0843437 -0.743145 
vn 0.650783 0.155618 -0.743145 
vn 0.630143 0.225068 -0.743145 
vn 0.602115 0.291879 -0.743145 
vn 0.567028 0.355268 -0.743145 
vn 0.525293 0.414492 -0.743145 
vn 0.477399 0.468856 -0.743145 
vn 0.423908 0.517724 -0.743145 
vn 0.365447 0.560521 -0.743145 
vn 0.302702 0.596747 -0.743145 
vn 0.236408 0.625977 -0.743145 
vn 0.167342 0.647868 -0.743145 
vn 0.0963142 0.662163 -0.743145 
vn 0.0241572 0.668694 -0.743145 
vn -0.048283 0.667386 -0.743145 
vn -0.120157 0.658254 -0.743145 
vn -0.190622 0.641404 -0.743145 
vn -0.258853 0.617034 -0.743145 
vn -0.324049 0.58543 -0.743145 
vn -0.385445 0.546962 -0.743145 
vn -0.442323 0.502082 -0.743145 
vn -0.494014 0.451315 -0.743145 
vn -0.539914 0.395257 -0.743145 
vn -0.579484 0.334565 -0.743145 
vn -0.61226 0.269951 -0.743145 
vn -0.637858 0.202171 -0.743145 
vn -0.655977 0.132022 -0.743145 
vn -0.666406 0.0603242 -0.743145 
vn -0.669022 -0.0120806 -0.743145 
vn -0.663794 -0.0843437 -0.743145 
vn -0.650783 -0.155618 -0.743145 
vn -0.630143 -0.225068 -0.743145 
vn -0.602115 -0.291879 -0.743145 
vn -0.567028 -0.355268 -0.743145 
vn -0.525293 -0.414492 -0.743145 
vn -0.477399 -0.468856 -0.743145 
vn -0.423908 -0.517724 -0.743145 
vn -0.365447 -0.560521 -0.743145 
vn -0.302702 -0.596747 -0.743145 
vn -0.236408 -0.625977 -0.743145 
vn -0.167342 -0.647868 -0.743145 
vn -0.0963142 -0.662163 -0.743145 
vn -0.0241572 -0.668694 -0.743145 
vn 0.048283 -0.667386 -0.743145 
vn 0.120157 -0.658254 -0.743145 
vn 0.190622 -0.641404 -0.743145 
vn 0.258853 -0.617034 -0.743145 
vn 0.324049 -0.58543 -0.743145 
vn 0.385445 -0.546962 -0.743145 
vn 0.442323 -0.502082 -0.743145 
vn 0.494014 -0.451315 -0.743145 
vn 0.539914 -0.395257 -0.743145 
vn 0.643582 -0.371572 -0.669131 
vn 0.679984 -0.299811 -0.669131 
vn 0.708413 -0.224534 -0.669131 
vn 0.728536 -0.146625 -0.669131 
vn 0.740119 -0.0669968 -0.669131 
vn 0.743024 0.0134168 -0.669131 
vn 0.737217 0.0936732 -0.669131 
vn 0.722768 0.172831 -0.669131 
vn 0.699845 0.249963 -0.669131 
vn 0.668716 0.324164 -0.669131 
vn 0.629748 0.394565 -0.669131 
vn 0.583396 0.46034 -0.669131 
vn 0.530205 0.520718 -0.669131 
vn 0.470798 0.57499 -0.669131 
vn 0.40587 0.622522 -0.669131 
vn 0.336185 0.662755 -0.669131 
vn 0.262557 0.695218 -0.669131 
vn 0.185852 0.71953 -0.669131 
vn 0.106968 0.735406 -0.669131 
vn 0.0268293 0.74266 -0.669131 
vn -0.0536237 0.741208 -0.669131 
vn -0.133448 0.731065 -0.669131 
vn -0.211708 0.712351 -0.669131 
vn -0.287485 0.685286 -0.669131 
vn -0.359893 0.650186 -0.669131 
vn -0.42808 0.607463 -0.669131 
vn -0.491249 0.557619 -0.669131 
vn -0.548659 0.501236 -0.669131 
vn -0.599636 0.438978 -0.669131 
vn -0.643582 0.371572 -0.669131 
vn -0.679984 0.299811 -0.669131 
vn -0.708413 0.224534 -0.669131 
vn -0.728536 0.146625 -0.669131 
vn -0.740119 0.0669968 -0.669131 
vn -0.743024 -0.0134168 -0.669131 
vn -0.737217 -0.0936732 -0.669131 
vn -0.722768 -0.172831 -0.669131 
vn -0.699845 -0.249963 -0.669131 
vn -0.668716 -0.324164 -0.669131 
vn -0.629748 -0.394565 -0.669131 
vn -0.583396 -0.46034 -0.669131 
vn -0.530205 -0.520718 -0.669131 
vn -0.470798 -0.57499 -0.669131 
vn -0.40587 -0.622522 -0.669131 
vn -0.336185 -0.662755 -0.669131 
vn -0.262557 -0.695218 -0.669131 
vn -0.185852 -0.71953 -0.669131 
vn -0.106968 -0.735406 -0.669131 
vn -0.0268293 -0.74266 -0.669131 
vn 0.0536237 -0.741208 -0.669131 
vn 0.133448 -0.731065 -0.669131 
vn 0.211708 -0.712351 -0.669131 
vn 0.287485 -0.685286 -0.669131 
vn 0.359893 -0.650186 -0.669131 
vn 0.42808 -0.607463 -0.669131 
vn 0.491249 -0.557619 -0.669131 
vn 0.548659 -0.501236 -0.669131 
vn 0.599636 -0.438978 -0.669131 
vn 0.700629 -0.404508 -0.587785 
vn 0.740257 -0.326386 -0.587785 
vn 0.771206 -0.244437 -0.587785 
vn 0.793114 -0.159622 -0.587785 
vn 0.805723 -0.0729354 -0.587785 
vn 0.808885 0.0146061 -0.587785 
vn 0.802564 0.101976 -0.587785 
vn 0.786834 0.188151 -0.587785 
vn 0.761879 0.27212 -0.587785 
vn 0.727991 0.352898 -0.587785 
vn 0.685569 0.429539 -0.587785 
vn 0.635109 0.501144 -0.587785 
vn 0.577202 0.566874 -0.587785 
vn 0.512529 0.625957 -0.587785 
vn 0.441847 0.677702 -0.587785 
vn 0.365984 0.721501 -0.587785 
vn 0.285831 0.756842 -0.587785 
vn 0.202326 0.783309 -0.587785 
vn 0.116449 0.800592 -0.587785 
vn 0.0292075 0.80849 -0.587785 
vn -0.0583769 0.806908 -0.587785 
vn -0.145277 0.795866 -0.587785 
vn -0.230473 0.775494 -0.587785 
vn -0.312968 0.746029 -0.587785 
vn -0.391793 0.707818 -0.587785 
vn -0.466025 0.661309 -0.587785 
vn -0.534793 0.607046 -0.587785 
vn -0.597292 0.545666 -0.587785 
vn -0.652787 0.477889 -0.587785 
vn -0.700629 0.404508 -0.587785 
vn -0.740257 0.326386 -0.587785 
vn -0.771206 0.244437 -0.587785 
vn -0.793114 0.159622 -0.587785 
vn -0.805723 0.0729354 -0.587785 
vn -0.808885 -0.0146061 -0.587785 
vn -0.802564 -0.101976 -0.587785 
vn -0.786834 -0.188151 -0.587785 
vn -0.761879 -0.27212 -0.587785 
vn -0.727991 -0.352898 -0.587785 
vn -0.685569 -0.429539 -0.587785 
vn -0.635109 -0.501144 -0.587785 
vn -0.577202 -0.566874 -0.587785 
vn -0.512529 -0.625957 -0.587785 
vn -0.441847 -0.677702 -0.587785 
vn -0.365984 -0.721501 -0.587785 
vn -0.285831 -0.756842 -0.587785 
vn -0.202326 -0.783309 -0.587785 
vn -0.116449 -0.800592 -0.587785 
vn -0.0292075 -0.80849 -0.587785 
vn 0.0583769 -0.806908 -0.587785 
vn 0.145277 -0.795866 -0.587785 
vn 0.230473 -0.775494 -0.587785 
vn 0.312968 -0.746029 -0.587785 
vn 0.391793 -0.707818 -0.587785 
vn 0.466025 -0.661309 -0.587785 
vn 0.534793 -0.607046 -0.587785 
vn 0.597292 -0.545666 -0.587785 
vn 0.652787 -0.477889 -0.587785 
vn 0.75 -0.433013 -0.5 
vn 0.79242 -0.349385 -0.5 
vn 0.82555 -0.261661 -0.5 
vn 0.849001 -0.17087 -0.5 
vn 0.862499 -0.0780749 -0.5 
vn 0.865884 0.0156354 -0.5 
vn 0.859118 0.109162 -0.5 
vn 0.842279 0.201409 -0.5 
vn 0.815566 0.291295 -0.5 
vn 0.77929 0.377766 -0.5 
vn 0.733878 0.459807 -0.5 
vn 0.679862 0.536458 -0.5 
vn 0.617876 0.606819 -0.5 
vn 0.548645 0.670066 -0.5 
vn 0.472982 0.725457 -0.5 
vn 0.391773 0.772343 -0.5 
vn 0.305972 0.810174 -0.5 
vn 0.216583 0.838506 -0.5 
vn 0.124655 0.857007 -0.5 
vn 0.0312656 0.865461 -0.5 
vn -0.0624904 0.863768 -0.5 
vn -0.155514 0.851948 -0.5 
vn -0.246714 0.83014 -0.5 
vn -0.335022 0.798599 -0.5 
vn -0.419402 0.757695 -0.5 
vn -0.498864 0.707909 -0.5 
vn -0.572478 0.649822 -0.5 
vn -0.63938 0.584117 -0.5 
vn -0.698787 0.511564 -0.5 
vn -0.75 0.433013 -0.5 
vn -0.79242 0.349385 -0.5 
vn -0.82555 0.261661 -0.5 
vn -0.849001 0.17087 -0.5 
vn -0.862499 0.0780749 -0.5 
vn -0.865884 -0.0156354 -0.5 
vn -0.859118 -0.109162 -0.5 
vn -0.842279 -0.201409 -0.5 
vn -0.815566 -0.291295 -0.5 
vn -0.77929 -0.377766 -0.5 
vn -0.733878 -0.459807 -0.5 
vn -0.679862 -0.536458 -0.5 
vn -0.617876 -0.606819 -0.5 
vn -0.548645 -0.670066 -0.5 
vn -0.472982 -0.725457 -0.5 
vn -0.391773 -0.772343 -0.5 
vn -0.305972 -0.810174 -0.5 
vn -0.216583 -0.838506 -0.5 
vn -0.124655 -0.857007 -0.5 
vn -0.0312656 -0.865461 -0.5 
vn 0.0624904 -0.863768 -0.5 
vn 0.155514 -0.851948 -0.5 
vn 0.246714 -0.83014 -0.5 
vn 0.335022 -0.798599 -0.5 
vn 0.419402 -0.757695 -0.5 
vn 0.498864 -0.707909 -0.5 
vn 0.572478 -0.649822 -0.5 
vn 0.63938 -0.584117 -0.5 
vn 0.698787 -0.511564 -0.5 
vn 0.791154 -0.456773 -0.406737 
vn 0.835902 -0.368556 -0.406737 
vn 0.870849 -0.276019 -0.406737 
vn 0.895587 -0.180246 -0.406737 
vn 0.909825 -0.0823589 -0.406737 
vn 0.913397 0.0164933 -0.406737 
vn 0.906259 0.115152 -0.406737 
vn 0.888496 0.212461 -0.406737 
vn 0.860317 0.307279 -0.406737 
vn 0.822051 0.398494 -0.406737 
vn 0.774147 0.485038 -0.406737 
vn 0.717167 0.565894 -0.406737 
vn 0.651779 0.640116 -0.406737 
vn 0.57875 0.706834 -0.406737 
vn 0.498935 0.765264 -0.406737 
vn 0.413271 0.814722 -0.406737 
vn 0.322761 0.854629 -0.406737 
vn 0.228467 0.884516 -0.406737 
vn 0.131495 0.904032 -0.406737 
vn 0.0329812 0.91295 -0.406737 
vn -0.0659194 0.911164 -0.406737 
vn -0.164047 0.898696 -0.406737 
vn -0.260252 0.875691 -0.406737 
vn -0.353405 0.842419 -0.406737 
vn -0.442415 0.799271 -0.406737 
vn -0.526238 0.746752 -0.406737 
vn -0.603891 0.685479 -0.406737 
vn -0.674464 0.616168 -0.406737 
vn -0.73713 0.539634 -0.406737 
vn -0.791154 0.456773 -0.406737 
vn -0.835902 0.368556 -0.406737 
vn -0.870849 0.276019 -0.406737 
vn -0.895587 0.180246 -0.406737 
vn -0.909825 0.0823589 -0.406737 
vn -0.913397 -0.0164933 -0.406737 
vn -0.906259 -0.115152 -0.406737 
vn -0.888496 -0.212461 -0.406737 
vn -0.860317 -0.307279 -0.406737 
vn -0.822051 -0.398494 -0.406737 
vn -0.774147 -0.485038 -0.406737 
vn -0.717167 -0.565894 -0.406737 
vn -0.651779 -0.640116 -0.406737 
vn -0.57875 -0.706834 -0.406737 
vn -0.498935 -0.765264 -0.406737 
vn -0.413271 -0.814722 -0.406737 
vn -0.322761 -0.854629 -0.406737 
vn -0.228467 -0.884516 -0.406737 
vn -0.131495 -0.904032 -0.406737 
vn -0.0329812 -0.91295 -0.406737 
vn 0.0659194 -0.911164 -0.406737 
vn 0.164047 -0.898696 -0.406737 
vn 0.260252 -0.875691 -0.406737 
vn 0.353405 -0.842419 -0.406737 
vn 0.442415 -0.799271 -0.406737 
vn 0.526238 -0.746752 -0.406737 
vn 0.603891 -0.685479 -0.406737 
vn 0.674464 -0.616168 -0.406737 
vn 0.73713 -0.539634 -0.406737 
vn 0.823639 -0.475528 -0.309017 
vn 0.870225 -0.38369 -0.309017 
vn 0.906607 -0.287353 -0.309017 
vn 0.932361 -0.187647 -0.309017 
vn 0.947184 -0.0857407 -0.309017 
vn 0.950902 0.0171705 -0.309017 
vn 0.943471 0.11988 -0.309017 
vn 0.924979 0.221185 -0.309017 
vn 0.895642 0.319896 -0.309017 
vn 0.855805 0.414857 -0.309017 
vn 0.805934 0.504954 -0.309017 
vn 0.746615 0.58913 -0.309017 
vn 0.678542 0.6664 -0.309017 
vn 0.602514 0.735857 -0.309017 
vn 0.519422 0.796687 -0.309017 
vn 0.43024 0.848176 -0.309017 
vn 0.336014 0.889721 -0.309017 
vn 0.237848 0.920835 -0.309017 
vn 0.136894 0.941153 -0.309017 
vn 0.0343354 0.950437 -0.309017 
vn -0.0686261 0.948577 -0.309017 
vn -0.170783 0.935597 -0.309017 
vn -0.270938 0.911648 -0.309017 
vn -0.367916 0.87701 -0.309017 
vn -0.460581 0.83209 -0.309017 
vn -0.547845 0.777415 -0.309017 
vn -0.628687 0.713625 -0.309017 
vn -0.702158 0.641469 -0.309017 
vn -0.767397 0.561792 -0.309017 
vn -0.823639 0.475528 -0.309017 
vn -0.870225 0.38369 -0.309017 
vn -0.906607 0.287353 -0.309017 
vn -0.932361 0.187647 -0.309017 
vn -0.947184 0.0857407 -0.309017 
vn -0.950902 -0.0171705 -0.309017 
vn -0.943471 -0.11988 -0.309017 
vn -0.924979 -0.221185 -0.309017 
vn -0.895642 -0.319896 -0.309017 
vn -0.855805 -0.414857 -0.309017 
vn -0.805934 -0.504954 -0.309017 
vn -0.746615 -0.58913 -0.309017 
vn -0.678542 -0.6664 -0.309017 
vn -0.602514 -0.735857 -0.309017 
vn -0.519422 -0.796687 -0.309017 
vn -0.43024 -0.848176 -0.309017 
vn -0.336014 -0.889721 -0.309017 
vn -0.237848 -0.920835 -0.309017 
vn -0.136894 -0.941153 -0.309017 
vn -0.0343354 -0.950437 -0.309017 
vn 0.0686261 -0.948577 -0.309017 
vn 0.170783 -0.935597 -0.309017 
vn 0.270938 -0.911648 -0.309017 
vn 0.367916 -0.87701 -0.309017 
vn 0.460581 -0.83209 -0.309017 
vn 0.547845 -0.777415 -0.309017 
vn 0.628687 -0.713625 -0.309017 
vn 0.702158 -0.641469 -0.309017 
vn 0.767397 -0.561792 -0.309017 
vn 0.847101 -0.489074 -0.207912 
vn 0.895013 -0.394619 -0.207912 
vn 0.932432 -0.295538 -0.207912 
vn 0.95892 -0.192992 -0.207912 
vn 0.974165 -0.088183 -0.207912 
vn 0.977988 0.0176596 -0.207912 
vn 0.970346 0.123295 -0.207912 
vn 0.951327 0.227485 -0.207912 
vn 0.921155 0.329008 -0.207912 
vn 0.880183 0.426674 -0.207912 
vn 0.828892 0.519337 -0.207912 
vn 0.767882 0.605912 -0.207912 
vn 0.69787 0.685383 -0.207912 
vn 0.619677 0.756818 -0.207912 
vn 0.534218 0.81938 -0.207912 
vn 0.442495 0.872336 -0.207912 
vn 0.345585 0.915065 -0.207912 
vn 0.244624 0.947065 -0.207912 
vn 0.140794 0.967962 -0.207912 
vn 0.0353135 0.97751 -0.207912 
vn -0.0705809 0.975598 -0.207912 
vn -0.175648 0.962248 -0.207912 
vn -0.278655 0.937616 -0.207912 
vn -0.378396 0.901992 -0.207912 
vn -0.4737 0.855792 -0.207912 
vn -0.563451 0.79956 -0.207912 
vn -0.646596 0.733953 -0.207912 
vn -0.72216 0.659741 -0.207912 
vn -0.789257 0.577795 -0.207912 
vn -0.847101 0.489074 -0.207912 
vn -0.895013 0.394619 -0.207912 
vn -0.932432 0.295538 -0.207912 
vn -0.95892 0.192992 -0.207912 
vn -0.974165 0.088183 -0.207912 
vn -0.977988 -0.0176596 -0.207912 
vn -0.970346 -0.123295 -0.207912 
vn -0.951327 -0.227485 -0.207912 
vn -0.921155 -0.329008 -0.207912 
vn -0.880183 -0.426674 -0.207912 
vn -0.828892 -0.519337 -0.207912 
vn -0.767882 -0.605912 -0.207912 
vn -0.69787 -0.685383 -0.207912 
vn -0.619677 -0.756818 -0.207912 
vn -0.534218 -0.81938 -0.207912 
vn -0.442495 -0.872336 -0.207912 
vn -0.345585 -0.915065 -0.207912 
vn -0.244624 -0.947065 -0.207912 
vn -0.140794 -0.967962 -0.207912 
vn -0.0353135 -0.97751 -0.207912 
vn 0.0705809 -0.975598 -0.207912 
vn 0.175648 -0.962248 -0.207912 
vn 0.278655 -0.937616 -0.207912 
vn 0.378396 -0.901992 -0.207912 
vn 0.4737 -0.855792 -0.207912 
vn 0.563451 -0.79956 -0.207912 
vn 0.646596 -0.733953 -0.207912 
vn 0.72216 -0.659741 -0.207912 
vn 0.789257 -0.577795 -0.207912 
vn 0.861281 -0.497261 -0.104528 
vn 0.909996 -0.401225 -0.104528 
vn 0.948041 -0.300485 -0.104528 
vn 0.974972 -0.196223 -0.104528 
vn 0.990472 -0.0896592 -0.104528 
vn 0.99436 0.0179552 -0.104528 
vn 0.98659 0.125359 -0.104528 
vn 0.967252 0.231293 -0.104528 
vn 0.936575 0.334516 -0.104528 
vn 0.894917 0.433817 -0.104528 
vn 0.842767 0.528031 -0.104528 
vn 0.780737 0.616055 -0.104528 
vn 0.709553 0.696856 -0.104528 
vn 0.63005 0.769487 -0.104528 
vn 0.54316 0.833097 -0.104528 
vn 0.449903 0.886939 -0.104528 
vn 0.35137 0.930383 -0.104528 
vn 0.248719 0.962919 -0.104528 
vn 0.143151 0.984165 -0.104528 
vn 0.0359046 0.993874 -0.104528 
vn -0.0717625 0.991929 -0.104528 
vn -0.178588 0.978356 -0.104528 
vn -0.28332 0.953312 -0.104528 
vn -0.384731 0.917091 -0.104528 
vn -0.48163 0.870118 -0.104528 
vn -0.572883 0.812944 -0.104528 
vn -0.65742 0.746239 -0.104528 
vn -0.734249 0.670785 -0.104528 
vn -0.802469 0.587467 -0.104528 
vn -0.861281 0.497261 -0.104528 
vn -0.909996 0.401225 -0.104528 
vn -0.948041 0.300485 -0.104528 
vn -0.974972 0.196223 -0.104528 
vn -0.990472 0.0896592 -0.104528 
vn -0.99436 -0.0179552 -0.104528 
vn -0.98659 -0.125359 -0.104528 
vn -0.967252 -0.231293 -0.104528 
vn -0.936575 -0.334516 -0.104528 
vn -0.894917 -0.433817 -0.104528 
vn -0.842767 -0.528031 -0.104528 
vn -0.780737 -0.616055 -0.104528 
vn -0.709553 -0.696856 -0.104528 
vn -0.63005 -0.769487 -0.104528 
vn -0.54316 -0.833097 -0.104528 
vn -0.449903 -0.886939 -0.104528 
vn -0.35137 -0.930383 -0.104528 
vn -0.248719 -0.962919 -0.104528 
vn -0.143151 -0.984165 -0.104528 
vn -0.0359046 -0.993874 -0.104528 
vn 0.0717625 -0.991929 -0.104528 
vn 0.178588 -0.978356 -0.104528 
vn 0.28332 -0.953312 -0.104528 
vn 0.384731 -0.917091 -0.104528 
vn 0.48163 -0.870118 -0.104528 
vn 0.572883 -0.812944 -0.104528 
vn 0.65742 -0.746239 -0.104528 
vn 0.734249 -0.670785 -0.104528 
vn 0.802469 -0.587467 -0.104528 
vn 0.866025 -0.5 -3.00927e-32 
vn 0.915008 -0.403435 -4.11671e-17 
vn 0.953263 -0.30214 -3.5466e-17 
vn 0.980342 -0.197303 -2.98994e-17 
vn 0.995928 -0.0901531 -2.45325e-17 
vn 0.999837 0.0180541 -1.94283e-17 
vn 0.992024 0.12605 -1.46466e-17 
vn 0.97258 0.232567 -1.02434e-17 
vn 0.941734 0.336359 -6.27047e-18 
vn 0.866025 0.5 6.2693e-33 
vn 0.84741 0.53094 2.04198e-19 
vn 0.785037 0.619448 2.62998e-18 
vn 0.713461 0.700695 4.47464e-18 
vn 0.633521 0.773726 5.71657e-18 
vn 0.546152 0.837686 6.3412e-18 
vn 0.452381 0.891825 6.3412e-18 
vn 0.353306 0.935508 5.71657e-18 
vn 0.250089 0.968223 4.47464e-18 
vn 0.143939 0.989587 2.62998e-18 
vn -0.0721578 0.997393 -2.77426e-18 
vn -3.88578e-16 1 -4.69358e-17 
vn -0.179572 0.983745 -6.27047e-18 
vn -0.284881 0.958563 -1.02434e-17 
vn -0.38685 0.922143 -1.46466e-17 
vn -0.484283 0.874911 -1.94283e-17 
vn -0.576039 0.817422 -2.45325e-17 
vn -0.661041 0.75035 -2.98994e-17 
vn -0.738293 0.67448 -3.5466e-17 
vn -0.806889 0.590703 -4.11671e-17 
vn -0.866025 0.5 -4.69358e-17 
vn -0.915008 0.403435 -5.27046e-17 
vn -0.953263 0.30214 -5.84056e-17 
vn -0.980342 0.197303 -6.39723e-17 
vn -0.995928 0.0901531 -6.93391e-17 
vn -0.999837 -0.0180541 -7.44434e-17 
vn -0.992024 -0.12605 -7.92251e-17 
vn -0.97258 -0.232567 -8.36282e-17 
vn -0.941734 -0.336359 -8.76012e-17 
vn -0.866025 -0.5 -2.27391e-17 
vn -0.84741 -0.53094 -9.40759e-17 
vn -0.785037 -0.619448 -9.65016e-17 
vn -0.713461 -0.700695 -9.83463e-17 
vn -0.633521 -0.773726 -9.95882e-17 
vn -0.546152 -0.837686 -1.00213e-16 
vn -0.452381 -0.891825 -1.00213e-16 
vn -0.353306 -0.935508 -9.95882e-17 
vn -0.250089 -0.968223 -9.83463e-17 
vn -0.143939 -0.989587 -9.65016e-17 
vn 0.0721578 -0.997393 -9.10974e-17 
vn 1.16573e-15 -1 4.69358e-17 
vn 0.179572 -0.983745 -8.76012e-17 
vn 0.284881 -0.958563 -8.36282e-17 
vn 0.38685 -0.922143 -7.92251e-17 
vn 0.484283 -0.874911 -7.44434e-17 
vn 0.576039 -0.817422 -6.93391e-17 
vn 0.661041 -0.75035 -6.39723e-17 
vn 0.738293 -0.67448 -5.84056e-17 
vn 0.806889 -0.590703 -5.27046e-17 
vn -0.0361024 -0.999348 -9.40759e-17 
vn -0.899847 -0.436206 -9.10974e-17 
vn 0.0361024 0.999348 2.04198e-19 
vn 0.899847 0.436206 -2.77426e-18 
vn 1.18619e-16 -1.07031e-17 -1 
vn -0.866025 -0.5 -1.00291e-16 
vn -0.866025 0.5 -1.08168e-16 
vn 1.20354e-16 -7.87706e-18 -1 
usemtl 0.541176_0.682353_0.839216_0.000000_0.000000
o mesh0
f 1//1 2//1 3//1 
f 1//1 4//1 5//1 
f 1//1 6//1 7//1 
f 5//1 2//1 1//1 
f 1//1 8//1 9//1 
f 1//1 10//1 11//1 
f 3//1 6//1 1//1 
f 11//1 8//1 1//1 
f 9//1 4//1 1//1 
f 7//1 12//1 1//1 
o mesh1
f 13//2 14//2 12//2 
f 14//2 1//2 12//2 
f 12//2 15//2 13//2 
o mesh2
f 15//1 16//1 17//1 
f 15//1 18//1 19//1 
f 15//1 20//1 16//1 
f 15//1 21//1 18//1 
f 15//1 22//1 23//1 
f 19//1 20//1 15//1 
f 23//1 24//1 15//1 
f 24//1 21//1 15//1 
f 15//1 12//1 25//1 
f 25//1 22//1 15//1 
f 17//1 26//1 15//1 
o mesh3
f 27//3 13//3 26//3 
f 13//3 15//3 26//3 
f 26//3 28//3 27//3 
o mesh4
f 28//4 26//4 29//4 
f 29//4 30//4 28//4 
f 28//4 31//4 32//4 
f 28//4 33//4 34//4 
f 30//4 35//4 28//4 
f 32//4 36//4 28//4 
f 35//4 33//4 28//4 
f 34//4 31//4 28//4 
f 36//4 37//4 28//4 
f 37//4 38//4 28//4 
o mesh5
f 39//5 14//5 13//5 
f 39//5 27//5 40//5 
f 40//5 41//5 39//5 
f 13//5 27//5 39//5 
o mesh6
f 14//6 39//6 10//6 
f 39//6 42//6 10//6 
f 10//6 1//6 14//6 
o mesh7
f 42//7 43//7 44//7 
f 42//7 45//7 46//7 
f 42//7 47//7 43//7 
f 42//7 48//7 45//7 
f 42//7 49//7 50//7 
f 44//7 51//7 42//7 
f 50//7 48//7 42//7 
f 46//7 47//7 42//7 
f 51//7 52//7 42//7 
f 52//7 10//7 42//7 
o mesh8
f 41//8 53//8 49//8 
f 49//8 39//8 41//8 
f 49//8 42//8 39//8 
o mesh9
f 53//7 54//7 55//7 
f 53//7 56//7 57//7 
f 53//7 58//7 59//7 
f 53//7 60//7 54//7 
f 53//7 61//7 62//7 
f 53//7 63//7 64//7 
f 59//7 56//7 53//7 
f 62//7 60//7 53//7 
f 57//7 63//7 53//7 
f 64//7 61//7 53//7 
f 55//7 49//7 53//7 
o mesh10
f 74//9 75//10 76//11 
f 77//12 76//11 78//13 
f 79//14 78//13 80//15 
f 81//16 80//15 82//17 
f 83//18 82//17 84//19 
f 85//20 84//19 86//21 
f 87//22 86//21 88//23 
f 89//24 88//23 90//25 
f 91//26 90//25 92//27 
f 93//28 92//27 94//29 
f 95//30 94//29 96//31 
f 97//32 96//31 98//33 
f 99//34 98//33 100//35 
f 101//36 100//35 102//37 
f 103//38 102//37 104//39 
f 105//40 104//39 106//41 
f 107//42 106//41 108//43 
f 109//44 108//43 110//45 
f 111//46 110//45 112//47 
f 113//48 112//47 114//49 
f 115//50 114//49 116//51 
f 117//52 116//51 118//53 
f 119//54 118//53 120//55 
f 121//56 120//55 122//57 
f 123//58 122//57 124//59 
f 125//60 124//59 126//61 
f 127//62 126//61 128//63 
f 129//64 128//63 130//65 
f 131//66 130//65 132//67 
f 133//68 132//67 134//69 
f 135//70 134//69 136//71 
f 137//72 136//71 138//73 
f 139//74 138//73 140//75 
f 141//76 140//75 142//77 
f 143//78 142//77 144//79 
f 145//80 144//79 146//81 
f 147//82 146//81 148//83 
f 149//84 148//83 150//85 
f 151//86 150//85 152//87 
f 153//88 152//87 154//89 
f 155//90 154//89 156//91 
f 157//92 156//91 158//93 
f 159//94 158//93 160//95 
f 161//96 160//95 162//97 
f 163//98 162//97 164//99 
f 165//100 164//99 166//101 
f 167//102 166//101 168//103 
f 169//104 168//103 170//105 
f 171//106 170//105 172//107 
f 173//108 172//107 174//109 
f 175//110 174//109 176//111 
f 177//112 176//111 178//113 
f 179//114 178//113 180//115 
f 181//116 180//115 182//117 
f 183//118 182//117 184//119 
f 185//120 184//119 186//121 
f 187//122 186//121 188//123 
f 189//124 188//123 75//10 
f 190//125 74//9 77//12 
f 191//126 77//12 79//14 
f 192//127 79//14 81//16 
f 193//128 81//16 83//18 
f 194//129 83//18 85//20 
f 195//130 85//20 87//22 
f 196//131 87//22 89//24 
f 197//132 89//24 91//26 
f 198//133 91//26 93//28 
f 199//134 93//28 95//30 
f 200//135 95//30 97//32 
f 201//136 97//32 99//34 
f 202//137 99//34 101//36 
f 203//138 101//36 103//38 
f 204//139 103//38 105//40 
f 205//140 105//40 107//42 
f 206//141 107//42 109//44 
f 207//142 109//44 111//46 
f 208//143 111//46 113//48 
f 209//144 113//48 115//50 
f 210//145 115//50 117//52 
f 211//146 117//52 119//54 
f 212//147 119//54 121//56 
f 213//148 121//56 123//58 
f 214//149 123//58 125//60 
f 215//150 125//60 127//62 
f 216//151 127//62 129//64 
f 217//152 129//64 131//66 
f 218//153 131//66 133//68 
f 219//154 133//68 135//70 
f 220//155 135//70 137//72 
f 221//156 137//72 139//74 
f 222//157 139//74 141//76 
f 223//158 141//76 143//78 
f 224//159 143//78 145//80 
f 225//160 145//80 147//82 
f 226//161 147//82 149//84 
f 227//162 149//84 151//86 
f 228//163 151//86 153//88 
f 229//164 153//88 155//90 
f 230//165 155//90 157//92 
f 231//166 157//92 159//94 
f 232//167 159//94 161//96 
f 233//168 161//96 163//98 
f 234//169 163//98 165//100 
f 235//170 165//100 167//102 
f 236//171 167//102 169//104 
f 237//172 169//104 171//106 
f 238//173 171//106 173//108 
f 239//174 173//108 175//110 
f 240//175 175//110 177//112 
f 241//176 177//112 179//114 
f 242//177 179//114 181//116 
f 243//178 181//116 183//118 
f 244//179 183//118 185//120 
f 245//180 185//120 187//122 
f 246//181 187//122 189//124 
f 247//182 189//124 74//9 
f 248//183 190//125 191//126 
f 249//184 191//126 192//127 
f 250//185 192//127 193//128 
f 251//186 193//128 194//129 
f 252//187 194//129 195//130 
f 253//188 195//130 196//131 
f 254//189 196//131 197//132 
f 255//190 197//132 198//133 
f 256//191 198//133 199//134 
f 257//192 199//134 200//135 
f 258//193 200//135 201//136 
f 259//194 201//136 202//137 
f 260//195 202//137 203//138 
f 261//196 203//138 204//139 
f 262//197 204//139 205//140 
f 263//198 205//140 206//141 
f 264//199 206//141 207//142 
f 265//200 207//142 208//143 
f 266//201 208//143 209//144 
f 267//202 209//144 210//145 
f 268//203 210//145 211//146 
f 269//204 211//146 212//147 
f 270//205 212//147 213//148 
f 271//206 213//148 214//149 
f 272//207 214//149 215//150 
f 273//208 215//150 216//151 
f 274//209 216//151 217//152 
f 275//210 217//152 218//153 
f 276//211 218//153 219//154 
f 277//212 219//154 220//155 
f 278//213 220//155 221//156 
f 279//214 221//156 222//157 
f 280//215 222//157 223//158 
f 281//216 223//158 224//159 
f 282//217 224//159 225//160 
f 283//218 225//160 226//161 
f 284//219 226//161 227//162 
f 285//220 227//162 228//163 
f 286//221 228//163 229//164 
f 287//222 229//164 230//165 
f 288//223 230//165 231//166 
f 289//224 231//166 232//167 
f 290//225 232//167 233//168 
f 291//226 233//168 234//169 
f 292//227 234//169 235//170 
f 293//228 235//170 236//171 
f 294//229 236//171 237//172 
f 295//230 237//172 238//173 
f 296//231 238//173 239//174 
f 297//232 239//174 240//175 
f 298//233 240//175 241//176 
f 299//234 241//176 242//177 
f 300//235 242//177 243//178 
f 301//236 243//178 244//179 
f 302//237 244//179 245//180 
f 303//238 245//180 246//181 
f 304//239 246//181 247//182 
f 305//240 247//182 190//125 
f 306//241 248//183 249//184 
f 307//242 249//184 250//185 
f 308//243 250//185 251//186 
f 309//244 251//186 252//187 
f 310//245 252//187 253//188 
f 311//246 253//188 254//189 
f 312//247 254//189 255//190 
f 313//248 255//190 256//191 
f 314//249 256//191 257//192 
f 315//250 257//192 258//193 
f 316//251 258//193 259//194 
f 317//252 259//194 260//195 
f 318//253 260//195 261//196 
f 319//254 261//196 262//197 
f 320//255 262//197 263//198 
f 321//256 263//198 264//199 
f 322//257 264//199 265//200 
f 323//258 265//200 266//201 
f 324//259 266//201 267//202 
f 325//260 267//202 268//203 
f 326//261 268//203 269//204 
f 327//262 269//204 270//205 
f 328//263 270//205 271//206 
f 329//264 271//206 272//207 
f 330//265 272//207 273//208 
f 331//266 273//208 274//209 
f 332//267 274//209 275//210 
f 333//268 275//210 276//211 
f 334//269 276//211 277//212 
f 335//270 277//212 278//213 
f 336//271 278//213 279//214 
f 337//272 279//214 280//215 
f 338//273 280//215 281//216 
f 339//274 281//216 282//217 
f 340//275 282//217 283//218 
f 341//276 283//218 284//219 
f 342//277 284//219 285//220 
f 343//278 285//220 286//221 
f 344//279 286//221 287//222 
f 345//280 287//222 288//223 
f 346//281 288//223 289//224 
f 347//282 289//224 290//225 
f 348//283 290//225 291//226 
f 349//284 291//226 292//227 
f 350//285 292//227 293//228 
f 351//286 293//228 294//229 
f 352//287 294//229 295//230 
f 353//288 295//230 296//231 
f 354//289 296//231 297//232 
f 355//290 297//232 298//233 
f 356//291 298//233 299//234 
f 357//292 299//234 300//235 
f 358//293 300//235 301//236 
f 359//294 301//236 302//237 
f 360//295 302//237 303//238 
f 361//296 303//238 304//239 
f 362//297 304//239 305//240 
f 363//298 305//240 248//183 
f 364//299 306//241 307//242 
f 365//300 307//242 308//243 
f 366//301 308//243 309//244 
f 367//302 309//244 310//245 
f 368//303 310//245 311//246 
f 369//304 311//246 312//247 
f 370//305 312//247 313//248 
f 371//306 313//248 314//249 
f 372//307 314//249 315//250 
f 373//308 315//250 316//251 
f 374//309 316//251 317//252 
f 375//310 317//252 318//253 
f 376//311 318//253 319//254 
f 377//312 319//254 320//255 
f 378//313 320//255 321//256 
f 379//314 321//256 322//257 
f 380//315 322//257 323//258 
f 381//316 323//258 324//259 
f 382//317 324//259 325//260 
f 383//318 325//260 326//261 
f 384//319 326//261 327//262 
f 385//320 327//262 328//263 
f 386//321 328//263 329//264 
f 387//322 329//264 330//265 
f 388//323 330//265 331//266 
f 389//324 331//266 332//267 
f 390//325 332//267 333//268 
f 391//326 333//268 334//269 
f 392//327 334//269 335//270 
f 393//328 335//270 336//271 
f 394//329 336//271 337//272 
f 395//330 337//272 338//273 
f 396//331 338//273 339//274 
f 397//332 339//274 340//275 
f 398//333 340//275 341//276 
f 399//334 341//276 342//277 
f 400//335 342//277 343//278 
f 401//336 343//278 344//279 
f 402//337 344//279 345//280 
f 403//338 345//280 346//281 
f 404//339 346//281 347//282 
f 405//340 347//282 348//283 
f 406//341 348//283 349//284 
f 407//342 349//284 350//285 
f 408//343 350//285 351//286 
f 409//344 351//286 352//287 
f 410//345 352//287 353//288 
f 411//346 353//288 354//289 
f 412//347 354//289 355//290 
f 413//348 355//290 356//291 
f 414//349 356//291 357//292 
f 415//350 357//292 358//293 
f 416//351 358//293 359//294 
f 417//352 359//294 360//295 
f 418//353 360//295 361//296 
f 419//354 361//296 362//297 
f 420//355 362//297 363//298 
f 421//356 363//298 306//241 
f 422//357 364//299 365//300 
f 423//358 365//300 366//301 
f 424//359 366//301 367//302 
f 425//360 367//302 368//303 
f 426//361 368//303 369//304 
f 427//362 369//304 370//305 
f 428//363 370//305 371//306 
f 429//364 371//306 372//307 
f 430//365 372//307 373//308 
f 431//366 373//308 374//309 
f 432//367 374//309 375//310 
f 433//368 375//310 376//311 
f 434//369 376//311 377//312 
f 435//370 377//312 378//313 
f 436//371 378//313 379//314 
f 437//372 379//314 380//315 
f 438//373 380//315 381//316 
f 439//374 381//316 382//317 
f 440//375 382//317 383//318 
f 441//376 383//318 384//319 
f 442//377 384//319 385//320 
f 443//378 385//320 386//321 
f 444//379 386//321 387//322 
f 445//380 387//322 388//323 
f 446//381 388//323 389//324 
f 447//382 389//324 390//325 
f 448//383 390//325 391//326 
f 449//384 391//326 392//327 
f 450//385 392//327 393//328 
f 451//386 393//328 394//329 
f 452//387 394//329 395//330 
f 453//388 395//330 396//331 
f 454//389 396//331 397//332 
f 455//390 397//332 398//333 
f 456//391 398//333 399//334 
f 457//392 399//334 400//335 
f 458//393 400//335 401//336 
f 459//394 401//336 402//337 
f 460//395 402//337 403//338 
f 461//396 403//338 404//339 
f 462//397 404//339 405//340 
f 463//398 405//340 406//341 
f 464//399 406//341 407//342 
f 465//400 407//342 408//343 
f 466//401 408//343 409//344 
f 467//402 409//344 410//345 
f 468//403 410//345 411//346 
f 469//404 411//346 412//347 
f 470//405 412//347 413//348 
f 471//406 413//348 414//349 
f 472//407 414//349 415//350 
f 473//408 415//350 416//351 
f 474//409 416//351 417//352 
f 475//410 417//352 418//353 
f 476//411 418//353 419//354 
f 477//412 419//354 420//355 
f 478//413 420//355 421//356 
f 479//414 421//356 364//299 
f 480//415 422//357 423//358 
f 481//416 423//358 424//359 
f 482//417 424//359 425//360 
f 483//418 425//360 426//361 
f 484//419 426//361 427//362 
f 485//420 427//362 428//363 
f 486//421 428//363 429//364 
f 487//422 429//364 430//365 
f 488//423 430//365 431//366 
f 489//424 431//366 432//367 
f 490//425 432//367 433//368 
f 491//426 433//368 434//369 
f 492//427 434//369 435//370 
f 493//428 435//370 436//371 
f 494//429 436//371 437//372 
f 495//430 437//372 438//373 
f 496//431 438//373 439//374 
f 497//432 439//374 440//375 
f 498//433 440//375 441//376 
f 499//434 441//376 442//377 
f 500//435 442//377 443//378 
f 501//436 443//378 444//379 
f 502//437 444//379 445//380 
f 503//438 445//380 446//381 
f 504//439 446//381 447//382 
f 505//440 447//382 448//383 
f 506//441 448//383 449//384 
f 507//442 449//384 450//385 
f 508//443 450//385 451//386 
f 509//444 451//386 452//387 
f 510//445 452//387 453//388 
f 511//446 453//388 454//389 
f 512//447 454//389 455//390 
f 513//448 455//390 456//391 
f 514//449 456//391 457//392 
f 515//450 457//392 458//393 
f 516//451 458//393 459//394 
f 517//452 459//394 460//395 
f 518//453 460//395 461//396 
f 519//454 461//396 462//397 
f 520//455 462//397 463//398 
f 521//456 463//398 464//399 
f 522//457 464//399 465//400 
f 523//458 465//400 466//401 
f 524//459 466//401 467//402 
f 525//460 467//402 468//403 
f 526//461 468//403 469//404 
f 527//462 469//404 470//405 
f 528//463 470//405 471//406 
f 529//464 471//406 472//407 
f 530//465 472//407 473//408 
f 531//466 473//408 474//409 
f 532//467 474//409 475//410 
f 533//468 475//410 476//411 
f 534//469 476//411 477//412 
f 535//470 477//412 478//413 
f 536//471 478//413 479//414 
f 537//472 479//414 422//357 
f 538//473 480//415 481//416 
f 539//474 481//416 482//417 
f 540//475 482//417 483//418 
f 541//476 483//418 484//419 
f 542//477 484//419 485//420 
f 543//478 485//420 486//421 
f 544//479 486//421 487//422 
f 545//480 487//422 488//423 
f 546//481 488//423 489//424 
f 547//482 489//424 490//425 
f 548//483 490//425 491//426 
f 549//484 491//426 492//427 
f 550//485 492//427 493//428 
f 551//486 493//428 494//429 
f 552//487 494//429 495//430 
f 553//488 495//430 496//431 
f 554//489 496//431 497//432 
f 555//490 497//432 498//433 
f 556//491 498//433 499//434 
f 557//492 499//434 500//435 
f 558//493 500//435 501//436 
f 559//494 501//436 502//437 
f 560//495 502//437 503//438 
f 561//496 503//438 504//439 
f 562//497 504//439 505//440 
f 563//498 505//440 506//441 
f 564//499 506//441 507//442 
f 565//500 507//442 508//443 
f 566//501 508//443 509//444 
f 567//502 509//444 510//445 
f 568//503 510//445 511//446 
f 569//504 511//446 512//447 
f 570//505 512//447 513//448 
f 571//506 513//448 514//449 
f 572//507 514//449 515//450 
f 573//508 515//450 516//451 
f 574//509 516//451 517//452 
f 575//510 517//452 518//453 
f 576//511 518//453 519//454 
f 577//512 519//454 520//455 
f 578//513 520//455 521//456 
f 579//514 521//456 522//457 
f 580//515 522//457 523//458 
f 581//516 523//458 524//459 
f 582//517 524//459 525//460 
f 583//518 525//460 526//461 
f 584//519 526//461 527//462 
f 585//520 527//462 528//463 
f 586//521 528//463 529//464 
f 587//522 529//464 530//465 
f 588//523 530//465 531//466 
f 589//524 531//466 532//467 
f 590//525 532//467 533//468 
f 591//526 533//468 534//469 
f 592//527 534//469 535//470 
f 593//528 535//470 536//471 
f 594//529 536//471 537//472 
f 595//530 537//472 480//415 
f 596//531 538//473 539//474 
f 597//532 539//474 540//475 
f 598//533 540//475 541//476 
f 599//534 541//476 542//477 
f 600//535 542//477 543//478 
f 601//536 543//478 544//479 
f 602//537 544//479 545//480 
f 603//538 545//480 546//481 
f 604//539 546//481 547//482 
f 605//540 547//482 548//483 
f 606//541 548//483 549//484 
f 607//542 549//484 550//485 
f 608//543 550//485 551//486 
f 609//544 551//486 552//487 
f 610//545 552//487 553//488 
f 611//546 553//488 554//489 
f 612//547 554//489 555//490 
f 613//548 555//490 556//491 
f 614//549 556//491 557//492 
f 615//550 557//492 558//493 
f 616//551 558//493 559//494 
f 617//552 559//494 560//495 
f 618//553 560//495 561//496 
f 619//554 561//496 562//497 
f 620//555 562//497 563//498 
f 621//556 563//498 564//499 
f 622//557 564//499 565//500 
f 623//558 565//500 566//501 
f 624//559 566//501 567//502 
f 625//560 567//502 568//503 
f 626//561 568//503 569//504 
f 627//562 569//504 570//505 
f 628//563 570//505 571//506 
f 629//564 571//506 572//507 
f 630//565 572//507 573//508 
f 631//566 573//508 574//509 
f 632//567 574//509 575//510 
f 633//568 575//510 576//511 
f 634//569 576//511 577//512 
f 635//570 577//512 578//513 
f 636//571 578//513 579//514 
f 637//572 579//514 580//515 
f 638//573 580//515 581//516 
f 639//574 581//516 582//517 
f 640//575 582//517 583//518 
f 641//576 583//518 584//519 
f 642//577 584//519 585//520 
f 643//578 585//520 586//521 
f 644//579 586//521 587//522 
f 645//580 587//522 588//523 
f 646//581 588//523 589//524 
f 647//582 589//524 590//525 
f 648//583 590//525 591//526 
f 649//584 591//526 592//527 
f 650//585 592//527 593//528 
f 651//586 593//528 594//529 
f 652//587 594//529 595//530 
f 653//588 595//530 538//473 
f 654//589 596//531 597//532 
f 655//590 597//532 598//533 
f 656//591 598//533 599//534 
f 657//592 599//534 600//535 
f 658//593 600//535 601//536 
f 659//594 601//536 602//537 
f 660//595 602//537 603//538 
f 661//596 603//538 604//539 
f 662//597 604//539 605//540 
f 663//598 605//540 606//541 
f 664//599 606//541 607//542 
f 665//600 607//542 608//543 
f 666//601 608//543 609//544 
f 667//602 609//544 610//545 
f 668//603 610//545 611//546 
f 669//604 611//546 612//547 
f 670//605 612//547 613//548 
f 671//606 613//548 614//549 
f 672//607 614//549 615//550 
f 673//608 615//550 616//551 
f 674//609 616//551 617//552 
f 675//610 617//552 618//553 
f 676//611 618//553 619//554 
f 677//612 619//554 620//555 
f 678//613 620//555 621//556 
f 679//614 621//556 622//557 
f 680//615 622//557 623//558 
f 681//616 623//558 624//559 
f 682//617 624//559 625//560 
f 683//618 625//560 626//561 
f 684//619 626//561 627//562 
f 685//620 627//562 628//563 
f 686//621 628//563 629//564 
f 687//622 629//564 630//565 
f 688//623 630//565 631//566 
f 689//624 631//566 632//567 
f 690//625 632//567 633//568 
f 691//626 633//568 634//569 
f 692//627 634//569 635//570 
f 693//628 635//570 636//571 
f 694//629 636//571 637//572 
f 695//630 637//572 638//573 
f 696//631 638//573 639//574 
f 697//632 639//574 640//575 
f 698//633 640//575 641//576 
f 699//634 641//576 642//577 
f 700//635 642//577 643//578 
f 701//636 643//578 644//579 
f 702//637 644//579 645//580 
f 703//638 645//580 646//581 
f 704//639 646//581 647//582 
f 705//640 647//582 648//583 
f 706//641 648//583 649//584 
f 707//642 649//584 650//585 
f 708//643 650//585 651//586 
f 709//644 651//586 652//587 
f 710//645 652//587 653//588 
f 711//646 653//588 596//531 
f 712//647 654//589 655//590 
f 713//648 655//590 656//591 
f 714//649 656//591 657//592 
f 715//650 657//592 658//593 
f 716//651 658//593 659//594 
f 717//652 659//594 660//595 
f 718//653 660//595 661//596 
f 719//654 661//596 662//597 
f 720//655 662//597 663//598 
f 721//656 663//598 664//599 
f 722//657 664//599 665//600 
f 723//658 665//600 666//601 
f 724//659 666//601 667//602 
f 725//660 667//602 668//603 
f 726//661 668//603 669//604 
f 727//662 669//604 670//605 
f 728//663 670//605 671//606 
f 729//664 671//606 672//607 
f 730//665 672//607 673//608 
f 731//666 673//608 674//609 
f 732//667 674//609 675//610 
f 733//668 675//610 676//611 
f 734//669 676//611 677//612 
f 735//670 677//612 678//613 
f 736//671 678//613 679//614 
f 737//672 679//614 680//615 
f 738//673 680//615 681//616 
f 739//674 681//616 682//617 
f 740//675 682//617 683//618 
f 741//676 683//618 684//619 
f 742//677 684//619 685//620 
f 743//678 685//620 686//621 
f 744//679 686//621 687//622 
f 745//680 687//622 688//623 
f 746//681 688//623 689//624 
f 747//682 689//624 690//625 
f 748//683 690//625 691//626 
f 749//684 691//626 692//627 
f 750//685 692//627 693//628 
f 751//686 693//628 694//629 
f 752//687 694//629 695//630 
f 753//688 695//630 696//631 
f 754//689 696//631 697//632 
f 755//690 697//632 698//633 
f 756//691 698//633 699//634 
f 757//692 699//634 700//635 
f 758//693 700//635 701//636 
f 759//694 701//636 702//637 
f 760//695 702//637 703//638 
f 761//696 703//638 704//639 
f 762//697 704//639 705//640 
f 763//698 705//640 706//641 
f 764//699 706//641 707//642 
f 765//700 707//642 708//643 
f 766//701 708//643 709//644 
f 767//702 709//644 710//645 
f 768//703 710//645 711//646 
f 769//704 711//646 654//589 
f 770//705 712//647 713//648 
f 771//706 713//648 714//649 
f 772//707 714//649 715//650 
f 773//708 715//650 716//651 
f 774//709 716//651 717//652 
f 775//710 717//652 718//653 
f 776//711 718//653 719//654 
f 777//712 719//654 720//655 
f 778//713 720//655 721//656 
f 779//714 721//656 722//657 
f 780//715 722//657 723//658 
f 781//716 723//658 724//659 
f 782//717 724//659 725//660 
f 783//718 725//660 726//661 
f 784//719 726//661 727//662 
f 785//720 727//662 728//663 
f 786//721 728//663 729//664 
f 787//722 729//664 730//665 
f 788//723 730//665 731//666 
f 789//724 731//666 732//667 
f 790//725 732//667 733//668 
f 791//726 733//668 734//669 
f 792//727 734//669 735//670 
f 793//728 735//670 736//671 
f 794//729 736//671 737//672 
f 795//730 737//672 738//673 
f 796//731 738//673 739//674 
f 797//732 739//674 740//675 
f 798//733 740//675 741//676 
f 799//734 741//676 742//677 
f 800//735 742//677 743//678 
f 801//736 743//678 744//679 
f 802//737 744//679 745//680 
f 803//738 745//680 746//681 
f 804//739 746//681 747//682 
f 805//740 747//682 748//683 
f 806//741 748//683 749//684 
f 807//742 749//684 750//685 
f 808//743 750//685 751//686 
f 809//744 751//686 752//687 
f 810//745 752//687 753//688 
f 811//746 753//688 754//689 
f 812//747 754//689 755//690 
f 813//748 755//690 756//691 
f 814//749 756//691 757//692 
f 815//750 757//692 758//693 
f 816//751 758//693 759//694 
f 817//752 759//694 760//695 
f 818//753 760//695 761//696 
f 819//754 761//696 762//697 
f 820//755 762//697 763//698 
f 821//756 763//698 764//699 
f 822//757 764//699 765//700 
f 823//758 765//700 766//701 
f 824//759 766//701 767//702 
f 825//760 767//702 768//703 
f 826//761 768//703 769//704 
f 827//762 769//704 712//647 
f 828//763 770//705 771//706 
f 829//764 771//706 772//707 
f 830//765 772//707 773//708 
f 831//766 773//708 774//709 
f 832//767 774//709 775//710 
f 833//768 775//710 776//711 
f 834//769 776//711 777//712 
f 835//770 777//712 778//713 
f 836//771 778//713 779//714 
f 837//772 779//714 780//715 
f 838//773 780//715 781//716 
f 839//774 781//716 782//717 
f 840//775 782//717 783//718 
f 841//776 783//718 784//719 
f 842//777 784//719 785//720 
f 843//778 785//720 786//721 
f 844//779 786//721 787//722 
f 845//780 787//722 788//723 
f 846//781 788//723 789//724 
f 847//782 789//724 790//725 
f 848//783 790//725 791//726 
f 849//784 791//726 792//727 
f 850//785 792//727 793//728 
f 851//786 793//728 794//729 
f 852//787 794//729 795//730 
f 853//788 795//730 796//731 
f 854//789 796//731 797//732 
f 855//790 797//732 798//733 
f 856//791 798//733 799//734 
f 857//792 799//734 800//735 
f 858//793 800//735 801//736 
f 859//794 801//736 802//737 
f 860//795 802//737 803//738 
f 861//796 803//738 804//739 
f 862//797 804//739 805//740 
f 863//798 805//740 806//741 
f 864//799 806//741 807//742 
f 865//800 807//742 808//743 
f 866//801 808//743 809//744 
f 867//802 809//744 810//745 
f 868//803 810//745 811//746 
f 869//804 811//746 812//747 
f 870//805 812//747 813//748 
f 871//806 813//748 814//749 
f 872//807 814//749 815//750 
f 873//808 815//750 816//751 
f 874//809 816//751 817//752 
f 875//810 817//752 818//753 
f 876//811 818//753 819//754 
f 877//812 819//754 820//755 
f 878//813 820//755 821//756 
f 879//814 821//756 822//757 
f 880//815 822//757 823//758 
f 881//816 823//758 824//759 
f 882//817 824//759 825//760 
f 883//818 825//760 826//761 
f 884//819 826//761 827//762 
f 885//820 827//762 770//705 
f 10//821 828//763 829//764 
f 11//822 829//764 830//765 
f 8//823 830//765 831//766 
f 9//824 831//766 832//767 
f 4//825 832//767 833//768 
f 5//826 833//768 834//769 
f 2//827 834//769 835//770 
f 3//828 835//770 836//771 
f 6//829 836//771 837//772 
f 837//772 838//773 12//830 
f 838//773 25//831 12//830 
f 25//831 838//773 839//774 
f 22//832 839//774 840//775 
f 23//833 840//775 841//776 
f 24//834 841//776 842//777 
f 21//835 842//777 843//778 
f 18//836 843//778 844//779 
f 19//837 844//779 845//780 
f 20//838 845//780 846//781 
f 16//839 846//781 847//782 
f 848//783 29//840 26//841 
f 26//841 847//782 848//783 
f 29//840 848//783 849//784 
f 30//842 849//784 850//785 
f 35//843 850//785 851//786 
f 33//844 851//786 852//787 
f 34//845 852//787 853//788 
f 31//846 853//788 854//789 
f 32//847 854//789 855//790 
f 36//848 855//790 856//791 
f 37//849 856//791 857//792 
f 38//850 857//792 858//793 
f 65//851 858//793 859//794 
f 66//852 859//794 860//795 
f 67//853 860//795 861//796 
f 68//854 861//796 862//797 
f 69//855 862//797 863//798 
f 70//856 863//798 864//799 
f 71//857 864//799 865//800 
f 72//858 865//800 866//801 
f 866//801 867//802 58//859 
f 867//802 59//860 58//859 
f 59//860 867//802 868//803 
f 56//861 868//803 869//804 
f 57//862 869//804 870//805 
f 63//863 870//805 871//806 
f 64//864 871//806 872//807 
f 61//865 872//807 873//808 
f 62//866 873//808 874//809 
f 60//867 874//809 875//810 
f 54//868 875//810 876//811 
f 877//812 50//869 49//870 
f 49//870 876//811 877//812 
f 50//869 877//812 878//813 
f 48//871 878//813 879//814 
f 45//872 879//814 880//815 
f 46//873 880//815 881//816 
f 47//874 881//816 882//817 
f 43//875 882//817 883//818 
f 44//876 883//818 884//819 
f 51//877 884//819 885//820 
f 52//878 885//820 828//763 
f 828//763 10//821 52//878 
f 885//820 52//878 51//877 
f 884//819 51//877 44//876 
f 883//818 44//876 43//875 
f 882//817 43//875 47//874 
f 881//816 47//874 46//873 
f 880//815 46//873 45//872 
f 879//814 45//872 48//871 
f 878//813 48//871 50//869 
f 49//870 55//879 876//811 
f 876//811 55//879 54//868 
f 875//810 54//868 60//867 
f 874//809 60//867 62//866 
f 873//808 62//866 61//865 
f 872//807 61//865 64//864 
f 871//806 64//864 63//863 
f 870//805 63//863 57//862 
f 869//804 57//862 56//861 
f 868//803 56//861 59//860 
f 58//859 73//880 866//801 
f 866//801 73//880 72//858 
f 865//800 72//858 71//857 
f 864//799 71//857 70//856 
f 863//798 70//856 69//855 
f 862//797 69//855 68//854 
f 861//796 68//854 67//853 
f 860//795 67//853 66//852 
f 859//794 66//852 65//851 
f 858//793 65//851 38//850 
f 857//792 38//850 37//849 
f 856//791 37//849 36//848 
f 855//790 36//848 32//847 
f 854//789 32//847 31//846 
f 853//788 31//846 34//845 
f 852//787 34//845 33//844 
f 851//786 33//844 35//843 
f 850//785 35//843 30//842 
f 849//784 30//842 29//840 
f 26//841 17//881 847//782 
f 847//782 17//881 16//839 
f 846//781 16//839 20//838 
f 845//780 20//838 19//837 
f 844//779 19//837 18//836 
f 843//778 18//836 21//835 
f 842//777 21//835 24//834 
f 841//776 24//834 23//833 
f 840//775 23//833 22//832 
f 839//774 22//832 25//831 
f 12//830 7//882 837//772 
f 837//772 7//882 6//829 
f 836//771 6//829 3//828 
f 835//770 3//828 2//827 
f 834//769 2//827 5//826 
f 833//768 5//826 4//825 
f 832//767 4//825 9//824 
f 831//766 9//824 8//823 
f 830//765 8//823 11//822 
f 829//764 11//822 10//821 
f 770//705 828//763 885//820 
f 827//762 885//820 884//819 
f 826//761 884//819 883//818 
f 825//760 883//818 882//817 
f 824//759 882//817 881//816 
f 823//758 881//816 880//815 
f 822//757 880//815 879//814 
f 821//756 879//814 878//813 
f 820//755 878//813 877//812 
f 819//754 877//812 876//811 
f 818//753 876//811 875//810 
f 817//752 875//810 874//809 
f 816//751 874//809 873//808 
f 815//750 873//808 872//807 
f 814//749 872//807 871//806 
f 813//748 871//806 870//805 
f 812//747 870//805 869//804 
f 811//746 869//804 868//803 
f 810//745 868//803 867//802 
f 809//744 867//802 866//801 
f 808//743 866//801 865//800 
f 807//742 865//800 864//799 
f 806//741 864//799 863//798 
f 805//740 863//798 862//797 
f 804//739 862//797 861//796 
f 803//738 861//796 860//795 
f 802//737 860//795 859//794 
f 801//736 859//794 858//793 
f 800//735 858//793 857//792 
f 799//734 857//792 856//791 
f 798//733 856//791 855//790 
f 797//732 855//790 854//789 
f 796//731 854//789 853//788 
f 795//730 853//788 852//787 
f 794//729 852//787 851//786 
f 793//728 851//786 850//785 
f 792//727 850//785 849//784 
f 791//726 849//784 848//783 
f 790//725 848//783 847//782 
f 789//724 847//782 846//781 
f 788//723 846//781 845//780 
f 787//722 845//780 844//779 
f 786//721 844//779 843//778 
f 785//720 843//778 842//777 
f 784//719 842//777 841//776 
f 783//718 841//776 840//775 
f 782//717 840//775 839//774 
f 781//716 839//774 838//773 
f 780//715 838//773 837//772 
f 779//714 837//772 836//771 
f 778//713 836//771 835//770 
f 777//712 835//770 834//769 
f 776//711 834//769 833//768 
f 775//710 833//768 832//767 
f 774//709 832//767 831//766 
f 773//708 831//766 830//765 
f 772//707 830//765 829//764 
f 771//706 829//764 828//763 
f 712//647 770//705 827//762 
f 769//704 827//762 826//761 
f 768//703 826//761 825//760 
f 767//702 825//760 824//759 
f 766//701 824//759 823//758 
f 765//700 823//758 822//757 
f 764//699 822//757 821//756 
f 763//698 821//756 820//755 
f 762//697 820//755 819//754 
f 761//696 819//754 818//753 
f 760//695 818//753 817//752 
f 759//694 817//752 816//751 
f 758//693 816//751 815//750 
f 757//692 815//750 814//749 
f 756//691 814//749 813//748 
f 755//690 813//748 812//747 
f 754//689 812//747 811//746 
f 753//688 811//746 810//745 
f 752//687 810//745 809//744 
f 751//686 809//744 808//743 
f 750//685 808//743 807//742 
f 749//684 807//742 806//741 
f 748//683 806//741 805//740 
f 747//682 805//740 804//739 
f 746//681 804//739 803//738 
f 745//680 803//738 802//737 
f 744//679 802//737 801//736 
f 743//678 801//736 800//735 
f 742//677 800//735 799//734 
f 741//676 799//734 798//733 
f 740//675 798//733 797//732 
f 739//674 797//732 796//731 
f 738//673 796//731 795//730 
f 737//672 795//730 794//729 
f 736//671 794//729 793//728 
f 735//670 793//728 792//727 
f 734//669 792//727 791//726 
f 733//668 791//726 790//725 
f 732//667 790//725 789//724 
f 731//666 789//724 788//723 
f 730//665 788//723 787//722 
f 729//664 787//722 786//721 
f 728//663 786//721 785//720 
f 727//662 785//720 784//719 
f 726//661 784//719 783//718 
f 725//660 783//718 782//717 
f 724//659 782//717 781//716 
f 723//658 781//716 780//715 
f 722//657 780//715 779//714 
f 721//656 779//714 778//713 
f 720//655 778//713 777//712 
f 719//654 777//712 776//711 
f 718//653 776//711 775//710 
f 717//652 775//710 774//709 
f 716//651 774//709 773//708 
f 715//650 773//708 772//707 
f 714//649 772//707 771//706 
f 713//648 771//706 770//705 
f 654//589 712//647 769//704 
f 711//646 769//704 768//703 
f 710//645 768//703 767//702 
f 709//644 767//702 766//701 
f 708//643 766//701 765//700 
f 707//642 765//700 764//699 
f 706//641 764//699 763//698 
f 705//640 763//698 762//697 
f 704//639 762//697 761//696 
f 703//638 761//696 760//695 
f 702//637 760//695 759//694 
f 701//636 759//694 758//693 
f 700//635 758//693 757//692 
f 699//634 757//692 756//691 
f 698//633 756//691 755//690 
f 697//632 755//690 754//689 
f 696//631 754//689 753//688 
f 695//630 753//688 752//687 
f 694//629 752//687 751//686 
f 693//628 751//686 750//685 
f 692//627 750//685 749//684 
f 691//626 749//684 748//683 
f 690//625 748//683 747//682 
f 689//624 747//682 746//681 
f 688//623 746//681 745//680 
f 687//622 745//680 744//679 
f 686//621 744//679 743//678 
f 685//620 743//678 742//677 
f 684//619 742//677 741//676 
f 683//618 741//676 740//675 
f 682//617 740//675 739//674 
f 681//616 739//674 738//673 
f 680//615 738//673 737//672 
f 679//614 737//672 736//671 
f 678//613 736//671 735//670 
f 677//612 735//670 734//669 
f 676//611 734//669 733//668 
f 675//610 733//668 732//667 
f 674//609 732//667 731//666 
f 673//608 731//666 730//665 
f 672//607 730//665 729//664 
f 671//606 729//664 728//663 
f 670//605 728//663 727//662 
f 669//604 727//662 726//661 
f 668//603 726//661 725//660 
f 667//602 725//660 724//659 
f 666//601 724//659 723//658 
f 665//600 723//658 722//657 
f 664//599 722//657 721//656 
f 663//598 721//656 720//655 
f 662//597 720//655 719//654 
f 661//596 719//654 718//653 
f 660//595 718//653 717//652 
f 659//594 717//652 716//651 
f 658//593 716//651 715//650 
f 657//592 715//650 714//649 
f 656//591 714//649 713//648 
f 655//590 713//648 712//647 
f 596//531 654//589 711//646 
f 653//588 711//646 710//645 
f 652//587 710//645 709//644 
f 651//586 709//644 708//643 
f 650//585 708//643 707//642 
f 649//584 707//642 706//641 
f 648//583 706//641 705//640 
f 647//582 705//640 704//639 
f 646//581 704//639 703//638 
f 645//580 703//638 702//637 
f 644//579 702//637 701//636 
f 643//578 701//636 700//635 
f 642//577 700//635 699//634 
f 641//576 699//634 698//633 
f 640//575 698//633 697//632 
f 639//574 697//632 696//631 
f 638//573 696//631 695//630 
f 637//572 695//630 694//629 
f 636//571 694//629 693//628 
f 635//570 693//628 692//627 
f 634//569 692//627 691//626 
f 633//568 691//626 690//625 
f 632//567 690//625 689//624 
f 631//566 689//624 688//623 
f 630//565 688//623 687//622 
f 629//564 687//622 686//621 
f 628//563 686//621 685//620 
f 627//562 685//620 684//619 
f 626//561 684//619 683//618 
f 625//560 683//618 682//617 
f 624//559 682//617 681//616 
f 623//558 681//616 680//615 
f 622//557 680//615 679//614 
f 621//556 679//614 678//613 
f 620//555 678//613 677//612 
f 619//554 677//612 676//611 
f 618//553 676//611 675//610 
f 617//552 675//610 674//609 
f 616//551 674//609 673//608 
f 615//550 673//608 672//607 
f 614//549 672//607 671//606 
f 613//548 671//606 670//605 
f 612//547 670//605 669//604 
f 611//546 669//604 668//603 
f 610//545 668//603 667//602 
f 609//544 667//602 666//601 
f 608//543 666//601 665//600 
f 607//542 665//600 664//599 
f 606//541 664//599 663//598 
f 605//540 663//598 662//597 
f 604//539 662//597 661//596 
f 603//538 661//596 660//595 
f 602//537 660//595 659//594 
f 601//536 659//594 658//593 
f 600//535 658//593 657//592 
f 599//534 657//592 656//591 
f 598//533 656//591 655//590 
f 597//532 655//590 654//589 
f 538//473 596//531 653//588 
f 595//530 653//588 652//587 
f 594//529 652//587 651//586 
f 593//528 651//586 650//585 
f 592//527 650//585 649//584 
f 591//526 649//584 648//583 
f 590//525 648//583 647//582 
f 589//524 647//582 646//581 
f 588//523 646//581 645//580 
f 587//522 645//580 644//579 
f 586//521 644//579 643//578 
f 585//520 643//578 642//577 
f 584//519 642//577 641//576 
f 583//518 641//576 640//575 
f 582//517 640//575 639//574 
f 581//516 639//574 638//573 
f 580//515 638//573 637//572 
f 579//514 637//572 636//571 
f 578//513 636//571 635//570 
f 577//512 635//570 634//569 
f 576//511 634//569 633//568 
f 575//510 633//568 632//567 
f 574//509 632//567 631//566 
f 573//508 631//566 630//565 
f 572//507 630//565 629//564 
f 571//506 629//564 628//563 
f 570//505 628//563 627//562 
f 569//504 627//562 626//561 
f 568//503 626//561 625//560 
f 567//502 625//560 624//559 
f 566//501 624//559 623//558 
f 565//500 623//558 622//557 
f 564//499 622//557 621//556 
f 563//498 621//556 620//555 
f 562//497 620//555 619//554 
f 561//496 619//554 618//553 
f 560//495 618//553 617//552 
f 559//494 617//552 616//551 
f 558//493 616//551 615//550 
f 557//492 615//550 614//549 
f 556//491 614//549 613//548 
f 555//490 613//548 612//547 
f 554//489 612//547 611//546 
f 553//488 611//546 610//545 
f 552//487 610//545 609//544 
f 551//486 609//544 608//543 
f 550//485 608//543 607//542 
f 549//484 607//542 606//541 
f 548//483 606//541 605//540 
f 547//482 605//540 604//539 
f 546//481 604//539 603//538 
f 545//480 603//538 602//537 
f 544//479 602//537 601//536 
f 543//478 601//536 600//535 
f 542//477 600//535 599//534 
f 541//476 599//534 598//533 
f 540//475 598//533 597//532 
f 539//474 597//532 596//531 
f 480//415 538//473 595//530 
f 537//472 595//530 594//529 
f 536//471 594//529 593//528 
f 535//470 593//528 592//527 
f 534//469 592//527 591//526 
f 533//468 591//526 590//525 
f 532//467 590//525 589//524 
f 531//466 589//524 588//523 
f 530//465 588//523 587//522 
f 529//464 587//522 586//521 
f 528//463 586//521 585//520 
f 527//462 585//520 584//519 
f 526//461 584//519 583//518 
f 525//460 583//518 582//517 
f 524//459 582//517 581//516 
f 523//458 581//516 580//515 
f 522//457 580//515 579//514 
f 521//456 579//514 578//513 
f 520//455 578//513 577//512 
f 519//454 577//512 576//511 
f 518//453 576//511 575//510 
f 517//452 575//510 574//509 
f 516//451 574//509 573//508 
f 515//450 573//508 572//507 
f 514//449 572//507 571//506 
f 513//448 571//506 570//505 
f 512//447 570//505 569//504 
f 511//446 569//504 568//503 
f 510//445 568//503 567//502 
f 509//444 567//502 566//501 
f 508//443 566//501 565//500 
f 507//442 565//500 564//499 
f 506//441 564//499 563//498 
f 505//440 563//498 562//497 
f 504//439 562//497 561//496 
f 503//438 561//496 560//495 
f 502//437 560//495 559//494 
f 501//436 559//494 558//493 
f 500//435 558//493 557//492 
f 499//434 557//492 556//491 
f 498//433 556//491 555//490 
f 497//432 555//490 554//489 
f 496//431 554//489 553//488 
f 495//430 553//488 552//487 
f 494//429 552//487 551//486 
f 493//428 551//486 550//485 
f 492//427 550//485 549//484 
f 491//426 549//484 548//483 
f 490//425 548//483 547//482 
f 489//424 547//482 546//481 
f 488//423 546//481 545//480 
f 487//422 545//480 544//479 
f 486//421 544//479 543//478 
f 485//420 543//478 542//477 
f 484//419 542//477 541//476 
f 483//418 541//476 540//475 
f 482//417 540//475 539//474 
f 481//416 539//474 538//473 
f 422//357 480//415 537//472 
f 479//414 537//472 536//471 
f 478//413 536//471 535//470 
f 477//412 535//470 534//469 
f 476//411 534//469 533//468 
f 475//410 533//468 532//467 
f 474//409 532//467 531//466 
f 473//408 531//466 530//465 
f 472//407 530//465 529//464 
f 471//406 529//464 528//463 
f 470//405 528//463 527//462 
f 469//404 527//462 526//461 
f 468//403 526//461 525//460 
f 467//402 525//460 524//459 
f 466//401 524//459 523//458 
f 465//400 523//458 522//457 
f 464//399 522//457 521//456 
f 463//398 521//456 520//455 
f 462//397 520//455 519//454 
f 461//396 519//454 518//453 
f 460//395 518//453 517//452 
f 459//394 517//452 516//451 
f 458//393 516//451 515//450 
f 457//392 515//450 514//449 
f 456//391 514//449 513//448 
f 455//390 513//448 512//447 
f 454//389 512//447 511//446 
f 453//388 511//446 510//445 
f 452//387 510//445 509//444 
f 451//386 509//444 508//443 
f 450//385 508//443 507//442 
f 449//384 507//442 506//441 
f 448//383 506//441 505//440 
f 447//382 505//440 504//439 
f 446//381 504//439 503//438 
f 445//380 503//438 502//437 
f 444//379 502//437 501//436 
f 443//378 501//436 500//435 
f 442//377 500//435 499//434 
f 441//376 499//434 498//433 
f 440//375 498//433 497//432 
f 439//374 497//432 496//431 
f 438//373 496//431 495//430 
f 437//372 495//430 494//429 
f 436//371 494//429 493//428 
f 435//370 493//428 492//427 
f 434//369 492//427 491//426 
f 433//368 491//426 490//425 
f 432//367 490//425 489//424 
f 431//366 489//424 488//423 
f 430//365 488//423 487//422 
f 429//364 487//422 486//421 
f 428//363 486//421 485//420 
f 427//362 485//420 484//419 
f 426//361 484//419 483//418 
f 425//360 483//418 482//417 
f 424//359 482//417 481//416 
f 423//358 481//416 480//415 
f 364//299 422//357 479//414 
f 421//356 479//414 478//413 
f 420//355 478//413 477//412 
f 419//354 477//412 476//411 
f 418//353 476//411 475//410 
f 417//352 475//410 474//409 
f 416//351 474//409 473//408 
f 415//350 473//408 472//407 
f 414//349 472//407 471//406 
f 413//348 471//406 470//405 
f 412//347 470//405 469//404 
f 411//346 469//404 468//403 
f 410//345 468//403 467//402 
f 409//344 467//402 466//401 
f 408//343 466//401 465//400 
f 407//342 465//400 464//399 
f 406//341 464//399 463//398 
f 405//340 463//398 462//397 
f 404//339 462//397 461//396 
f 403//338 461//396 460//395 
f 402//337 460//395 459//394 
f 401//336 459//394 458//393 
f 400//335 458//393 457//392 
f 399//334 457//392 456//391 
f 398//333 456//391 455//390 
f 397//332 455//390 454//389 
f 396//331 454//389 453//388 
f 395//330 453//388 452//387 
f 394//329 452//387 451//386 
f 393//328 451//386 450//385 
f 392//327 450//385 449//384 
f 391//326 449//384 448//383 
f 390//325 448//383 447//382 
f 389//324 447//382 446//381 
f 388//323 446//381 445//380 
f 387//322 445//380 444//379 
f 386//321 444//379 443//378 
f 385//320 443//378 442//377 
f 384//319 442//377 441//376 
f 383//318 441//376 440//375 
f 382//317 440//375 439//374 
f 381//316 439//374 438//373 
f 380//315 438//373 437//372 
f 379//314 437//372 436//371 
f 378//313 436//371 435//370 
f 377//312 435//370 434//369 
f 376//311 434//369 433//368 
f 375//310 433//368 432//367 
f 374//309 432//367 431//366 
f 373//308 431//366 430//365 
f 372//307 430//365 429//364 
f 371//306 429//364 428//363 
f 370//305 428//363 427//362 
f 369//304 427//362 426//361 
f 368//303 426//361 425//360 
f 367//302 425//360 424//359 
f 366//301 424//359 423//358 
f 365//300 423//358 422//357 
f 306//241 364//299 421//356 
f 363//298 421//356 420//355 
f 362//297 420//355 419//354 
f 361//296 419//354 418//353 
f 360//295 418//353 417//352 
f 359//294 417//352 416//351 
f 358//293 416//351 415//350 
f 357//292 415//350 414//349 
f 356//291 414//349 413//348 
f 355//290 413//348 412//347 
f 354//289 412//347 411//346 
f 353//288 411//346 410//345 
f 352//287 410//345 409//344 
f 351//286 409//344 408//343 
f 350//285 408//343 407//342 
f 349//284 407//342 406//341 
f 348//283 406//341 405//340 
f 347//282 405//340 404//339 
f 346//281 404//339 403//338 
f 345//280 403//338 402//337 
f 344//279 402//337 401//336 
f 343//278 401//336 400//335 
f 342//277 400//335 399//334 
f 341//276 399//334 398//333 
f 340//275 398//333 397//332 
f 339//274 397//332 396//331 
f 338//273 396//331 395//330 
f 337//272 395//330 394//329 
f 336//271 394//329 393//328 
f 335//270 393//328 392//327 
f 334//269 392//327 391//326 
f 333//268 391//326 390//325 
f 332//267 390//325 389//324 
f 331//266 389//324 388//323 
f 330//265 388//323 387//322 
f 329//264 387//322 386//321 
f 328//263 386//321 385//320 
f 327//262 385//320 384//319 
f 326//261 384//319 383//318 
f 325//260 383//318 382//317 
f 324//259 382//317 381//316 
f 323//258 381//316 380//315 
f 322//257 380//315 379//314 
f 321//256 379//314 378//313 
f 320//255 378//313 377//312 
f 319//254 377//312 376//311 
f 318//253 376//311 375//310 
f 317//252 375//310 374//309 
f 316//251 374//309 373//308 
f 315//250 373//308 372//307 
f 314//249 372//307 371//306 
f 313//248 371//306 370//305 
f 312//247 370//305 369//304 
f 311//246 369//304 368//303 
f 310//245 368//303 367//302 
f 309//244 367//302 366//301 
f 308//243 366//301 365//300 
f 307//242 365//300 364//299 
f 248//183 306//241 363//298 
f 305//240 363//298 362//297 
f 304//239 362//297 361//296 
f 303//238 361//296 360//295 
f 302//237 360//295 359//294 
f 301//236 359//294 358//293 
f 300//235 358//293 357//292 
f 299//234 357//292 356//291 
f 298//233 356//291 355//290 
f 297//232 355//290 354//289 
f 296//231 354//289 353//288 
f 295//230 353//288 352//287 
f 294//229 352//287 351//286 
f 293//228 351//286 350//285 
f 292//227 350//285 349//284 
f 291//226 349//284 348//283 
f 290//225 348//283 347//282 
f 289//224 347//282 346//281 
f 288//223 346//281 345//280 
f 287//222 345//280 344//279 
f 286//221 344//279 343//278 
f 285//220 343//278 342//277 
f 284//219 342//277 341//276 
f 283//218 341//276 340//275 
f 282//217 340//275 339//274 
f 281//216 339//274 338//273 
f 280//215 338//273 337//272 
f 279//214 337//272 336//271 
f 278//213 336//271 335//270 
f 277//212 335//270 334//269 
f 276//211 334//269 333//268 
f 275//210 333//268 332//267 
f 274//209 332//267 331//266 
f 273//208 331//266 330//265 
f 272//207 330//265 329//264 
f 271//206 329//264 328//263 
f 270//205 328//263 327//262 
f 269//204 327//262 326//261 
f 268//203 326//261 325//260 
f 267//202 325//260 324//259 
f 266//201 324//259 323//258 
f 265//200 323//258 322//257 
f 264//199 322//257 321//256 
f 263//198 321//256 320//255 
f 262//197 320//255 319//254 
f 261//196 319//254 318//253 
f 260//195 318//253 317//252 
f 259//194 317//252 316//251 
f 258//193 316//251 315//250 
f 257//192 315//250 314//249 
f 256//191 314//249 313//248 
f 255//190 313//248 312//247 
f 254//189 312//247 311//246 
f 253//188 311//246 310//245 
f 252//187 310//245 309//244 
f 251//186 309//244 308//243 
f 250//185 308//243 307//242 
f 249//184 307//242 306//241 
f 190//125 248//183 305//240 
f 247//182 305//240 304//239 
f 246//181 304//239 303//238 
f 245//180 303//238 302//237 
f 244//179 302//237 301//236 
f 243//178 301//236 300//235 
f 242//177 300//235 299//234 
f 241//176 299//234 298//233 
f 240//175 298//233 297//232 
f 239//174 297//232 296//231 
f 238//173 296//231 295//230 
f 237//172 295//230 294//229 
f 236//171 294//229 293//228 
f 235//170 293//228 292//227 
f 234//169 292//227 291//226 
f 233//168 291//226 290//225 
f 232//167 290//225 289//224 
f 231//166 289//224 288//223 
f 230//165 288//223 287//222 
f 229//164 287//222 286//221 
f 228//163 286//221 285//220 
f 227//162 285//220 284//219 
f 226//161 284//219 283//218 
f 225//160 283//218 282//217 
f 224//159 282//217 281//216 
f 223//158 281//216 280//215 
f 222//157 280//215 279//214 
f 221//156 279//214 278//213 
f 220//155 278//213 277//212 
f 219//154 277//212 276//211 
f 218//153 276//211 275//210 
f 217//152 275//210 274//209 
f 216//151 274//209 273//208 
f 215//150 273//208 272//207 
f 214//149 272//207 271//206 
f 213//148 271//206 270//205 
f 212//147 270//205 269//204 
f 211//146 269//204 268//203 
f 210//145 268//203 267//202 
f 209//144 267//202 266//201 
f 208//143 266//201 265//200 
f 207//142 265//200 264//199 
f 206//141 264//199 263//198 
f 205//140 263//198 262//197 
f 204//139 262//197 261//196 
f 203//138 261//196 260//195 
f 202//137 260//195 259//194 
f 201//136 259//194 258//193 
f 200//135 258//193 257//192 
f 199//134 257//192 256//191 
f 198//133 256//191 255//190 
f 197//132 255//190 254//189 
f 196//131 254//189 253//188 
f 195//130 253//188 252//187 
f 194//129 252//187 251//186 
f 193//128 251//186 250//185 
f 192//127 250//185 249//184 
f 191//126 249//184 248//183 
f 74//9 190//125 247//182 
f 189//124 247//182 246//181 
f 187//122 246//181 245//180 
f 185//120 245//180 244//179 
f 183//118 244//179 243//178 
f 181//116 243//178 242//177 
f 179//114 242//177 241//176 
f 177//112 241//176 240//175 
f 175//110 240//175 239//174 
f 173//108 239//174 238//173 
f 171//106 238//173 237//172 
f 169//104 237//172 236//171 
f 167//102 236//171 235//170 
f 165//100 235//170 234//169 
f 163//98 234//169 233//168 
f 161//96 233//168 232//167 
f 159//94 232//167 231//166 
f 157//92 231//166 230//165 
f 155//90 230//165 229//164 
f 153//88 229//164 228//163 
f 151//86 228//163 227//162 
f 149//84 227//162 226//161 
f 147//82 226//161 225//160 
f 145//80 225//160 224//159 
f 143//78 224//159 223//158 
f 141//76 223//158 222//157 
f 139//74 222//157 221//156 
f 137//72 221//156 220//155 
f 135//70 220//155 219//154 
f 133//68 219//154 218//153 
f 131//66 218//153 217//152 
f 129//64 217//152 216//151 
f 127//62 216//151 215//150 
f 125//60 215//150 214//149 
f 123//58 214//149 213//148 
f 121//56 213//148 212//147 
f 119//54 212//147 211//146 
f 117//52 211//146 210//145 
f 115//50 210//145 209//144 
f 113//48 209//144 208//143 
f 111//46 208//143 207//142 
f 109//44 207//142 206//141 
f 107//42 206//141 205//140 
f 105//40 205//140 204//139 
f 103//38 204//139 203//138 
f 101//36 203//138 202//137 
f 99//34 202//137 201//136 
f 97//32 201//136 200//135 
f 95//30 200//135 199//134 
f 93//28 199//134 198//133 
f 91//26 198//133 197//132 
f 89//24 197//132 196//131 
f 87//22 196//131 195//130 
f 85//20 195//130 194//129 
f 83//18 194//129 193//128 
f 81//16 193//128 192//127 
f 79//14 192//127 191//126 
f 77//12 191//126 190//125 
f 75//10 74//9 189//124 
f 188//123 189//124 187//122 
f 186//121 187//122 185//120 
f 184//119 185//120 183//118 
f 182//117 183//118 181//116 
f 180//115 181//116 179//114 
f 178//113 179//114 177//112 
f 176//111 177//112 175//110 
f 174//109 175//110 173//108 
f 172//107 173//108 171//106 
f 170//105 171//106 169//104 
f 168//103 169//104 167//102 
f 166//101 167//102 165//100 
f 164//99 165//100 163//98 
f 162//97 163//98 161//96 
f 160//95 161//96 159//94 
f 158//93 159//94 157//92 
f 156//91 157//92 155//90 
f 154//89 155//90 153//88 
f 152//87 153//88 151//86 
f 150//85 151//86 149//84 
f 148//83 149//84 147//82 
f 146//81 147//82 145//80 
f 144//79 145//80 143//78 
f 142//77 143//78 141//76 
f 140//75 141//76 139//74 
f 138//73 139//74 137//72 
f 136//71 137//72 135//70 
f 134//69 135//70 133//68 
f 132//67 133//68 131//66 
f 130//65 131//66 129//64 
f 128//63 129//64 127//62 
f 126//61 127//62 125//60 
f 124//59 125//60 123//58 
f 122//57 123//58 121//56 
f 120//55 121//56 119//54 
f 118//53 119//54 117//52 
f 116//51 117//52 115//50 
f 114//49 115//50 113//48 
f 112//47 113//48 111//46 
f 110//45 111//46 109//44 
f 108//43 109//44 107//42 
f 106//41 107//42 105//40 
f 104//39 105//40 103//38 
f 102//37 103//38 101//36 
f 100//35 101//36 99//34 
f 98//33 99//34 97//32 
f 96//31 97//32 95//30 
f 94//29 95//30 93//28 
f 92//27 93//28 91//26 
f 90//25 91//26 89//24 
f 88//23 89//24 87//22 
f 86//21 87//22 85//20 
f 84//19 85//20 83//18 
f 82//17 83//18 81//16 
f 80//15 81//16 79//14 
f 78//13 79//14 77//12 
f 76//11 77//12 74//9 
f 75//10 188//123 886//883 
f 188//123 186//121 886//883 
f 186//121 184//119 886//883 
f 184//119 182//117 886//883 
f 182//117 180//115 886//883 
f 180//115 178//113 886//883 
f 178//113 176//111 886//883 
f 176//111 174//109 886//883 
f 174//109 172//107 886//883 
f 172//107 170//105 886//883 
f 170//105 168//103 886//883 
f 168//103 166//101 886//883 
f 166//101 164//99 886//883 
f 164//99 162//97 886//883 
f 162//97 160//95 886//883 
f 160//95 158//93 886//883 
f 158//93 156//91 886//883 
f 156//91 154//89 886//883 
f 154//89 152//87 886//883 
f 152//87 150//85 886//883 
f 150//85 148//83 886//883 
f 148//83 146//81 886//883 
f 146//81 144//79 886//883 
f 144//79 142//77 886//883 
f 142//77 140//75 886//883 
f 140//75 138//73 886//883 
f 138//73 136//71 886//883 
f 136//71 134//69 886//883 
f 134//69 132//67 886//883 
f 132//67 130//65 886//883 
f 130//65 128//63 886//883 
f 128//63 126//61 886//883 
f 126//61 124//59 886//883 
f 124//59 122//57 886//883 
f 122//57 120//55 886//883 
f 120//55 118//53 886//883 
f 118//53 116//51 886//883 
f 116//51 114//49 886//883 
f 114//49 112//47 886//883 
f 112//47 110//45 886//883 
f 110//45 108//43 886//883 
f 108//43 106//41 886//883 
f 106//41 104//39 886//883 
f 104//39 102//37 886//883 
f 102//37 100//35 886//883 
f 100//35 98//33 886//883 
f 98//33 96//31 886//883 
f 96//31 94//29 886//883 
f 94//29 92//27 886//883 
f 92//27 90//25 886//883 
f 90//25 88//23 886//883 
f 88//23 86//21 886//883 
f 86//21 84//19 886//883 
f 84//19 82//17 886//883 
f 82//17 80//15 886//883 
f 80//15 78//13 886//883 
f 78//13 76//11 886//883 
f 76//11 75//10 886//883 
o mesh11
f 41//884 40//884 58//884 
f 40//884 887//884 58//884 
f 58//884 53//884 41//884 
o mesh12
f 27//885 28//885 38//885 
f 38//885 40//885 27//885 
f 38//885 887//885 40//885 
o mesh13
f 887//886 72//886 73//886 
f 887//886 70//886 71//886 
f 71//886 72//886 887//886 
f 887//886 67//886 68//886 
f 887//886 69//886 70//886 
f 887//886 66//886 67//886 
f 68//886 69//886 887//886 
f 887//886 38//886 65//886 
f 65//886 66//886 887//886 
f 73//886 58//886 887//886 
