# OBJ generated by ONSHAPE BY PTC INC, 1.192 Units = meters
mtllib socket_semisphere.mtl
g Part 2
v 0.015 -0.00866025 -0.05 
v 0.0153635 -0.00799772 -0.05 
v 0.0156977 -0.00731996 -0.05 
v 0.0160021 -0.00662827 -0.05 
v 0.016276 -0.00592396 -0.05 
v 0.0165189 -0.00520838 -0.05 
v 0.0167303 -0.00448288 -0.05 
v 0.0169099 -0.00374884 -0.05 
v 0.0170574 -0.00300767 -0.05 
v 0.0171723 -0.00226078 -0.05 
v 0.0172546 -0.00150958 -0.05 
v 0.017304 -0.00075551 -0.05 
v 0.0173205 5.67628e-19 -0.05 
v 0.017304 0.00075551 -0.05 
v 0.0172546 0.00150958 -0.05 
v 0.0171723 0.00226078 -0.05 
v 0.0170574 0.00300767 -0.05 
v 0.0169099 0.00374884 -0.05 
v 0.0167303 0.00448288 -0.05 
v 0.0165189 0.00520838 -0.05 
v 0.016276 0.00592396 -0.05 
v 0.0160021 0.00662827 -0.05 
v 0.0156977 0.00731996 -0.05 
v 0.0153635 0.00799772 -0.05 
v 0.015 0.00866025 -0.05 
v 0.014608 0.0093063 -0.05 
v 0.0141881 0.00993464 -0.05 
v 0.0137413 0.0105441 -0.05 
v 0.0132683 0.0111334 -0.05 
v 0.01277 0.0117016 -0.05 
v 0.0122474 0.0122474 -0.05 
v 0.0117016 0.01277 -0.05 
v 0.0111334 0.0132683 -0.05 
v 0.0105441 0.0137413 -0.05 
v 0.00993464 0.0141881 -0.05 
v 0.0093063 0.014608 -0.05 
v 0.00866025 0.015 -0.05 
v 0.00799772 0.0153635 -0.05 
v 0.00731996 0.0156977 -0.05 
v 0.00662827 0.0160021 -0.05 
v 0.00592396 0.016276 -0.05 
v 0.00520838 0.0165189 -0.05 
v 0.00448288 0.0167303 -0.05 
v 0.00374884 0.0169099 -0.05 
v 0.00300767 0.0170574 -0.05 
v 0.00226078 0.0171723 -0.05 
v 0.00150958 0.0172546 -0.05 
v 0.00075551 0.017304 -0.05 
v 3.00547e-17 0.0173205 -0.05 
v -0.00075551 0.017304 -0.05 
v -0.00150958 0.0172546 -0.05 
v -0.00226078 0.0171723 -0.05 
v -0.00300767 0.0170574 -0.05 
v -0.00374884 0.0169099 -0.05 
v -0.00448288 0.0167303 -0.05 
v -0.00520838 0.0165189 -0.05 
v -0.00592396 0.016276 -0.05 
v -0.00662827 0.0160021 -0.05 
v -0.00731996 0.0156977 -0.05 
v -0.00799772 0.0153635 -0.05 
v -0.00866025 0.015 -0.05 
v -0.0093063 0.014608 -0.05 
v -0.00993464 0.0141881 -0.05 
v -0.0105441 0.0137413 -0.05 
v -0.0111334 0.0132683 -0.05 
v -0.0117016 0.01277 -0.05 
v -0.0122474 0.0122474 -0.05 
v -0.01277 0.0117016 -0.05 
v -0.0132683 0.0111334 -0.05 
v -0.0137413 0.0105441 -0.05 
v -0.0141881 0.00993464 -0.05 
v -0.014608 0.0093063 -0.05 
v -0.015 0.00866025 -0.05 
v -0.0153635 0.00799772 -0.05 
v -0.0156977 0.00731996 -0.05 
v -0.0160021 0.00662827 -0.05 
v -0.016276 0.00592396 -0.05 
v -0.0165189 0.00520838 -0.05 
v -0.0167303 0.00448288 -0.05 
v -0.0169099 0.00374884 -0.05 
v -0.0170574 0.00300767 -0.05 
v -0.0171723 0.00226078 -0.05 
v -0.0172546 0.00150958 -0.05 
v -0.017304 0.00075551 -0.05 
v -0.0173205 5.63335e-17 -0.05 
v -0.017304 -0.00075551 -0.05 
v -0.0172546 -0.00150958 -0.05 
v -0.0171723 -0.00226078 -0.05 
v -0.0170574 -0.00300767 -0.05 
v -0.0169099 -0.00374884 -0.05 
v -0.0167303 -0.00448288 -0.05 
v -0.0165189 -0.00520838 -0.05 
v -0.016276 -0.00592396 -0.05 
v -0.0160021 -0.00662827 -0.05 
v -0.0156977 -0.00731996 -0.05 
v -0.0153635 -0.00799772 -0.05 
v -0.015 -0.00866025 -0.05 
v -0.014608 -0.0093063 -0.05 
v -0.0141881 -0.00993464 -0.05 
v -0.0137413 -0.0105441 -0.05 
v -0.0132683 -0.0111334 -0.05 
v -0.01277 -0.0117016 -0.05 
v -0.0122474 -0.0122474 -0.05 
v -0.0117016 -0.01277 -0.05 
v -0.0111334 -0.0132683 -0.05 
v -0.0105441 -0.0137413 -0.05 
v -0.00993464 -0.0141881 -0.05 
v -0.0093063 -0.014608 -0.05 
v -0.00866025 -0.015 -0.05 
v -0.00799772 -0.0153635 -0.05 
v -0.00731996 -0.0156977 -0.05 
v -0.00662827 -0.0160021 -0.05 
v -0.00592396 -0.016276 -0.05 
v -0.00520838 -0.0165189 -0.05 
v -0.00448288 -0.0167303 -0.05 
v -0.00374884 -0.0169099 -0.05 
v -0.00300767 -0.0170574 -0.05 
v -0.00226078 -0.0171723 -0.05 
v -0.00150958 -0.0172546 -0.05 
v -0.00075551 -0.017304 -0.05 
v -8.24386e-17 -0.0173205 -0.05 
v 0.00075551 -0.017304 -0.05 
v 0.00150958 -0.0172546 -0.05 
v 0.00226078 -0.0171723 -0.05 
v 0.00300767 -0.0170574 -0.05 
v 0.00374884 -0.0169099 -0.05 
v 0.00448288 -0.0167303 -0.05 
v 0.00520838 -0.0165189 -0.05 
v 0.00592396 -0.016276 -0.05 
v 0.00662827 -0.0160021 -0.05 
v 0.00731996 -0.0156977 -0.05 
v 0.00799772 -0.0153635 -0.05 
v 0.00866025 -0.015 -0.05 
v 0.0093063 -0.014608 -0.05 
v 0.00993464 -0.0141881 -0.05 
v 0.0105441 -0.0137413 -0.05 
v 0.0111334 -0.0132683 -0.05 
v 0.0117016 -0.01277 -0.05 
v 0.0122474 -0.0122474 -0.05 
v 0.01277 -0.0117016 -0.05 
v 0.0132683 -0.0111334 -0.05 
v 0.0137413 -0.0105441 -0.05 
v 0.0141881 -0.00993464 -0.05 
v 0.014608 -0.0093063 -0.05 
v 0.0153489 -0.00799011 -0.0507555 
v 0.0156828 -0.007313 -0.0507555 
v 0.0159868 -0.00662196 -0.0507555 
v 0.0162605 -0.00591832 -0.0507555 
v 0.0165031 -0.00520342 -0.0507555 
v 0.0167144 -0.00447861 -0.0507555 
v 0.0168938 -0.00374528 -0.0507555 
v 0.0170411 -0.00300481 -0.0507555 
v 0.017156 -0.00225863 -0.0507555 
v 0.0172382 -0.00150814 -0.0507555 
v 0.0172876 -0.000754791 -0.0507555 
v 0.017304 8.67362e-19 -0.0507555 
v 0.0172876 0.000754791 -0.0507555 
v 0.0172382 0.00150814 -0.0507555 
v 0.017156 0.00225863 -0.0507555 
v 0.0170411 0.00300481 -0.0507555 
v 0.0168938 0.00374528 -0.0507555 
v 0.0167144 0.00447861 -0.0507555 
v 0.0165031 0.00520342 -0.0507555 
v 0.0162605 0.00591832 -0.0507555 
v 0.0159868 0.00662196 -0.0507555 
v 0.0156828 0.007313 -0.0507555 
v 0.0153489 0.00799011 -0.0507555 
v 0.0149857 0.00865201 -0.0507555 
v 0.0145941 0.00929744 -0.0507555 
v 0.0141746 0.00992518 -0.0507555 
v 0.0137282 0.010534 -0.0507555 
v 0.0132557 0.0111228 -0.0507555 
v 0.0127579 0.0116904 -0.0507555 
v 0.0122358 0.0122358 -0.0507555 
v 0.0116904 0.0127579 -0.0507555 
v 0.0111228 0.0132557 -0.0507555 
v 0.010534 0.0137282 -0.0507555 
v 0.00992518 0.0141746 -0.0507555 
v 0.00929744 0.0145941 -0.0507555 
v 0.00865201 0.0149857 -0.0507555 
v 0.00799011 0.0153489 -0.0507555 
v 0.007313 0.0156828 -0.0507555 
v 0.00662196 0.0159868 -0.0507555 
v 0.00591832 0.0162605 -0.0507555 
v 0.00520342 0.0165031 -0.0507555 
v 0.00447861 0.0167144 -0.0507555 
v 0.00374528 0.0168938 -0.0507555 
v 0.00300481 0.0170411 -0.0507555 
v 0.00225863 0.017156 -0.0507555 
v 0.00150814 0.0172382 -0.0507555 
v 0.000754791 0.0172876 -0.0507555 
v 6.93889e-18 0.017304 -0.0507555 
v -0.000754791 0.0172876 -0.0507555 
v -0.00150814 0.0172382 -0.0507555 
v -0.00225863 0.017156 -0.0507555 
v -0.00300481 0.0170411 -0.0507555 
v -0.00374528 0.0168938 -0.0507555 
v -0.00447861 0.0167144 -0.0507555 
v -0.00520342 0.0165031 -0.0507555 
v -0.00591832 0.0162605 -0.0507555 
v -0.00662196 0.0159868 -0.0507555 
v -0.007313 0.0156828 -0.0507555 
v -0.00799011 0.0153489 -0.0507555 
v -0.00865201 0.0149857 -0.0507555 
v -0.00929744 0.0145941 -0.0507555 
v -0.00992518 0.0141746 -0.0507555 
v -0.010534 0.0137282 -0.0507555 
v -0.0111228 0.0132557 -0.0507555 
v -0.0116904 0.0127579 -0.0507555 
v -0.0122358 0.0122358 -0.0507555 
v -0.0127579 0.0116904 -0.0507555 
v -0.0132557 0.0111228 -0.0507555 
v -0.0137282 0.010534 -0.0507555 
v -0.0141746 0.00992518 -0.0507555 
v -0.0145941 0.00929744 -0.0507555 
v -0.0149857 0.00865201 -0.0507555 
v -0.0153489 0.00799011 -0.0507555 
v -0.0156828 0.007313 -0.0507555 
v -0.0159868 0.00662196 -0.0507555 
v -0.0162605 0.00591832 -0.0507555 
v -0.0165031 0.00520342 -0.0507555 
v -0.0167144 0.00447861 -0.0507555 
v -0.0168938 0.00374528 -0.0507555 
v -0.0170411 0.00300481 -0.0507555 
v -0.017156 0.00225863 -0.0507555 
v -0.0172382 0.00150814 -0.0507555 
v -0.0172876 0.000754791 -0.0507555 
v -0.017304 4.33681e-18 -0.0507555 
v -0.0172876 -0.000754791 -0.0507555 
v -0.0172382 -0.00150814 -0.0507555 
v -0.017156 -0.00225863 -0.0507555 
v -0.0170411 -0.00300481 -0.0507555 
v -0.0168938 -0.00374528 -0.0507555 
v -0.0167144 -0.00447861 -0.0507555 
v -0.0165031 -0.00520342 -0.0507555 
v -0.0162605 -0.00591832 -0.0507555 
v -0.0159868 -0.00662196 -0.0507555 
v -0.0156828 -0.007313 -0.0507555 
v -0.0153489 -0.00799011 -0.0507555 
v -0.0149857 -0.00865201 -0.0507555 
v -0.0145941 -0.00929744 -0.0507555 
v -0.0141746 -0.00992518 -0.0507555 
v -0.0137282 -0.010534 -0.0507555 
v -0.0132557 -0.0111228 -0.0507555 
v -0.0127579 -0.0116904 -0.0507555 
v -0.0122358 -0.0122358 -0.0507555 
v -0.0116904 -0.0127579 -0.0507555 
v -0.0111228 -0.0132557 -0.0507555 
v -0.010534 -0.0137282 -0.0507555 
v -0.00992518 -0.0141746 -0.0507555 
v -0.00929744 -0.0145941 -0.0507555 
v -0.00865201 -0.0149857 -0.0507555 
v -0.00799011 -0.0153489 -0.0507555 
v -0.007313 -0.0156828 -0.0507555 
v -0.00662196 -0.0159868 -0.0507555 
v -0.00591832 -0.0162605 -0.0507555 
v -0.00520342 -0.0165031 -0.0507555 
v -0.00447861 -0.0167144 -0.0507555 
v -0.00374528 -0.0168938 -0.0507555 
v -0.00300481 -0.0170411 -0.0507555 
v -0.00225863 -0.017156 -0.0507555 
v -0.00150814 -0.0172382 -0.0507555 
v -0.000754791 -0.0172876 -0.0507555 
v 1.73472e-18 -0.017304 -0.0507555 
v 0.000754791 -0.0172876 -0.0507555 
v 0.00150814 -0.0172382 -0.0507555 
v 0.00225863 -0.017156 -0.0507555 
v 0.00300481 -0.0170411 -0.0507555 
v 0.00374528 -0.0168938 -0.0507555 
v 0.00447861 -0.0167144 -0.0507555 
v 0.00520342 -0.0165031 -0.0507555 
v 0.00591832 -0.0162605 -0.0507555 
v 0.00662196 -0.0159868 -0.0507555 
v 0.007313 -0.0156828 -0.0507555 
v 0.00799011 -0.0153489 -0.0507555 
v 0.00865201 -0.0149857 -0.0507555 
v 0.00929744 -0.0145941 -0.0507555 
v 0.00992518 -0.0141746 -0.0507555 
v 0.010534 -0.0137282 -0.0507555 
v 0.0111228 -0.0132557 -0.0507555 
v 0.0116904 -0.0127579 -0.0507555 
v 0.0122358 -0.0122358 -0.0507555 
v 0.0127579 -0.0116904 -0.0507555 
v 0.0132557 -0.0111228 -0.0507555 
v 0.0137282 -0.010534 -0.0507555 
v 0.0141746 -0.00992518 -0.0507555 
v 0.0145941 -0.00929744 -0.0507555 
v 0.0149857 -0.00865201 -0.0507555 
v 0.015305 -0.00796729 -0.0515096 
v 0.015638 -0.00729211 -0.0515096 
v 0.0159412 -0.00660305 -0.0515096 
v 0.016214 -0.00590142 -0.0515096 
v 0.016456 -0.00518856 -0.0515096 
v 0.0166667 -0.00446582 -0.0515096 
v 0.0168456 -0.00373458 -0.0515096 
v 0.0169925 -0.00299623 -0.0515096 
v 0.017107 -0.00225218 -0.0515096 
v 0.0171889 -0.00150384 -0.0515096 
v 0.0172382 -0.000752635 -0.0515096 
v 0.0172546 1.73472e-18 -0.0515096 
v 0.0172382 0.000752635 -0.0515096 
v 0.0171889 0.00150384 -0.0515096 
v 0.017107 0.00225218 -0.0515096 
v 0.0169925 0.00299623 -0.0515096 
v 0.0168456 0.00373458 -0.0515096 
v 0.0166667 0.00446582 -0.0515096 
v 0.016456 0.00518856 -0.0515096 
v 0.016214 0.00590142 -0.0515096 
v 0.0159412 0.00660305 -0.0515096 
v 0.015638 0.00729211 -0.0515096 
v 0.015305 0.00796729 -0.0515096 
v 0.0149429 0.0086273 -0.0515096 
v 0.0145524 0.00927089 -0.0515096 
v 0.0141341 0.00989683 -0.0515096 
v 0.013689 0.0105039 -0.0515096 
v 0.0132178 0.011091 -0.0515096 
v 0.0127214 0.011657 -0.0515096 
v 0.0122008 0.0122008 -0.0515096 
v 0.011657 0.0127214 -0.0515096 
v 0.011091 0.0132178 -0.0515096 
v 0.0105039 0.013689 -0.0515096 
v 0.00989683 0.0141341 -0.0515096 
v 0.00927089 0.0145524 -0.0515096 
v 0.0086273 0.0149429 -0.0515096 
v 0.00796729 0.015305 -0.0515096 
v 0.00729211 0.015638 -0.0515096 
v 0.00660305 0.0159412 -0.0515096 
v 0.00590142 0.016214 -0.0515096 
v 0.00518856 0.016456 -0.0515096 
v 0.00446582 0.0166667 -0.0515096 
v 0.00373458 0.0168456 -0.0515096 
v 0.00299623 0.0169925 -0.0515096 
v 0.00225218 0.017107 -0.0515096 
v 0.00150384 0.0171889 -0.0515096 
v 0.000752635 0.0172382 -0.0515096 
v 6.93889e-18 0.0172546 -0.0515096 
v -0.000752635 0.0172382 -0.0515096 
v -0.00150384 0.0171889 -0.0515096 
v -0.00225218 0.017107 -0.0515096 
v -0.00299623 0.0169925 -0.0515096 
v -0.00373458 0.0168456 -0.0515096 
v -0.00446582 0.0166667 -0.0515096 
v -0.00518856 0.016456 -0.0515096 
v -0.00590142 0.016214 -0.0515096 
v -0.00660305 0.0159412 -0.0515096 
v -0.00729211 0.015638 -0.0515096 
v -0.00796729 0.015305 -0.0515096 
v -0.0086273 0.0149429 -0.0515096 
v -0.00927089 0.0145524 -0.0515096 
v -0.00989683 0.0141341 -0.0515096 
v -0.0105039 0.013689 -0.0515096 
v -0.011091 0.0132178 -0.0515096 
v -0.011657 0.0127214 -0.0515096 
v -0.0122008 0.0122008 -0.0515096 
v -0.0127214 0.011657 -0.0515096 
v -0.0132178 0.011091 -0.0515096 
v -0.013689 0.0105039 -0.0515096 
v -0.0141341 0.00989683 -0.0515096 
v -0.0145524 0.00927089 -0.0515096 
v -0.0149429 0.0086273 -0.0515096 
v -0.015305 0.00796729 -0.0515096 
v -0.015638 0.00729211 -0.0515096 
v -0.0159412 0.00660305 -0.0515096 
v -0.016214 0.00590142 -0.0515096 
v -0.016456 0.00518856 -0.0515096 
v -0.0166667 0.00446582 -0.0515096 
v -0.0168456 0.00373458 -0.0515096 
v -0.0169925 0.00299623 -0.0515096 
v -0.017107 0.00225218 -0.0515096 
v -0.0171889 0.00150384 -0.0515096 
v -0.0172382 0.000752635 -0.0515096 
v -0.0172546 4.33681e-18 -0.0515096 
v -0.0172382 -0.000752635 -0.0515096 
v -0.0171889 -0.00150384 -0.0515096 
v -0.017107 -0.00225218 -0.0515096 
v -0.0169925 -0.00299623 -0.0515096 
v -0.0168456 -0.00373458 -0.0515096 
v -0.0166667 -0.00446582 -0.0515096 
v -0.016456 -0.00518856 -0.0515096 
v -0.016214 -0.00590142 -0.0515096 
v -0.0159412 -0.00660305 -0.0515096 
v -0.015638 -0.00729211 -0.0515096 
v -0.015305 -0.00796729 -0.0515096 
v -0.0149429 -0.0086273 -0.0515096 
v -0.0145524 -0.00927089 -0.0515096 
v -0.0141341 -0.00989683 -0.0515096 
v -0.013689 -0.0105039 -0.0515096 
v -0.0132178 -0.011091 -0.0515096 
v -0.0127214 -0.011657 -0.0515096 
v -0.0122008 -0.0122008 -0.0515096 
v -0.011657 -0.0127214 -0.0515096 
v -0.011091 -0.0132178 -0.0515096 
v -0.0105039 -0.013689 -0.0515096 
v -0.00989683 -0.0141341 -0.0515096 
v -0.00927089 -0.0145524 -0.0515096 
v -0.0086273 -0.0149429 -0.0515096 
v -0.00796729 -0.015305 -0.0515096 
v -0.00729211 -0.015638 -0.0515096 
v -0.00660305 -0.0159412 -0.0515096 
v -0.00590142 -0.016214 -0.0515096 
v -0.00518856 -0.016456 -0.0515096 
v -0.00446582 -0.0166667 -0.0515096 
v -0.00373458 -0.0168456 -0.0515096 
v -0.00299623 -0.0169925 -0.0515096 
v -0.00225218 -0.017107 -0.0515096 
v -0.00150384 -0.0171889 -0.0515096 
v -0.000752635 -0.0172382 -0.0515096 
v 8.67362e-19 -0.0172546 -0.0515096 
v 0.000752635 -0.0172382 -0.0515096 
v 0.00150384 -0.0171889 -0.0515096 
v 0.00225218 -0.017107 -0.0515096 
v 0.00299623 -0.0169925 -0.0515096 
v 0.00373458 -0.0168456 -0.0515096 
v 0.00446582 -0.0166667 -0.0515096 
v 0.00518856 -0.016456 -0.0515096 
v 0.00590142 -0.016214 -0.0515096 
v 0.00660305 -0.0159412 -0.0515096 
v 0.00729211 -0.015638 -0.0515096 
v 0.00796729 -0.015305 -0.0515096 
v 0.0086273 -0.0149429 -0.0515096 
v 0.00927089 -0.0145524 -0.0515096 
v 0.00989683 -0.0141341 -0.0515096 
v 0.0105039 -0.013689 -0.0515096 
v 0.011091 -0.0132178 -0.0515096 
v 0.011657 -0.0127214 -0.0515096 
v 0.0122008 -0.0122008 -0.0515096 
v 0.0127214 -0.011657 -0.0515096 
v 0.0132178 -0.011091 -0.0515096 
v 0.013689 -0.0105039 -0.0515096 
v 0.0141341 -0.00989683 -0.0515096 
v 0.0145524 -0.00927089 -0.0515096 
v 0.0149429 -0.0086273 -0.0515096 
v 0.015232 -0.0079293 -0.0522608 
v 0.0155634 -0.00725734 -0.0522608 
v 0.0158652 -0.00657157 -0.0522608 
v 0.0161367 -0.00587328 -0.0522608 
v 0.0163775 -0.00516382 -0.0522608 
v 0.0165872 -0.00444453 -0.0522608 
v 0.0167653 -0.00371677 -0.0522608 
v 0.0169114 -0.00298194 -0.0522608 
v 0.0170254 -0.00224144 -0.0522608 
v 0.017107 -0.00149667 -0.0522608 
v 0.017156 -0.000749046 -0.0522608 
v 0.0171723 8.67362e-19 -0.0522608 
v 0.017156 0.000749046 -0.0522608 
v 0.017107 0.00149667 -0.0522608 
v 0.0170254 0.00224144 -0.0522608 
v 0.0169114 0.00298194 -0.0522608 
v 0.0167653 0.00371677 -0.0522608 
v 0.0165872 0.00444453 -0.0522608 
v 0.0163775 0.00516382 -0.0522608 
v 0.0161367 0.00587328 -0.0522608 
v 0.0158652 0.00657157 -0.0522608 
v 0.0155634 0.00725734 -0.0522608 
v 0.015232 0.0079293 -0.0522608 
v 0.0148717 0.00858616 -0.0522608 
v 0.014483 0.00922669 -0.0522608 
v 0.0140667 0.00984964 -0.0522608 
v 0.0136237 0.0104539 -0.0522608 
v 0.0131548 0.0110382 -0.0522608 
v 0.0126608 0.0116015 -0.0522608 
v 0.0121427 0.0121427 -0.0522608 
v 0.0116015 0.0126608 -0.0522608 
v 0.0110382 0.0131548 -0.0522608 
v 0.0104539 0.0136237 -0.0522608 
v 0.00984964 0.0140667 -0.0522608 
v 0.00922669 0.014483 -0.0522608 
v 0.00858616 0.0148717 -0.0522608 
v 0.0079293 0.015232 -0.0522608 
v 0.00725734 0.0155634 -0.0522608 
v 0.00657157 0.0158652 -0.0522608 
v 0.00587328 0.0161367 -0.0522608 
v 0.00516382 0.0163775 -0.0522608 
v 0.00444453 0.0165872 -0.0522608 
v 0.00371677 0.0167653 -0.0522608 
v 0.00298194 0.0169114 -0.0522608 
v 0.00224144 0.0170254 -0.0522608 
v 0.00149667 0.017107 -0.0522608 
v 0.000749046 0.017156 -0.0522608 
v 6.93889e-18 0.0171723 -0.0522608 
v -0.000749046 0.017156 -0.0522608 
v -0.00149667 0.017107 -0.0522608 
v -0.00224144 0.0170254 -0.0522608 
v -0.00298194 0.0169114 -0.0522608 
v -0.00371677 0.0167653 -0.0522608 
v -0.00444453 0.0165872 -0.0522608 
v -0.00516382 0.0163775 -0.0522608 
v -0.00587328 0.0161367 -0.0522608 
v -0.00657157 0.0158652 -0.0522608 
v -0.00725734 0.0155634 -0.0522608 
v -0.0079293 0.015232 -0.0522608 
v -0.00858616 0.0148717 -0.0522608 
v -0.00922669 0.014483 -0.0522608 
v -0.00984964 0.0140667 -0.0522608 
v -0.0104539 0.0136237 -0.0522608 
v -0.0110382 0.0131548 -0.0522608 
v -0.0116015 0.0126608 -0.0522608 
v -0.0121427 0.0121427 -0.0522608 
v -0.0126608 0.0116015 -0.0522608 
v -0.0131548 0.0110382 -0.0522608 
v -0.0136237 0.0104539 -0.0522608 
v -0.0140667 0.00984964 -0.0522608 
v -0.014483 0.00922669 -0.0522608 
v -0.0148717 0.00858616 -0.0522608 
v -0.015232 0.0079293 -0.0522608 
v -0.0155634 0.00725734 -0.0522608 
v -0.0158652 0.00657157 -0.0522608 
v -0.0161367 0.00587328 -0.0522608 
v -0.0163775 0.00516382 -0.0522608 
v -0.0165872 0.00444453 -0.0522608 
v -0.0167653 0.00371677 -0.0522608 
v -0.0169114 0.00298194 -0.0522608 
v -0.0170254 0.00224144 -0.0522608 
v -0.017107 0.00149667 -0.0522608 
v -0.017156 0.000749046 -0.0522608 
v -0.0171723 4.33681e-18 -0.0522608 
v -0.017156 -0.000749046 -0.0522608 
v -0.017107 -0.00149667 -0.0522608 
v -0.0170254 -0.00224144 -0.0522608 
v -0.0169114 -0.00298194 -0.0522608 
v -0.0167653 -0.00371677 -0.0522608 
v -0.0165872 -0.00444453 -0.0522608 
v -0.0163775 -0.00516382 -0.0522608 
v -0.0161367 -0.00587328 -0.0522608 
v -0.0158652 -0.00657157 -0.0522608 
v -0.0155634 -0.00725734 -0.0522608 
v -0.015232 -0.0079293 -0.0522608 
v -0.0148717 -0.00858616 -0.0522608 
v -0.014483 -0.00922669 -0.0522608 
v -0.0140667 -0.00984964 -0.0522608 
v -0.0136237 -0.0104539 -0.0522608 
v -0.0131548 -0.0110382 -0.0522608 
v -0.0126608 -0.0116015 -0.0522608 
v -0.0121427 -0.0121427 -0.0522608 
v -0.0116015 -0.0126608 -0.0522608 
v -0.0110382 -0.0131548 -0.0522608 
v -0.0104539 -0.0136237 -0.0522608 
v -0.00984964 -0.0140667 -0.0522608 
v -0.00922669 -0.014483 -0.0522608 
v -0.00858616 -0.0148717 -0.0522608 
v -0.0079293 -0.015232 -0.0522608 
v -0.00725734 -0.0155634 -0.0522608 
v -0.00657157 -0.0158652 -0.0522608 
v -0.00587328 -0.0161367 -0.0522608 
v -0.00516382 -0.0163775 -0.0522608 
v -0.00444453 -0.0165872 -0.0522608 
v -0.00371677 -0.0167653 -0.0522608 
v -0.00298194 -0.0169114 -0.0522608 
v -0.00224144 -0.0170254 -0.0522608 
v -0.00149667 -0.017107 -0.0522608 
v -0.000749046 -0.017156 -0.0522608 
v 0 -0.0171723 -0.0522608 
v 0.000749046 -0.017156 -0.0522608 
v 0.00149667 -0.017107 -0.0522608 
v 0.00224144 -0.0170254 -0.0522608 
v 0.00298194 -0.0169114 -0.0522608 
v 0.00371677 -0.0167653 -0.0522608 
v 0.00444453 -0.0165872 -0.0522608 
v 0.00516382 -0.0163775 -0.0522608 
v 0.00587328 -0.0161367 -0.0522608 
v 0.00657157 -0.0158652 -0.0522608 
v 0.00725734 -0.0155634 -0.0522608 
v 0.0079293 -0.015232 -0.0522608 
v 0.00858616 -0.0148717 -0.0522608 
v 0.00922669 -0.014483 -0.0522608 
v 0.00984964 -0.0140667 -0.0522608 
v 0.0104539 -0.0136237 -0.0522608 
v 0.0110382 -0.0131548 -0.0522608 
v 0.0116015 -0.0126608 -0.0522608 
v 0.0121427 -0.0121427 -0.0522608 
v 0.0126608 -0.0116015 -0.0522608 
v 0.0131548 -0.0110382 -0.0522608 
v 0.0136237 -0.0104539 -0.0522608 
v 0.0140667 -0.00984964 -0.0522608 
v 0.014483 -0.00922669 -0.0522608 
v 0.0148717 -0.00858616 -0.0522608 
v 0.0151301 -0.00787622 -0.0530077 
v 0.0154592 -0.00720876 -0.0530077 
v 0.015759 -0.00652757 -0.0530077 
v 0.0160287 -0.00583396 -0.0530077 
v 0.0162679 -0.00512925 -0.0530077 
v 0.0164762 -0.00441477 -0.0530077 
v 0.016653 -0.00369189 -0.0530077 
v 0.0167982 -0.00296198 -0.0530077 
v 0.0169114 -0.00222643 -0.0530077 
v 0.0169925 -0.00148665 -0.0530077 
v 0.0170411 -0.000744032 -0.0530077 
v 0.0170574 0 -0.0530077 
v 0.0170411 0.000744032 -0.0530077 
v 0.0169925 0.00148665 -0.0530077 
v 0.0169114 0.00222643 -0.0530077 
v 0.0167982 0.00296198 -0.0530077 
v 0.016653 0.00369189 -0.0530077 
v 0.0164762 0.00441477 -0.0530077 
v 0.0162679 0.00512925 -0.0530077 
v 0.0160287 0.00583396 -0.0530077 
v 0.015759 0.00652757 -0.0530077 
v 0.0154592 0.00720876 -0.0530077 
v 0.0151301 0.00787622 -0.0530077 
v 0.0147721 0.00852869 -0.0530077 
v 0.014386 0.00916492 -0.0530077 
v 0.0139726 0.00978371 -0.0530077 
v 0.0135325 0.0103839 -0.0530077 
v 0.0130667 0.0109643 -0.0530077 
v 0.012576 0.0115238 -0.0530077 
v 0.0120614 0.0120614 -0.0530077 
v 0.0115238 0.012576 -0.0530077 
v 0.0109643 0.0130667 -0.0530077 
v 0.0103839 0.0135325 -0.0530077 
v 0.00978371 0.0139726 -0.0530077 
v 0.00916492 0.014386 -0.0530077 
v 0.00852869 0.0147721 -0.0530077 
v 0.00787622 0.0151301 -0.0530077 
v 0.00720876 0.0154592 -0.0530077 
v 0.00652757 0.015759 -0.0530077 
v 0.00583396 0.0160287 -0.0530077 
v 0.00512925 0.0162679 -0.0530077 
v 0.00441477 0.0164762 -0.0530077 
v 0.00369189 0.016653 -0.0530077 
v 0.00296198 0.0167982 -0.0530077 
v 0.00222643 0.0169114 -0.0530077 
v 0.00148665 0.0169925 -0.0530077 
v 0.000744032 0.0170411 -0.0530077 
v 7.80626e-18 0.0170574 -0.0530077 
v -0.000744032 0.0170411 -0.0530077 
v -0.00148665 0.0169925 -0.0530077 
v -0.00222643 0.0169114 -0.0530077 
v -0.00296198 0.0167982 -0.0530077 
v -0.00369189 0.016653 -0.0530077 
v -0.00441477 0.0164762 -0.0530077 
v -0.00512925 0.0162679 -0.0530077 
v -0.00583396 0.0160287 -0.0530077 
v -0.00652757 0.015759 -0.0530077 
v -0.00720876 0.0154592 -0.0530077 
v -0.00787622 0.0151301 -0.0530077 
v -0.00852869 0.0147721 -0.0530077 
v -0.00916492 0.014386 -0.0530077 
v -0.00978371 0.0139726 -0.0530077 
v -0.0103839 0.0135325 -0.0530077 
v -0.0109643 0.0130667 -0.0530077 
v -0.0115238 0.012576 -0.0530077 
v -0.0120614 0.0120614 -0.0530077 
v -0.012576 0.0115238 -0.0530077 
v -0.0130667 0.0109643 -0.0530077 
v -0.0135325 0.0103839 -0.0530077 
v -0.0139726 0.00978371 -0.0530077 
v -0.014386 0.00916492 -0.0530077 
v -0.0147721 0.00852869 -0.0530077 
v -0.0151301 0.00787622 -0.0530077 
v -0.0154592 0.00720876 -0.0530077 
v -0.015759 0.00652757 -0.0530077 
v -0.0160287 0.00583396 -0.0530077 
v -0.0162679 0.00512925 -0.0530077 
v -0.0164762 0.00441477 -0.0530077 
v -0.016653 0.00369189 -0.0530077 
v -0.0167982 0.00296198 -0.0530077 
v -0.0169114 0.00222643 -0.0530077 
v -0.0169925 0.00148665 -0.0530077 
v -0.0170411 0.000744032 -0.0530077 
v -0.0170574 5.20417e-18 -0.0530077 
v -0.0170411 -0.000744032 -0.0530077 
v -0.0169925 -0.00148665 -0.0530077 
v -0.0169114 -0.00222643 -0.0530077 
v -0.0167982 -0.00296198 -0.0530077 
v -0.016653 -0.00369189 -0.0530077 
v -0.0164762 -0.00441477 -0.0530077 
v -0.0162679 -0.00512925 -0.0530077 
v -0.0160287 -0.00583396 -0.0530077 
v -0.015759 -0.00652757 -0.0530077 
v -0.0154592 -0.00720876 -0.0530077 
v -0.0151301 -0.00787622 -0.0530077 
v -0.0147721 -0.00852869 -0.0530077 
v -0.014386 -0.00916492 -0.0530077 
v -0.0139726 -0.00978371 -0.0530077 
v -0.0135325 -0.0103839 -0.0530077 
v -0.0130667 -0.0109643 -0.0530077 
v -0.012576 -0.0115238 -0.0530077 
v -0.0120614 -0.0120614 -0.0530077 
v -0.0115238 -0.012576 -0.0530077 
v -0.0109643 -0.0130667 -0.0530077 
v -0.0103839 -0.0135325 -0.0530077 
v -0.00978371 -0.0139726 -0.0530077 
v -0.00916492 -0.014386 -0.0530077 
v -0.00852869 -0.0147721 -0.0530077 
v -0.00787622 -0.0151301 -0.0530077 
v -0.00720876 -0.0154592 -0.0530077 
v -0.00652757 -0.015759 -0.0530077 
v -0.00583396 -0.0160287 -0.0530077 
v -0.00512925 -0.0162679 -0.0530077 
v -0.00441477 -0.0164762 -0.0530077 
v -0.00369189 -0.016653 -0.0530077 
v -0.00296198 -0.0167982 -0.0530077 
v -0.00222643 -0.0169114 -0.0530077 
v -0.00148665 -0.0169925 -0.0530077 
v -0.000744032 -0.0170411 -0.0530077 
v 0 -0.0170574 -0.0530077 
v 0.000744032 -0.0170411 -0.0530077 
v 0.00148665 -0.0169925 -0.0530077 
v 0.00222643 -0.0169114 -0.0530077 
v 0.00296198 -0.0167982 -0.0530077 
v 0.00369189 -0.016653 -0.0530077 
v 0.00441477 -0.0164762 -0.0530077 
v 0.00512925 -0.0162679 -0.0530077 
v 0.00583396 -0.0160287 -0.0530077 
v 0.00652757 -0.015759 -0.0530077 
v 0.00720876 -0.0154592 -0.0530077 
v 0.00787622 -0.0151301 -0.0530077 
v 0.00852869 -0.0147721 -0.0530077 
v 0.00916492 -0.014386 -0.0530077 
v 0.00978371 -0.0139726 -0.0530077 
v 0.0103839 -0.0135325 -0.0530077 
v 0.0109643 -0.0130667 -0.0530077 
v 0.0115238 -0.012576 -0.0530077 
v 0.0120614 -0.0120614 -0.0530077 
v 0.012576 -0.0115238 -0.0530077 
v 0.0130667 -0.0109643 -0.0530077 
v 0.0135325 -0.0103839 -0.0530077 
v 0.0139726 -0.00978371 -0.0530077 
v 0.014386 -0.00916492 -0.0530077 
v 0.0147721 -0.00852869 -0.0530077 
v 0.0149993 -0.00780814 -0.0537488 
v 0.0153256 -0.00714645 -0.0537488 
v 0.0156228 -0.00647115 -0.0537488 
v 0.0158901 -0.00578354 -0.0537488 
v 0.0161273 -0.00508492 -0.0537488 
v 0.0163338 -0.00437662 -0.0537488 
v 0.0165091 -0.00365998 -0.0537488 
v 0.016653 -0.00293638 -0.0537488 
v 0.0167653 -0.00220719 -0.0537488 
v 0.0168456 -0.0014738 -0.0537488 
v 0.0168938 -0.000737601 -0.0537488 
v 0.0169099 8.67362e-19 -0.0537488 
v 0.0168938 0.000737601 -0.0537488 
v 0.0168456 0.0014738 -0.0537488 
v 0.0167653 0.00220719 -0.0537488 
v 0.016653 0.00293638 -0.0537488 
v 0.0165091 0.00365998 -0.0537488 
v 0.0163338 0.00437662 -0.0537488 
v 0.0161273 0.00508492 -0.0537488 
v 0.0158901 0.00578354 -0.0537488 
v 0.0156228 0.00647115 -0.0537488 
v 0.0153256 0.00714645 -0.0537488 
v 0.0149993 0.00780814 -0.0537488 
v 0.0146444 0.00845497 -0.0537488 
v 0.0142617 0.00908571 -0.0537488 
v 0.0138518 0.00969914 -0.0537488 
v 0.0134156 0.0102941 -0.0537488 
v 0.0129538 0.0108695 -0.0537488 
v 0.0124673 0.0114242 -0.0537488 
v 0.0119571 0.0119571 -0.0537488 
v 0.0114242 0.0124673 -0.0537488 
v 0.0108695 0.0129538 -0.0537488 
v 0.0102941 0.0134156 -0.0537488 
v 0.00969914 0.0138518 -0.0537488 
v 0.00908571 0.0142617 -0.0537488 
v 0.00845497 0.0146444 -0.0537488 
v 0.00780814 0.0149993 -0.0537488 
v 0.00714645 0.0153256 -0.0537488 
v 0.00647115 0.0156228 -0.0537488 
v 0.00578354 0.0158901 -0.0537488 
v 0.00508492 0.0161273 -0.0537488 
v 0.00437662 0.0163338 -0.0537488 
v 0.00365998 0.0165091 -0.0537488 
v 0.00293638 0.016653 -0.0537488 
v 0.00220719 0.0167653 -0.0537488 
v 0.0014738 0.0168456 -0.0537488 
v 0.000737601 0.0168938 -0.0537488 
v 6.93889e-18 0.0169099 -0.0537488 
v -0.000737601 0.0168938 -0.0537488 
v -0.0014738 0.0168456 -0.0537488 
v -0.00220719 0.0167653 -0.0537488 
v -0.00293638 0.016653 -0.0537488 
v -0.00365998 0.0165091 -0.0537488 
v -0.00437662 0.0163338 -0.0537488 
v -0.00508492 0.0161273 -0.0537488 
v -0.00578354 0.0158901 -0.0537488 
v -0.00647115 0.0156228 -0.0537488 
v -0.00714645 0.0153256 -0.0537488 
v -0.00780814 0.0149993 -0.0537488 
v -0.00845497 0.0146444 -0.0537488 
v -0.00908571 0.0142617 -0.0537488 
v -0.00969914 0.0138518 -0.0537488 
v -0.0102941 0.0134156 -0.0537488 
v -0.0108695 0.0129538 -0.0537488 
v -0.0114242 0.0124673 -0.0537488 
v -0.0119571 0.0119571 -0.0537488 
v -0.0124673 0.0114242 -0.0537488 
v -0.0129538 0.0108695 -0.0537488 
v -0.0134156 0.0102941 -0.0537488 
v -0.0138518 0.00969914 -0.0537488 
v -0.0142617 0.00908571 -0.0537488 
v -0.0146444 0.00845497 -0.0537488 
v -0.0149993 0.00780814 -0.0537488 
v -0.0153256 0.00714645 -0.0537488 
v -0.0156228 0.00647115 -0.0537488 
v -0.0158901 0.00578354 -0.0537488 
v -0.0161273 0.00508492 -0.0537488 
v -0.0163338 0.00437662 -0.0537488 
v -0.0165091 0.00365998 -0.0537488 
v -0.016653 0.00293638 -0.0537488 
v -0.0167653 0.00220719 -0.0537488 
v -0.0168456 0.0014738 -0.0537488 
v -0.0168938 0.000737601 -0.0537488 
v -0.0169099 5.20417e-18 -0.0537488 
v -0.0168938 -0.000737601 -0.0537488 
v -0.0168456 -0.0014738 -0.0537488 
v -0.0167653 -0.00220719 -0.0537488 
v -0.016653 -0.00293638 -0.0537488 
v -0.0165091 -0.00365998 -0.0537488 
v -0.0163338 -0.00437662 -0.0537488 
v -0.0161273 -0.00508492 -0.0537488 
v -0.0158901 -0.00578354 -0.0537488 
v -0.0156228 -0.00647115 -0.0537488 
v -0.0153256 -0.00714645 -0.0537488 
v -0.0149993 -0.00780814 -0.0537488 
v -0.0146444 -0.00845497 -0.0537488 
v -0.0142617 -0.00908571 -0.0537488 
v -0.0138518 -0.00969914 -0.0537488 
v -0.0134156 -0.0102941 -0.0537488 
v -0.0129538 -0.0108695 -0.0537488 
v -0.0124673 -0.0114242 -0.0537488 
v -0.0119571 -0.0119571 -0.0537488 
v -0.0114242 -0.0124673 -0.0537488 
v -0.0108695 -0.0129538 -0.0537488 
v -0.0102941 -0.0134156 -0.0537488 
v -0.00969914 -0.0138518 -0.0537488 
v -0.00908571 -0.0142617 -0.0537488 
v -0.00845497 -0.0146444 -0.0537488 
v -0.00780814 -0.0149993 -0.0537488 
v -0.00714645 -0.0153256 -0.0537488 
v -0.00647115 -0.0156228 -0.0537488 
v -0.00578354 -0.0158901 -0.0537488 
v -0.00508492 -0.0161273 -0.0537488 
v -0.00437662 -0.0163338 -0.0537488 
v -0.00365998 -0.0165091 -0.0537488 
v -0.00293638 -0.016653 -0.0537488 
v -0.00220719 -0.0167653 -0.0537488 
v -0.0014738 -0.0168456 -0.0537488 
v -0.000737601 -0.0168938 -0.0537488 
v 8.67362e-19 -0.0169099 -0.0537488 
v 0.000737601 -0.0168938 -0.0537488 
v 0.0014738 -0.0168456 -0.0537488 
v 0.00220719 -0.0167653 -0.0537488 
v 0.00293638 -0.016653 -0.0537488 
v 0.00365998 -0.0165091 -0.0537488 
v 0.00437662 -0.0163338 -0.0537488 
v 0.00508492 -0.0161273 -0.0537488 
v 0.00578354 -0.0158901 -0.0537488 
v 0.00647115 -0.0156228 -0.0537488 
v 0.00714645 -0.0153256 -0.0537488 
v 0.00780814 -0.0149993 -0.0537488 
v 0.00845497 -0.0146444 -0.0537488 
v 0.00908571 -0.0142617 -0.0537488 
v 0.00969914 -0.0138518 -0.0537488 
v 0.0102941 -0.0134156 -0.0537488 
v 0.0108695 -0.0129538 -0.0537488 
v 0.0114242 -0.0124673 -0.0537488 
v 0.0119571 -0.0119571 -0.0537488 
v 0.0124673 -0.0114242 -0.0537488 
v 0.0129538 -0.0108695 -0.0537488 
v 0.0134156 -0.0102941 -0.0537488 
v 0.0138518 -0.00969914 -0.0537488 
v 0.0142617 -0.00908571 -0.0537488 
v 0.0146444 -0.00845497 -0.0537488 
v 0.01484 -0.0077252 -0.0544829 
v 0.0151628 -0.00707054 -0.0544829 
v 0.0154568 -0.00640242 -0.0544829 
v 0.0157214 -0.00572211 -0.0544829 
v 0.015956 -0.00503091 -0.0544829 
v 0.0161603 -0.00433013 -0.0544829 
v 0.0163338 -0.00362111 -0.0544829 
v 0.0164762 -0.00290519 -0.0544829 
v 0.0165872 -0.00218375 -0.0544829 
v 0.0166667 -0.00145814 -0.0544829 
v 0.0167144 -0.000729767 -0.0544829 
v 0.0167303 0 -0.0544829 
v 0.0167144 0.000729767 -0.0544829 
v 0.0166667 0.00145814 -0.0544829 
v 0.0165872 0.00218375 -0.0544829 
v 0.0164762 0.00290519 -0.0544829 
v 0.0163338 0.00362111 -0.0544829 
v 0.0161603 0.00433013 -0.0544829 
v 0.015956 0.00503091 -0.0544829 
v 0.0157214 0.00572211 -0.0544829 
v 0.0154568 0.00640242 -0.0544829 
v 0.0151628 0.00707054 -0.0544829 
v 0.01484 0.0077252 -0.0544829 
v 0.0144889 0.00836516 -0.0544829 
v 0.0141102 0.0089892 -0.0544829 
v 0.0137047 0.00959612 -0.0544829 
v 0.0132731 0.0101848 -0.0544829 
v 0.0128162 0.010754 -0.0544829 
v 0.0123349 0.0113028 -0.0544829 
v 0.0118301 0.0118301 -0.0544829 
v 0.0113028 0.0123349 -0.0544829 
v 0.010754 0.0128162 -0.0544829 
v 0.0101848 0.0132731 -0.0544829 
v 0.00959612 0.0137047 -0.0544829 
v 0.0089892 0.0141102 -0.0544829 
v 0.00836516 0.0144889 -0.0544829 
v 0.0077252 0.01484 -0.0544829 
v 0.00707054 0.0151628 -0.0544829 
v 0.00640242 0.0154568 -0.0544829 
v 0.00572211 0.0157214 -0.0544829 
v 0.00503091 0.015956 -0.0544829 
v 0.00433013 0.0161603 -0.0544829 
v 0.00362111 0.0163338 -0.0544829 
v 0.00290519 0.0164762 -0.0544829 
v 0.00218375 0.0165872 -0.0544829 
v 0.00145814 0.0166667 -0.0544829 
v 0.000729767 0.0167144 -0.0544829 
v 7.80626e-18 0.0167303 -0.0544829 
v -0.000729767 0.0167144 -0.0544829 
v -0.00145814 0.0166667 -0.0544829 
v -0.00218375 0.0165872 -0.0544829 
v -0.00290519 0.0164762 -0.0544829 
v -0.00362111 0.0163338 -0.0544829 
v -0.00433013 0.0161603 -0.0544829 
v -0.00503091 0.015956 -0.0544829 
v -0.00572211 0.0157214 -0.0544829 
v -0.00640242 0.0154568 -0.0544829 
v -0.00707054 0.0151628 -0.0544829 
v -0.0077252 0.01484 -0.0544829 
v -0.00836516 0.0144889 -0.0544829 
v -0.0089892 0.0141102 -0.0544829 
v -0.00959612 0.0137047 -0.0544829 
v -0.0101848 0.0132731 -0.0544829 
v -0.010754 0.0128162 -0.0544829 
v -0.0113028 0.0123349 -0.0544829 
v -0.0118301 0.0118301 -0.0544829 
v -0.0123349 0.0113028 -0.0544829 
v -0.0128162 0.010754 -0.0544829 
v -0.0132731 0.0101848 -0.0544829 
v -0.0137047 0.00959612 -0.0544829 
v -0.0141102 0.0089892 -0.0544829 
v -0.0144889 0.00836516 -0.0544829 
v -0.01484 0.0077252 -0.0544829 
v -0.0151628 0.00707054 -0.0544829 
v -0.0154568 0.00640242 -0.0544829 
v -0.0157214 0.00572211 -0.0544829 
v -0.015956 0.00503091 -0.0544829 
v -0.0161603 0.00433013 -0.0544829 
v -0.0163338 0.00362111 -0.0544829 
v -0.0164762 0.00290519 -0.0544829 
v -0.0165872 0.00218375 -0.0544829 
v -0.0166667 0.00145814 -0.0544829 
v -0.0167144 0.000729767 -0.0544829 
v -0.0167303 5.20417e-18 -0.0544829 
v -0.0167144 -0.000729767 -0.0544829 
v -0.0166667 -0.00145814 -0.0544829 
v -0.0165872 -0.00218375 -0.0544829 
v -0.0164762 -0.00290519 -0.0544829 
v -0.0163338 -0.00362111 -0.0544829 
v -0.0161603 -0.00433013 -0.0544829 
v -0.015956 -0.00503091 -0.0544829 
v -0.0157214 -0.00572211 -0.0544829 
v -0.0154568 -0.00640242 -0.0544829 
v -0.0151628 -0.00707054 -0.0544829 
v -0.01484 -0.0077252 -0.0544829 
v -0.0144889 -0.00836516 -0.0544829 
v -0.0141102 -0.0089892 -0.0544829 
v -0.0137047 -0.00959612 -0.0544829 
v -0.0132731 -0.0101848 -0.0544829 
v -0.0128162 -0.010754 -0.0544829 
v -0.0123349 -0.0113028 -0.0544829 
v -0.0118301 -0.0118301 -0.0544829 
v -0.0113028 -0.0123349 -0.0544829 
v -0.010754 -0.0128162 -0.0544829 
v -0.0101848 -0.0132731 -0.0544829 
v -0.00959612 -0.0137047 -0.0544829 
v -0.0089892 -0.0141102 -0.0544829 
v -0.00836516 -0.0144889 -0.0544829 
v -0.0077252 -0.01484 -0.0544829 
v -0.00707054 -0.0151628 -0.0544829 
v -0.00640242 -0.0154568 -0.0544829 
v -0.00572211 -0.0157214 -0.0544829 
v -0.00503091 -0.015956 -0.0544829 
v -0.00433013 -0.0161603 -0.0544829 
v -0.00362111 -0.0163338 -0.0544829 
v -0.00290519 -0.0164762 -0.0544829 
v -0.00218375 -0.0165872 -0.0544829 
v -0.00145814 -0.0166667 -0.0544829 
v -0.000729767 -0.0167144 -0.0544829 
v 0 -0.0167303 -0.0544829 
v 0.000729767 -0.0167144 -0.0544829 
v 0.00145814 -0.0166667 -0.0544829 
v 0.00218375 -0.0165872 -0.0544829 
v 0.00290519 -0.0164762 -0.0544829 
v 0.00362111 -0.0163338 -0.0544829 
v 0.00433013 -0.0161603 -0.0544829 
v 0.00503091 -0.015956 -0.0544829 
v 0.00572211 -0.0157214 -0.0544829 
v 0.00640242 -0.0154568 -0.0544829 
v 0.00707054 -0.0151628 -0.0544829 
v 0.0077252 -0.01484 -0.0544829 
v 0.00836516 -0.0144889 -0.0544829 
v 0.0089892 -0.0141102 -0.0544829 
v 0.00959612 -0.0137047 -0.0544829 
v 0.0101848 -0.0132731 -0.0544829 
v 0.010754 -0.0128162 -0.0544829 
v 0.0113028 -0.0123349 -0.0544829 
v 0.0118301 -0.0118301 -0.0544829 
v 0.0123349 -0.0113028 -0.0544829 
v 0.0128162 -0.010754 -0.0544829 
v 0.0132731 -0.0101848 -0.0544829 
v 0.0137047 -0.00959612 -0.0544829 
v 0.0141102 -0.0089892 -0.0544829 
v 0.0144889 -0.00836516 -0.0544829 
v 0.0146524 -0.00762756 -0.0552084 
v 0.0149712 -0.00698117 -0.0552084 
v 0.0152614 -0.00632149 -0.0552084 
v 0.0155227 -0.00564978 -0.0552084 
v 0.0157543 -0.00496732 -0.0552084 
v 0.015956 -0.0042754 -0.0552084 
v 0.0161273 -0.00357534 -0.0552084 
v 0.0162679 -0.00286847 -0.0552084 
v 0.0163775 -0.00215614 -0.0552084 
v 0.016456 -0.00143971 -0.0552084 
v 0.0165031 -0.000720543 -0.0552084 
v 0.0165189 1.73472e-18 -0.0552084 
v 0.0165031 0.000720543 -0.0552084 
v 0.016456 0.00143971 -0.0552084 
v 0.0163775 0.00215614 -0.0552084 
v 0.0162679 0.00286847 -0.0552084 
v 0.0161273 0.00357534 -0.0552084 
v 0.015956 0.0042754 -0.0552084 
v 0.0157543 0.00496732 -0.0552084 
v 0.0155227 0.00564978 -0.0552084 
v 0.0152614 0.00632149 -0.0552084 
v 0.0149712 0.00698117 -0.0552084 
v 0.0146524 0.00762756 -0.0552084 
v 0.0143058 0.00825943 -0.0552084 
v 0.0139319 0.00887558 -0.0552084 
v 0.0135315 0.00947483 -0.0552084 
v 0.0131053 0.010056 -0.0552084 
v 0.0126542 0.0106181 -0.0552084 
v 0.012179 0.01116 -0.0552084 
v 0.0116806 0.0116806 -0.0552084 
v 0.01116 0.012179 -0.0552084 
v 0.0106181 0.0126542 -0.0552084 
v 0.010056 0.0131053 -0.0552084 
v 0.00947483 0.0135315 -0.0552084 
v 0.00887558 0.0139319 -0.0552084 
v 0.00825943 0.0143058 -0.0552084 
v 0.00762756 0.0146524 -0.0552084 
v 0.00698117 0.0149712 -0.0552084 
v 0.00632149 0.0152614 -0.0552084 
v 0.00564978 0.0155227 -0.0552084 
v 0.00496732 0.0157543 -0.0552084 
v 0.0042754 0.015956 -0.0552084 
v 0.00357534 0.0161273 -0.0552084 
v 0.00286847 0.0162679 -0.0552084 
v 0.00215614 0.0163775 -0.0552084 
v 0.00143971 0.016456 -0.0552084 
v 0.000720543 0.0165031 -0.0552084 
v 6.07153e-18 0.0165189 -0.0552084 
v -0.000720543 0.0165031 -0.0552084 
v -0.00143971 0.016456 -0.0552084 
v -0.00215614 0.0163775 -0.0552084 
v -0.00286847 0.0162679 -0.0552084 
v -0.00357534 0.0161273 -0.0552084 
v -0.0042754 0.015956 -0.0552084 
v -0.00496732 0.0157543 -0.0552084 
v -0.00564978 0.0155227 -0.0552084 
v -0.00632149 0.0152614 -0.0552084 
v -0.00698117 0.0149712 -0.0552084 
v -0.00762756 0.0146524 -0.0552084 
v -0.00825943 0.0143058 -0.0552084 
v -0.00887558 0.0139319 -0.0552084 
v -0.00947483 0.0135315 -0.0552084 
v -0.010056 0.0131053 -0.0552084 
v -0.0106181 0.0126542 -0.0552084 
v -0.01116 0.012179 -0.0552084 
v -0.0116806 0.0116806 -0.0552084 
v -0.012179 0.01116 -0.0552084 
v -0.0126542 0.0106181 -0.0552084 
v -0.0131053 0.010056 -0.0552084 
v -0.0135315 0.00947483 -0.0552084 
v -0.0139319 0.00887558 -0.0552084 
v -0.0143058 0.00825943 -0.0552084 
v -0.0146524 0.00762756 -0.0552084 
v -0.0149712 0.00698117 -0.0552084 
v -0.0152614 0.00632149 -0.0552084 
v -0.0155227 0.00564978 -0.0552084 
v -0.0157543 0.00496732 -0.0552084 
v -0.015956 0.0042754 -0.0552084 
v -0.0161273 0.00357534 -0.0552084 
v -0.0162679 0.00286847 -0.0552084 
v -0.0163775 0.00215614 -0.0552084 
v -0.016456 0.00143971 -0.0552084 
v -0.0165031 0.000720543 -0.0552084 
v -0.0165189 3.46945e-18 -0.0552084 
v -0.0165031 -0.000720543 -0.0552084 
v -0.016456 -0.00143971 -0.0552084 
v -0.0163775 -0.00215614 -0.0552084 
v -0.0162679 -0.00286847 -0.0552084 
v -0.0161273 -0.00357534 -0.0552084 
v -0.015956 -0.0042754 -0.0552084 
v -0.0157543 -0.00496732 -0.0552084 
v -0.0155227 -0.00564978 -0.0552084 
v -0.0152614 -0.00632149 -0.0552084 
v -0.0149712 -0.00698117 -0.0552084 
v -0.0146524 -0.00762756 -0.0552084 
v -0.0143058 -0.00825943 -0.0552084 
v -0.0139319 -0.00887558 -0.0552084 
v -0.0135315 -0.00947483 -0.0552084 
v -0.0131053 -0.010056 -0.0552084 
v -0.0126542 -0.0106181 -0.0552084 
v -0.012179 -0.01116 -0.0552084 
v -0.0116806 -0.0116806 -0.0552084 
v -0.01116 -0.012179 -0.0552084 
v -0.0106181 -0.0126542 -0.0552084 
v -0.010056 -0.0131053 -0.0552084 
v -0.00947483 -0.0135315 -0.0552084 
v -0.00887558 -0.0139319 -0.0552084 
v -0.00825943 -0.0143058 -0.0552084 
v -0.00762756 -0.0146524 -0.0552084 
v -0.00698117 -0.0149712 -0.0552084 
v -0.00632149 -0.0152614 -0.0552084 
v -0.00564978 -0.0155227 -0.0552084 
v -0.00496732 -0.0157543 -0.0552084 
v -0.0042754 -0.015956 -0.0552084 
v -0.00357534 -0.0161273 -0.0552084 
v -0.00286847 -0.0162679 -0.0552084 
v -0.00215614 -0.0163775 -0.0552084 
v -0.00143971 -0.016456 -0.0552084 
v -0.000720543 -0.0165031 -0.0552084 
v 1.73472e-18 -0.0165189 -0.0552084 
v 0.000720543 -0.0165031 -0.0552084 
v 0.00143971 -0.016456 -0.0552084 
v 0.00215614 -0.0163775 -0.0552084 
v 0.00286847 -0.0162679 -0.0552084 
v 0.00357534 -0.0161273 -0.0552084 
v 0.0042754 -0.015956 -0.0552084 
v 0.00496732 -0.0157543 -0.0552084 
v 0.00564978 -0.0155227 -0.0552084 
v 0.00632149 -0.0152614 -0.0552084 
v 0.00698117 -0.0149712 -0.0552084 
v 0.00762756 -0.0146524 -0.0552084 
v 0.00825943 -0.0143058 -0.0552084 
v 0.00887558 -0.0139319 -0.0552084 
v 0.00947483 -0.0135315 -0.0552084 
v 0.010056 -0.0131053 -0.0552084 
v 0.0106181 -0.0126542 -0.0552084 
v 0.01116 -0.012179 -0.0552084 
v 0.0116806 -0.0116806 -0.0552084 
v 0.012179 -0.01116 -0.0552084 
v 0.0126542 -0.0106181 -0.0552084 
v 0.0131053 -0.010056 -0.0552084 
v 0.0135315 -0.00947483 -0.0552084 
v 0.0139319 -0.00887558 -0.0552084 
v 0.0143058 -0.00825943 -0.0552084 
v 0.0144369 -0.0075154 -0.055924 
v 0.014751 -0.00687852 -0.055924 
v 0.015037 -0.00622854 -0.055924 
v 0.0152944 -0.0055667 -0.055924 
v 0.0155227 -0.00489427 -0.055924 
v 0.0157214 -0.00421253 -0.055924 
v 0.0158901 -0.00352276 -0.055924 
v 0.0160287 -0.00282629 -0.055924 
v 0.0161367 -0.00212444 -0.055924 
v 0.016214 -0.00141854 -0.055924 
v 0.0162605 -0.000709947 -0.055924 
v 0.016276 8.67362e-19 -0.055924 
v 0.0162605 0.000709947 -0.055924 
v 0.016214 0.00141854 -0.055924 
v 0.0161367 0.00212444 -0.055924 
v 0.0160287 0.00282629 -0.055924 
v 0.0158901 0.00352276 -0.055924 
v 0.0157214 0.00421253 -0.055924 
v 0.0155227 0.00489427 -0.055924 
v 0.0152944 0.0055667 -0.055924 
v 0.015037 0.00622854 -0.055924 
v 0.014751 0.00687852 -0.055924 
v 0.0144369 0.0075154 -0.055924 
v 0.0140954 0.00813798 -0.055924 
v 0.013727 0.00874506 -0.055924 
v 0.0133325 0.0093355 -0.055924 
v 0.0129126 0.00990817 -0.055924 
v 0.0124681 0.010462 -0.055924 
v 0.0119999 0.0109959 -0.055924 
v 0.0115088 0.0115088 -0.055924 
v 0.0109959 0.0119999 -0.055924 
v 0.010462 0.0124681 -0.055924 
v 0.00990817 0.0129126 -0.055924 
v 0.0093355 0.0133325 -0.055924 
v 0.00874506 0.013727 -0.055924 
v 0.00813798 0.0140954 -0.055924 
v 0.0075154 0.0144369 -0.055924 
v 0.00687852 0.014751 -0.055924 
v 0.00622854 0.015037 -0.055924 
v 0.0055667 0.0152944 -0.055924 
v 0.00489427 0.0155227 -0.055924 
v 0.00421253 0.0157214 -0.055924 
v 0.00352276 0.0158901 -0.055924 
v 0.00282629 0.0160287 -0.055924 
v 0.00212444 0.0161367 -0.055924 
v 0.00141854 0.016214 -0.055924 
v 0.000709947 0.0162605 -0.055924 
v 6.93889e-18 0.016276 -0.055924 
v -0.000709947 0.0162605 -0.055924 
v -0.00141854 0.016214 -0.055924 
v -0.00212444 0.0161367 -0.055924 
v -0.00282629 0.0160287 -0.055924 
v -0.00352276 0.0158901 -0.055924 
v -0.00421253 0.0157214 -0.055924 
v -0.00489427 0.0155227 -0.055924 
v -0.0055667 0.0152944 -0.055924 
v -0.00622854 0.015037 -0.055924 
v -0.00687852 0.014751 -0.055924 
v -0.0075154 0.0144369 -0.055924 
v -0.00813798 0.0140954 -0.055924 
v -0.00874506 0.013727 -0.055924 
v -0.0093355 0.0133325 -0.055924 
v -0.00990817 0.0129126 -0.055924 
v -0.010462 0.0124681 -0.055924 
v -0.0109959 0.0119999 -0.055924 
v -0.0115088 0.0115088 -0.055924 
v -0.0119999 0.0109959 -0.055924 
v -0.0124681 0.010462 -0.055924 
v -0.0129126 0.00990817 -0.055924 
v -0.0133325 0.0093355 -0.055924 
v -0.013727 0.00874506 -0.055924 
v -0.0140954 0.00813798 -0.055924 
v -0.0144369 0.0075154 -0.055924 
v -0.014751 0.00687852 -0.055924 
v -0.015037 0.00622854 -0.055924 
v -0.0152944 0.0055667 -0.055924 
v -0.0155227 0.00489427 -0.055924 
v -0.0157214 0.00421253 -0.055924 
v -0.0158901 0.00352276 -0.055924 
v -0.0160287 0.00282629 -0.055924 
v -0.0161367 0.00212444 -0.055924 
v -0.016214 0.00141854 -0.055924 
v -0.0162605 0.000709947 -0.055924 
v -0.016276 4.33681e-18 -0.055924 
v -0.0162605 -0.000709947 -0.055924 
v -0.016214 -0.00141854 -0.055924 
v -0.0161367 -0.00212444 -0.055924 
v -0.0160287 -0.00282629 -0.055924 
v -0.0158901 -0.00352276 -0.055924 
v -0.0157214 -0.00421253 -0.055924 
v -0.0155227 -0.00489427 -0.055924 
v -0.0152944 -0.0055667 -0.055924 
v -0.015037 -0.00622854 -0.055924 
v -0.014751 -0.00687852 -0.055924 
v -0.0144369 -0.0075154 -0.055924 
v -0.0140954 -0.00813798 -0.055924 
v -0.013727 -0.00874506 -0.055924 
v -0.0133325 -0.0093355 -0.055924 
v -0.0129126 -0.00990817 -0.055924 
v -0.0124681 -0.010462 -0.055924 
v -0.0119999 -0.0109959 -0.055924 
v -0.0115088 -0.0115088 -0.055924 
v -0.0109959 -0.0119999 -0.055924 
v -0.010462 -0.0124681 -0.055924 
v -0.00990817 -0.0129126 -0.055924 
v -0.0093355 -0.0133325 -0.055924 
v -0.00874506 -0.013727 -0.055924 
v -0.00813798 -0.0140954 -0.055924 
v -0.0075154 -0.0144369 -0.055924 
v -0.00687852 -0.014751 -0.055924 
v -0.00622854 -0.015037 -0.055924 
v -0.0055667 -0.0152944 -0.055924 
v -0.00489427 -0.0155227 -0.055924 
v -0.00421253 -0.0157214 -0.055924 
v -0.00352276 -0.0158901 -0.055924 
v -0.00282629 -0.0160287 -0.055924 
v -0.00212444 -0.0161367 -0.055924 
v -0.00141854 -0.016214 -0.055924 
v -0.000709947 -0.0162605 -0.055924 
v 8.67362e-19 -0.016276 -0.055924 
v 0.000709947 -0.0162605 -0.055924 
v 0.00141854 -0.016214 -0.055924 
v 0.00212444 -0.0161367 -0.055924 
v 0.00282629 -0.0160287 -0.055924 
v 0.00352276 -0.0158901 -0.055924 
v 0.00421253 -0.0157214 -0.055924 
v 0.00489427 -0.0155227 -0.055924 
v 0.0055667 -0.0152944 -0.055924 
v 0.00622854 -0.015037 -0.055924 
v 0.00687852 -0.014751 -0.055924 
v 0.0075154 -0.0144369 -0.055924 
v 0.00813798 -0.0140954 -0.055924 
v 0.00874506 -0.013727 -0.055924 
v 0.0093355 -0.0133325 -0.055924 
v 0.00990817 -0.0129126 -0.055924 
v 0.010462 -0.0124681 -0.055924 
v 0.0109959 -0.0119999 -0.055924 
v 0.0115088 -0.0115088 -0.055924 
v 0.0119999 -0.0109959 -0.055924 
v 0.0124681 -0.010462 -0.055924 
v 0.0129126 -0.00990817 -0.055924 
v 0.0133325 -0.0093355 -0.055924 
v 0.013727 -0.00874506 -0.055924 
v 0.0140954 -0.00813798 -0.055924 
v 0.014194 -0.00738893 -0.0566283 
v 0.0145028 -0.00676276 -0.0566283 
v 0.014784 -0.00612372 -0.0566283 
v 0.015037 -0.00547303 -0.0566283 
v 0.0152614 -0.00481191 -0.0566283 
v 0.0154568 -0.00414164 -0.0566283 
v 0.0156228 -0.00346348 -0.0566283 
v 0.015759 -0.00277873 -0.0566283 
v 0.0158652 -0.00208869 -0.0566283 
v 0.0159412 -0.00139467 -0.0566283 
v 0.0159868 -0.000698 -0.0566283 
v 0.0160021 8.67362e-19 -0.0566283 
v 0.0159868 0.000698 -0.0566283 
v 0.0159412 0.00139467 -0.0566283 
v 0.0158652 0.00208869 -0.0566283 
v 0.015759 0.00277873 -0.0566283 
v 0.0156228 0.00346348 -0.0566283 
v 0.0154568 0.00414164 -0.0566283 
v 0.0152614 0.00481191 -0.0566283 
v 0.015037 0.00547303 -0.0566283 
v 0.014784 0.00612372 -0.0566283 
v 0.0145028 0.00676276 -0.0566283 
v 0.014194 0.00738893 -0.0566283 
v 0.0138582 0.00800103 -0.0566283 
v 0.013496 0.0085979 -0.0566283 
v 0.0131081 0.00917841 -0.0566283 
v 0.0126953 0.00974144 -0.0566283 
v 0.0122583 0.0102859 -0.0566283 
v 0.011798 0.0108108 -0.0566283 
v 0.0113152 0.0113152 -0.0566283 
v 0.0108108 0.011798 -0.0566283 
v 0.0102859 0.0122583 -0.0566283 
v 0.00974144 0.0126953 -0.0566283 
v 0.00917841 0.0131081 -0.0566283 
v 0.0085979 0.013496 -0.0566283 
v 0.00800103 0.0138582 -0.0566283 
v 0.00738893 0.014194 -0.0566283 
v 0.00676276 0.0145028 -0.0566283 
v 0.00612372 0.014784 -0.0566283 
v 0.00547303 0.015037 -0.0566283 
v 0.00481191 0.0152614 -0.0566283 
v 0.00414164 0.0154568 -0.0566283 
v 0.00346348 0.0156228 -0.0566283 
v 0.00277873 0.015759 -0.0566283 
v 0.00208869 0.0158652 -0.0566283 
v 0.00139467 0.0159412 -0.0566283 
v 0.000698 0.0159868 -0.0566283 
v 7.80626e-18 0.0160021 -0.0566283 
v -0.000698 0.0159868 -0.0566283 
v -0.00139467 0.0159412 -0.0566283 
v -0.00208869 0.0158652 -0.0566283 
v -0.00277873 0.015759 -0.0566283 
v -0.00346348 0.0156228 -0.0566283 
v -0.00414164 0.0154568 -0.0566283 
v -0.00481191 0.0152614 -0.0566283 
v -0.00547303 0.015037 -0.0566283 
v -0.00612372 0.014784 -0.0566283 
v -0.00676276 0.0145028 -0.0566283 
v -0.00738893 0.014194 -0.0566283 
v -0.00800103 0.0138582 -0.0566283 
v -0.0085979 0.013496 -0.0566283 
v -0.00917841 0.0131081 -0.0566283 
v -0.00974144 0.0126953 -0.0566283 
v -0.0102859 0.0122583 -0.0566283 
v -0.0108108 0.011798 -0.0566283 
v -0.0113152 0.0113152 -0.0566283 
v -0.011798 0.0108108 -0.0566283 
v -0.0122583 0.0102859 -0.0566283 
v -0.0126953 0.00974144 -0.0566283 
v -0.0131081 0.00917841 -0.0566283 
v -0.013496 0.0085979 -0.0566283 
v -0.0138582 0.00800103 -0.0566283 
v -0.014194 0.00738893 -0.0566283 
v -0.0145028 0.00676276 -0.0566283 
v -0.014784 0.00612372 -0.0566283 
v -0.015037 0.00547303 -0.0566283 
v -0.0152614 0.00481191 -0.0566283 
v -0.0154568 0.00414164 -0.0566283 
v -0.0156228 0.00346348 -0.0566283 
v -0.015759 0.00277873 -0.0566283 
v -0.0158652 0.00208869 -0.0566283 
v -0.0159412 0.00139467 -0.0566283 
v -0.0159868 0.000698 -0.0566283 
v -0.0160021 5.20417e-18 -0.0566283 
v -0.0159868 -0.000698 -0.0566283 
v -0.0159412 -0.00139467 -0.0566283 
v -0.0158652 -0.00208869 -0.0566283 
v -0.015759 -0.00277873 -0.0566283 
v -0.0156228 -0.00346348 -0.0566283 
v -0.0154568 -0.00414164 -0.0566283 
v -0.0152614 -0.00481191 -0.0566283 
v -0.015037 -0.00547303 -0.0566283 
v -0.014784 -0.00612372 -0.0566283 
v -0.0145028 -0.00676276 -0.0566283 
v -0.014194 -0.00738893 -0.0566283 
v -0.0138582 -0.00800103 -0.0566283 
v -0.013496 -0.0085979 -0.0566283 
v -0.0131081 -0.00917841 -0.0566283 
v -0.0126953 -0.00974144 -0.0566283 
v -0.0122583 -0.0102859 -0.0566283 
v -0.011798 -0.0108108 -0.0566283 
v -0.0113152 -0.0113152 -0.0566283 
v -0.0108108 -0.011798 -0.0566283 
v -0.0102859 -0.0122583 -0.0566283 
v -0.00974144 -0.0126953 -0.0566283 
v -0.00917841 -0.0131081 -0.0566283 
v -0.0085979 -0.013496 -0.0566283 
v -0.00800103 -0.0138582 -0.0566283 
v -0.00738893 -0.014194 -0.0566283 
v -0.00676276 -0.0145028 -0.0566283 
v -0.00612372 -0.014784 -0.0566283 
v -0.00547303 -0.015037 -0.0566283 
v -0.00481191 -0.0152614 -0.0566283 
v -0.00414164 -0.0154568 -0.0566283 
v -0.00346348 -0.0156228 -0.0566283 
v -0.00277873 -0.015759 -0.0566283 
v -0.00208869 -0.0158652 -0.0566283 
v -0.00139467 -0.0159412 -0.0566283 
v -0.000698 -0.0159868 -0.0566283 
v 8.67362e-19 -0.0160021 -0.0566283 
v 0.000698 -0.0159868 -0.0566283 
v 0.00139467 -0.0159412 -0.0566283 
v 0.00208869 -0.0158652 -0.0566283 
v 0.00277873 -0.015759 -0.0566283 
v 0.00346348 -0.0156228 -0.0566283 
v 0.00414164 -0.0154568 -0.0566283 
v 0.00481191 -0.0152614 -0.0566283 
v 0.00547303 -0.015037 -0.0566283 
v 0.00612372 -0.014784 -0.0566283 
v 0.00676276 -0.0145028 -0.0566283 
v 0.00738893 -0.014194 -0.0566283 
v 0.00800103 -0.0138582 -0.0566283 
v 0.0085979 -0.013496 -0.0566283 
v 0.00917841 -0.0131081 -0.0566283 
v 0.00974144 -0.0126953 -0.0566283 
v 0.0102859 -0.0122583 -0.0566283 
v 0.0108108 -0.011798 -0.0566283 
v 0.0113152 -0.0113152 -0.0566283 
v 0.011798 -0.0108108 -0.0566283 
v 0.0122583 -0.0102859 -0.0566283 
v 0.0126953 -0.00974144 -0.0566283 
v 0.0131081 -0.00917841 -0.0566283 
v 0.013496 -0.0085979 -0.0566283 
v 0.0138582 -0.00800103 -0.0566283 
v 0.013924 -0.0072484 -0.05732 
v 0.014227 -0.00663414 -0.05732 
v 0.0145028 -0.00600725 -0.05732 
v 0.014751 -0.00536893 -0.05732 
v 0.0149712 -0.00472039 -0.05732 
v 0.0151628 -0.00406287 -0.05732 
v 0.0153256 -0.00339761 -0.05732 
v 0.0154592 -0.00272588 -0.05732 
v 0.0155634 -0.00204896 -0.05732 
v 0.015638 -0.00136815 -0.05732 
v 0.0156828 -0.000684725 -0.05732 
v 0.0156977 -8.67362e-19 -0.05732 
v 0.0156828 0.000684725 -0.05732 
v 0.015638 0.00136815 -0.05732 
v 0.0155634 0.00204896 -0.05732 
v 0.0154592 0.00272588 -0.05732 
v 0.0153256 0.00339761 -0.05732 
v 0.0151628 0.00406287 -0.05732 
v 0.0149712 0.00472039 -0.05732 
v 0.014751 0.00536893 -0.05732 
v 0.0145028 0.00600725 -0.05732 
v 0.014227 0.00663414 -0.05732 
v 0.013924 0.0072484 -0.05732 
v 0.0135946 0.00784886 -0.05732 
v 0.0132393 0.00843437 -0.05732 
v 0.0128588 0.00900384 -0.05732 
v 0.0124538 0.00955616 -0.05732 
v 0.0120251 0.0100903 -0.05732 
v 0.0115736 0.0106052 -0.05732 
v 0.0111 0.0111 -0.05732 
v 0.0106052 0.0115736 -0.05732 
v 0.0100903 0.0120251 -0.05732 
v 0.00955616 0.0124538 -0.05732 
v 0.00900384 0.0128588 -0.05732 
v 0.00843437 0.0132393 -0.05732 
v 0.00784886 0.0135946 -0.05732 
v 0.0072484 0.013924 -0.05732 
v 0.00663414 0.014227 -0.05732 
v 0.00600725 0.0145028 -0.05732 
v 0.00536893 0.014751 -0.05732 
v 0.00472039 0.0149712 -0.05732 
v 0.00406287 0.0151628 -0.05732 
v 0.00339761 0.0153256 -0.05732 
v 0.00272588 0.0154592 -0.05732 
v 0.00204896 0.0155634 -0.05732 
v 0.00136815 0.015638 -0.05732 
v 0.000684725 0.0156828 -0.05732 
v 8.67362e-18 0.0156977 -0.05732 
v -0.000684725 0.0156828 -0.05732 
v -0.00136815 0.015638 -0.05732 
v -0.00204896 0.0155634 -0.05732 
v -0.00272588 0.0154592 -0.05732 
v -0.00339761 0.0153256 -0.05732 
v -0.00406287 0.0151628 -0.05732 
v -0.00472039 0.0149712 -0.05732 
v -0.00536893 0.014751 -0.05732 
v -0.00600725 0.0145028 -0.05732 
v -0.00663414 0.014227 -0.05732 
v -0.0072484 0.013924 -0.05732 
v -0.00784886 0.0135946 -0.05732 
v -0.00843437 0.0132393 -0.05732 
v -0.00900384 0.0128588 -0.05732 
v -0.00955616 0.0124538 -0.05732 
v -0.0100903 0.0120251 -0.05732 
v -0.0106052 0.0115736 -0.05732 
v -0.0111 0.0111 -0.05732 
v -0.0115736 0.0106052 -0.05732 
v -0.0120251 0.0100903 -0.05732 
v -0.0124538 0.00955616 -0.05732 
v -0.0128588 0.00900384 -0.05732 
v -0.0132393 0.00843437 -0.05732 
v -0.0135946 0.00784886 -0.05732 
v -0.013924 0.0072484 -0.05732 
v -0.014227 0.00663414 -0.05732 
v -0.0145028 0.00600725 -0.05732 
v -0.014751 0.00536893 -0.05732 
v -0.0149712 0.00472039 -0.05732 
v -0.0151628 0.00406287 -0.05732 
v -0.0153256 0.00339761 -0.05732 
v -0.0154592 0.00272588 -0.05732 
v -0.0155634 0.00204896 -0.05732 
v -0.015638 0.00136815 -0.05732 
v -0.0156828 0.000684725 -0.05732 
v -0.0156977 5.20417e-18 -0.05732 
v -0.0156828 -0.000684725 -0.05732 
v -0.015638 -0.00136815 -0.05732 
v -0.0155634 -0.00204896 -0.05732 
v -0.0154592 -0.00272588 -0.05732 
v -0.0153256 -0.00339761 -0.05732 
v -0.0151628 -0.00406287 -0.05732 
v -0.0149712 -0.00472039 -0.05732 
v -0.014751 -0.00536893 -0.05732 
v -0.0145028 -0.00600725 -0.05732 
v -0.014227 -0.00663414 -0.05732 
v -0.013924 -0.0072484 -0.05732 
v -0.0135946 -0.00784886 -0.05732 
v -0.0132393 -0.00843437 -0.05732 
v -0.0128588 -0.00900384 -0.05732 
v -0.0124538 -0.00955616 -0.05732 
v -0.0120251 -0.0100903 -0.05732 
v -0.0115736 -0.0106052 -0.05732 
v -0.0111 -0.0111 -0.05732 
v -0.0106052 -0.0115736 -0.05732 
v -0.0100903 -0.0120251 -0.05732 
v -0.00955616 -0.0124538 -0.05732 
v -0.00900384 -0.0128588 -0.05732 
v -0.00843437 -0.0132393 -0.05732 
v -0.00784886 -0.0135946 -0.05732 
v -0.0072484 -0.013924 -0.05732 
v -0.00663414 -0.014227 -0.05732 
v -0.00600725 -0.0145028 -0.05732 
v -0.00536893 -0.014751 -0.05732 
v -0.00472039 -0.0149712 -0.05732 
v -0.00406287 -0.0151628 -0.05732 
v -0.00339761 -0.0153256 -0.05732 
v -0.00272588 -0.0154592 -0.05732 
v -0.00204896 -0.0155634 -0.05732 
v -0.00136815 -0.015638 -0.05732 
v -0.000684725 -0.0156828 -0.05732 
v 8.67362e-19 -0.0156977 -0.05732 
v 0.000684725 -0.0156828 -0.05732 
v 0.00136815 -0.015638 -0.05732 
v 0.00204896 -0.0155634 -0.05732 
v 0.00272588 -0.0154592 -0.05732 
v 0.00339761 -0.0153256 -0.05732 
v 0.00406287 -0.0151628 -0.05732 
v 0.00472039 -0.0149712 -0.05732 
v 0.00536893 -0.014751 -0.05732 
v 0.00600725 -0.0145028 -0.05732 
v 0.00663414 -0.014227 -0.05732 
v 0.0072484 -0.013924 -0.05732 
v 0.00784886 -0.0135946 -0.05732 
v 0.00843437 -0.0132393 -0.05732 
v 0.00900384 -0.0128588 -0.05732 
v 0.00955616 -0.0124538 -0.05732 
v 0.0100903 -0.0120251 -0.05732 
v 0.0106052 -0.0115736 -0.05732 
v 0.0111 -0.0111 -0.05732 
v 0.0115736 -0.0106052 -0.05732 
v 0.0120251 -0.0100903 -0.05732 
v 0.0124538 -0.00955616 -0.05732 
v 0.0128588 -0.00900384 -0.05732 
v 0.0132393 -0.00843437 -0.05732 
v 0.0135946 -0.00784886 -0.05732 
v 0.0136276 -0.00709406 -0.0579977 
v 0.013924 -0.00649289 -0.0579977 
v 0.014194 -0.00587935 -0.0579977 
v 0.0144369 -0.00525462 -0.0579977 
v 0.0146524 -0.00461989 -0.0579977 
v 0.01484 -0.00397636 -0.0579977 
v 0.0149993 -0.00332527 -0.0579977 
v 0.0151301 -0.00266784 -0.0579977 
v 0.015232 -0.00200534 -0.0579977 
v 0.015305 -0.00133902 -0.0579977 
v 0.0153489 -0.000670146 -0.0579977 
v 0.0153635 0 -0.0579977 
v 0.0153489 0.000670146 -0.0579977 
v 0.015305 0.00133902 -0.0579977 
v 0.015232 0.00200534 -0.0579977 
v 0.0151301 0.00266784 -0.0579977 
v 0.0149993 0.00332527 -0.0579977 
v 0.01484 0.00397636 -0.0579977 
v 0.0146524 0.00461989 -0.0579977 
v 0.0144369 0.00525462 -0.0579977 
v 0.014194 0.00587935 -0.0579977 
v 0.013924 0.00649289 -0.0579977 
v 0.0136276 0.00709406 -0.0579977 
v 0.0133052 0.00768174 -0.0579977 
v 0.0129574 0.00825479 -0.0579977 
v 0.012585 0.00881213 -0.0579977 
v 0.0121887 0.00935269 -0.0579977 
v 0.0117691 0.00987545 -0.0579977 
v 0.0113271 0.0103794 -0.0579977 
v 0.0108636 0.0108636 -0.0579977 
v 0.0103794 0.0113271 -0.0579977 
v 0.00987545 0.0117691 -0.0579977 
v 0.00935269 0.0121887 -0.0579977 
v 0.00881213 0.012585 -0.0579977 
v 0.00825479 0.0129574 -0.0579977 
v 0.00768174 0.0133052 -0.0579977 
v 0.00709406 0.0136276 -0.0579977 
v 0.00649289 0.013924 -0.0579977 
v 0.00587935 0.014194 -0.0579977 
v 0.00525462 0.0144369 -0.0579977 
v 0.00461989 0.0146524 -0.0579977 
v 0.00397636 0.01484 -0.0579977 
v 0.00332527 0.0149993 -0.0579977 
v 0.00266784 0.0151301 -0.0579977 
v 0.00200534 0.015232 -0.0579977 
v 0.00133902 0.015305 -0.0579977 
v 0.000670146 0.0153489 -0.0579977 
v 7.80626e-18 0.0153635 -0.0579977 
v -0.000670146 0.0153489 -0.0579977 
v -0.00133902 0.015305 -0.0579977 
v -0.00200534 0.015232 -0.0579977 
v -0.00266784 0.0151301 -0.0579977 
v -0.00332527 0.0149993 -0.0579977 
v -0.00397636 0.01484 -0.0579977 
v -0.00461989 0.0146524 -0.0579977 
v -0.00525462 0.0144369 -0.0579977 
v -0.00587935 0.014194 -0.0579977 
v -0.00649289 0.013924 -0.0579977 
v -0.00709406 0.0136276 -0.0579977 
v -0.00768174 0.0133052 -0.0579977 
v -0.00825479 0.0129574 -0.0579977 
v -0.00881213 0.012585 -0.0579977 
v -0.00935269 0.0121887 -0.0579977 
v -0.00987545 0.0117691 -0.0579977 
v -0.0103794 0.0113271 -0.0579977 
v -0.0108636 0.0108636 -0.0579977 
v -0.0113271 0.0103794 -0.0579977 
v -0.0117691 0.00987545 -0.0579977 
v -0.0121887 0.00935269 -0.0579977 
v -0.012585 0.00881213 -0.0579977 
v -0.0129574 0.00825479 -0.0579977 
v -0.0133052 0.00768174 -0.0579977 
v -0.0136276 0.00709406 -0.0579977 
v -0.013924 0.00649289 -0.0579977 
v -0.014194 0.00587935 -0.0579977 
v -0.0144369 0.00525462 -0.0579977 
v -0.0146524 0.00461989 -0.0579977 
v -0.01484 0.00397636 -0.0579977 
v -0.0149993 0.00332527 -0.0579977 
v -0.0151301 0.00266784 -0.0579977 
v -0.015232 0.00200534 -0.0579977 
v -0.015305 0.00133902 -0.0579977 
v -0.0153489 0.000670146 -0.0579977 
v -0.0153635 5.20417e-18 -0.0579977 
v -0.0153489 -0.000670146 -0.0579977 
v -0.015305 -0.00133902 -0.0579977 
v -0.015232 -0.00200534 -0.0579977 
v -0.0151301 -0.00266784 -0.0579977 
v -0.0149993 -0.00332527 -0.0579977 
v -0.01484 -0.00397636 -0.0579977 
v -0.0146524 -0.00461989 -0.0579977 
v -0.0144369 -0.00525462 -0.0579977 
v -0.014194 -0.00587935 -0.0579977 
v -0.013924 -0.00649289 -0.0579977 
v -0.0136276 -0.00709406 -0.0579977 
v -0.0133052 -0.00768174 -0.0579977 
v -0.0129574 -0.00825479 -0.0579977 
v -0.012585 -0.00881213 -0.0579977 
v -0.0121887 -0.00935269 -0.0579977 
v -0.0117691 -0.00987545 -0.0579977 
v -0.0113271 -0.0103794 -0.0579977 
v -0.0108636 -0.0108636 -0.0579977 
v -0.0103794 -0.0113271 -0.0579977 
v -0.00987545 -0.0117691 -0.0579977 
v -0.00935269 -0.0121887 -0.0579977 
v -0.00881213 -0.012585 -0.0579977 
v -0.00825479 -0.0129574 -0.0579977 
v -0.00768174 -0.0133052 -0.0579977 
v -0.00709406 -0.0136276 -0.0579977 
v -0.00649289 -0.013924 -0.0579977 
v -0.00587935 -0.014194 -0.0579977 
v -0.00525462 -0.0144369 -0.0579977 
v -0.00461989 -0.0146524 -0.0579977 
v -0.00397636 -0.01484 -0.0579977 
v -0.00332527 -0.0149993 -0.0579977 
v -0.00266784 -0.0151301 -0.0579977 
v -0.00200534 -0.015232 -0.0579977 
v -0.00133902 -0.015305 -0.0579977 
v -0.000670146 -0.0153489 -0.0579977 
v 2.60209e-18 -0.0153635 -0.0579977 
v 0.000670146 -0.0153489 -0.0579977 
v 0.00133902 -0.015305 -0.0579977 
v 0.00200534 -0.015232 -0.0579977 
v 0.00266784 -0.0151301 -0.0579977 
v 0.00332527 -0.0149993 -0.0579977 
v 0.00397636 -0.01484 -0.0579977 
v 0.00461989 -0.0146524 -0.0579977 
v 0.00525462 -0.0144369 -0.0579977 
v 0.00587935 -0.014194 -0.0579977 
v 0.00649289 -0.013924 -0.0579977 
v 0.00709406 -0.0136276 -0.0579977 
v 0.00768174 -0.0133052 -0.0579977 
v 0.00825479 -0.0129574 -0.0579977 
v 0.00881213 -0.012585 -0.0579977 
v 0.00935269 -0.0121887 -0.0579977 
v 0.00987545 -0.0117691 -0.0579977 
v 0.0103794 -0.0113271 -0.0579977 
v 0.0108636 -0.0108636 -0.0579977 
v 0.0113271 -0.0103794 -0.0579977 
v 0.0117691 -0.00987545 -0.0579977 
v 0.0121887 -0.00935269 -0.0579977 
v 0.012585 -0.00881213 -0.0579977 
v 0.0129574 -0.00825479 -0.0579977 
v 0.0133052 -0.00768174 -0.0579977 
v 0.0133052 -0.00692623 -0.0586603 
v 0.0135946 -0.00633927 -0.0586603 
v 0.0138582 -0.00574025 -0.0586603 
v 0.0140954 -0.0051303 -0.0586603 
v 0.0143058 -0.00451059 -0.0586603 
v 0.0144889 -0.00388229 -0.0586603 
v 0.0146444 -0.00324659 -0.0586603 
v 0.0147721 -0.00260472 -0.0586603 
v 0.0148717 -0.00195789 -0.0586603 
v 0.0149429 -0.00130734 -0.0586603 
v 0.0149857 -0.000654291 -0.0586603 
v 0.015 0 -0.0586603 
v 0.0149857 0.000654291 -0.0586603 
v 0.0149429 0.00130734 -0.0586603 
v 0.0148717 0.00195789 -0.0586603 
v 0.0147721 0.00260472 -0.0586603 
v 0.0146444 0.00324659 -0.0586603 
v 0.0144889 0.00388229 -0.0586603 
v 0.0143058 0.00451059 -0.0586603 
v 0.0140954 0.0051303 -0.0586603 
v 0.0138582 0.00574025 -0.0586603 
v 0.0135946 0.00633927 -0.0586603 
v 0.0133052 0.00692623 -0.0586603 
v 0.0129904 0.0075 -0.0586603 
v 0.0126509 0.00805949 -0.0586603 
v 0.0122873 0.00860365 -0.0586603 
v 0.0119003 0.00913142 -0.0586603 
v 0.0114907 0.00964181 -0.0586603 
v 0.0110592 0.0101339 -0.0586603 
v 0.0106066 0.0106066 -0.0586603 
v 0.0101339 0.0110592 -0.0586603 
v 0.00964181 0.0114907 -0.0586603 
v 0.00913142 0.0119003 -0.0586603 
v 0.00860365 0.0122873 -0.0586603 
v 0.00805949 0.0126509 -0.0586603 
v 0.0075 0.0129904 -0.0586603 
v 0.00692623 0.0133052 -0.0586603 
v 0.00633927 0.0135946 -0.0586603 
v 0.00574025 0.0138582 -0.0586603 
v 0.0051303 0.0140954 -0.0586603 
v 0.00451059 0.0143058 -0.0586603 
v 0.00388229 0.0144889 -0.0586603 
v 0.00324659 0.0146444 -0.0586603 
v 0.00260472 0.0147721 -0.0586603 
v 0.00195789 0.0148717 -0.0586603 
v 0.00130734 0.0149429 -0.0586603 
v 0.000654291 0.0149857 -0.0586603 
v 8.67362e-18 0.015 -0.0586603 
v -0.000654291 0.0149857 -0.0586603 
v -0.00130734 0.0149429 -0.0586603 
v -0.00195789 0.0148717 -0.0586603 
v -0.00260472 0.0147721 -0.0586603 
v -0.00324659 0.0146444 -0.0586603 
v -0.00388229 0.0144889 -0.0586603 
v -0.00451059 0.0143058 -0.0586603 
v -0.0051303 0.0140954 -0.0586603 
v -0.00574025 0.0138582 -0.0586603 
v -0.00633927 0.0135946 -0.0586603 
v -0.00692623 0.0133052 -0.0586603 
v -0.0075 0.0129904 -0.0586603 
v -0.00805949 0.0126509 -0.0586603 
v -0.00860365 0.0122873 -0.0586603 
v -0.00913142 0.0119003 -0.0586603 
v -0.00964181 0.0114907 -0.0586603 
v -0.0101339 0.0110592 -0.0586603 
v -0.0106066 0.0106066 -0.0586603 
v -0.0110592 0.0101339 -0.0586603 
v -0.0114907 0.00964181 -0.0586603 
v -0.0119003 0.00913142 -0.0586603 
v -0.0122873 0.00860365 -0.0586603 
v -0.0126509 0.00805949 -0.0586603 
v -0.0129904 0.0075 -0.0586603 
v -0.0133052 0.00692623 -0.0586603 
v -0.0135946 0.00633927 -0.0586603 
v -0.0138582 0.00574025 -0.0586603 
v -0.0140954 0.0051303 -0.0586603 
v -0.0143058 0.00451059 -0.0586603 
v -0.0144889 0.00388229 -0.0586603 
v -0.0146444 0.00324659 -0.0586603 
v -0.0147721 0.00260472 -0.0586603 
v -0.0148717 0.00195789 -0.0586603 
v -0.0149429 0.00130734 -0.0586603 
v -0.0149857 0.000654291 -0.0586603 
v -0.015 4.33681e-18 -0.0586603 
v -0.0149857 -0.000654291 -0.0586603 
v -0.0149429 -0.00130734 -0.0586603 
v -0.0148717 -0.00195789 -0.0586603 
v -0.0147721 -0.00260472 -0.0586603 
v -0.0146444 -0.00324659 -0.0586603 
v -0.0144889 -0.00388229 -0.0586603 
v -0.0143058 -0.00451059 -0.0586603 
v -0.0140954 -0.0051303 -0.0586603 
v -0.0138582 -0.00574025 -0.0586603 
v -0.0135946 -0.00633927 -0.0586603 
v -0.0133052 -0.00692623 -0.0586603 
v -0.0129904 -0.0075 -0.0586603 
v -0.0126509 -0.00805949 -0.0586603 
v -0.0122873 -0.00860365 -0.0586603 
v -0.0119003 -0.00913142 -0.0586603 
v -0.0114907 -0.00964181 -0.0586603 
v -0.0110592 -0.0101339 -0.0586603 
v -0.0106066 -0.0106066 -0.0586603 
v -0.0101339 -0.0110592 -0.0586603 
v -0.00964181 -0.0114907 -0.0586603 
v -0.00913142 -0.0119003 -0.0586603 
v -0.00860365 -0.0122873 -0.0586603 
v -0.00805949 -0.0126509 -0.0586603 
v -0.0075 -0.0129904 -0.0586603 
v -0.00692623 -0.0133052 -0.0586603 
v -0.00633927 -0.0135946 -0.0586603 
v -0.00574025 -0.0138582 -0.0586603 
v -0.0051303 -0.0140954 -0.0586603 
v -0.00451059 -0.0143058 -0.0586603 
v -0.00388229 -0.0144889 -0.0586603 
v -0.00324659 -0.0146444 -0.0586603 
v -0.00260472 -0.0147721 -0.0586603 
v -0.00195789 -0.0148717 -0.0586603 
v -0.00130734 -0.0149429 -0.0586603 
v -0.000654291 -0.0149857 -0.0586603 
v 1.73472e-18 -0.015 -0.0586603 
v 0.000654291 -0.0149857 -0.0586603 
v 0.00130734 -0.0149429 -0.0586603 
v 0.00195789 -0.0148717 -0.0586603 
v 0.00260472 -0.0147721 -0.0586603 
v 0.00324659 -0.0146444 -0.0586603 
v 0.00388229 -0.0144889 -0.0586603 
v 0.00451059 -0.0143058 -0.0586603 
v 0.0051303 -0.0140954 -0.0586603 
v 0.00574025 -0.0138582 -0.0586603 
v 0.00633927 -0.0135946 -0.0586603 
v 0.00692623 -0.0133052 -0.0586603 
v 0.0075 -0.0129904 -0.0586603 
v 0.00805949 -0.0126509 -0.0586603 
v 0.00860365 -0.0122873 -0.0586603 
v 0.00913142 -0.0119003 -0.0586603 
v 0.00964181 -0.0114907 -0.0586603 
v 0.0101339 -0.0110592 -0.0586603 
v 0.0106066 -0.0106066 -0.0586603 
v 0.0110592 -0.0101339 -0.0586603 
v 0.0114907 -0.00964181 -0.0586603 
v 0.0119003 -0.00913142 -0.0586603 
v 0.0122873 -0.00860365 -0.0586603 
v 0.0126509 -0.00805949 -0.0586603 
v 0.0129904 -0.0075 -0.0586603 
v 0.0129574 -0.00674521 -0.0593063 
v 0.0132393 -0.00617359 -0.0593063 
v 0.013496 -0.00559023 -0.0593063 
v 0.013727 -0.00499622 -0.0593063 
v 0.0139319 -0.0043927 -0.0593063 
v 0.0141102 -0.00378082 -0.0593063 
v 0.0142617 -0.00316174 -0.0593063 
v 0.014386 -0.00253665 -0.0593063 
v 0.014483 -0.00190672 -0.0593063 
v 0.0145524 -0.00127317 -0.0593063 
v 0.0145941 -0.000637191 -0.0593063 
v 0.014608 0 -0.0593063 
v 0.0145941 0.000637191 -0.0593063 
v 0.0145524 0.00127317 -0.0593063 
v 0.014483 0.00190672 -0.0593063 
v 0.014386 0.00253665 -0.0593063 
v 0.0142617 0.00316174 -0.0593063 
v 0.0141102 0.00378082 -0.0593063 
v 0.0139319 0.0043927 -0.0593063 
v 0.013727 0.00499622 -0.0593063 
v 0.013496 0.00559023 -0.0593063 
v 0.0132393 0.00617359 -0.0593063 
v 0.0129574 0.00674521 -0.0593063 
v 0.0126509 0.00730398 -0.0593063 
v 0.0123202 0.00784886 -0.0593063 
v 0.0119661 0.00837879 -0.0593063 
v 0.0115893 0.00889277 -0.0593063 
v 0.0111904 0.00938982 -0.0593063 
v 0.0107701 0.009869 -0.0593063 
v 0.0103294 0.0103294 -0.0593063 
v 0.009869 0.0107701 -0.0593063 
v 0.00938982 0.0111904 -0.0593063 
v 0.00889277 0.0115893 -0.0593063 
v 0.00837879 0.0119661 -0.0593063 
v 0.00784886 0.0123202 -0.0593063 
v 0.00730398 0.0126509 -0.0593063 
v 0.00674521 0.0129574 -0.0593063 
v 0.00617359 0.0132393 -0.0593063 
v 0.00559023 0.013496 -0.0593063 
v 0.00499622 0.013727 -0.0593063 
v 0.0043927 0.0139319 -0.0593063 
v 0.00378082 0.0141102 -0.0593063 
v 0.00316174 0.0142617 -0.0593063 
v 0.00253665 0.014386 -0.0593063 
v 0.00190672 0.014483 -0.0593063 
v 0.00127317 0.0145524 -0.0593063 
v 0.000637191 0.0145941 -0.0593063 
v 7.80626e-18 0.014608 -0.0593063 
v -0.000637191 0.0145941 -0.0593063 
v -0.00127317 0.0145524 -0.0593063 
v -0.00190672 0.014483 -0.0593063 
v -0.00253665 0.014386 -0.0593063 
v -0.00316174 0.0142617 -0.0593063 
v -0.00378082 0.0141102 -0.0593063 
v -0.0043927 0.0139319 -0.0593063 
v -0.00499622 0.013727 -0.0593063 
v -0.00559023 0.013496 -0.0593063 
v -0.00617359 0.0132393 -0.0593063 
v -0.00674521 0.0129574 -0.0593063 
v -0.00730398 0.0126509 -0.0593063 
v -0.00784886 0.0123202 -0.0593063 
v -0.00837879 0.0119661 -0.0593063 
v -0.00889277 0.0115893 -0.0593063 
v -0.00938982 0.0111904 -0.0593063 
v -0.009869 0.0107701 -0.0593063 
v -0.0103294 0.0103294 -0.0593063 
v -0.0107701 0.009869 -0.0593063 
v -0.0111904 0.00938982 -0.0593063 
v -0.0115893 0.00889277 -0.0593063 
v -0.0119661 0.00837879 -0.0593063 
v -0.0123202 0.00784886 -0.0593063 
v -0.0126509 0.00730398 -0.0593063 
v -0.0129574 0.00674521 -0.0593063 
v -0.0132393 0.00617359 -0.0593063 
v -0.013496 0.00559023 -0.0593063 
v -0.013727 0.00499622 -0.0593063 
v -0.0139319 0.0043927 -0.0593063 
v -0.0141102 0.00378082 -0.0593063 
v -0.0142617 0.00316174 -0.0593063 
v -0.014386 0.00253665 -0.0593063 
v -0.014483 0.00190672 -0.0593063 
v -0.0145524 0.00127317 -0.0593063 
v -0.0145941 0.000637191 -0.0593063 
v -0.014608 4.33681e-18 -0.0593063 
v -0.0145941 -0.000637191 -0.0593063 
v -0.0145524 -0.00127317 -0.0593063 
v -0.014483 -0.00190672 -0.0593063 
v -0.014386 -0.00253665 -0.0593063 
v -0.0142617 -0.00316174 -0.0593063 
v -0.0141102 -0.00378082 -0.0593063 
v -0.0139319 -0.0043927 -0.0593063 
v -0.013727 -0.00499622 -0.0593063 
v -0.013496 -0.00559023 -0.0593063 
v -0.0132393 -0.00617359 -0.0593063 
v -0.0129574 -0.00674521 -0.0593063 
v -0.0126509 -0.00730398 -0.0593063 
v -0.0123202 -0.00784886 -0.0593063 
v -0.0119661 -0.00837879 -0.0593063 
v -0.0115893 -0.00889277 -0.0593063 
v -0.0111904 -0.00938982 -0.0593063 
v -0.0107701 -0.009869 -0.0593063 
v -0.0103294 -0.0103294 -0.0593063 
v -0.009869 -0.0107701 -0.0593063 
v -0.00938982 -0.0111904 -0.0593063 
v -0.00889277 -0.0115893 -0.0593063 
v -0.00837879 -0.0119661 -0.0593063 
v -0.00784886 -0.0123202 -0.0593063 
v -0.00730398 -0.0126509 -0.0593063 
v -0.00674521 -0.0129574 -0.0593063 
v -0.00617359 -0.0132393 -0.0593063 
v -0.00559023 -0.013496 -0.0593063 
v -0.00499622 -0.013727 -0.0593063 
v -0.0043927 -0.0139319 -0.0593063 
v -0.00378082 -0.0141102 -0.0593063 
v -0.00316174 -0.0142617 -0.0593063 
v -0.00253665 -0.014386 -0.0593063 
v -0.00190672 -0.014483 -0.0593063 
v -0.00127317 -0.0145524 -0.0593063 
v -0.000637191 -0.0145941 -0.0593063 
v 1.73472e-18 -0.014608 -0.0593063 
v 0.000637191 -0.0145941 -0.0593063 
v 0.00127317 -0.0145524 -0.0593063 
v 0.00190672 -0.014483 -0.0593063 
v 0.00253665 -0.014386 -0.0593063 
v 0.00316174 -0.0142617 -0.0593063 
v 0.00378082 -0.0141102 -0.0593063 
v 0.0043927 -0.0139319 -0.0593063 
v 0.00499622 -0.013727 -0.0593063 
v 0.00559023 -0.013496 -0.0593063 
v 0.00617359 -0.0132393 -0.0593063 
v 0.00674521 -0.0129574 -0.0593063 
v 0.00730398 -0.0126509 -0.0593063 
v 0.00784886 -0.0123202 -0.0593063 
v 0.00837879 -0.0119661 -0.0593063 
v 0.00889277 -0.0115893 -0.0593063 
v 0.00938982 -0.0111904 -0.0593063 
v 0.009869 -0.0107701 -0.0593063 
v 0.0103294 -0.0103294 -0.0593063 
v 0.0107701 -0.009869 -0.0593063 
v 0.0111904 -0.00938982 -0.0593063 
v 0.0115893 -0.00889277 -0.0593063 
v 0.0119661 -0.00837879 -0.0593063 
v 0.0123202 -0.00784886 -0.0593063 
v 0.0126509 -0.00730398 -0.0593063 
v 0.012585 -0.00655135 -0.0599346 
v 0.0128588 -0.00599616 -0.0599346 
v 0.0131081 -0.00542956 -0.0599346 
v 0.0133325 -0.00485263 -0.0599346 
v 0.0135315 -0.00426645 -0.0599346 
v 0.0137047 -0.00367216 -0.0599346 
v 0.0138518 -0.00307087 -0.0599346 
v 0.0139726 -0.00246374 -0.0599346 
v 0.0140667 -0.00185192 -0.0599346 
v 0.0141341 -0.00123658 -0.0599346 
v 0.0141746 -0.000618878 -0.0599346 
v 0.0141881 0 -0.0599346 
v 0.0141746 0.000618878 -0.0599346 
v 0.0141341 0.00123658 -0.0599346 
v 0.0140667 0.00185192 -0.0599346 
v 0.0139726 0.00246374 -0.0599346 
v 0.0138518 0.00307087 -0.0599346 
v 0.0137047 0.00367216 -0.0599346 
v 0.0135315 0.00426645 -0.0599346 
v 0.0133325 0.00485263 -0.0599346 
v 0.0131081 0.00542956 -0.0599346 
v 0.0128588 0.00599616 -0.0599346 
v 0.012585 0.00655135 -0.0599346 
v 0.0122873 0.00709406 -0.0599346 
v 0.0119661 0.00762328 -0.0599346 
v 0.0116222 0.00813798 -0.0599346 
v 0.0112562 0.00863719 -0.0599346 
v 0.0108687 0.00911995 -0.0599346 
v 0.0104606 0.00958536 -0.0599346 
v 0.0100325 0.0100325 -0.0599346 
v 0.00958536 0.0104606 -0.0599346 
v 0.00911995 0.0108687 -0.0599346 
v 0.00863719 0.0112562 -0.0599346 
v 0.00813798 0.0116222 -0.0599346 
v 0.00762328 0.0119661 -0.0599346 
v 0.00709406 0.0122873 -0.0599346 
v 0.00655135 0.012585 -0.0599346 
v 0.00599616 0.0128588 -0.0599346 
v 0.00542956 0.0131081 -0.0599346 
v 0.00485263 0.0133325 -0.0599346 
v 0.00426645 0.0135315 -0.0599346 
v 0.00367216 0.0137047 -0.0599346 
v 0.00307087 0.0138518 -0.0599346 
v 0.00246374 0.0139726 -0.0599346 
v 0.00185192 0.0140667 -0.0599346 
v 0.00123658 0.0141341 -0.0599346 
v 0.000618878 0.0141746 -0.0599346 
v 7.80626e-18 0.0141881 -0.0599346 
v -0.000618878 0.0141746 -0.0599346 
v -0.00123658 0.0141341 -0.0599346 
v -0.00185192 0.0140667 -0.0599346 
v -0.00246374 0.0139726 -0.0599346 
v -0.00307087 0.0138518 -0.0599346 
v -0.00367216 0.0137047 -0.0599346 
v -0.00426645 0.0135315 -0.0599346 
v -0.00485263 0.0133325 -0.0599346 
v -0.00542956 0.0131081 -0.0599346 
v -0.00599616 0.0128588 -0.0599346 
v -0.00655135 0.012585 -0.0599346 
v -0.00709406 0.0122873 -0.0599346 
v -0.00762328 0.0119661 -0.0599346 
v -0.00813798 0.0116222 -0.0599346 
v -0.00863719 0.0112562 -0.0599346 
v -0.00911995 0.0108687 -0.0599346 
v -0.00958536 0.0104606 -0.0599346 
v -0.0100325 0.0100325 -0.0599346 
v -0.0104606 0.00958536 -0.0599346 
v -0.0108687 0.00911995 -0.0599346 
v -0.0112562 0.00863719 -0.0599346 
v -0.0116222 0.00813798 -0.0599346 
v -0.0119661 0.00762328 -0.0599346 
v -0.0122873 0.00709406 -0.0599346 
v -0.012585 0.00655135 -0.0599346 
v -0.0128588 0.00599616 -0.0599346 
v -0.0131081 0.00542956 -0.0599346 
v -0.0133325 0.00485263 -0.0599346 
v -0.0135315 0.00426645 -0.0599346 
v -0.0137047 0.00367216 -0.0599346 
v -0.0138518 0.00307087 -0.0599346 
v -0.0139726 0.00246374 -0.0599346 
v -0.0140667 0.00185192 -0.0599346 
v -0.0141341 0.00123658 -0.0599346 
v -0.0141746 0.000618878 -0.0599346 
v -0.0141881 4.33681e-18 -0.0599346 
v -0.0141746 -0.000618878 -0.0599346 
v -0.0141341 -0.00123658 -0.0599346 
v -0.0140667 -0.00185192 -0.0599346 
v -0.0139726 -0.00246374 -0.0599346 
v -0.0138518 -0.00307087 -0.0599346 
v -0.0137047 -0.00367216 -0.0599346 
v -0.0135315 -0.00426645 -0.0599346 
v -0.0133325 -0.00485263 -0.0599346 
v -0.0131081 -0.00542956 -0.0599346 
v -0.0128588 -0.00599616 -0.0599346 
v -0.012585 -0.00655135 -0.0599346 
v -0.0122873 -0.00709406 -0.0599346 
v -0.0119661 -0.00762328 -0.0599346 
v -0.0116222 -0.00813798 -0.0599346 
v -0.0112562 -0.00863719 -0.0599346 
v -0.0108687 -0.00911995 -0.0599346 
v -0.0104606 -0.00958536 -0.0599346 
v -0.0100325 -0.0100325 -0.0599346 
v -0.00958536 -0.0104606 -0.0599346 
v -0.00911995 -0.0108687 -0.0599346 
v -0.00863719 -0.0112562 -0.0599346 
v -0.00813798 -0.0116222 -0.0599346 
v -0.00762328 -0.0119661 -0.0599346 
v -0.00709406 -0.0122873 -0.0599346 
v -0.00655135 -0.012585 -0.0599346 
v -0.00599616 -0.0128588 -0.0599346 
v -0.00542956 -0.0131081 -0.0599346 
v -0.00485263 -0.0133325 -0.0599346 
v -0.00426645 -0.0135315 -0.0599346 
v -0.00367216 -0.0137047 -0.0599346 
v -0.00307087 -0.0138518 -0.0599346 
v -0.00246374 -0.0139726 -0.0599346 
v -0.00185192 -0.0140667 -0.0599346 
v -0.00123658 -0.0141341 -0.0599346 
v -0.000618878 -0.0141746 -0.0599346 
v 1.73472e-18 -0.0141881 -0.0599346 
v 0.000618878 -0.0141746 -0.0599346 
v 0.00123658 -0.0141341 -0.0599346 
v 0.00185192 -0.0140667 -0.0599346 
v 0.00246374 -0.0139726 -0.0599346 
v 0.00307087 -0.0138518 -0.0599346 
v 0.00367216 -0.0137047 -0.0599346 
v 0.00426645 -0.0135315 -0.0599346 
v 0.00485263 -0.0133325 -0.0599346 
v 0.00542956 -0.0131081 -0.0599346 
v 0.00599616 -0.0128588 -0.0599346 
v 0.00655135 -0.012585 -0.0599346 
v 0.00709406 -0.0122873 -0.0599346 
v 0.00762328 -0.0119661 -0.0599346 
v 0.00813798 -0.0116222 -0.0599346 
v 0.00863719 -0.0112562 -0.0599346 
v 0.00911995 -0.0108687 -0.0599346 
v 0.00958536 -0.0104606 -0.0599346 
v 0.0100325 -0.0100325 -0.0599346 
v 0.0104606 -0.00958536 -0.0599346 
v 0.0108687 -0.00911995 -0.0599346 
v 0.0112562 -0.00863719 -0.0599346 
v 0.0116222 -0.00813798 -0.0599346 
v 0.0119661 -0.00762328 -0.0599346 
v 0.0122873 -0.00709406 -0.0599346 
v 0.0121887 -0.00634502 -0.0605441 
v 0.0124538 -0.00580732 -0.0605441 
v 0.0126953 -0.00525856 -0.0605441 
v 0.0129126 -0.0046998 -0.0605441 
v 0.0131053 -0.00413208 -0.0605441 
v 0.0132731 -0.00355651 -0.0605441 
v 0.0134156 -0.00297416 -0.0605441 
v 0.0135325 -0.00238615 -0.0605441 
v 0.0136237 -0.0017936 -0.0605441 
v 0.013689 -0.00119763 -0.0605441 
v 0.0137282 -0.000599386 -0.0605441 
v 0.0137413 -8.67362e-19 -0.0605441 
v 0.0137282 0.000599386 -0.0605441 
v 0.013689 0.00119763 -0.0605441 
v 0.0136237 0.0017936 -0.0605441 
v 0.0135325 0.00238615 -0.0605441 
v 0.0134156 0.00297416 -0.0605441 
v 0.0132731 0.00355651 -0.0605441 
v 0.0131053 0.00413208 -0.0605441 
v 0.0129126 0.0046998 -0.0605441 
v 0.0126953 0.00525856 -0.0605441 
v 0.0124538 0.00580732 -0.0605441 
v 0.0121887 0.00634502 -0.0605441 
v 0.0119003 0.00687064 -0.0605441 
v 0.0115893 0.00738319 -0.0605441 
v 0.0112562 0.00788168 -0.0605441 
v 0.0109017 0.00836516 -0.0605441 
v 0.0105264 0.00883273 -0.0605441 
v 0.0101311 0.00928348 -0.0605441 
v 0.00971655 0.00971655 -0.0605441 
v 0.00928348 0.0101311 -0.0605441 
v 0.00883273 0.0105264 -0.0605441 
v 0.00836516 0.0109017 -0.0605441 
v 0.00788168 0.0112562 -0.0605441 
v 0.00738319 0.0115893 -0.0605441 
v 0.00687064 0.0119003 -0.0605441 
v 0.00634502 0.0121887 -0.0605441 
v 0.00580732 0.0124538 -0.0605441 
v 0.00525856 0.0126953 -0.0605441 
v 0.0046998 0.0129126 -0.0605441 
v 0.00413208 0.0131053 -0.0605441 
v 0.00355651 0.0132731 -0.0605441 
v 0.00297416 0.0134156 -0.0605441 
v 0.00238615 0.0135325 -0.0605441 
v 0.0017936 0.0136237 -0.0605441 
v 0.00119763 0.013689 -0.0605441 
v 0.000599386 0.0137282 -0.0605441 
v 8.67362e-18 0.0137413 -0.0605441 
v -0.000599386 0.0137282 -0.0605441 
v -0.00119763 0.013689 -0.0605441 
v -0.0017936 0.0136237 -0.0605441 
v -0.00238615 0.0135325 -0.0605441 
v -0.00297416 0.0134156 -0.0605441 
v -0.00355651 0.0132731 -0.0605441 
v -0.00413208 0.0131053 -0.0605441 
v -0.0046998 0.0129126 -0.0605441 
v -0.00525856 0.0126953 -0.0605441 
v -0.00580732 0.0124538 -0.0605441 
v -0.00634502 0.0121887 -0.0605441 
v -0.00687064 0.0119003 -0.0605441 
v -0.00738319 0.0115893 -0.0605441 
v -0.00788168 0.0112562 -0.0605441 
v -0.00836516 0.0109017 -0.0605441 
v -0.00883273 0.0105264 -0.0605441 
v -0.00928348 0.0101311 -0.0605441 
v -0.00971655 0.00971655 -0.0605441 
v -0.0101311 0.00928348 -0.0605441 
v -0.0105264 0.00883273 -0.0605441 
v -0.0109017 0.00836516 -0.0605441 
v -0.0112562 0.00788168 -0.0605441 
v -0.0115893 0.00738319 -0.0605441 
v -0.0119003 0.00687064 -0.0605441 
v -0.0121887 0.00634502 -0.0605441 
v -0.0124538 0.00580732 -0.0605441 
v -0.0126953 0.00525856 -0.0605441 
v -0.0129126 0.0046998 -0.0605441 
v -0.0131053 0.00413208 -0.0605441 
v -0.0132731 0.00355651 -0.0605441 
v -0.0134156 0.00297416 -0.0605441 
v -0.0135325 0.00238615 -0.0605441 
v -0.0136237 0.0017936 -0.0605441 
v -0.013689 0.00119763 -0.0605441 
v -0.0137282 0.000599386 -0.0605441 
v -0.0137413 5.20417e-18 -0.0605441 
v -0.0137282 -0.000599386 -0.0605441 
v -0.013689 -0.00119763 -0.0605441 
v -0.0136237 -0.0017936 -0.0605441 
v -0.0135325 -0.00238615 -0.0605441 
v -0.0134156 -0.00297416 -0.0605441 
v -0.0132731 -0.00355651 -0.0605441 
v -0.0131053 -0.00413208 -0.0605441 
v -0.0129126 -0.0046998 -0.0605441 
v -0.0126953 -0.00525856 -0.0605441 
v -0.0124538 -0.00580732 -0.0605441 
v -0.0121887 -0.00634502 -0.0605441 
v -0.0119003 -0.00687064 -0.0605441 
v -0.0115893 -0.00738319 -0.0605441 
v -0.0112562 -0.00788168 -0.0605441 
v -0.0109017 -0.00836516 -0.0605441 
v -0.0105264 -0.00883273 -0.0605441 
v -0.0101311 -0.00928348 -0.0605441 
v -0.00971655 -0.00971655 -0.0605441 
v -0.00928348 -0.0101311 -0.0605441 
v -0.00883273 -0.0105264 -0.0605441 
v -0.00836516 -0.0109017 -0.0605441 
v -0.00788168 -0.0112562 -0.0605441 
v -0.00738319 -0.0115893 -0.0605441 
v -0.00687064 -0.0119003 -0.0605441 
v -0.00634502 -0.0121887 -0.0605441 
v -0.00580732 -0.0124538 -0.0605441 
v -0.00525856 -0.0126953 -0.0605441 
v -0.0046998 -0.0129126 -0.0605441 
v -0.00413208 -0.0131053 -0.0605441 
v -0.00355651 -0.0132731 -0.0605441 
v -0.00297416 -0.0134156 -0.0605441 
v -0.00238615 -0.0135325 -0.0605441 
v -0.0017936 -0.0136237 -0.0605441 
v -0.00119763 -0.013689 -0.0605441 
v -0.000599386 -0.0137282 -0.0605441 
v 8.67362e-19 -0.0137413 -0.0605441 
v 0.000599386 -0.0137282 -0.0605441 
v 0.00119763 -0.013689 -0.0605441 
v 0.0017936 -0.0136237 -0.0605441 
v 0.00238615 -0.0135325 -0.0605441 
v 0.00297416 -0.0134156 -0.0605441 
v 0.00355651 -0.0132731 -0.0605441 
v 0.00413208 -0.0131053 -0.0605441 
v 0.0046998 -0.0129126 -0.0605441 
v 0.00525856 -0.0126953 -0.0605441 
v 0.00580732 -0.0124538 -0.0605441 
v 0.00634502 -0.0121887 -0.0605441 
v 0.00687064 -0.0119003 -0.0605441 
v 0.00738319 -0.0115893 -0.0605441 
v 0.00788168 -0.0112562 -0.0605441 
v 0.00836516 -0.0109017 -0.0605441 
v 0.00883273 -0.0105264 -0.0605441 
v 0.00928348 -0.0101311 -0.0605441 
v 0.00971655 -0.00971655 -0.0605441 
v 0.0101311 -0.00928348 -0.0605441 
v 0.0105264 -0.00883273 -0.0605441 
v 0.0109017 -0.00836516 -0.0605441 
v 0.0112562 -0.00788168 -0.0605441 
v 0.0115893 -0.00738319 -0.0605441 
v 0.0119003 -0.00687064 -0.0605441 
v 0.0117691 -0.00612661 -0.0611334 
v 0.0120251 -0.00560742 -0.0611334 
v 0.0122583 -0.00507755 -0.0611334 
v 0.0124681 -0.00453802 -0.0611334 
v 0.0126542 -0.00398985 -0.0611334 
v 0.0128162 -0.00343408 -0.0611334 
v 0.0129538 -0.00287178 -0.0611334 
v 0.0130667 -0.00230401 -0.0611334 
v 0.0131548 -0.00173186 -0.0611334 
v 0.0132178 -0.00115641 -0.0611334 
v 0.0132557 -0.000578754 -0.0611334 
v 0.0132683 8.67362e-19 -0.0611334 
v 0.0132557 0.000578754 -0.0611334 
v 0.0132178 0.00115641 -0.0611334 
v 0.0131548 0.00173186 -0.0611334 
v 0.0130667 0.00230401 -0.0611334 
v 0.0129538 0.00287178 -0.0611334 
v 0.0128162 0.00343408 -0.0611334 
v 0.0126542 0.00398985 -0.0611334 
v 0.0124681 0.00453802 -0.0611334 
v 0.0122583 0.00507755 -0.0611334 
v 0.0120251 0.00560742 -0.0611334 
v 0.0117691 0.00612661 -0.0611334 
v 0.0114907 0.00663414 -0.0611334 
v 0.0111904 0.00712904 -0.0611334 
v 0.0108687 0.00761037 -0.0611334 
v 0.0105264 0.00807722 -0.0611334 
v 0.0101641 0.00852869 -0.0611334 
v 0.0097824 0.00896392 -0.0611334 
v 0.00938209 0.00938209 -0.0611334 
v 0.00896392 0.0097824 -0.0611334 
v 0.00852869 0.0101641 -0.0611334 
v 0.00807722 0.0105264 -0.0611334 
v 0.00761037 0.0108687 -0.0611334 
v 0.00712904 0.0111904 -0.0611334 
v 0.00663414 0.0114907 -0.0611334 
v 0.00612661 0.0117691 -0.0611334 
v 0.00560742 0.0120251 -0.0611334 
v 0.00507755 0.0122583 -0.0611334 
v 0.00453802 0.0124681 -0.0611334 
v 0.00398985 0.0126542 -0.0611334 
v 0.00343408 0.0128162 -0.0611334 
v 0.00287178 0.0129538 -0.0611334 
v 0.00230401 0.0130667 -0.0611334 
v 0.00173186 0.0131548 -0.0611334 
v 0.00115641 0.0132178 -0.0611334 
v 0.000578754 0.0132557 -0.0611334 
v 7.80626e-18 0.0132683 -0.0611334 
v -0.000578754 0.0132557 -0.0611334 
v -0.00115641 0.0132178 -0.0611334 
v -0.00173186 0.0131548 -0.0611334 
v -0.00230401 0.0130667 -0.0611334 
v -0.00287178 0.0129538 -0.0611334 
v -0.00343408 0.0128162 -0.0611334 
v -0.00398985 0.0126542 -0.0611334 
v -0.00453802 0.0124681 -0.0611334 
v -0.00507755 0.0122583 -0.0611334 
v -0.00560742 0.0120251 -0.0611334 
v -0.00612661 0.0117691 -0.0611334 
v -0.00663414 0.0114907 -0.0611334 
v -0.00712904 0.0111904 -0.0611334 
v -0.00761037 0.0108687 -0.0611334 
v -0.00807722 0.0105264 -0.0611334 
v -0.00852869 0.0101641 -0.0611334 
v -0.00896392 0.0097824 -0.0611334 
v -0.00938209 0.00938209 -0.0611334 
v -0.0097824 0.00896392 -0.0611334 
v -0.0101641 0.00852869 -0.0611334 
v -0.0105264 0.00807722 -0.0611334 
v -0.0108687 0.00761037 -0.0611334 
v -0.0111904 0.00712904 -0.0611334 
v -0.0114907 0.00663414 -0.0611334 
v -0.0117691 0.00612661 -0.0611334 
v -0.0120251 0.00560742 -0.0611334 
v -0.0122583 0.00507755 -0.0611334 
v -0.0124681 0.00453802 -0.0611334 
v -0.0126542 0.00398985 -0.0611334 
v -0.0128162 0.00343408 -0.0611334 
v -0.0129538 0.00287178 -0.0611334 
v -0.0130667 0.00230401 -0.0611334 
v -0.0131548 0.00173186 -0.0611334 
v -0.0132178 0.00115641 -0.0611334 
v -0.0132557 0.000578754 -0.0611334 
v -0.0132683 3.46945e-18 -0.0611334 
v -0.0132557 -0.000578754 -0.0611334 
v -0.0132178 -0.00115641 -0.0611334 
v -0.0131548 -0.00173186 -0.0611334 
v -0.0130667 -0.00230401 -0.0611334 
v -0.0129538 -0.00287178 -0.0611334 
v -0.0128162 -0.00343408 -0.0611334 
v -0.0126542 -0.00398985 -0.0611334 
v -0.0124681 -0.00453802 -0.0611334 
v -0.0122583 -0.00507755 -0.0611334 
v -0.0120251 -0.00560742 -0.0611334 
v -0.0117691 -0.00612661 -0.0611334 
v -0.0114907 -0.00663414 -0.0611334 
v -0.0111904 -0.00712904 -0.0611334 
v -0.0108687 -0.00761037 -0.0611334 
v -0.0105264 -0.00807722 -0.0611334 
v -0.0101641 -0.00852869 -0.0611334 
v -0.0097824 -0.00896392 -0.0611334 
v -0.00938209 -0.00938209 -0.0611334 
v -0.00896392 -0.0097824 -0.0611334 
v -0.00852869 -0.0101641 -0.0611334 
v -0.00807722 -0.0105264 -0.0611334 
v -0.00761037 -0.0108687 -0.0611334 
v -0.00712904 -0.0111904 -0.0611334 
v -0.00663414 -0.0114907 -0.0611334 
v -0.00612661 -0.0117691 -0.0611334 
v -0.00560742 -0.0120251 -0.0611334 
v -0.00507755 -0.0122583 -0.0611334 
v -0.00453802 -0.0124681 -0.0611334 
v -0.00398985 -0.0126542 -0.0611334 
v -0.00343408 -0.0128162 -0.0611334 
v -0.00287178 -0.0129538 -0.0611334 
v -0.00230401 -0.0130667 -0.0611334 
v -0.00173186 -0.0131548 -0.0611334 
v -0.00115641 -0.0132178 -0.0611334 
v -0.000578754 -0.0132557 -0.0611334 
v 2.60209e-18 -0.0132683 -0.0611334 
v 0.000578754 -0.0132557 -0.0611334 
v 0.00115641 -0.0132178 -0.0611334 
v 0.00173186 -0.0131548 -0.0611334 
v 0.00230401 -0.0130667 -0.0611334 
v 0.00287178 -0.0129538 -0.0611334 
v 0.00343408 -0.0128162 -0.0611334 
v 0.00398985 -0.0126542 -0.0611334 
v 0.00453802 -0.0124681 -0.0611334 
v 0.00507755 -0.0122583 -0.0611334 
v 0.00560742 -0.0120251 -0.0611334 
v 0.00612661 -0.0117691 -0.0611334 
v 0.00663414 -0.0114907 -0.0611334 
v 0.00712904 -0.0111904 -0.0611334 
v 0.00761037 -0.0108687 -0.0611334 
v 0.00807722 -0.0105264 -0.0611334 
v 0.00852869 -0.0101641 -0.0611334 
v 0.00896392 -0.0097824 -0.0611334 
v 0.00938209 -0.00938209 -0.0611334 
v 0.0097824 -0.00896392 -0.0611334 
v 0.0101641 -0.00852869 -0.0611334 
v 0.0105264 -0.00807722 -0.0611334 
v 0.0108687 -0.00761037 -0.0611334 
v 0.0111904 -0.00712904 -0.0611334 
v 0.0114907 -0.00663414 -0.0611334 
v 0.0113271 -0.00589654 -0.0617016 
v 0.0115736 -0.00539684 -0.0617016 
v 0.011798 -0.00488687 -0.0617016 
v 0.0119999 -0.0043676 -0.0617016 
v 0.012179 -0.00384002 -0.0617016 
v 0.0123349 -0.00330512 -0.0617016 
v 0.0124673 -0.00276394 -0.0617016 
v 0.012576 -0.00221749 -0.0617016 
v 0.0126608 -0.00166682 -0.0617016 
v 0.0127214 -0.00111298 -0.0617016 
v 0.0127579 -0.00055702 -0.0617016 
v 0.01277 8.67362e-19 -0.0617016 
v 0.0127579 0.00055702 -0.0617016 
v 0.0127214 0.00111298 -0.0617016 
v 0.0126608 0.00166682 -0.0617016 
v 0.012576 0.00221749 -0.0617016 
v 0.0124673 0.00276394 -0.0617016 
v 0.0123349 0.00330512 -0.0617016 
v 0.012179 0.00384002 -0.0617016 
v 0.0119999 0.0043676 -0.0617016 
v 0.011798 0.00488687 -0.0617016 
v 0.0115736 0.00539684 -0.0617016 
v 0.0113271 0.00589654 -0.0617016 
v 0.0110592 0.00638501 -0.0617016 
v 0.0107701 0.00686133 -0.0617016 
v 0.0104606 0.00732458 -0.0617016 
v 0.0101311 0.00777389 -0.0617016 
v 0.0097824 0.00820841 -0.0617016 
v 0.00941504 0.0086273 -0.0617016 
v 0.00902977 0.00902977 -0.0617016 
v 0.0086273 0.00941504 -0.0617016 
v 0.00820841 0.0097824 -0.0617016 
v 0.00777389 0.0101311 -0.0617016 
v 0.00732458 0.0104606 -0.0617016 
v 0.00686133 0.0107701 -0.0617016 
v 0.00638501 0.0110592 -0.0617016 
v 0.00589654 0.0113271 -0.0617016 
v 0.00539684 0.0115736 -0.0617016 
v 0.00488687 0.011798 -0.0617016 
v 0.0043676 0.0119999 -0.0617016 
v 0.00384002 0.012179 -0.0617016 
v 0.00330512 0.0123349 -0.0617016 
v 0.00276394 0.0124673 -0.0617016 
v 0.00221749 0.012576 -0.0617016 
v 0.00166682 0.0126608 -0.0617016 
v 0.00111298 0.0127214 -0.0617016 
v 0.00055702 0.0127579 -0.0617016 
v 7.80626e-18 0.01277 -0.0617016 
v -0.00055702 0.0127579 -0.0617016 
v -0.00111298 0.0127214 -0.0617016 
v -0.00166682 0.0126608 -0.0617016 
v -0.00221749 0.012576 -0.0617016 
v -0.00276394 0.0124673 -0.0617016 
v -0.00330512 0.0123349 -0.0617016 
v -0.00384002 0.012179 -0.0617016 
v -0.0043676 0.0119999 -0.0617016 
v -0.00488687 0.011798 -0.0617016 
v -0.00539684 0.0115736 -0.0617016 
v -0.00589654 0.0113271 -0.0617016 
v -0.00638501 0.0110592 -0.0617016 
v -0.00686133 0.0107701 -0.0617016 
v -0.00732458 0.0104606 -0.0617016 
v -0.00777389 0.0101311 -0.0617016 
v -0.00820841 0.0097824 -0.0617016 
v -0.0086273 0.00941504 -0.0617016 
v -0.00902977 0.00902977 -0.0617016 
v -0.00941504 0.0086273 -0.0617016 
v -0.0097824 0.00820841 -0.0617016 
v -0.0101311 0.00777389 -0.0617016 
v -0.0104606 0.00732458 -0.0617016 
v -0.0107701 0.00686133 -0.0617016 
v -0.0110592 0.00638501 -0.0617016 
v -0.0113271 0.00589654 -0.0617016 
v -0.0115736 0.00539684 -0.0617016 
v -0.011798 0.00488687 -0.0617016 
v -0.0119999 0.0043676 -0.0617016 
v -0.012179 0.00384002 -0.0617016 
v -0.0123349 0.00330512 -0.0617016 
v -0.0124673 0.00276394 -0.0617016 
v -0.012576 0.00221749 -0.0617016 
v -0.0126608 0.00166682 -0.0617016 
v -0.0127214 0.00111298 -0.0617016 
v -0.0127579 0.00055702 -0.0617016 
v -0.01277 3.46945e-18 -0.0617016 
v -0.0127579 -0.00055702 -0.0617016 
v -0.0127214 -0.00111298 -0.0617016 
v -0.0126608 -0.00166682 -0.0617016 
v -0.012576 -0.00221749 -0.0617016 
v -0.0124673 -0.00276394 -0.0617016 
v -0.0123349 -0.00330512 -0.0617016 
v -0.012179 -0.00384002 -0.0617016 
v -0.0119999 -0.0043676 -0.0617016 
v -0.011798 -0.00488687 -0.0617016 
v -0.0115736 -0.00539684 -0.0617016 
v -0.0113271 -0.00589654 -0.0617016 
v -0.0110592 -0.00638501 -0.0617016 
v -0.0107701 -0.00686133 -0.0617016 
v -0.0104606 -0.00732458 -0.0617016 
v -0.0101311 -0.00777389 -0.0617016 
v -0.0097824 -0.00820841 -0.0617016 
v -0.00941504 -0.0086273 -0.0617016 
v -0.00902977 -0.00902977 -0.0617016 
v -0.0086273 -0.00941504 -0.0617016 
v -0.00820841 -0.0097824 -0.0617016 
v -0.00777389 -0.0101311 -0.0617016 
v -0.00732458 -0.0104606 -0.0617016 
v -0.00686133 -0.0107701 -0.0617016 
v -0.00638501 -0.0110592 -0.0617016 
v -0.00589654 -0.0113271 -0.0617016 
v -0.00539684 -0.0115736 -0.0617016 
v -0.00488687 -0.011798 -0.0617016 
v -0.0043676 -0.0119999 -0.0617016 
v -0.00384002 -0.012179 -0.0617016 
v -0.00330512 -0.0123349 -0.0617016 
v -0.00276394 -0.0124673 -0.0617016 
v -0.00221749 -0.012576 -0.0617016 
v -0.00166682 -0.0126608 -0.0617016 
v -0.00111298 -0.0127214 -0.0617016 
v -0.00055702 -0.0127579 -0.0617016 
v 2.60209e-18 -0.01277 -0.0617016 
v 0.00055702 -0.0127579 -0.0617016 
v 0.00111298 -0.0127214 -0.0617016 
v 0.00166682 -0.0126608 -0.0617016 
v 0.00221749 -0.012576 -0.0617016 
v 0.00276394 -0.0124673 -0.0617016 
v 0.00330512 -0.0123349 -0.0617016 
v 0.00384002 -0.012179 -0.0617016 
v 0.0043676 -0.0119999 -0.0617016 
v 0.00488687 -0.011798 -0.0617016 
v 0.00539684 -0.0115736 -0.0617016 
v 0.00589654 -0.0113271 -0.0617016 
v 0.00638501 -0.0110592 -0.0617016 
v 0.00686133 -0.0107701 -0.0617016 
v 0.00732458 -0.0104606 -0.0617016 
v 0.00777389 -0.0101311 -0.0617016 
v 0.00820841 -0.0097824 -0.0617016 
v 0.0086273 -0.00941504 -0.0617016 
v 0.00902977 -0.00902977 -0.0617016 
v 0.00941504 -0.0086273 -0.0617016 
v 0.0097824 -0.00820841 -0.0617016 
v 0.0101311 -0.00777389 -0.0617016 
v 0.0104606 -0.00732458 -0.0617016 
v 0.0107701 -0.00686133 -0.0617016 
v 0.0110592 -0.00638501 -0.0617016 
v 0.0108636 -0.00565524 -0.0622474 
v 0.0111 -0.005176 -0.0622474 
v 0.0113152 -0.0046869 -0.0622474 
v 0.0115088 -0.00418887 -0.0622474 
v 0.0116806 -0.00368288 -0.0622474 
v 0.0118301 -0.00316987 -0.0622474 
v 0.0119571 -0.00265083 -0.0622474 
v 0.0120614 -0.00212675 -0.0622474 
v 0.0121427 -0.00159861 -0.0622474 
v 0.0122008 -0.00106744 -0.0622474 
v 0.0122358 -0.000534226 -0.0622474 
v 0.0122474 8.67362e-19 -0.0622474 
v 0.0122358 0.000534226 -0.0622474 
v 0.0122008 0.00106744 -0.0622474 
v 0.0121427 0.00159861 -0.0622474 
v 0.0120614 0.00212675 -0.0622474 
v 0.0119571 0.00265083 -0.0622474 
v 0.0118301 0.00316987 -0.0622474 
v 0.0116806 0.00368288 -0.0622474 
v 0.0115088 0.00418887 -0.0622474 
v 0.0113152 0.0046869 -0.0622474 
v 0.0111 0.005176 -0.0622474 
v 0.0108636 0.00565524 -0.0622474 
v 0.0106066 0.00612372 -0.0622474 
v 0.0103294 0.00658055 -0.0622474 
v 0.0100325 0.00702485 -0.0622474 
v 0.00971655 0.00745577 -0.0622474 
v 0.00938209 0.00787251 -0.0622474 
v 0.00902977 0.00827426 -0.0622474 
v 0.00866025 0.00866025 -0.0622474 
v 0.00827426 0.00902977 -0.0622474 
v 0.00787251 0.00938209 -0.0622474 
v 0.00745577 0.00971655 -0.0622474 
v 0.00702485 0.0100325 -0.0622474 
v 0.00658055 0.0103294 -0.0622474 
v 0.00612372 0.0106066 -0.0622474 
v 0.00565524 0.0108636 -0.0622474 
v 0.005176 0.0111 -0.0622474 
v 0.0046869 0.0113152 -0.0622474 
v 0.00418887 0.0115088 -0.0622474 
v 0.00368288 0.0116806 -0.0622474 
v 0.00316987 0.0118301 -0.0622474 
v 0.00265083 0.0119571 -0.0622474 
v 0.00212675 0.0120614 -0.0622474 
v 0.00159861 0.0121427 -0.0622474 
v 0.00106744 0.0122008 -0.0622474 
v 0.000534226 0.0122358 -0.0622474 
v 7.80626e-18 0.0122474 -0.0622474 
v -0.000534226 0.0122358 -0.0622474 
v -0.00106744 0.0122008 -0.0622474 
v -0.00159861 0.0121427 -0.0622474 
v -0.00212675 0.0120614 -0.0622474 
v -0.00265083 0.0119571 -0.0622474 
v -0.00316987 0.0118301 -0.0622474 
v -0.00368288 0.0116806 -0.0622474 
v -0.00418887 0.0115088 -0.0622474 
v -0.0046869 0.0113152 -0.0622474 
v -0.005176 0.0111 -0.0622474 
v -0.00565524 0.0108636 -0.0622474 
v -0.00612372 0.0106066 -0.0622474 
v -0.00658055 0.0103294 -0.0622474 
v -0.00702485 0.0100325 -0.0622474 
v -0.00745577 0.00971655 -0.0622474 
v -0.00787251 0.00938209 -0.0622474 
v -0.00827426 0.00902977 -0.0622474 
v -0.00866025 0.00866025 -0.0622474 
v -0.00902977 0.00827426 -0.0622474 
v -0.00938209 0.00787251 -0.0622474 
v -0.00971655 0.00745577 -0.0622474 
v -0.0100325 0.00702485 -0.0622474 
v -0.0103294 0.00658055 -0.0622474 
v -0.0106066 0.00612372 -0.0622474 
v -0.0108636 0.00565524 -0.0622474 
v -0.0111 0.005176 -0.0622474 
v -0.0113152 0.0046869 -0.0622474 
v -0.0115088 0.00418887 -0.0622474 
v -0.0116806 0.00368288 -0.0622474 
v -0.0118301 0.00316987 -0.0622474 
v -0.0119571 0.00265083 -0.0622474 
v -0.0120614 0.00212675 -0.0622474 
v -0.0121427 0.00159861 -0.0622474 
v -0.0122008 0.00106744 -0.0622474 
v -0.0122358 0.000534226 -0.0622474 
v -0.0122474 3.46945e-18 -0.0622474 
v -0.0122358 -0.000534226 -0.0622474 
v -0.0122008 -0.00106744 -0.0622474 
v -0.0121427 -0.00159861 -0.0622474 
v -0.0120614 -0.00212675 -0.0622474 
v -0.0119571 -0.00265083 -0.0622474 
v -0.0118301 -0.00316987 -0.0622474 
v -0.0116806 -0.00368288 -0.0622474 
v -0.0115088 -0.00418887 -0.0622474 
v -0.0113152 -0.0046869 -0.0622474 
v -0.0111 -0.005176 -0.0622474 
v -0.0108636 -0.00565524 -0.0622474 
v -0.0106066 -0.00612372 -0.0622474 
v -0.0103294 -0.00658055 -0.0622474 
v -0.0100325 -0.00702485 -0.0622474 
v -0.00971655 -0.00745577 -0.0622474 
v -0.00938209 -0.00787251 -0.0622474 
v -0.00902977 -0.00827426 -0.0622474 
v -0.00866025 -0.00866025 -0.0622474 
v -0.00827426 -0.00902977 -0.0622474 
v -0.00787251 -0.00938209 -0.0622474 
v -0.00745577 -0.00971655 -0.0622474 
v -0.00702485 -0.0100325 -0.0622474 
v -0.00658055 -0.0103294 -0.0622474 
v -0.00612372 -0.0106066 -0.0622474 
v -0.00565524 -0.0108636 -0.0622474 
v -0.005176 -0.0111 -0.0622474 
v -0.0046869 -0.0113152 -0.0622474 
v -0.00418887 -0.0115088 -0.0622474 
v -0.00368288 -0.0116806 -0.0622474 
v -0.00316987 -0.0118301 -0.0622474 
v -0.00265083 -0.0119571 -0.0622474 
v -0.00212675 -0.0120614 -0.0622474 
v -0.00159861 -0.0121427 -0.0622474 
v -0.00106744 -0.0122008 -0.0622474 
v -0.000534226 -0.0122358 -0.0622474 
v 2.60209e-18 -0.0122474 -0.0622474 
v 0.000534226 -0.0122358 -0.0622474 
v 0.00106744 -0.0122008 -0.0622474 
v 0.00159861 -0.0121427 -0.0622474 
v 0.00212675 -0.0120614 -0.0622474 
v 0.00265083 -0.0119571 -0.0622474 
v 0.00316987 -0.0118301 -0.0622474 
v 0.00368288 -0.0116806 -0.0622474 
v 0.00418887 -0.0115088 -0.0622474 
v 0.0046869 -0.0113152 -0.0622474 
v 0.005176 -0.0111 -0.0622474 
v 0.00565524 -0.0108636 -0.0622474 
v 0.00612372 -0.0106066 -0.0622474 
v 0.00658055 -0.0103294 -0.0622474 
v 0.00702485 -0.0100325 -0.0622474 
v 0.00745577 -0.00971655 -0.0622474 
v 0.00787251 -0.00938209 -0.0622474 
v 0.00827426 -0.00902977 -0.0622474 
v 0.00866025 -0.00866025 -0.0622474 
v 0.00902977 -0.00827426 -0.0622474 
v 0.00938209 -0.00787251 -0.0622474 
v 0.00971655 -0.00745577 -0.0622474 
v 0.0100325 -0.00702485 -0.0622474 
v 0.0103294 -0.00658055 -0.0622474 
v 0.0106066 -0.00612372 -0.0622474 
v 0.0103794 -0.00540318 -0.06277 
v 0.0106052 -0.0049453 -0.06277 
v 0.0108108 -0.004478 -0.06277 
v 0.0109959 -0.00400217 -0.06277 
v 0.01116 -0.00351873 -0.06277 
v 0.0113028 -0.00302859 -0.06277 
v 0.0114242 -0.00253268 -0.06277 
v 0.0115238 -0.00203196 -0.06277 
v 0.0116015 -0.00152736 -0.06277 
v 0.011657 -0.00101986 -0.06277 
v 0.0116904 -0.000510415 -0.06277 
v 0.0117016 8.67362e-19 -0.06277 
v 0.0116904 0.000510415 -0.06277 
v 0.011657 0.00101986 -0.06277 
v 0.0116015 0.00152736 -0.06277 
v 0.0115238 0.00203196 -0.06277 
v 0.0114242 0.00253268 -0.06277 
v 0.0113028 0.00302859 -0.06277 
v 0.01116 0.00351873 -0.06277 
v 0.0109959 0.00400217 -0.06277 
v 0.0108108 0.004478 -0.06277 
v 0.0106052 0.0049453 -0.06277 
v 0.0103794 0.00540318 -0.06277 
v 0.0101339 0.00585078 -0.06277 
v 0.009869 0.00628725 -0.06277 
v 0.00958536 0.00671174 -0.06277 
v 0.00928348 0.00712346 -0.06277 
v 0.00896392 0.00752162 -0.06277 
v 0.0086273 0.00790546 -0.06277 
v 0.00827426 0.00827426 -0.06277 
v 0.00790546 0.0086273 -0.06277 
v 0.00752162 0.00896392 -0.06277 
v 0.00712346 0.00928348 -0.06277 
v 0.00671174 0.00958536 -0.06277 
v 0.00628725 0.009869 -0.06277 
v 0.00585078 0.0101339 -0.06277 
v 0.00540318 0.0103794 -0.06277 
v 0.0049453 0.0106052 -0.06277 
v 0.004478 0.0108108 -0.06277 
v 0.00400217 0.0109959 -0.06277 
v 0.00351873 0.01116 -0.06277 
v 0.00302859 0.0113028 -0.06277 
v 0.00253268 0.0114242 -0.06277 
v 0.00203196 0.0115238 -0.06277 
v 0.00152736 0.0116015 -0.06277 
v 0.00101986 0.011657 -0.06277 
v 0.000510415 0.0116904 -0.06277 
v 7.80626e-18 0.0117016 -0.06277 
v -0.000510415 0.0116904 -0.06277 
v -0.00101986 0.011657 -0.06277 
v -0.00152736 0.0116015 -0.06277 
v -0.00203196 0.0115238 -0.06277 
v -0.00253268 0.0114242 -0.06277 
v -0.00302859 0.0113028 -0.06277 
v -0.00351873 0.01116 -0.06277 
v -0.00400217 0.0109959 -0.06277 
v -0.004478 0.0108108 -0.06277 
v -0.0049453 0.0106052 -0.06277 
v -0.00540318 0.0103794 -0.06277 
v -0.00585078 0.0101339 -0.06277 
v -0.00628725 0.009869 -0.06277 
v -0.00671174 0.00958536 -0.06277 
v -0.00712346 0.00928348 -0.06277 
v -0.00752162 0.00896392 -0.06277 
v -0.00790546 0.0086273 -0.06277 
v -0.00827426 0.00827426 -0.06277 
v -0.0086273 0.00790546 -0.06277 
v -0.00896392 0.00752162 -0.06277 
v -0.00928348 0.00712346 -0.06277 
v -0.00958536 0.00671174 -0.06277 
v -0.009869 0.00628725 -0.06277 
v -0.0101339 0.00585078 -0.06277 
v -0.0103794 0.00540318 -0.06277 
v -0.0106052 0.0049453 -0.06277 
v -0.0108108 0.004478 -0.06277 
v -0.0109959 0.00400217 -0.06277 
v -0.01116 0.00351873 -0.06277 
v -0.0113028 0.00302859 -0.06277 
v -0.0114242 0.00253268 -0.06277 
v -0.0115238 0.00203196 -0.06277 
v -0.0116015 0.00152736 -0.06277 
v -0.011657 0.00101986 -0.06277 
v -0.0116904 0.000510415 -0.06277 
v -0.0117016 2.60209e-18 -0.06277 
v -0.0116904 -0.000510415 -0.06277 
v -0.011657 -0.00101986 -0.06277 
v -0.0116015 -0.00152736 -0.06277 
v -0.0115238 -0.00203196 -0.06277 
v -0.0114242 -0.00253268 -0.06277 
v -0.0113028 -0.00302859 -0.06277 
v -0.01116 -0.00351873 -0.06277 
v -0.0109959 -0.00400217 -0.06277 
v -0.0108108 -0.004478 -0.06277 
v -0.0106052 -0.0049453 -0.06277 
v -0.0103794 -0.00540318 -0.06277 
v -0.0101339 -0.00585078 -0.06277 
v -0.009869 -0.00628725 -0.06277 
v -0.00958536 -0.00671174 -0.06277 
v -0.00928348 -0.00712346 -0.06277 
v -0.00896392 -0.00752162 -0.06277 
v -0.0086273 -0.00790546 -0.06277 
v -0.00827426 -0.00827426 -0.06277 
v -0.00790546 -0.0086273 -0.06277 
v -0.00752162 -0.00896392 -0.06277 
v -0.00712346 -0.00928348 -0.06277 
v -0.00671174 -0.00958536 -0.06277 
v -0.00628725 -0.009869 -0.06277 
v -0.00585078 -0.0101339 -0.06277 
v -0.00540318 -0.0103794 -0.06277 
v -0.0049453 -0.0106052 -0.06277 
v -0.004478 -0.0108108 -0.06277 
v -0.00400217 -0.0109959 -0.06277 
v -0.00351873 -0.01116 -0.06277 
v -0.00302859 -0.0113028 -0.06277 
v -0.00253268 -0.0114242 -0.06277 
v -0.00203196 -0.0115238 -0.06277 
v -0.00152736 -0.0116015 -0.06277 
v -0.00101986 -0.011657 -0.06277 
v -0.000510415 -0.0116904 -0.06277 
v 2.60209e-18 -0.0117016 -0.06277 
v 0.000510415 -0.0116904 -0.06277 
v 0.00101986 -0.011657 -0.06277 
v 0.00152736 -0.0116015 -0.06277 
v 0.00203196 -0.0115238 -0.06277 
v 0.00253268 -0.0114242 -0.06277 
v 0.00302859 -0.0113028 -0.06277 
v 0.00351873 -0.01116 -0.06277 
v 0.00400217 -0.0109959 -0.06277 
v 0.004478 -0.0108108 -0.06277 
v 0.0049453 -0.0106052 -0.06277 
v 0.00540318 -0.0103794 -0.06277 
v 0.00585078 -0.0101339 -0.06277 
v 0.00628725 -0.009869 -0.06277 
v 0.00671174 -0.00958536 -0.06277 
v 0.00712346 -0.00928348 -0.06277 
v 0.00752162 -0.00896392 -0.06277 
v 0.00790546 -0.0086273 -0.06277 
v 0.00827426 -0.00827426 -0.06277 
v 0.0086273 -0.00790546 -0.06277 
v 0.00896392 -0.00752162 -0.06277 
v 0.00928348 -0.00712346 -0.06277 
v 0.00958536 -0.00671174 -0.06277 
v 0.009869 -0.00628725 -0.06277 
v 0.0101339 -0.00585078 -0.06277 
v 0.00987545 -0.00514084 -0.0632683 
v 0.0100903 -0.00470518 -0.0632683 
v 0.0102859 -0.00426057 -0.0632683 
v 0.010462 -0.00380785 -0.0632683 
v 0.0106181 -0.00334788 -0.0632683 
v 0.010754 -0.00288154 -0.0632683 
v 0.0108695 -0.00240971 -0.0632683 
v 0.0109643 -0.0019333 -0.0632683 
v 0.0110382 -0.0014532 -0.0632683 
v 0.011091 -0.00097034 -0.0632683 
v 0.0111228 -0.000485632 -0.0632683 
v 0.0111334 0 -0.0632683 
v 0.0111228 0.000485632 -0.0632683 
v 0.011091 0.00097034 -0.0632683 
v 0.0110382 0.0014532 -0.0632683 
v 0.0109643 0.0019333 -0.0632683 
v 0.0108695 0.00240971 -0.0632683 
v 0.010754 0.00288154 -0.0632683 
v 0.0106181 0.00334788 -0.0632683 
v 0.010462 0.00380785 -0.0632683 
v 0.0102859 0.00426057 -0.0632683 
v 0.0100903 0.00470518 -0.0632683 
v 0.00987545 0.00514084 -0.0632683 
v 0.00964181 0.0055667 -0.0632683 
v 0.00938982 0.00598198 -0.0632683 
v 0.00911995 0.00638586 -0.0632683 
v 0.00883273 0.00677759 -0.0632683 
v 0.00852869 0.00715642 -0.0632683 
v 0.00820841 0.00752162 -0.0632683 
v 0.00787251 0.00787251 -0.0632683 
v 0.00752162 0.00820841 -0.0632683 
v 0.00715642 0.00852869 -0.0632683 
v 0.00677759 0.00883273 -0.0632683 
v 0.00638586 0.00911995 -0.0632683 
v 0.00598198 0.00938982 -0.0632683 
v 0.0055667 0.00964181 -0.0632683 
v 0.00514084 0.00987545 -0.0632683 
v 0.00470518 0.0100903 -0.0632683 
v 0.00426057 0.0102859 -0.0632683 
v 0.00380785 0.010462 -0.0632683 
v 0.00334788 0.0106181 -0.0632683 
v 0.00288154 0.010754 -0.0632683 
v 0.00240971 0.0108695 -0.0632683 
v 0.0019333 0.0109643 -0.0632683 
v 0.0014532 0.0110382 -0.0632683 
v 0.00097034 0.011091 -0.0632683 
v 0.000485632 0.0111228 -0.0632683 
v 7.80626e-18 0.0111334 -0.0632683 
v -0.000485632 0.0111228 -0.0632683 
v -0.00097034 0.011091 -0.0632683 
v -0.0014532 0.0110382 -0.0632683 
v -0.0019333 0.0109643 -0.0632683 
v -0.00240971 0.0108695 -0.0632683 
v -0.00288154 0.010754 -0.0632683 
v -0.00334788 0.0106181 -0.0632683 
v -0.00380785 0.010462 -0.0632683 
v -0.00426057 0.0102859 -0.0632683 
v -0.00470518 0.0100903 -0.0632683 
v -0.00514084 0.00987545 -0.0632683 
v -0.0055667 0.00964181 -0.0632683 
v -0.00598198 0.00938982 -0.0632683 
v -0.00638586 0.00911995 -0.0632683 
v -0.00677759 0.00883273 -0.0632683 
v -0.00715642 0.00852869 -0.0632683 
v -0.00752162 0.00820841 -0.0632683 
v -0.00787251 0.00787251 -0.0632683 
v -0.00820841 0.00752162 -0.0632683 
v -0.00852869 0.00715642 -0.0632683 
v -0.00883273 0.00677759 -0.0632683 
v -0.00911995 0.00638586 -0.0632683 
v -0.00938982 0.00598198 -0.0632683 
v -0.00964181 0.0055667 -0.0632683 
v -0.00987545 0.00514084 -0.0632683 
v -0.0100903 0.00470518 -0.0632683 
v -0.0102859 0.00426057 -0.0632683 
v -0.010462 0.00380785 -0.0632683 
v -0.0106181 0.00334788 -0.0632683 
v -0.010754 0.00288154 -0.0632683 
v -0.0108695 0.00240971 -0.0632683 
v -0.0109643 0.0019333 -0.0632683 
v -0.0110382 0.0014532 -0.0632683 
v -0.011091 0.00097034 -0.0632683 
v -0.0111228 0.000485632 -0.0632683 
v -0.0111334 3.46945e-18 -0.0632683 
v -0.0111228 -0.000485632 -0.0632683 
v -0.011091 -0.00097034 -0.0632683 
v -0.0110382 -0.0014532 -0.0632683 
v -0.0109643 -0.0019333 -0.0632683 
v -0.0108695 -0.00240971 -0.0632683 
v -0.010754 -0.00288154 -0.0632683 
v -0.0106181 -0.00334788 -0.0632683 
v -0.010462 -0.00380785 -0.0632683 
v -0.0102859 -0.00426057 -0.0632683 
v -0.0100903 -0.00470518 -0.0632683 
v -0.00987545 -0.00514084 -0.0632683 
v -0.00964181 -0.0055667 -0.0632683 
v -0.00938982 -0.00598198 -0.0632683 
v -0.00911995 -0.00638586 -0.0632683 
v -0.00883273 -0.00677759 -0.0632683 
v -0.00852869 -0.00715642 -0.0632683 
v -0.00820841 -0.00752162 -0.0632683 
v -0.00787251 -0.00787251 -0.0632683 
v -0.00752162 -0.00820841 -0.0632683 
v -0.00715642 -0.00852869 -0.0632683 
v -0.00677759 -0.00883273 -0.0632683 
v -0.00638586 -0.00911995 -0.0632683 
v -0.00598198 -0.00938982 -0.0632683 
v -0.0055667 -0.00964181 -0.0632683 
v -0.00514084 -0.00987545 -0.0632683 
v -0.00470518 -0.0100903 -0.0632683 
v -0.00426057 -0.0102859 -0.0632683 
v -0.00380785 -0.010462 -0.0632683 
v -0.00334788 -0.0106181 -0.0632683 
v -0.00288154 -0.010754 -0.0632683 
v -0.00240971 -0.0108695 -0.0632683 
v -0.0019333 -0.0109643 -0.0632683 
v -0.0014532 -0.0110382 -0.0632683 
v -0.00097034 -0.011091 -0.0632683 
v -0.000485632 -0.0111228 -0.0632683 
v 3.46945e-18 -0.0111334 -0.0632683 
v 0.000485632 -0.0111228 -0.0632683 
v 0.00097034 -0.011091 -0.0632683 
v 0.0014532 -0.0110382 -0.0632683 
v 0.0019333 -0.0109643 -0.0632683 
v 0.00240971 -0.0108695 -0.0632683 
v 0.00288154 -0.010754 -0.0632683 
v 0.00334788 -0.0106181 -0.0632683 
v 0.00380785 -0.010462 -0.0632683 
v 0.00426057 -0.0102859 -0.0632683 
v 0.00470518 -0.0100903 -0.0632683 
v 0.00514084 -0.00987545 -0.0632683 
v 0.0055667 -0.00964181 -0.0632683 
v 0.00598198 -0.00938982 -0.0632683 
v 0.00638586 -0.00911995 -0.0632683 
v 0.00677759 -0.00883273 -0.0632683 
v 0.00715642 -0.00852869 -0.0632683 
v 0.00752162 -0.00820841 -0.0632683 
v 0.00787251 -0.00787251 -0.0632683 
v 0.00820841 -0.00752162 -0.0632683 
v 0.00852869 -0.00715642 -0.0632683 
v 0.00883273 -0.00677759 -0.0632683 
v 0.00911995 -0.00638586 -0.0632683 
v 0.00938982 -0.00598198 -0.0632683 
v 0.00964181 -0.0055667 -0.0632683 
v 0.00935269 -0.0048687 -0.0637413 
v 0.00955616 -0.00445611 -0.0637413 
v 0.00974144 -0.00403504 -0.0637413 
v 0.00990817 -0.00360628 -0.0637413 
v 0.010056 -0.00317066 -0.0637413 
v 0.0101848 -0.002729 -0.0637413 
v 0.0102941 -0.00228215 -0.0637413 
v 0.0103839 -0.00183096 -0.0637413 
v 0.0104539 -0.00137628 -0.0637413 
v 0.0105039 -0.000918975 -0.0637413 
v 0.010534 -0.000459925 -0.0637413 
v 0.0105441 0 -0.0637413 
v 0.010534 0.000459925 -0.0637413 
v 0.0105039 0.000918975 -0.0637413 
v 0.0104539 0.00137628 -0.0637413 
v 0.0103839 0.00183096 -0.0637413 
v 0.0102941 0.00228215 -0.0637413 
v 0.0101848 0.002729 -0.0637413 
v 0.010056 0.00317066 -0.0637413 
v 0.00990817 0.00360628 -0.0637413 
v 0.00974144 0.00403504 -0.0637413 
v 0.00955616 0.00445611 -0.0637413 
v 0.00935269 0.0048687 -0.0637413 
v 0.00913142 0.00527203 -0.0637413 
v 0.00889277 0.00566532 -0.0637413 
v 0.00863719 0.00604782 -0.0637413 
v 0.00836516 0.00641882 -0.0637413 
v 0.00807722 0.00677759 -0.0637413 
v 0.00777389 0.00712346 -0.0637413 
v 0.00745577 0.00745577 -0.0637413 
v 0.00712346 0.00777389 -0.0637413 
v 0.00677759 0.00807722 -0.0637413 
v 0.00641882 0.00836516 -0.0637413 
v 0.00604782 0.00863719 -0.0637413 
v 0.00566532 0.00889277 -0.0637413 
v 0.00527203 0.00913142 -0.0637413 
v 0.0048687 0.00935269 -0.0637413 
v 0.00445611 0.00955616 -0.0637413 
v 0.00403504 0.00974144 -0.0637413 
v 0.00360628 0.00990817 -0.0637413 
v 0.00317066 0.010056 -0.0637413 
v 0.002729 0.0101848 -0.0637413 
v 0.00228215 0.0102941 -0.0637413 
v 0.00183096 0.0103839 -0.0637413 
v 0.00137628 0.0104539 -0.0637413 
v 0.000918975 0.0105039 -0.0637413 
v 0.000459925 0.010534 -0.0637413 
v 7.80626e-18 0.0105441 -0.0637413 
v -0.000459925 0.010534 -0.0637413 
v -0.000918975 0.0105039 -0.0637413 
v -0.00137628 0.0104539 -0.0637413 
v -0.00183096 0.0103839 -0.0637413 
v -0.00228215 0.0102941 -0.0637413 
v -0.002729 0.0101848 -0.0637413 
v -0.00317066 0.010056 -0.0637413 
v -0.00360628 0.00990817 -0.0637413 
v -0.00403504 0.00974144 -0.0637413 
v -0.00445611 0.00955616 -0.0637413 
v -0.0048687 0.00935269 -0.0637413 
v -0.00527203 0.00913142 -0.0637413 
v -0.00566532 0.00889277 -0.0637413 
v -0.00604782 0.00863719 -0.0637413 
v -0.00641882 0.00836516 -0.0637413 
v -0.00677759 0.00807722 -0.0637413 
v -0.00712346 0.00777389 -0.0637413 
v -0.00745577 0.00745577 -0.0637413 
v -0.00777389 0.00712346 -0.0637413 
v -0.00807722 0.00677759 -0.0637413 
v -0.00836516 0.00641882 -0.0637413 
v -0.00863719 0.00604782 -0.0637413 
v -0.00889277 0.00566532 -0.0637413 
v -0.00913142 0.00527203 -0.0637413 
v -0.00935269 0.0048687 -0.0637413 
v -0.00955616 0.00445611 -0.0637413 
v -0.00974144 0.00403504 -0.0637413 
v -0.00990817 0.00360628 -0.0637413 
v -0.010056 0.00317066 -0.0637413 
v -0.0101848 0.002729 -0.0637413 
v -0.0102941 0.00228215 -0.0637413 
v -0.0103839 0.00183096 -0.0637413 
v -0.0104539 0.00137628 -0.0637413 
v -0.0105039 0.000918975 -0.0637413 
v -0.010534 0.000459925 -0.0637413 
v -0.0105441 2.60209e-18 -0.0637413 
v -0.010534 -0.000459925 -0.0637413 
v -0.0105039 -0.000918975 -0.0637413 
v -0.0104539 -0.00137628 -0.0637413 
v -0.0103839 -0.00183096 -0.0637413 
v -0.0102941 -0.00228215 -0.0637413 
v -0.0101848 -0.002729 -0.0637413 
v -0.010056 -0.00317066 -0.0637413 
v -0.00990817 -0.00360628 -0.0637413 
v -0.00974144 -0.00403504 -0.0637413 
v -0.00955616 -0.00445611 -0.0637413 
v -0.00935269 -0.0048687 -0.0637413 
v -0.00913142 -0.00527203 -0.0637413 
v -0.00889277 -0.00566532 -0.0637413 
v -0.00863719 -0.00604782 -0.0637413 
v -0.00836516 -0.00641882 -0.0637413 
v -0.00807722 -0.00677759 -0.0637413 
v -0.00777389 -0.00712346 -0.0637413 
v -0.00745577 -0.00745577 -0.0637413 
v -0.00712346 -0.00777389 -0.0637413 
v -0.00677759 -0.00807722 -0.0637413 
v -0.00641882 -0.00836516 -0.0637413 
v -0.00604782 -0.00863719 -0.0637413 
v -0.00566532 -0.00889277 -0.0637413 
v -0.00527203 -0.00913142 -0.0637413 
v -0.0048687 -0.00935269 -0.0637413 
v -0.00445611 -0.00955616 -0.0637413 
v -0.00403504 -0.00974144 -0.0637413 
v -0.00360628 -0.00990817 -0.0637413 
v -0.00317066 -0.010056 -0.0637413 
v -0.002729 -0.0101848 -0.0637413 
v -0.00228215 -0.0102941 -0.0637413 
v -0.00183096 -0.0103839 -0.0637413 
v -0.00137628 -0.0104539 -0.0637413 
v -0.000918975 -0.0105039 -0.0637413 
v -0.000459925 -0.010534 -0.0637413 
v 3.46945e-18 -0.0105441 -0.0637413 
v 0.000459925 -0.010534 -0.0637413 
v 0.000918975 -0.0105039 -0.0637413 
v 0.00137628 -0.0104539 -0.0637413 
v 0.00183096 -0.0103839 -0.0637413 
v 0.00228215 -0.0102941 -0.0637413 
v 0.002729 -0.0101848 -0.0637413 
v 0.00317066 -0.010056 -0.0637413 
v 0.00360628 -0.00990817 -0.0637413 
v 0.00403504 -0.00974144 -0.0637413 
v 0.00445611 -0.00955616 -0.0637413 
v 0.0048687 -0.00935269 -0.0637413 
v 0.00527203 -0.00913142 -0.0637413 
v 0.00566532 -0.00889277 -0.0637413 
v 0.00604782 -0.00863719 -0.0637413 
v 0.00641882 -0.00836516 -0.0637413 
v 0.00677759 -0.00807722 -0.0637413 
v 0.00712346 -0.00777389 -0.0637413 
v 0.00745577 -0.00745577 -0.0637413 
v 0.00777389 -0.00712346 -0.0637413 
v 0.00807722 -0.00677759 -0.0637413 
v 0.00836516 -0.00641882 -0.0637413 
v 0.00863719 -0.00604782 -0.0637413 
v 0.00889277 -0.00566532 -0.0637413 
v 0.00913142 -0.00527203 -0.0637413 
v 0.00881213 -0.0045873 -0.0641881 
v 0.00900384 -0.00419856 -0.0641881 
v 0.00917841 -0.00380182 -0.0641881 
v 0.0093355 -0.00339785 -0.0641881 
v 0.00947483 -0.0029874 -0.0641881 
v 0.00959612 -0.00257127 -0.0641881 
v 0.00969914 -0.00215025 -0.0641881 
v 0.00978371 -0.00172513 -0.0641881 
v 0.00984964 -0.00129673 -0.0641881 
v 0.00989683 -0.000865861 -0.0641881 
v 0.00992518 -0.000433343 -0.0641881 
v 0.00993464 8.67362e-19 -0.0641881 
v 0.00992518 0.000433343 -0.0641881 
v 0.00989683 0.000865861 -0.0641881 
v 0.00984964 0.00129673 -0.0641881 
v 0.00978371 0.00172513 -0.0641881 
v 0.00969914 0.00215025 -0.0641881 
v 0.00959612 0.00257127 -0.0641881 
v 0.00947483 0.0029874 -0.0641881 
v 0.0093355 0.00339785 -0.0641881 
v 0.00917841 0.00380182 -0.0641881 
v 0.00900384 0.00419856 -0.0641881 
v 0.00881213 0.0045873 -0.0641881 
v 0.00860365 0.00496732 -0.0641881 
v 0.00837879 0.00533788 -0.0641881 
v 0.00813798 0.00569827 -0.0641881 
v 0.00788168 0.00604782 -0.0641881 
v 0.00761037 0.00638586 -0.0641881 
v 0.00732458 0.00671174 -0.0641881 
v 0.00702485 0.00702485 -0.0641881 
v 0.00671174 0.00732458 -0.0641881 
v 0.00638586 0.00761037 -0.0641881 
v 0.00604782 0.00788168 -0.0641881 
v 0.00569827 0.00813798 -0.0641881 
v 0.00533788 0.00837879 -0.0641881 
v 0.00496732 0.00860365 -0.0641881 
v 0.0045873 0.00881213 -0.0641881 
v 0.00419856 0.00900384 -0.0641881 
v 0.00380182 0.00917841 -0.0641881 
v 0.00339785 0.0093355 -0.0641881 
v 0.0029874 0.00947483 -0.0641881 
v 0.00257127 0.00959612 -0.0641881 
v 0.00215025 0.00969914 -0.0641881 
v 0.00172513 0.00978371 -0.0641881 
v 0.00129673 0.00984964 -0.0641881 
v 0.000865861 0.00989683 -0.0641881 
v 0.000433343 0.00992518 -0.0641881 
v 6.93889e-18 0.00993464 -0.0641881 
v -0.000433343 0.00992518 -0.0641881 
v -0.000865861 0.00989683 -0.0641881 
v -0.00129673 0.00984964 -0.0641881 
v -0.00172513 0.00978371 -0.0641881 
v -0.00215025 0.00969914 -0.0641881 
v -0.00257127 0.00959612 -0.0641881 
v -0.0029874 0.00947483 -0.0641881 
v -0.00339785 0.0093355 -0.0641881 
v -0.00380182 0.00917841 -0.0641881 
v -0.00419856 0.00900384 -0.0641881 
v -0.0045873 0.00881213 -0.0641881 
v -0.00496732 0.00860365 -0.0641881 
v -0.00533788 0.00837879 -0.0641881 
v -0.00569827 0.00813798 -0.0641881 
v -0.00604782 0.00788168 -0.0641881 
v -0.00638586 0.00761037 -0.0641881 
v -0.00671174 0.00732458 -0.0641881 
v -0.00702485 0.00702485 -0.0641881 
v -0.00732458 0.00671174 -0.0641881 
v -0.00761037 0.00638586 -0.0641881 
v -0.00788168 0.00604782 -0.0641881 
v -0.00813798 0.00569827 -0.0641881 
v -0.00837879 0.00533788 -0.0641881 
v -0.00860365 0.00496732 -0.0641881 
v -0.00881213 0.0045873 -0.0641881 
v -0.00900384 0.00419856 -0.0641881 
v -0.00917841 0.00380182 -0.0641881 
v -0.0093355 0.00339785 -0.0641881 
v -0.00947483 0.0029874 -0.0641881 
v -0.00959612 0.00257127 -0.0641881 
v -0.00969914 0.00215025 -0.0641881 
v -0.00978371 0.00172513 -0.0641881 
v -0.00984964 0.00129673 -0.0641881 
v -0.00989683 0.000865861 -0.0641881 
v -0.00992518 0.000433343 -0.0641881 
v -0.00993464 2.60209e-18 -0.0641881 
v -0.00992518 -0.000433343 -0.0641881 
v -0.00989683 -0.000865861 -0.0641881 
v -0.00984964 -0.00129673 -0.0641881 
v -0.00978371 -0.00172513 -0.0641881 
v -0.00969914 -0.00215025 -0.0641881 
v -0.00959612 -0.00257127 -0.0641881 
v -0.00947483 -0.0029874 -0.0641881 
v -0.0093355 -0.00339785 -0.0641881 
v -0.00917841 -0.00380182 -0.0641881 
v -0.00900384 -0.00419856 -0.0641881 
v -0.00881213 -0.0045873 -0.0641881 
v -0.00860365 -0.00496732 -0.0641881 
v -0.00837879 -0.00533788 -0.0641881 
v -0.00813798 -0.00569827 -0.0641881 
v -0.00788168 -0.00604782 -0.0641881 
v -0.00761037 -0.00638586 -0.0641881 
v -0.00732458 -0.00671174 -0.0641881 
v -0.00702485 -0.00702485 -0.0641881 
v -0.00671174 -0.00732458 -0.0641881 
v -0.00638586 -0.00761037 -0.0641881 
v -0.00604782 -0.00788168 -0.0641881 
v -0.00569827 -0.00813798 -0.0641881 
v -0.00533788 -0.00837879 -0.0641881 
v -0.00496732 -0.00860365 -0.0641881 
v -0.0045873 -0.00881213 -0.0641881 
v -0.00419856 -0.00900384 -0.0641881 
v -0.00380182 -0.00917841 -0.0641881 
v -0.00339785 -0.0093355 -0.0641881 
v -0.0029874 -0.00947483 -0.0641881 
v -0.00257127 -0.00959612 -0.0641881 
v -0.00215025 -0.00969914 -0.0641881 
v -0.00172513 -0.00978371 -0.0641881 
v -0.00129673 -0.00984964 -0.0641881 
v -0.000865861 -0.00989683 -0.0641881 
v -0.000433343 -0.00992518 -0.0641881 
v 4.33681e-18 -0.00993464 -0.0641881 
v 0.000433343 -0.00992518 -0.0641881 
v 0.000865861 -0.00989683 -0.0641881 
v 0.00129673 -0.00984964 -0.0641881 
v 0.00172513 -0.00978371 -0.0641881 
v 0.00215025 -0.00969914 -0.0641881 
v 0.00257127 -0.00959612 -0.0641881 
v 0.0029874 -0.00947483 -0.0641881 
v 0.00339785 -0.0093355 -0.0641881 
v 0.00380182 -0.00917841 -0.0641881 
v 0.00419856 -0.00900384 -0.0641881 
v 0.0045873 -0.00881213 -0.0641881 
v 0.00496732 -0.00860365 -0.0641881 
v 0.00533788 -0.00837879 -0.0641881 
v 0.00569827 -0.00813798 -0.0641881 
v 0.00604782 -0.00788168 -0.0641881 
v 0.00638586 -0.00761037 -0.0641881 
v 0.00671174 -0.00732458 -0.0641881 
v 0.00702485 -0.00702485 -0.0641881 
v 0.00732458 -0.00671174 -0.0641881 
v 0.00761037 -0.00638586 -0.0641881 
v 0.00788168 -0.00604782 -0.0641881 
v 0.00813798 -0.00569827 -0.0641881 
v 0.00837879 -0.00533788 -0.0641881 
v 0.00860365 -0.00496732 -0.0641881 
v 0.00825479 -0.00429717 -0.064608 
v 0.00843437 -0.00393301 -0.064608 
v 0.0085979 -0.00356137 -0.064608 
v 0.00874506 -0.00318294 -0.064608 
v 0.00887558 -0.00279846 -0.064608 
v 0.0089892 -0.00240865 -0.064608 
v 0.00908571 -0.00201425 -0.064608 
v 0.00916492 -0.00161602 -0.064608 
v 0.00922669 -0.00121472 -0.064608 
v 0.00927089 -0.000811098 -0.064608 
v 0.00929744 -0.000405935 -0.064608 
v 0.0093063 0 -0.064608 
v 0.00929744 0.000405935 -0.064608 
v 0.00927089 0.000811098 -0.064608 
v 0.00922669 0.00121472 -0.064608 
v 0.00916492 0.00161602 -0.064608 
v 0.00908571 0.00201425 -0.064608 
v 0.0089892 0.00240865 -0.064608 
v 0.00887558 0.00279846 -0.064608 
v 0.00874506 0.00318294 -0.064608 
v 0.0085979 0.00356137 -0.064608 
v 0.00843437 0.00393301 -0.064608 
v 0.00825479 0.00429717 -0.064608 
v 0.00805949 0.00465315 -0.064608 
v 0.00784886 0.00500027 -0.064608 
v 0.00762328 0.00533788 -0.064608 
v 0.00738319 0.00566532 -0.064608 
v 0.00712904 0.00598198 -0.064608 
v 0.00686133 0.00628725 -0.064608 
v 0.00658055 0.00658055 -0.064608 
v 0.00628725 0.00686133 -0.064608 
v 0.00598198 0.00712904 -0.064608 
v 0.00566532 0.00738319 -0.064608 
v 0.00533788 0.00762328 -0.064608 
v 0.00500027 0.00784886 -0.064608 
v 0.00465315 0.00805949 -0.064608 
v 0.00429717 0.00825479 -0.064608 
v 0.00393301 0.00843437 -0.064608 
v 0.00356137 0.0085979 -0.064608 
v 0.00318294 0.00874506 -0.064608 
v 0.00279846 0.00887558 -0.064608 
v 0.00240865 0.0089892 -0.064608 
v 0.00201425 0.00908571 -0.064608 
v 0.00161602 0.00916492 -0.064608 
v 0.00121472 0.00922669 -0.064608 
v 0.000811098 0.00927089 -0.064608 
v 0.000405935 0.00929744 -0.064608 
v 7.80626e-18 0.0093063 -0.064608 
v -0.000405935 0.00929744 -0.064608 
v -0.000811098 0.00927089 -0.064608 
v -0.00121472 0.00922669 -0.064608 
v -0.00161602 0.00916492 -0.064608 
v -0.00201425 0.00908571 -0.064608 
v -0.00240865 0.0089892 -0.064608 
v -0.00279846 0.00887558 -0.064608 
v -0.00318294 0.00874506 -0.064608 
v -0.00356137 0.0085979 -0.064608 
v -0.00393301 0.00843437 -0.064608 
v -0.00429717 0.00825479 -0.064608 
v -0.00465315 0.00805949 -0.064608 
v -0.00500027 0.00784886 -0.064608 
v -0.00533788 0.00762328 -0.064608 
v -0.00566532 0.00738319 -0.064608 
v -0.00598198 0.00712904 -0.064608 
v -0.00628725 0.00686133 -0.064608 
v -0.00658055 0.00658055 -0.064608 
v -0.00686133 0.00628725 -0.064608 
v -0.00712904 0.00598198 -0.064608 
v -0.00738319 0.00566532 -0.064608 
v -0.00762328 0.00533788 -0.064608 
v -0.00784886 0.00500027 -0.064608 
v -0.00805949 0.00465315 -0.064608 
v -0.00825479 0.00429717 -0.064608 
v -0.00843437 0.00393301 -0.064608 
v -0.0085979 0.00356137 -0.064608 
v -0.00874506 0.00318294 -0.064608 
v -0.00887558 0.00279846 -0.064608 
v -0.0089892 0.00240865 -0.064608 
v -0.00908571 0.00201425 -0.064608 
v -0.00916492 0.00161602 -0.064608 
v -0.00922669 0.00121472 -0.064608 
v -0.00927089 0.000811098 -0.064608 
v -0.00929744 0.000405935 -0.064608 
v -0.0093063 3.46945e-18 -0.064608 
v -0.00929744 -0.000405935 -0.064608 
v -0.00927089 -0.000811098 -0.064608 
v -0.00922669 -0.00121472 -0.064608 
v -0.00916492 -0.00161602 -0.064608 
v -0.00908571 -0.00201425 -0.064608 
v -0.0089892 -0.00240865 -0.064608 
v -0.00887558 -0.00279846 -0.064608 
v -0.00874506 -0.00318294 -0.064608 
v -0.0085979 -0.00356137 -0.064608 
v -0.00843437 -0.00393301 -0.064608 
v -0.00825479 -0.00429717 -0.064608 
v -0.00805949 -0.00465315 -0.064608 
v -0.00784886 -0.00500027 -0.064608 
v -0.00762328 -0.00533788 -0.064608 
v -0.00738319 -0.00566532 -0.064608 
v -0.00712904 -0.00598198 -0.064608 
v -0.00686133 -0.00628725 -0.064608 
v -0.00658055 -0.00658055 -0.064608 
v -0.00628725 -0.00686133 -0.064608 
v -0.00598198 -0.00712904 -0.064608 
v -0.00566532 -0.00738319 -0.064608 
v -0.00533788 -0.00762328 -0.064608 
v -0.00500027 -0.00784886 -0.064608 
v -0.00465315 -0.00805949 -0.064608 
v -0.00429717 -0.00825479 -0.064608 
v -0.00393301 -0.00843437 -0.064608 
v -0.00356137 -0.0085979 -0.064608 
v -0.00318294 -0.00874506 -0.064608 
v -0.00279846 -0.00887558 -0.064608 
v -0.00240865 -0.0089892 -0.064608 
v -0.00201425 -0.00908571 -0.064608 
v -0.00161602 -0.00916492 -0.064608 
v -0.00121472 -0.00922669 -0.064608 
v -0.000811098 -0.00927089 -0.064608 
v -0.000405935 -0.00929744 -0.064608 
v 4.33681e-18 -0.0093063 -0.064608 
v 0.000405935 -0.00929744 -0.064608 
v 0.000811098 -0.00927089 -0.064608 
v 0.00121472 -0.00922669 -0.064608 
v 0.00161602 -0.00916492 -0.064608 
v 0.00201425 -0.00908571 -0.064608 
v 0.00240865 -0.0089892 -0.064608 
v 0.00279846 -0.00887558 -0.064608 
v 0.00318294 -0.00874506 -0.064608 
v 0.00356137 -0.0085979 -0.064608 
v 0.00393301 -0.00843437 -0.064608 
v 0.00429717 -0.00825479 -0.064608 
v 0.00465315 -0.00805949 -0.064608 
v 0.00500027 -0.00784886 -0.064608 
v 0.00533788 -0.00762328 -0.064608 
v 0.00566532 -0.00738319 -0.064608 
v 0.00598198 -0.00712904 -0.064608 
v 0.00628725 -0.00686133 -0.064608 
v 0.00658055 -0.00658055 -0.064608 
v 0.00686133 -0.00628725 -0.064608 
v 0.00712904 -0.00598198 -0.064608 
v 0.00738319 -0.00566532 -0.064608 
v 0.00762328 -0.00533788 -0.064608 
v 0.00784886 -0.00500027 -0.064608 
v 0.00805949 -0.00465315 -0.064608 
v 0.00768174 -0.00399886 -0.065 
v 0.00784886 -0.00365998 -0.065 
v 0.00800103 -0.00331414 -0.065 
v 0.00813798 -0.00296198 -0.065 
v 0.00825943 -0.00260419 -0.065 
v 0.00836516 -0.00224144 -0.065 
v 0.00845497 -0.00187442 -0.065 
v 0.00852869 -0.00150384 -0.065 
v 0.00858616 -0.00113039 -0.065 
v 0.0086273 -0.000754791 -0.065 
v 0.00865201 -0.000377755 -0.065 
v 0.00866025 1.30104e-18 -0.065 
v 0.00865201 0.000377755 -0.065 
v 0.0086273 0.000754791 -0.065 
v 0.00858616 0.00113039 -0.065 
v 0.00852869 0.00150384 -0.065 
v 0.00845497 0.00187442 -0.065 
v 0.00836516 0.00224144 -0.065 
v 0.00825943 0.00260419 -0.065 
v 0.00813798 0.00296198 -0.065 
v 0.00800103 0.00331414 -0.065 
v 0.00784886 0.00365998 -0.065 
v 0.00768174 0.00399886 -0.065 
v 0.0075 0.00433013 -0.065 
v 0.00730398 0.00465315 -0.065 
v 0.00709406 0.00496732 -0.065 
v 0.00687064 0.00527203 -0.065 
v 0.00663414 0.0055667 -0.065 
v 0.00638501 0.00585078 -0.065 
v 0.00612372 0.00612372 -0.065 
v 0.00585078 0.00638501 -0.065 
v 0.0055667 0.00663414 -0.065 
v 0.00527203 0.00687064 -0.065 
v 0.00496732 0.00709406 -0.065 
v 0.00465315 0.00730398 -0.065 
v 0.00433013 0.0075 -0.065 
v 0.00399886 0.00768174 -0.065 
v 0.00365998 0.00784886 -0.065 
v 0.00331414 0.00800103 -0.065 
v 0.00296198 0.00813798 -0.065 
v 0.00260419 0.00825943 -0.065 
v 0.00224144 0.00836516 -0.065 
v 0.00187442 0.00845497 -0.065 
v 0.00150384 0.00852869 -0.065 
v 0.00113039 0.00858616 -0.065 
v 0.000754791 0.0086273 -0.065 
v 0.000377755 0.00865201 -0.065 
v 6.50521e-18 0.00866025 -0.065 
v -0.000377755 0.00865201 -0.065 
v -0.000754791 0.0086273 -0.065 
v -0.00113039 0.00858616 -0.065 
v -0.00150384 0.00852869 -0.065 
v -0.00187442 0.00845497 -0.065 
v -0.00224144 0.00836516 -0.065 
v -0.00260419 0.00825943 -0.065 
v -0.00296198 0.00813798 -0.065 
v -0.00331414 0.00800103 -0.065 
v -0.00365998 0.00784886 -0.065 
v -0.00399886 0.00768174 -0.065 
v -0.00433013 0.0075 -0.065 
v -0.00465315 0.00730398 -0.065 
v -0.00496732 0.00709406 -0.065 
v -0.00527203 0.00687064 -0.065 
v -0.0055667 0.00663414 -0.065 
v -0.00585078 0.00638501 -0.065 
v -0.00612372 0.00612372 -0.065 
v -0.00638501 0.00585078 -0.065 
v -0.00663414 0.0055667 -0.065 
v -0.00687064 0.00527203 -0.065 
v -0.00709406 0.00496732 -0.065 
v -0.00730398 0.00465315 -0.065 
v -0.0075 0.00433013 -0.065 
v -0.00768174 0.00399886 -0.065 
v -0.00784886 0.00365998 -0.065 
v -0.00800103 0.00331414 -0.065 
v -0.00813798 0.00296198 -0.065 
v -0.00825943 0.00260419 -0.065 
v -0.00836516 0.00224144 -0.065 
v -0.00845497 0.00187442 -0.065 
v -0.00852869 0.00150384 -0.065 
v -0.00858616 0.00113039 -0.065 
v -0.0086273 0.000754791 -0.065 
v -0.00865201 0.000377755 -0.065 
v -0.00866025 1.73472e-18 -0.065 
v -0.00865201 -0.000377755 -0.065 
v -0.0086273 -0.000754791 -0.065 
v -0.00858616 -0.00113039 -0.065 
v -0.00852869 -0.00150384 -0.065 
v -0.00845497 -0.00187442 -0.065 
v -0.00836516 -0.00224144 -0.065 
v -0.00825943 -0.00260419 -0.065 
v -0.00813798 -0.00296198 -0.065 
v -0.00800103 -0.00331414 -0.065 
v -0.00784886 -0.00365998 -0.065 
v -0.00768174 -0.00399886 -0.065 
v -0.0075 -0.00433013 -0.065 
v -0.00730398 -0.00465315 -0.065 
v -0.00709406 -0.00496732 -0.065 
v -0.00687064 -0.00527203 -0.065 
v -0.00663414 -0.0055667 -0.065 
v -0.00638501 -0.00585078 -0.065 
v -0.00612372 -0.00612372 -0.065 
v -0.00585078 -0.00638501 -0.065 
v -0.0055667 -0.00663414 -0.065 
v -0.00527203 -0.00687064 -0.065 
v -0.00496732 -0.00709406 -0.065 
v -0.00465315 -0.00730398 -0.065 
v -0.00433013 -0.0075 -0.065 
v -0.00399886 -0.00768174 -0.065 
v -0.00365998 -0.00784886 -0.065 
v -0.00331414 -0.00800103 -0.065 
v -0.00296198 -0.00813798 -0.065 
v -0.00260419 -0.00825943 -0.065 
v -0.00224144 -0.00836516 -0.065 
v -0.00187442 -0.00845497 -0.065 
v -0.00150384 -0.00852869 -0.065 
v -0.00113039 -0.00858616 -0.065 
v -0.000754791 -0.0086273 -0.065 
v -0.000377755 -0.00865201 -0.065 
v 5.20417e-18 -0.00866025 -0.065 
v 0.000377755 -0.00865201 -0.065 
v 0.000754791 -0.0086273 -0.065 
v 0.00113039 -0.00858616 -0.065 
v 0.00150384 -0.00852869 -0.065 
v 0.00187442 -0.00845497 -0.065 
v 0.00224144 -0.00836516 -0.065 
v 0.00260419 -0.00825943 -0.065 
v 0.00296198 -0.00813798 -0.065 
v 0.00331414 -0.00800103 -0.065 
v 0.00365998 -0.00784886 -0.065 
v 0.00399886 -0.00768174 -0.065 
v 0.00433013 -0.0075 -0.065 
v 0.00465315 -0.00730398 -0.065 
v 0.00496732 -0.00709406 -0.065 
v 0.00527203 -0.00687064 -0.065 
v 0.0055667 -0.00663414 -0.065 
v 0.00585078 -0.00638501 -0.065 
v 0.00612372 -0.00612372 -0.065 
v 0.00638501 -0.00585078 -0.065 
v 0.00663414 -0.0055667 -0.065 
v 0.00687064 -0.00527203 -0.065 
v 0.00709406 -0.00496732 -0.065 
v 0.00730398 -0.00465315 -0.065 
v 0.0075 -0.00433013 -0.065 
v 0.00709406 -0.00369294 -0.0653635 
v 0.0072484 -0.00337998 -0.0653635 
v 0.00738893 -0.0030606 -0.0653635 
v 0.0075154 -0.00273538 -0.0653635 
v 0.00762756 -0.00240496 -0.0653635 
v 0.0077252 -0.00206996 -0.0653635 
v 0.00780814 -0.00173102 -0.0653635 
v 0.00787622 -0.00138879 -0.0653635 
v 0.0079293 -0.00104391 -0.0653635 
v 0.00796729 -0.000697047 -0.0653635 
v 0.00799011 -0.000348856 -0.0653635 
v 0.00799772 1.30104e-18 -0.0653635 
v 0.00799011 0.000348856 -0.0653635 
v 0.00796729 0.000697047 -0.0653635 
v 0.0079293 0.00104391 -0.0653635 
v 0.00787622 0.00138879 -0.0653635 
v 0.00780814 0.00173102 -0.0653635 
v 0.0077252 0.00206996 -0.0653635 
v 0.00762756 0.00240496 -0.0653635 
v 0.0075154 0.00273538 -0.0653635 
v 0.00738893 0.0030606 -0.0653635 
v 0.0072484 0.00337998 -0.0653635 
v 0.00709406 0.00369294 -0.0653635 
v 0.00692623 0.00399886 -0.0653635 
v 0.00674521 0.00429717 -0.0653635 
v 0.00655135 0.0045873 -0.0653635 
v 0.00634502 0.0048687 -0.0653635 
v 0.00612661 0.00514084 -0.0653635 
v 0.00589654 0.00540318 -0.0653635 
v 0.00565524 0.00565524 -0.0653635 
v 0.00540318 0.00589654 -0.0653635 
v 0.00514084 0.00612661 -0.0653635 
v 0.0048687 0.00634502 -0.0653635 
v 0.0045873 0.00655135 -0.0653635 
v 0.00429717 0.00674521 -0.0653635 
v 0.00399886 0.00692623 -0.0653635 
v 0.00369294 0.00709406 -0.0653635 
v 0.00337998 0.0072484 -0.0653635 
v 0.0030606 0.00738893 -0.0653635 
v 0.00273538 0.0075154 -0.0653635 
v 0.00240496 0.00762756 -0.0653635 
v 0.00206996 0.0077252 -0.0653635 
v 0.00173102 0.00780814 -0.0653635 
v 0.00138879 0.00787622 -0.0653635 
v 0.00104391 0.0079293 -0.0653635 
v 0.000697047 0.00796729 -0.0653635 
v 0.000348856 0.00799011 -0.0653635 
v 6.50521e-18 0.00799772 -0.0653635 
v -0.000348856 0.00799011 -0.0653635 
v -0.000697047 0.00796729 -0.0653635 
v -0.00104391 0.0079293 -0.0653635 
v -0.00138879 0.00787622 -0.0653635 
v -0.00173102 0.00780814 -0.0653635 
v -0.00206996 0.0077252 -0.0653635 
v -0.00240496 0.00762756 -0.0653635 
v -0.00273538 0.0075154 -0.0653635 
v -0.0030606 0.00738893 -0.0653635 
v -0.00337998 0.0072484 -0.0653635 
v -0.00369294 0.00709406 -0.0653635 
v -0.00399886 0.00692623 -0.0653635 
v -0.00429717 0.00674521 -0.0653635 
v -0.0045873 0.00655135 -0.0653635 
v -0.0048687 0.00634502 -0.0653635 
v -0.00514084 0.00612661 -0.0653635 
v -0.00540318 0.00589654 -0.0653635 
v -0.00565524 0.00565524 -0.0653635 
v -0.00589654 0.00540318 -0.0653635 
v -0.00612661 0.00514084 -0.0653635 
v -0.00634502 0.0048687 -0.0653635 
v -0.00655135 0.0045873 -0.0653635 
v -0.00674521 0.00429717 -0.0653635 
v -0.00692623 0.00399886 -0.0653635 
v -0.00709406 0.00369294 -0.0653635 
v -0.0072484 0.00337998 -0.0653635 
v -0.00738893 0.0030606 -0.0653635 
v -0.0075154 0.00273538 -0.0653635 
v -0.00762756 0.00240496 -0.0653635 
v -0.0077252 0.00206996 -0.0653635 
v -0.00780814 0.00173102 -0.0653635 
v -0.00787622 0.00138879 -0.0653635 
v -0.0079293 0.00104391 -0.0653635 
v -0.00796729 0.000697047 -0.0653635 
v -0.00799011 0.000348856 -0.0653635 
v -0.00799772 1.73472e-18 -0.0653635 
v -0.00799011 -0.000348856 -0.0653635 
v -0.00796729 -0.000697047 -0.0653635 
v -0.0079293 -0.00104391 -0.0653635 
v -0.00787622 -0.00138879 -0.0653635 
v -0.00780814 -0.00173102 -0.0653635 
v -0.0077252 -0.00206996 -0.0653635 
v -0.00762756 -0.00240496 -0.0653635 
v -0.0075154 -0.00273538 -0.0653635 
v -0.00738893 -0.0030606 -0.0653635 
v -0.0072484 -0.00337998 -0.0653635 
v -0.00709406 -0.00369294 -0.0653635 
v -0.00692623 -0.00399886 -0.0653635 
v -0.00674521 -0.00429717 -0.0653635 
v -0.00655135 -0.0045873 -0.0653635 
v -0.00634502 -0.0048687 -0.0653635 
v -0.00612661 -0.00514084 -0.0653635 
v -0.00589654 -0.00540318 -0.0653635 
v -0.00565524 -0.00565524 -0.0653635 
v -0.00540318 -0.00589654 -0.0653635 
v -0.00514084 -0.00612661 -0.0653635 
v -0.0048687 -0.00634502 -0.0653635 
v -0.0045873 -0.00655135 -0.0653635 
v -0.00429717 -0.00674521 -0.0653635 
v -0.00399886 -0.00692623 -0.0653635 
v -0.00369294 -0.00709406 -0.0653635 
v -0.00337998 -0.0072484 -0.0653635 
v -0.0030606 -0.00738893 -0.0653635 
v -0.00273538 -0.0075154 -0.0653635 
v -0.00240496 -0.00762756 -0.0653635 
v -0.00206996 -0.0077252 -0.0653635 
v -0.00173102 -0.00780814 -0.0653635 
v -0.00138879 -0.00787622 -0.0653635 
v -0.00104391 -0.0079293 -0.0653635 
v -0.000697047 -0.00796729 -0.0653635 
v -0.000348856 -0.00799011 -0.0653635 
v 5.20417e-18 -0.00799772 -0.0653635 
v 0.000348856 -0.00799011 -0.0653635 
v 0.000697047 -0.00796729 -0.0653635 
v 0.00104391 -0.0079293 -0.0653635 
v 0.00138879 -0.00787622 -0.0653635 
v 0.00173102 -0.00780814 -0.0653635 
v 0.00206996 -0.0077252 -0.0653635 
v 0.00240496 -0.00762756 -0.0653635 
v 0.00273538 -0.0075154 -0.0653635 
v 0.0030606 -0.00738893 -0.0653635 
v 0.00337998 -0.0072484 -0.0653635 
v 0.00369294 -0.00709406 -0.0653635 
v 0.00399886 -0.00692623 -0.0653635 
v 0.00429717 -0.00674521 -0.0653635 
v 0.0045873 -0.00655135 -0.0653635 
v 0.0048687 -0.00634502 -0.0653635 
v 0.00514084 -0.00612661 -0.0653635 
v 0.00540318 -0.00589654 -0.0653635 
v 0.00565524 -0.00565524 -0.0653635 
v 0.00589654 -0.00540318 -0.0653635 
v 0.00612661 -0.00514084 -0.0653635 
v 0.00634502 -0.0048687 -0.0653635 
v 0.00655135 -0.0045873 -0.0653635 
v 0.00674521 -0.00429717 -0.0653635 
v 0.00692623 -0.00399886 -0.0653635 
v 0.00649289 -0.00337998 -0.0656977 
v 0.00663414 -0.00309355 -0.0656977 
v 0.00676276 -0.00280123 -0.0656977 
v 0.00687852 -0.00250357 -0.0656977 
v 0.00698117 -0.00220116 -0.0656977 
v 0.00707054 -0.00189455 -0.0656977 
v 0.00714645 -0.00158433 -0.0656977 
v 0.00720876 -0.0012711 -0.0656977 
v 0.00725734 -0.000955447 -0.0656977 
v 0.00729211 -0.000637977 -0.0656977 
v 0.007313 -0.000319292 -0.0656977 
v 0.00731996 4.33681e-19 -0.0656977 
v 0.007313 0.000319292 -0.0656977 
v 0.00729211 0.000637977 -0.0656977 
v 0.00725734 0.000955447 -0.0656977 
v 0.00720876 0.0012711 -0.0656977 
v 0.00714645 0.00158433 -0.0656977 
v 0.00707054 0.00189455 -0.0656977 
v 0.00698117 0.00220116 -0.0656977 
v 0.00687852 0.00250357 -0.0656977 
v 0.00676276 0.00280123 -0.0656977 
v 0.00663414 0.00309355 -0.0656977 
v 0.00649289 0.00337998 -0.0656977 
v 0.00633927 0.00365998 -0.0656977 
v 0.00617359 0.00393301 -0.0656977 
v 0.00599616 0.00419856 -0.0656977 
v 0.00580732 0.00445611 -0.0656977 
v 0.00560742 0.00470518 -0.0656977 
v 0.00539684 0.0049453 -0.0656977 
v 0.005176 0.005176 -0.0656977 
v 0.0049453 0.00539684 -0.0656977 
v 0.00470518 0.00560742 -0.0656977 
v 0.00445611 0.00580732 -0.0656977 
v 0.00419856 0.00599616 -0.0656977 
v 0.00393301 0.00617359 -0.0656977 
v 0.00365998 0.00633927 -0.0656977 
v 0.00337998 0.00649289 -0.0656977 
v 0.00309355 0.00663414 -0.0656977 
v 0.00280123 0.00676276 -0.0656977 
v 0.00250357 0.00687852 -0.0656977 
v 0.00220116 0.00698117 -0.0656977 
v 0.00189455 0.00707054 -0.0656977 
v 0.00158433 0.00714645 -0.0656977 
v 0.0012711 0.00720876 -0.0656977 
v 0.000955447 0.00725734 -0.0656977 
v 0.000637977 0.00729211 -0.0656977 
v 0.000319292 0.007313 -0.0656977 
v 6.93889e-18 0.00731996 -0.0656977 
v -0.000319292 0.007313 -0.0656977 
v -0.000637977 0.00729211 -0.0656977 
v -0.000955447 0.00725734 -0.0656977 
v -0.0012711 0.00720876 -0.0656977 
v -0.00158433 0.00714645 -0.0656977 
v -0.00189455 0.00707054 -0.0656977 
v -0.00220116 0.00698117 -0.0656977 
v -0.00250357 0.00687852 -0.0656977 
v -0.00280123 0.00676276 -0.0656977 
v -0.00309355 0.00663414 -0.0656977 
v -0.00337998 0.00649289 -0.0656977 
v -0.00365998 0.00633927 -0.0656977 
v -0.00393301 0.00617359 -0.0656977 
v -0.00419856 0.00599616 -0.0656977 
v -0.00445611 0.00580732 -0.0656977 
v -0.00470518 0.00560742 -0.0656977 
v -0.0049453 0.00539684 -0.0656977 
v -0.005176 0.005176 -0.0656977 
v -0.00539684 0.0049453 -0.0656977 
v -0.00560742 0.00470518 -0.0656977 
v -0.00580732 0.00445611 -0.0656977 
v -0.00599616 0.00419856 -0.0656977 
v -0.00617359 0.00393301 -0.0656977 
v -0.00633927 0.00365998 -0.0656977 
v -0.00649289 0.00337998 -0.0656977 
v -0.00663414 0.00309355 -0.0656977 
v -0.00676276 0.00280123 -0.0656977 
v -0.00687852 0.00250357 -0.0656977 
v -0.00698117 0.00220116 -0.0656977 
v -0.00707054 0.00189455 -0.0656977 
v -0.00714645 0.00158433 -0.0656977 
v -0.00720876 0.0012711 -0.0656977 
v -0.00725734 0.000955447 -0.0656977 
v -0.00729211 0.000637977 -0.0656977 
v -0.007313 0.000319292 -0.0656977 
v -0.00731996 1.73472e-18 -0.0656977 
v -0.007313 -0.000319292 -0.0656977 
v -0.00729211 -0.000637977 -0.0656977 
v -0.00725734 -0.000955447 -0.0656977 
v -0.00720876 -0.0012711 -0.0656977 
v -0.00714645 -0.00158433 -0.0656977 
v -0.00707054 -0.00189455 -0.0656977 
v -0.00698117 -0.00220116 -0.0656977 
v -0.00687852 -0.00250357 -0.0656977 
v -0.00676276 -0.00280123 -0.0656977 
v -0.00663414 -0.00309355 -0.0656977 
v -0.00649289 -0.00337998 -0.0656977 
v -0.00633927 -0.00365998 -0.0656977 
v -0.00617359 -0.00393301 -0.0656977 
v -0.00599616 -0.00419856 -0.0656977 
v -0.00580732 -0.00445611 -0.0656977 
v -0.00560742 -0.00470518 -0.0656977 
v -0.00539684 -0.0049453 -0.0656977 
v -0.005176 -0.005176 -0.0656977 
v -0.0049453 -0.00539684 -0.0656977 
v -0.00470518 -0.00560742 -0.0656977 
v -0.00445611 -0.00580732 -0.0656977 
v -0.00419856 -0.00599616 -0.0656977 
v -0.00393301 -0.00617359 -0.0656977 
v -0.00365998 -0.00633927 -0.0656977 
v -0.00337998 -0.00649289 -0.0656977 
v -0.00309355 -0.00663414 -0.0656977 
v -0.00280123 -0.00676276 -0.0656977 
v -0.00250357 -0.00687852 -0.0656977 
v -0.00220116 -0.00698117 -0.0656977 
v -0.00189455 -0.00707054 -0.0656977 
v -0.00158433 -0.00714645 -0.0656977 
v -0.0012711 -0.00720876 -0.0656977 
v -0.000955447 -0.00725734 -0.0656977 
v -0.000637977 -0.00729211 -0.0656977 
v -0.000319292 -0.007313 -0.0656977 
v 4.77049e-18 -0.00731996 -0.0656977 
v 0.000319292 -0.007313 -0.0656977 
v 0.000637977 -0.00729211 -0.0656977 
v 0.000955447 -0.00725734 -0.0656977 
v 0.0012711 -0.00720876 -0.0656977 
v 0.00158433 -0.00714645 -0.0656977 
v 0.00189455 -0.00707054 -0.0656977 
v 0.00220116 -0.00698117 -0.0656977 
v 0.00250357 -0.00687852 -0.0656977 
v 0.00280123 -0.00676276 -0.0656977 
v 0.00309355 -0.00663414 -0.0656977 
v 0.00337998 -0.00649289 -0.0656977 
v 0.00365998 -0.00633927 -0.0656977 
v 0.00393301 -0.00617359 -0.0656977 
v 0.00419856 -0.00599616 -0.0656977 
v 0.00445611 -0.00580732 -0.0656977 
v 0.00470518 -0.00560742 -0.0656977 
v 0.0049453 -0.00539684 -0.0656977 
v 0.005176 -0.005176 -0.0656977 
v 0.00539684 -0.0049453 -0.0656977 
v 0.00560742 -0.00470518 -0.0656977 
v 0.00580732 -0.00445611 -0.0656977 
v 0.00599616 -0.00419856 -0.0656977 
v 0.00617359 -0.00393301 -0.0656977 
v 0.00633927 -0.00365998 -0.0656977 
v 0.00587935 -0.0030606 -0.0660021 
v 0.00600725 -0.00280123 -0.0660021 
v 0.00612372 -0.00253653 -0.0660021 
v 0.00622854 -0.002267 -0.0660021 
v 0.00632149 -0.00199316 -0.0660021 
v 0.00640242 -0.00171552 -0.0660021 
v 0.00647115 -0.00143462 -0.0660021 
v 0.00652757 -0.00115099 -0.0660021 
v 0.00657157 -0.000865163 -0.0660021 
v 0.00660305 -0.000577692 -0.0660021 
v 0.00662196 -0.000289121 -0.0660021 
v 0.00662827 8.67362e-19 -0.0660021 
v 0.00662196 0.000289121 -0.0660021 
v 0.00660305 0.000577692 -0.0660021 
v 0.00657157 0.000865163 -0.0660021 
v 0.00652757 0.00115099 -0.0660021 
v 0.00647115 0.00143462 -0.0660021 
v 0.00640242 0.00171552 -0.0660021 
v 0.00632149 0.00199316 -0.0660021 
v 0.00622854 0.002267 -0.0660021 
v 0.00612372 0.00253653 -0.0660021 
v 0.00600725 0.00280123 -0.0660021 
v 0.00587935 0.0030606 -0.0660021 
v 0.00574025 0.00331414 -0.0660021 
v 0.00559023 0.00356137 -0.0660021 
v 0.00542956 0.00380182 -0.0660021 
v 0.00525856 0.00403504 -0.0660021 
v 0.00507755 0.00426057 -0.0660021 
v 0.00488687 0.004478 -0.0660021 
v 0.0046869 0.0046869 -0.0660021 
v 0.004478 0.00488687 -0.0660021 
v 0.00426057 0.00507755 -0.0660021 
v 0.00403504 0.00525856 -0.0660021 
v 0.00380182 0.00542956 -0.0660021 
v 0.00356137 0.00559023 -0.0660021 
v 0.00331414 0.00574025 -0.0660021 
v 0.0030606 0.00587935 -0.0660021 
v 0.00280123 0.00600725 -0.0660021 
v 0.00253653 0.00612372 -0.0660021 
v 0.002267 0.00622854 -0.0660021 
v 0.00199316 0.00632149 -0.0660021 
v 0.00171552 0.00640242 -0.0660021 
v 0.00143462 0.00647115 -0.0660021 
v 0.00115099 0.00652757 -0.0660021 
v 0.000865163 0.00657157 -0.0660021 
v 0.000577692 0.00660305 -0.0660021 
v 0.000289121 0.00662196 -0.0660021 
v 6.93889e-18 0.00662827 -0.0660021 
v -0.000289121 0.00662196 -0.0660021 
v -0.000577692 0.00660305 -0.0660021 
v -0.000865163 0.00657157 -0.0660021 
v -0.00115099 0.00652757 -0.0660021 
v -0.00143462 0.00647115 -0.0660021 
v -0.00171552 0.00640242 -0.0660021 
v -0.00199316 0.00632149 -0.0660021 
v -0.002267 0.00622854 -0.0660021 
v -0.00253653 0.00612372 -0.0660021 
v -0.00280123 0.00600725 -0.0660021 
v -0.0030606 0.00587935 -0.0660021 
v -0.00331414 0.00574025 -0.0660021 
v -0.00356137 0.00559023 -0.0660021 
v -0.00380182 0.00542956 -0.0660021 
v -0.00403504 0.00525856 -0.0660021 
v -0.00426057 0.00507755 -0.0660021 
v -0.004478 0.00488687 -0.0660021 
v -0.0046869 0.0046869 -0.0660021 
v -0.00488687 0.004478 -0.0660021 
v -0.00507755 0.00426057 -0.0660021 
v -0.00525856 0.00403504 -0.0660021 
v -0.00542956 0.00380182 -0.0660021 
v -0.00559023 0.00356137 -0.0660021 
v -0.00574025 0.00331414 -0.0660021 
v -0.00587935 0.0030606 -0.0660021 
v -0.00600725 0.00280123 -0.0660021 
v -0.00612372 0.00253653 -0.0660021 
v -0.00622854 0.002267 -0.0660021 
v -0.00632149 0.00199316 -0.0660021 
v -0.00640242 0.00171552 -0.0660021 
v -0.00647115 0.00143462 -0.0660021 
v -0.00652757 0.00115099 -0.0660021 
v -0.00657157 0.000865163 -0.0660021 
v -0.00660305 0.000577692 -0.0660021 
v -0.00662196 0.000289121 -0.0660021 
v -0.00662827 1.30104e-18 -0.0660021 
v -0.00662196 -0.000289121 -0.0660021 
v -0.00660305 -0.000577692 -0.0660021 
v -0.00657157 -0.000865163 -0.0660021 
v -0.00652757 -0.00115099 -0.0660021 
v -0.00647115 -0.00143462 -0.0660021 
v -0.00640242 -0.00171552 -0.0660021 
v -0.00632149 -0.00199316 -0.0660021 
v -0.00622854 -0.002267 -0.0660021 
v -0.00612372 -0.00253653 -0.0660021 
v -0.00600725 -0.00280123 -0.0660021 
v -0.00587935 -0.0030606 -0.0660021 
v -0.00574025 -0.00331414 -0.0660021 
v -0.00559023 -0.00356137 -0.0660021 
v -0.00542956 -0.00380182 -0.0660021 
v -0.00525856 -0.00403504 -0.0660021 
v -0.00507755 -0.00426057 -0.0660021 
v -0.00488687 -0.004478 -0.0660021 
v -0.0046869 -0.0046869 -0.0660021 
v -0.004478 -0.00488687 -0.0660021 
v -0.00426057 -0.00507755 -0.0660021 
v -0.00403504 -0.00525856 -0.0660021 
v -0.00380182 -0.00542956 -0.0660021 
v -0.00356137 -0.00559023 -0.0660021 
v -0.00331414 -0.00574025 -0.0660021 
v -0.0030606 -0.00587935 -0.0660021 
v -0.00280123 -0.00600725 -0.0660021 
v -0.00253653 -0.00612372 -0.0660021 
v -0.002267 -0.00622854 -0.0660021 
v -0.00199316 -0.00632149 -0.0660021 
v -0.00171552 -0.00640242 -0.0660021 
v -0.00143462 -0.00647115 -0.0660021 
v -0.00115099 -0.00652757 -0.0660021 
v -0.000865163 -0.00657157 -0.0660021 
v -0.000577692 -0.00660305 -0.0660021 
v -0.000289121 -0.00662196 -0.0660021 
v 5.20417e-18 -0.00662827 -0.0660021 
v 0.000289121 -0.00662196 -0.0660021 
v 0.000577692 -0.00660305 -0.0660021 
v 0.000865163 -0.00657157 -0.0660021 
v 0.00115099 -0.00652757 -0.0660021 
v 0.00143462 -0.00647115 -0.0660021 
v 0.00171552 -0.00640242 -0.0660021 
v 0.00199316 -0.00632149 -0.0660021 
v 0.002267 -0.00622854 -0.0660021 
v 0.00253653 -0.00612372 -0.0660021 
v 0.00280123 -0.00600725 -0.0660021 
v 0.0030606 -0.00587935 -0.0660021 
v 0.00331414 -0.00574025 -0.0660021 
v 0.00356137 -0.00559023 -0.0660021 
v 0.00380182 -0.00542956 -0.0660021 
v 0.00403504 -0.00525856 -0.0660021 
v 0.00426057 -0.00507755 -0.0660021 
v 0.004478 -0.00488687 -0.0660021 
v 0.0046869 -0.0046869 -0.0660021 
v 0.00488687 -0.004478 -0.0660021 
v 0.00507755 -0.00426057 -0.0660021 
v 0.00525856 -0.00403504 -0.0660021 
v 0.00542956 -0.00380182 -0.0660021 
v 0.00559023 -0.00356137 -0.0660021 
v 0.00574025 -0.00331414 -0.0660021 
v 0.00525462 -0.00273538 -0.066276 
v 0.00536893 -0.00250357 -0.066276 
v 0.00547303 -0.002267 -0.066276 
v 0.0055667 -0.00202611 -0.066276 
v 0.00564978 -0.00178137 -0.066276 
v 0.00572211 -0.00153323 -0.066276 
v 0.00578354 -0.00128218 -0.066276 
v 0.00583396 -0.00102869 -0.066276 
v 0.00587328 -0.000773232 -0.066276 
v 0.00590142 -0.000516307 -0.066276 
v 0.00591832 -0.0002584 -0.066276 
v 0.00592396 8.67362e-19 -0.066276 
v 0.00591832 0.0002584 -0.066276 
v 0.00590142 0.000516307 -0.066276 
v 0.00587328 0.000773232 -0.066276 
v 0.00583396 0.00102869 -0.066276 
v 0.00578354 0.00128218 -0.066276 
v 0.00572211 0.00153323 -0.066276 
v 0.00564978 0.00178137 -0.066276 
v 0.0055667 0.00202611 -0.066276 
v 0.00547303 0.002267 -0.066276 
v 0.00536893 0.00250357 -0.066276 
v 0.00525462 0.00273538 -0.066276 
v 0.0051303 0.00296198 -0.066276 
v 0.00499622 0.00318294 -0.066276 
v 0.00485263 0.00339785 -0.066276 
v 0.0046998 0.00360628 -0.066276 
v 0.00453802 0.00380785 -0.066276 
v 0.0043676 0.00400217 -0.066276 
v 0.00418887 0.00418887 -0.066276 
v 0.00400217 0.0043676 -0.066276 
v 0.00380785 0.00453802 -0.066276 
v 0.00360628 0.0046998 -0.066276 
v 0.00339785 0.00485263 -0.066276 
v 0.00318294 0.00499622 -0.066276 
v 0.00296198 0.0051303 -0.066276 
v 0.00273538 0.00525462 -0.066276 
v 0.00250357 0.00536893 -0.066276 
v 0.002267 0.00547303 -0.066276 
v 0.00202611 0.0055667 -0.066276 
v 0.00178137 0.00564978 -0.066276 
v 0.00153323 0.00572211 -0.066276 
v 0.00128218 0.00578354 -0.066276 
v 0.00102869 0.00583396 -0.066276 
v 0.000773232 0.00587328 -0.066276 
v 0.000516307 0.00590142 -0.066276 
v 0.0002584 0.00591832 -0.066276 
v 6.50521e-18 0.00592396 -0.066276 
v -0.0002584 0.00591832 -0.066276 
v -0.000516307 0.00590142 -0.066276 
v -0.000773232 0.00587328 -0.066276 
v -0.00102869 0.00583396 -0.066276 
v -0.00128218 0.00578354 -0.066276 
v -0.00153323 0.00572211 -0.066276 
v -0.00178137 0.00564978 -0.066276 
v -0.00202611 0.0055667 -0.066276 
v -0.002267 0.00547303 -0.066276 
v -0.00250357 0.00536893 -0.066276 
v -0.00273538 0.00525462 -0.066276 
v -0.00296198 0.0051303 -0.066276 
v -0.00318294 0.00499622 -0.066276 
v -0.00339785 0.00485263 -0.066276 
v -0.00360628 0.0046998 -0.066276 
v -0.00380785 0.00453802 -0.066276 
v -0.00400217 0.0043676 -0.066276 
v -0.00418887 0.00418887 -0.066276 
v -0.0043676 0.00400217 -0.066276 
v -0.00453802 0.00380785 -0.066276 
v -0.0046998 0.00360628 -0.066276 
v -0.00485263 0.00339785 -0.066276 
v -0.00499622 0.00318294 -0.066276 
v -0.0051303 0.00296198 -0.066276 
v -0.00525462 0.00273538 -0.066276 
v -0.00536893 0.00250357 -0.066276 
v -0.00547303 0.002267 -0.066276 
v -0.0055667 0.00202611 -0.066276 
v -0.00564978 0.00178137 -0.066276 
v -0.00572211 0.00153323 -0.066276 
v -0.00578354 0.00128218 -0.066276 
v -0.00583396 0.00102869 -0.066276 
v -0.00587328 0.000773232 -0.066276 
v -0.00590142 0.000516307 -0.066276 
v -0.00591832 0.0002584 -0.066276 
v -0.00592396 1.30104e-18 -0.066276 
v -0.00591832 -0.0002584 -0.066276 
v -0.00590142 -0.000516307 -0.066276 
v -0.00587328 -0.000773232 -0.066276 
v -0.00583396 -0.00102869 -0.066276 
v -0.00578354 -0.00128218 -0.066276 
v -0.00572211 -0.00153323 -0.066276 
v -0.00564978 -0.00178137 -0.066276 
v -0.0055667 -0.00202611 -0.066276 
v -0.00547303 -0.002267 -0.066276 
v -0.00536893 -0.00250357 -0.066276 
v -0.00525462 -0.00273538 -0.066276 
v -0.0051303 -0.00296198 -0.066276 
v -0.00499622 -0.00318294 -0.066276 
v -0.00485263 -0.00339785 -0.066276 
v -0.0046998 -0.00360628 -0.066276 
v -0.00453802 -0.00380785 -0.066276 
v -0.0043676 -0.00400217 -0.066276 
v -0.00418887 -0.00418887 -0.066276 
v -0.00400217 -0.0043676 -0.066276 
v -0.00380785 -0.00453802 -0.066276 
v -0.00360628 -0.0046998 -0.066276 
v -0.00339785 -0.00485263 -0.066276 
v -0.00318294 -0.00499622 -0.066276 
v -0.00296198 -0.0051303 -0.066276 
v -0.00273538 -0.00525462 -0.066276 
v -0.00250357 -0.00536893 -0.066276 
v -0.002267 -0.00547303 -0.066276 
v -0.00202611 -0.0055667 -0.066276 
v -0.00178137 -0.00564978 -0.066276 
v -0.00153323 -0.00572211 -0.066276 
v -0.00128218 -0.00578354 -0.066276 
v -0.00102869 -0.00583396 -0.066276 
v -0.000773232 -0.00587328 -0.066276 
v -0.000516307 -0.00590142 -0.066276 
v -0.0002584 -0.00591832 -0.066276 
v 5.63785e-18 -0.00592396 -0.066276 
v 0.0002584 -0.00591832 -0.066276 
v 0.000516307 -0.00590142 -0.066276 
v 0.000773232 -0.00587328 -0.066276 
v 0.00102869 -0.00583396 -0.066276 
v 0.00128218 -0.00578354 -0.066276 
v 0.00153323 -0.00572211 -0.066276 
v 0.00178137 -0.00564978 -0.066276 
v 0.00202611 -0.0055667 -0.066276 
v 0.002267 -0.00547303 -0.066276 
v 0.00250357 -0.00536893 -0.066276 
v 0.00273538 -0.00525462 -0.066276 
v 0.00296198 -0.0051303 -0.066276 
v 0.00318294 -0.00499622 -0.066276 
v 0.00339785 -0.00485263 -0.066276 
v 0.00360628 -0.0046998 -0.066276 
v 0.00380785 -0.00453802 -0.066276 
v 0.00400217 -0.0043676 -0.066276 
v 0.00418887 -0.00418887 -0.066276 
v 0.0043676 -0.00400217 -0.066276 
v 0.00453802 -0.00380785 -0.066276 
v 0.0046998 -0.00360628 -0.066276 
v 0.00485263 -0.00339785 -0.066276 
v 0.00499622 -0.00318294 -0.066276 
v 0.0051303 -0.00296198 -0.066276 
v 0.00461989 -0.00240496 -0.0665189 
v 0.00472039 -0.00220116 -0.0665189 
v 0.00481191 -0.00199316 -0.0665189 
v 0.00489427 -0.00178137 -0.0665189 
v 0.00496732 -0.00156619 -0.0665189 
v 0.00503091 -0.00134803 -0.0665189 
v 0.00508492 -0.0011273 -0.0665189 
v 0.00512925 -0.000904425 -0.0665189 
v 0.00516382 -0.00067983 -0.0665189 
v 0.00518856 -0.00045394 -0.0665189 
v 0.00520342 -0.000227186 -0.0665189 
v 0.00520838 0 -0.0665189 
v 0.00520342 0.000227186 -0.0665189 
v 0.00518856 0.00045394 -0.0665189 
v 0.00516382 0.00067983 -0.0665189 
v 0.00512925 0.000904425 -0.0665189 
v 0.00508492 0.0011273 -0.0665189 
v 0.00503091 0.00134803 -0.0665189 
v 0.00496732 0.00156619 -0.0665189 
v 0.00489427 0.00178137 -0.0665189 
v 0.00481191 0.00199316 -0.0665189 
v 0.00472039 0.00220116 -0.0665189 
v 0.00461989 0.00240496 -0.0665189 
v 0.00451059 0.00260419 -0.0665189 
v 0.0043927 0.00279846 -0.0665189 
v 0.00426645 0.0029874 -0.0665189 
v 0.00413208 0.00317066 -0.0665189 
v 0.00398985 0.00334788 -0.0665189 
v 0.00384002 0.00351873 -0.0665189 
v 0.00368288 0.00368288 -0.0665189 
v 0.00351873 0.00384002 -0.0665189 
v 0.00334788 0.00398985 -0.0665189 
v 0.00317066 0.00413208 -0.0665189 
v 0.0029874 0.00426645 -0.0665189 
v 0.00279846 0.0043927 -0.0665189 
v 0.00260419 0.00451059 -0.0665189 
v 0.00240496 0.00461989 -0.0665189 
v 0.00220116 0.00472039 -0.0665189 
v 0.00199316 0.00481191 -0.0665189 
v 0.00178137 0.00489427 -0.0665189 
v 0.00156619 0.00496732 -0.0665189 
v 0.00134803 0.00503091 -0.0665189 
v 0.0011273 0.00508492 -0.0665189 
v 0.000904425 0.00512925 -0.0665189 
v 0.00067983 0.00516382 -0.0665189 
v 0.00045394 0.00518856 -0.0665189 
v 0.000227186 0.00520342 -0.0665189 
v 7.37257e-18 0.00520838 -0.0665189 
v -0.000227186 0.00520342 -0.0665189 
v -0.00045394 0.00518856 -0.0665189 
v -0.00067983 0.00516382 -0.0665189 
v -0.000904425 0.00512925 -0.0665189 
v -0.0011273 0.00508492 -0.0665189 
v -0.00134803 0.00503091 -0.0665189 
v -0.00156619 0.00496732 -0.0665189 
v -0.00178137 0.00489427 -0.0665189 
v -0.00199316 0.00481191 -0.0665189 
v -0.00220116 0.00472039 -0.0665189 
v -0.00240496 0.00461989 -0.0665189 
v -0.00260419 0.00451059 -0.0665189 
v -0.00279846 0.0043927 -0.0665189 
v -0.0029874 0.00426645 -0.0665189 
v -0.00317066 0.00413208 -0.0665189 
v -0.00334788 0.00398985 -0.0665189 
v -0.00351873 0.00384002 -0.0665189 
v -0.00368288 0.00368288 -0.0665189 
v -0.00384002 0.00351873 -0.0665189 
v -0.00398985 0.00334788 -0.0665189 
v -0.00413208 0.00317066 -0.0665189 
v -0.00426645 0.0029874 -0.0665189 
v -0.0043927 0.00279846 -0.0665189 
v -0.00451059 0.00260419 -0.0665189 
v -0.00461989 0.00240496 -0.0665189 
v -0.00472039 0.00220116 -0.0665189 
v -0.00481191 0.00199316 -0.0665189 
v -0.00489427 0.00178137 -0.0665189 
v -0.00496732 0.00156619 -0.0665189 
v -0.00503091 0.00134803 -0.0665189 
v -0.00508492 0.0011273 -0.0665189 
v -0.00512925 0.000904425 -0.0665189 
v -0.00516382 0.00067983 -0.0665189 
v -0.00518856 0.00045394 -0.0665189 
v -0.00520342 0.000227186 -0.0665189 
v -0.00520838 1.30104e-18 -0.0665189 
v -0.00520342 -0.000227186 -0.0665189 
v -0.00518856 -0.00045394 -0.0665189 
v -0.00516382 -0.00067983 -0.0665189 
v -0.00512925 -0.000904425 -0.0665189 
v -0.00508492 -0.0011273 -0.0665189 
v -0.00503091 -0.00134803 -0.0665189 
v -0.00496732 -0.00156619 -0.0665189 
v -0.00489427 -0.00178137 -0.0665189 
v -0.00481191 -0.00199316 -0.0665189 
v -0.00472039 -0.00220116 -0.0665189 
v -0.00461989 -0.00240496 -0.0665189 
v -0.00451059 -0.00260419 -0.0665189 
v -0.0043927 -0.00279846 -0.0665189 
v -0.00426645 -0.0029874 -0.0665189 
v -0.00413208 -0.00317066 -0.0665189 
v -0.00398985 -0.00334788 -0.0665189 
v -0.00384002 -0.00351873 -0.0665189 
v -0.00368288 -0.00368288 -0.0665189 
v -0.00351873 -0.00384002 -0.0665189 
v -0.00334788 -0.00398985 -0.0665189 
v -0.00317066 -0.00413208 -0.0665189 
v -0.0029874 -0.00426645 -0.0665189 
v -0.00279846 -0.0043927 -0.0665189 
v -0.00260419 -0.00451059 -0.0665189 
v -0.00240496 -0.00461989 -0.0665189 
v -0.00220116 -0.00472039 -0.0665189 
v -0.00199316 -0.00481191 -0.0665189 
v -0.00178137 -0.00489427 -0.0665189 
v -0.00156619 -0.00496732 -0.0665189 
v -0.00134803 -0.00503091 -0.0665189 
v -0.0011273 -0.00508492 -0.0665189 
v -0.000904425 -0.00512925 -0.0665189 
v -0.00067983 -0.00516382 -0.0665189 
v -0.00045394 -0.00518856 -0.0665189 
v -0.000227186 -0.00520342 -0.0665189 
v 5.63785e-18 -0.00520838 -0.0665189 
v 0.000227186 -0.00520342 -0.0665189 
v 0.00045394 -0.00518856 -0.0665189 
v 0.00067983 -0.00516382 -0.0665189 
v 0.000904425 -0.00512925 -0.0665189 
v 0.0011273 -0.00508492 -0.0665189 
v 0.00134803 -0.00503091 -0.0665189 
v 0.00156619 -0.00496732 -0.0665189 
v 0.00178137 -0.00489427 -0.0665189 
v 0.00199316 -0.00481191 -0.0665189 
v 0.00220116 -0.00472039 -0.0665189 
v 0.00240496 -0.00461989 -0.0665189 
v 0.00260419 -0.00451059 -0.0665189 
v 0.00279846 -0.0043927 -0.0665189 
v 0.0029874 -0.00426645 -0.0665189 
v 0.00317066 -0.00413208 -0.0665189 
v 0.00334788 -0.00398985 -0.0665189 
v 0.00351873 -0.00384002 -0.0665189 
v 0.00368288 -0.00368288 -0.0665189 
v 0.00384002 -0.00351873 -0.0665189 
v 0.00398985 -0.00334788 -0.0665189 
v 0.00413208 -0.00317066 -0.0665189 
v 0.00426645 -0.0029874 -0.0665189 
v 0.0043927 -0.00279846 -0.0665189 
v 0.00451059 -0.00260419 -0.0665189 
v 0.00397636 -0.00206996 -0.0667303 
v 0.00406287 -0.00189455 -0.0667303 
v 0.00414164 -0.00171552 -0.0667303 
v 0.00421253 -0.00153323 -0.0667303 
v 0.0042754 -0.00134803 -0.0667303 
v 0.00433013 -0.00116025 -0.0667303 
v 0.00437662 -0.000970272 -0.0667303 
v 0.00441477 -0.000778443 -0.0667303 
v 0.00444453 -0.000585133 -0.0667303 
v 0.00446582 -0.000390709 -0.0667303 
v 0.00447861 -0.00019554 -0.0667303 
v 0.00448288 4.33681e-19 -0.0667303 
v 0.00447861 0.00019554 -0.0667303 
v 0.00446582 0.000390709 -0.0667303 
v 0.00444453 0.000585133 -0.0667303 
v 0.00441477 0.000778443 -0.0667303 
v 0.00437662 0.000970272 -0.0667303 
v 0.00433013 0.00116025 -0.0667303 
v 0.0042754 0.00134803 -0.0667303 
v 0.00421253 0.00153323 -0.0667303 
v 0.00414164 0.00171552 -0.0667303 
v 0.00406287 0.00189455 -0.0667303 
v 0.00397636 0.00206996 -0.0667303 
v 0.00388229 0.00224144 -0.0667303 
v 0.00378082 0.00240865 -0.0667303 
v 0.00367216 0.00257127 -0.0667303 
v 0.00355651 0.002729 -0.0667303 
v 0.00343408 0.00288154 -0.0667303 
v 0.00330512 0.00302859 -0.0667303 
v 0.00316987 0.00316987 -0.0667303 
v 0.00302859 0.00330512 -0.0667303 
v 0.00288154 0.00343408 -0.0667303 
v 0.002729 0.00355651 -0.0667303 
v 0.00257127 0.00367216 -0.0667303 
v 0.00240865 0.00378082 -0.0667303 
v 0.00224144 0.00388229 -0.0667303 
v 0.00206996 0.00397636 -0.0667303 
v 0.00189455 0.00406287 -0.0667303 
v 0.00171552 0.00414164 -0.0667303 
v 0.00153323 0.00421253 -0.0667303 
v 0.00134803 0.0042754 -0.0667303 
v 0.00116025 0.00433013 -0.0667303 
v 0.000970272 0.00437662 -0.0667303 
v 0.000778443 0.00441477 -0.0667303 
v 0.000585133 0.00444453 -0.0667303 
v 0.000390709 0.00446582 -0.0667303 
v 0.00019554 0.00447861 -0.0667303 
v 7.15573e-18 0.00448288 -0.0667303 
v -0.00019554 0.00447861 -0.0667303 
v -0.000390709 0.00446582 -0.0667303 
v -0.000585133 0.00444453 -0.0667303 
v -0.000778443 0.00441477 -0.0667303 
v -0.000970272 0.00437662 -0.0667303 
v -0.00116025 0.00433013 -0.0667303 
v -0.00134803 0.0042754 -0.0667303 
v -0.00153323 0.00421253 -0.0667303 
v -0.00171552 0.00414164 -0.0667303 
v -0.00189455 0.00406287 -0.0667303 
v -0.00206996 0.00397636 -0.0667303 
v -0.00224144 0.00388229 -0.0667303 
v -0.00240865 0.00378082 -0.0667303 
v -0.00257127 0.00367216 -0.0667303 
v -0.002729 0.00355651 -0.0667303 
v -0.00288154 0.00343408 -0.0667303 
v -0.00302859 0.00330512 -0.0667303 
v -0.00316987 0.00316987 -0.0667303 
v -0.00330512 0.00302859 -0.0667303 
v -0.00343408 0.00288154 -0.0667303 
v -0.00355651 0.002729 -0.0667303 
v -0.00367216 0.00257127 -0.0667303 
v -0.00378082 0.00240865 -0.0667303 
v -0.00388229 0.00224144 -0.0667303 
v -0.00397636 0.00206996 -0.0667303 
v -0.00406287 0.00189455 -0.0667303 
v -0.00414164 0.00171552 -0.0667303 
v -0.00421253 0.00153323 -0.0667303 
v -0.0042754 0.00134803 -0.0667303 
v -0.00433013 0.00116025 -0.0667303 
v -0.00437662 0.000970272 -0.0667303 
v -0.00441477 0.000778443 -0.0667303 
v -0.00444453 0.000585133 -0.0667303 
v -0.00446582 0.000390709 -0.0667303 
v -0.00447861 0.00019554 -0.0667303 
v -0.00448288 8.67362e-19 -0.0667303 
v -0.00447861 -0.00019554 -0.0667303 
v -0.00446582 -0.000390709 -0.0667303 
v -0.00444453 -0.000585133 -0.0667303 
v -0.00441477 -0.000778443 -0.0667303 
v -0.00437662 -0.000970272 -0.0667303 
v -0.00433013 -0.00116025 -0.0667303 
v -0.0042754 -0.00134803 -0.0667303 
v -0.00421253 -0.00153323 -0.0667303 
v -0.00414164 -0.00171552 -0.0667303 
v -0.00406287 -0.00189455 -0.0667303 
v -0.00397636 -0.00206996 -0.0667303 
v -0.00388229 -0.00224144 -0.0667303 
v -0.00378082 -0.00240865 -0.0667303 
v -0.00367216 -0.00257127 -0.0667303 
v -0.00355651 -0.002729 -0.0667303 
v -0.00343408 -0.00288154 -0.0667303 
v -0.00330512 -0.00302859 -0.0667303 
v -0.00316987 -0.00316987 -0.0667303 
v -0.00302859 -0.00330512 -0.0667303 
v -0.00288154 -0.00343408 -0.0667303 
v -0.002729 -0.00355651 -0.0667303 
v -0.00257127 -0.00367216 -0.0667303 
v -0.00240865 -0.00378082 -0.0667303 
v -0.00224144 -0.00388229 -0.0667303 
v -0.00206996 -0.00397636 -0.0667303 
v -0.00189455 -0.00406287 -0.0667303 
v -0.00171552 -0.00414164 -0.0667303 
v -0.00153323 -0.00421253 -0.0667303 
v -0.00134803 -0.0042754 -0.0667303 
v -0.00116025 -0.00433013 -0.0667303 
v -0.000970272 -0.00437662 -0.0667303 
v -0.000778443 -0.00441477 -0.0667303 
v -0.000585133 -0.00444453 -0.0667303 
v -0.000390709 -0.00446582 -0.0667303 
v -0.00019554 -0.00447861 -0.0667303 
v 6.07153e-18 -0.00448288 -0.0667303 
v 0.00019554 -0.00447861 -0.0667303 
v 0.000390709 -0.00446582 -0.0667303 
v 0.000585133 -0.00444453 -0.0667303 
v 0.000778443 -0.00441477 -0.0667303 
v 0.000970272 -0.00437662 -0.0667303 
v 0.00116025 -0.00433013 -0.0667303 
v 0.00134803 -0.0042754 -0.0667303 
v 0.00153323 -0.00421253 -0.0667303 
v 0.00171552 -0.00414164 -0.0667303 
v 0.00189455 -0.00406287 -0.0667303 
v 0.00206996 -0.00397636 -0.0667303 
v 0.00224144 -0.00388229 -0.0667303 
v 0.00240865 -0.00378082 -0.0667303 
v 0.00257127 -0.00367216 -0.0667303 
v 0.002729 -0.00355651 -0.0667303 
v 0.00288154 -0.00343408 -0.0667303 
v 0.00302859 -0.00330512 -0.0667303 
v 0.00316987 -0.00316987 -0.0667303 
v 0.00330512 -0.00302859 -0.0667303 
v 0.00343408 -0.00288154 -0.0667303 
v 0.00355651 -0.002729 -0.0667303 
v 0.00367216 -0.00257127 -0.0667303 
v 0.00378082 -0.00240865 -0.0667303 
v 0.00388229 -0.00224144 -0.0667303 
v 0.00332527 -0.00173102 -0.0669099 
v 0.00339761 -0.00158433 -0.0669099 
v 0.00346348 -0.00143462 -0.0669099 
v 0.00352276 -0.00128218 -0.0669099 
v 0.00357534 -0.0011273 -0.0669099 
v 0.00362111 -0.000970272 -0.0669099 
v 0.00365998 -0.000811398 -0.0669099 
v 0.00369189 -0.00065098 -0.0669099 
v 0.00371677 -0.000489322 -0.0669099 
v 0.00373458 -0.000326733 -0.0669099 
v 0.00374528 -0.000163522 -0.0669099 
v 0.00374884 2.1684e-19 -0.0669099 
v 0.00374528 0.000163522 -0.0669099 
v 0.00373458 0.000326733 -0.0669099 
v 0.00371677 0.000489322 -0.0669099 
v 0.00369189 0.00065098 -0.0669099 
v 0.00365998 0.000811398 -0.0669099 
v 0.00362111 0.000970272 -0.0669099 
v 0.00357534 0.0011273 -0.0669099 
v 0.00352276 0.00128218 -0.0669099 
v 0.00346348 0.00143462 -0.0669099 
v 0.00339761 0.00158433 -0.0669099 
v 0.00332527 0.00173102 -0.0669099 
v 0.00324659 0.00187442 -0.0669099 
v 0.00316174 0.00201425 -0.0669099 
v 0.00307087 0.00215025 -0.0669099 
v 0.00297416 0.00228215 -0.0669099 
v 0.00287178 0.00240971 -0.0669099 
v 0.00276394 0.00253268 -0.0669099 
v 0.00265083 0.00265083 -0.0669099 
v 0.00253268 0.00276394 -0.0669099 
v 0.00240971 0.00287178 -0.0669099 
v 0.00228215 0.00297416 -0.0669099 
v 0.00215025 0.00307087 -0.0669099 
v 0.00201425 0.00316174 -0.0669099 
v 0.00187442 0.00324659 -0.0669099 
v 0.00173102 0.00332527 -0.0669099 
v 0.00158433 0.00339761 -0.0669099 
v 0.00143462 0.00346348 -0.0669099 
v 0.00128218 0.00352276 -0.0669099 
v 0.0011273 0.00357534 -0.0669099 
v 0.000970272 0.00362111 -0.0669099 
v 0.000811398 0.00365998 -0.0669099 
v 0.00065098 0.00369189 -0.0669099 
v 0.000489322 0.00371677 -0.0669099 
v 0.000326733 0.00373458 -0.0669099 
v 0.000163522 0.00374528 -0.0669099 
v 7.37257e-18 0.00374884 -0.0669099 
v -0.000163522 0.00374528 -0.0669099 
v -0.000326733 0.00373458 -0.0669099 
v -0.000489322 0.00371677 -0.0669099 
v -0.00065098 0.00369189 -0.0669099 
v -0.000811398 0.00365998 -0.0669099 
v -0.000970272 0.00362111 -0.0669099 
v -0.0011273 0.00357534 -0.0669099 
v -0.00128218 0.00352276 -0.0669099 
v -0.00143462 0.00346348 -0.0669099 
v -0.00158433 0.00339761 -0.0669099 
v -0.00173102 0.00332527 -0.0669099 
v -0.00187442 0.00324659 -0.0669099 
v -0.00201425 0.00316174 -0.0669099 
v -0.00215025 0.00307087 -0.0669099 
v -0.00228215 0.00297416 -0.0669099 
v -0.00240971 0.00287178 -0.0669099 
v -0.00253268 0.00276394 -0.0669099 
v -0.00265083 0.00265083 -0.0669099 
v -0.00276394 0.00253268 -0.0669099 
v -0.00287178 0.00240971 -0.0669099 
v -0.00297416 0.00228215 -0.0669099 
v -0.00307087 0.00215025 -0.0669099 
v -0.00316174 0.00201425 -0.0669099 
v -0.00324659 0.00187442 -0.0669099 
v -0.00332527 0.00173102 -0.0669099 
v -0.00339761 0.00158433 -0.0669099 
v -0.00346348 0.00143462 -0.0669099 
v -0.00352276 0.00128218 -0.0669099 
v -0.00357534 0.0011273 -0.0669099 
v -0.00362111 0.000970272 -0.0669099 
v -0.00365998 0.000811398 -0.0669099 
v -0.00369189 0.00065098 -0.0669099 
v -0.00371677 0.000489322 -0.0669099 
v -0.00373458 0.000326733 -0.0669099 
v -0.00374528 0.000163522 -0.0669099 
v -0.00374884 8.67362e-19 -0.0669099 
v -0.00374528 -0.000163522 -0.0669099 
v -0.00373458 -0.000326733 -0.0669099 
v -0.00371677 -0.000489322 -0.0669099 
v -0.00369189 -0.00065098 -0.0669099 
v -0.00365998 -0.000811398 -0.0669099 
v -0.00362111 -0.000970272 -0.0669099 
v -0.00357534 -0.0011273 -0.0669099 
v -0.00352276 -0.00128218 -0.0669099 
v -0.00346348 -0.00143462 -0.0669099 
v -0.00339761 -0.00158433 -0.0669099 
v -0.00332527 -0.00173102 -0.0669099 
v -0.00324659 -0.00187442 -0.0669099 
v -0.00316174 -0.00201425 -0.0669099 
v -0.00307087 -0.00215025 -0.0669099 
v -0.00297416 -0.00228215 -0.0669099 
v -0.00287178 -0.00240971 -0.0669099 
v -0.00276394 -0.00253268 -0.0669099 
v -0.00265083 -0.00265083 -0.0669099 
v -0.00253268 -0.00276394 -0.0669099 
v -0.00240971 -0.00287178 -0.0669099 
v -0.00228215 -0.00297416 -0.0669099 
v -0.00215025 -0.00307087 -0.0669099 
v -0.00201425 -0.00316174 -0.0669099 
v -0.00187442 -0.00324659 -0.0669099 
v -0.00173102 -0.00332527 -0.0669099 
v -0.00158433 -0.00339761 -0.0669099 
v -0.00143462 -0.00346348 -0.0669099 
v -0.00128218 -0.00352276 -0.0669099 
v -0.0011273 -0.00357534 -0.0669099 
v -0.000970272 -0.00362111 -0.0669099 
v -0.000811398 -0.00365998 -0.0669099 
v -0.00065098 -0.00369189 -0.0669099 
v -0.000489322 -0.00371677 -0.0669099 
v -0.000326733 -0.00373458 -0.0669099 
v -0.000163522 -0.00374528 -0.0669099 
v 6.07153e-18 -0.00374884 -0.0669099 
v 0.000163522 -0.00374528 -0.0669099 
v 0.000326733 -0.00373458 -0.0669099 
v 0.000489322 -0.00371677 -0.0669099 
v 0.00065098 -0.00369189 -0.0669099 
v 0.000811398 -0.00365998 -0.0669099 
v 0.000970272 -0.00362111 -0.0669099 
v 0.0011273 -0.00357534 -0.0669099 
v 0.00128218 -0.00352276 -0.0669099 
v 0.00143462 -0.00346348 -0.0669099 
v 0.00158433 -0.00339761 -0.0669099 
v 0.00173102 -0.00332527 -0.0669099 
v 0.00187442 -0.00324659 -0.0669099 
v 0.00201425 -0.00316174 -0.0669099 
v 0.00215025 -0.00307087 -0.0669099 
v 0.00228215 -0.00297416 -0.0669099 
v 0.00240971 -0.00287178 -0.0669099 
v 0.00253268 -0.00276394 -0.0669099 
v 0.00265083 -0.00265083 -0.0669099 
v 0.00276394 -0.00253268 -0.0669099 
v 0.00287178 -0.00240971 -0.0669099 
v 0.00297416 -0.00228215 -0.0669099 
v 0.00307087 -0.00215025 -0.0669099 
v 0.00316174 -0.00201425 -0.0669099 
v 0.00324659 -0.00187442 -0.0669099 
v 0.00266784 -0.00138879 -0.0670574 
v 0.00272588 -0.0012711 -0.0670574 
v 0.00277873 -0.00115099 -0.0670574 
v 0.00282629 -0.00102869 -0.0670574 
v 0.00286847 -0.000904425 -0.0670574 
v 0.00290519 -0.000778443 -0.0670574 
v 0.00293638 -0.00065098 -0.0670574 
v 0.00296198 -0.000522277 -0.0670574 
v 0.00298194 -0.00039258 -0.0670574 
v 0.00299623 -0.000262136 -0.0670574 
v 0.00300481 -0.000131193 -0.0670574 
v 0.00300767 2.1684e-19 -0.0670574 
v 0.00300481 0.000131193 -0.0670574 
v 0.00299623 0.000262136 -0.0670574 
v 0.00298194 0.00039258 -0.0670574 
v 0.00296198 0.000522277 -0.0670574 
v 0.00293638 0.00065098 -0.0670574 
v 0.00290519 0.000778443 -0.0670574 
v 0.00286847 0.000904425 -0.0670574 
v 0.00282629 0.00102869 -0.0670574 
v 0.00277873 0.00115099 -0.0670574 
v 0.00272588 0.0012711 -0.0670574 
v 0.00266784 0.00138879 -0.0670574 
v 0.00260472 0.00150384 -0.0670574 
v 0.00253665 0.00161602 -0.0670574 
v 0.00246374 0.00172513 -0.0670574 
v 0.00238615 0.00183096 -0.0670574 
v 0.00230401 0.0019333 -0.0670574 
v 0.00221749 0.00203196 -0.0670574 
v 0.00212675 0.00212675 -0.0670574 
v 0.00203196 0.00221749 -0.0670574 
v 0.0019333 0.00230401 -0.0670574 
v 0.00183096 0.00238615 -0.0670574 
v 0.00172513 0.00246374 -0.0670574 
v 0.00161602 0.00253665 -0.0670574 
v 0.00150384 0.00260472 -0.0670574 
v 0.00138879 0.00266784 -0.0670574 
v 0.0012711 0.00272588 -0.0670574 
v 0.00115099 0.00277873 -0.0670574 
v 0.00102869 0.00282629 -0.0670574 
v 0.000904425 0.00286847 -0.0670574 
v 0.000778443 0.00290519 -0.0670574 
v 0.00065098 0.00293638 -0.0670574 
v 0.000522277 0.00296198 -0.0670574 
v 0.00039258 0.00298194 -0.0670574 
v 0.000262136 0.00299623 -0.0670574 
v 0.000131193 0.00300481 -0.0670574 
v 7.15573e-18 0.00300767 -0.0670574 
v -0.000131193 0.00300481 -0.0670574 
v -0.000262136 0.00299623 -0.0670574 
v -0.00039258 0.00298194 -0.0670574 
v -0.000522277 0.00296198 -0.0670574 
v -0.00065098 0.00293638 -0.0670574 
v -0.000778443 0.00290519 -0.0670574 
v -0.000904425 0.00286847 -0.0670574 
v -0.00102869 0.00282629 -0.0670574 
v -0.00115099 0.00277873 -0.0670574 
v -0.0012711 0.00272588 -0.0670574 
v -0.00138879 0.00266784 -0.0670574 
v -0.00150384 0.00260472 -0.0670574 
v -0.00161602 0.00253665 -0.0670574 
v -0.00172513 0.00246374 -0.0670574 
v -0.00183096 0.00238615 -0.0670574 
v -0.0019333 0.00230401 -0.0670574 
v -0.00203196 0.00221749 -0.0670574 
v -0.00212675 0.00212675 -0.0670574 
v -0.00221749 0.00203196 -0.0670574 
v -0.00230401 0.0019333 -0.0670574 
v -0.00238615 0.00183096 -0.0670574 
v -0.00246374 0.00172513 -0.0670574 
v -0.00253665 0.00161602 -0.0670574 
v -0.00260472 0.00150384 -0.0670574 
v -0.00266784 0.00138879 -0.0670574 
v -0.00272588 0.0012711 -0.0670574 
v -0.00277873 0.00115099 -0.0670574 
v -0.00282629 0.00102869 -0.0670574 
v -0.00286847 0.000904425 -0.0670574 
v -0.00290519 0.000778443 -0.0670574 
v -0.00293638 0.00065098 -0.0670574 
v -0.00296198 0.000522277 -0.0670574 
v -0.00298194 0.00039258 -0.0670574 
v -0.00299623 0.000262136 -0.0670574 
v -0.00300481 0.000131193 -0.0670574 
v -0.00300767 8.67362e-19 -0.0670574 
v -0.00300481 -0.000131193 -0.0670574 
v -0.00299623 -0.000262136 -0.0670574 
v -0.00298194 -0.00039258 -0.0670574 
v -0.00296198 -0.000522277 -0.0670574 
v -0.00293638 -0.00065098 -0.0670574 
v -0.00290519 -0.000778443 -0.0670574 
v -0.00286847 -0.000904425 -0.0670574 
v -0.00282629 -0.00102869 -0.0670574 
v -0.00277873 -0.00115099 -0.0670574 
v -0.00272588 -0.0012711 -0.0670574 
v -0.00266784 -0.00138879 -0.0670574 
v -0.00260472 -0.00150384 -0.0670574 
v -0.00253665 -0.00161602 -0.0670574 
v -0.00246374 -0.00172513 -0.0670574 
v -0.00238615 -0.00183096 -0.0670574 
v -0.00230401 -0.0019333 -0.0670574 
v -0.00221749 -0.00203196 -0.0670574 
v -0.00212675 -0.00212675 -0.0670574 
v -0.00203196 -0.00221749 -0.0670574 
v -0.0019333 -0.00230401 -0.0670574 
v -0.00183096 -0.00238615 -0.0670574 
v -0.00172513 -0.00246374 -0.0670574 
v -0.00161602 -0.00253665 -0.0670574 
v -0.00150384 -0.00260472 -0.0670574 
v -0.00138879 -0.00266784 -0.0670574 
v -0.0012711 -0.00272588 -0.0670574 
v -0.00115099 -0.00277873 -0.0670574 
v -0.00102869 -0.00282629 -0.0670574 
v -0.000904425 -0.00286847 -0.0670574 
v -0.000778443 -0.00290519 -0.0670574 
v -0.00065098 -0.00293638 -0.0670574 
v -0.000522277 -0.00296198 -0.0670574 
v -0.00039258 -0.00298194 -0.0670574 
v -0.000262136 -0.00299623 -0.0670574 
v -0.000131193 -0.00300481 -0.0670574 
v 6.28837e-18 -0.00300767 -0.0670574 
v 0.000131193 -0.00300481 -0.0670574 
v 0.000262136 -0.00299623 -0.0670574 
v 0.00039258 -0.00298194 -0.0670574 
v 0.000522277 -0.00296198 -0.0670574 
v 0.00065098 -0.00293638 -0.0670574 
v 0.000778443 -0.00290519 -0.0670574 
v 0.000904425 -0.00286847 -0.0670574 
v 0.00102869 -0.00282629 -0.0670574 
v 0.00115099 -0.00277873 -0.0670574 
v 0.0012711 -0.00272588 -0.0670574 
v 0.00138879 -0.00266784 -0.0670574 
v 0.00150384 -0.00260472 -0.0670574 
v 0.00161602 -0.00253665 -0.0670574 
v 0.00172513 -0.00246374 -0.0670574 
v 0.00183096 -0.00238615 -0.0670574 
v 0.0019333 -0.00230401 -0.0670574 
v 0.00203196 -0.00221749 -0.0670574 
v 0.00212675 -0.00212675 -0.0670574 
v 0.00221749 -0.00203196 -0.0670574 
v 0.00230401 -0.0019333 -0.0670574 
v 0.00238615 -0.00183096 -0.0670574 
v 0.00246374 -0.00172513 -0.0670574 
v 0.00253665 -0.00161602 -0.0670574 
v 0.00260472 -0.00150384 -0.0670574 
v 0.00200534 -0.00104391 -0.0671723 
v 0.00204896 -0.000955447 -0.0671723 
v 0.00208869 -0.000865163 -0.0671723 
v 0.00212444 -0.000773232 -0.0671723 
v 0.00215614 -0.00067983 -0.0671723 
v 0.00218375 -0.000585133 -0.0671723 
v 0.00220719 -0.000489322 -0.0671723 
v 0.00222643 -0.00039258 -0.0671723 
v 0.00224144 -0.000295091 -0.0671723 
v 0.00225218 -0.00019704 -0.0671723 
v 0.00225863 -9.86138e-05 -0.0671723 
v 0.00226078 2.1684e-19 -0.0671723 
v 0.00225863 9.86138e-05 -0.0671723 
v 0.00225218 0.00019704 -0.0671723 
v 0.00224144 0.000295091 -0.0671723 
v 0.00222643 0.00039258 -0.0671723 
v 0.00220719 0.000489322 -0.0671723 
v 0.00218375 0.000585133 -0.0671723 
v 0.00215614 0.00067983 -0.0671723 
v 0.00212444 0.000773232 -0.0671723 
v 0.00208869 0.000865163 -0.0671723 
v 0.00204896 0.000955447 -0.0671723 
v 0.00200534 0.00104391 -0.0671723 
v 0.00195789 0.00113039 -0.0671723 
v 0.00190672 0.00121472 -0.0671723 
v 0.00185192 0.00129673 -0.0671723 
v 0.0017936 0.00137628 -0.0671723 
v 0.00173186 0.0014532 -0.0671723 
v 0.00166682 0.00152736 -0.0671723 
v 0.00159861 0.00159861 -0.0671723 
v 0.00152736 0.00166682 -0.0671723 
v 0.0014532 0.00173186 -0.0671723 
v 0.00137628 0.0017936 -0.0671723 
v 0.00129673 0.00185192 -0.0671723 
v 0.00121472 0.00190672 -0.0671723 
v 0.00113039 0.00195789 -0.0671723 
v 0.00104391 0.00200534 -0.0671723 
v 0.000955447 0.00204896 -0.0671723 
v 0.000865163 0.00208869 -0.0671723 
v 0.000773232 0.00212444 -0.0671723 
v 0.00067983 0.00215614 -0.0671723 
v 0.000585133 0.00218375 -0.0671723 
v 0.000489322 0.00220719 -0.0671723 
v 0.00039258 0.00222643 -0.0671723 
v 0.000295091 0.00224144 -0.0671723 
v 0.00019704 0.00225218 -0.0671723 
v 9.86138e-05 0.00225863 -0.0671723 
v 7.15573e-18 0.00226078 -0.0671723 
v -9.86138e-05 0.00225863 -0.0671723 
v -0.00019704 0.00225218 -0.0671723 
v -0.000295091 0.00224144 -0.0671723 
v -0.00039258 0.00222643 -0.0671723 
v -0.000489322 0.00220719 -0.0671723 
v -0.000585133 0.00218375 -0.0671723 
v -0.00067983 0.00215614 -0.0671723 
v -0.000773232 0.00212444 -0.0671723 
v -0.000865163 0.00208869 -0.0671723 
v -0.000955447 0.00204896 -0.0671723 
v -0.00104391 0.00200534 -0.0671723 
v -0.00113039 0.00195789 -0.0671723 
v -0.00121472 0.00190672 -0.0671723 
v -0.00129673 0.00185192 -0.0671723 
v -0.00137628 0.0017936 -0.0671723 
v -0.0014532 0.00173186 -0.0671723 
v -0.00152736 0.00166682 -0.0671723 
v -0.00159861 0.00159861 -0.0671723 
v -0.00166682 0.00152736 -0.0671723 
v -0.00173186 0.0014532 -0.0671723 
v -0.0017936 0.00137628 -0.0671723 
v -0.00185192 0.00129673 -0.0671723 
v -0.00190672 0.00121472 -0.0671723 
v -0.00195789 0.00113039 -0.0671723 
v -0.00200534 0.00104391 -0.0671723 
v -0.00204896 0.000955447 -0.0671723 
v -0.00208869 0.000865163 -0.0671723 
v -0.00212444 0.000773232 -0.0671723 
v -0.00215614 0.00067983 -0.0671723 
v -0.00218375 0.000585133 -0.0671723 
v -0.00220719 0.000489322 -0.0671723 
v -0.00222643 0.00039258 -0.0671723 
v -0.00224144 0.000295091 -0.0671723 
v -0.00225218 0.00019704 -0.0671723 
v -0.00225863 9.86138e-05 -0.0671723 
v -0.00226078 6.50521e-19 -0.0671723 
v -0.00225863 -9.86138e-05 -0.0671723 
v -0.00225218 -0.00019704 -0.0671723 
v -0.00224144 -0.000295091 -0.0671723 
v -0.00222643 -0.00039258 -0.0671723 
v -0.00220719 -0.000489322 -0.0671723 
v -0.00218375 -0.000585133 -0.0671723 
v -0.00215614 -0.00067983 -0.0671723 
v -0.00212444 -0.000773232 -0.0671723 
v -0.00208869 -0.000865163 -0.0671723 
v -0.00204896 -0.000955447 -0.0671723 
v -0.00200534 -0.00104391 -0.0671723 
v -0.00195789 -0.00113039 -0.0671723 
v -0.00190672 -0.00121472 -0.0671723 
v -0.00185192 -0.00129673 -0.0671723 
v -0.0017936 -0.00137628 -0.0671723 
v -0.00173186 -0.0014532 -0.0671723 
v -0.00166682 -0.00152736 -0.0671723 
v -0.00159861 -0.00159861 -0.0671723 
v -0.00152736 -0.00166682 -0.0671723 
v -0.0014532 -0.00173186 -0.0671723 
v -0.00137628 -0.0017936 -0.0671723 
v -0.00129673 -0.00185192 -0.0671723 
v -0.00121472 -0.00190672 -0.0671723 
v -0.00113039 -0.00195789 -0.0671723 
v -0.00104391 -0.00200534 -0.0671723 
v -0.000955447 -0.00204896 -0.0671723 
v -0.000865163 -0.00208869 -0.0671723 
v -0.000773232 -0.00212444 -0.0671723 
v -0.00067983 -0.00215614 -0.0671723 
v -0.000585133 -0.00218375 -0.0671723 
v -0.000489322 -0.00220719 -0.0671723 
v -0.00039258 -0.00222643 -0.0671723 
v -0.000295091 -0.00224144 -0.0671723 
v -0.00019704 -0.00225218 -0.0671723 
v -9.86138e-05 -0.00225863 -0.0671723 
v 6.50521e-18 -0.00226078 -0.0671723 
v 9.86138e-05 -0.00225863 -0.0671723 
v 0.00019704 -0.00225218 -0.0671723 
v 0.000295091 -0.00224144 -0.0671723 
v 0.00039258 -0.00222643 -0.0671723 
v 0.000489322 -0.00220719 -0.0671723 
v 0.000585133 -0.00218375 -0.0671723 
v 0.00067983 -0.00215614 -0.0671723 
v 0.000773232 -0.00212444 -0.0671723 
v 0.000865163 -0.00208869 -0.0671723 
v 0.000955447 -0.00204896 -0.0671723 
v 0.00104391 -0.00200534 -0.0671723 
v 0.00113039 -0.00195789 -0.0671723 
v 0.00121472 -0.00190672 -0.0671723 
v 0.00129673 -0.00185192 -0.0671723 
v 0.00137628 -0.0017936 -0.0671723 
v 0.0014532 -0.00173186 -0.0671723 
v 0.00152736 -0.00166682 -0.0671723 
v 0.00159861 -0.00159861 -0.0671723 
v 0.00166682 -0.00152736 -0.0671723 
v 0.00173186 -0.0014532 -0.0671723 
v 0.0017936 -0.00137628 -0.0671723 
v 0.00185192 -0.00129673 -0.0671723 
v 0.00190672 -0.00121472 -0.0671723 
v 0.00195789 -0.00113039 -0.0671723 
v 0.00133902 -0.000697047 -0.0672546 
v 0.00136815 -0.000637977 -0.0672546 
v 0.00139467 -0.000577692 -0.0672546 
v 0.00141854 -0.000516307 -0.0672546 
v 0.00143971 -0.00045394 -0.0672546 
v 0.00145814 -0.000390709 -0.0672546 
v 0.0014738 -0.000326733 -0.0672546 
v 0.00148665 -0.000262136 -0.0672546 
v 0.00149667 -0.00019704 -0.0672546 
v 0.00150384 -0.000131569 -0.0672546 
v 0.00150814 -6.5847e-05 -0.0672546 
v 0.00150958 2.1684e-19 -0.0672546 
v 0.00150814 6.5847e-05 -0.0672546 
v 0.00150384 0.000131569 -0.0672546 
v 0.00149667 0.00019704 -0.0672546 
v 0.00148665 0.000262136 -0.0672546 
v 0.0014738 0.000326733 -0.0672546 
v 0.00145814 0.000390709 -0.0672546 
v 0.00143971 0.00045394 -0.0672546 
v 0.00141854 0.000516307 -0.0672546 
v 0.00139467 0.000577692 -0.0672546 
v 0.00136815 0.000637977 -0.0672546 
v 0.00133902 0.000697047 -0.0672546 
v 0.00130734 0.000754791 -0.0672546 
v 0.00127317 0.000811098 -0.0672546 
v 0.00123658 0.000865861 -0.0672546 
v 0.00119763 0.000918975 -0.0672546 
v 0.00115641 0.00097034 -0.0672546 
v 0.00111298 0.00101986 -0.0672546 
v 0.00106744 0.00106744 -0.0672546 
v 0.00101986 0.00111298 -0.0672546 
v 0.00097034 0.00115641 -0.0672546 
v 0.000918975 0.00119763 -0.0672546 
v 0.000865861 0.00123658 -0.0672546 
v 0.000811098 0.00127317 -0.0672546 
v 0.000754791 0.00130734 -0.0672546 
v 0.000697047 0.00133902 -0.0672546 
v 0.000637977 0.00136815 -0.0672546 
v 0.000577692 0.00139467 -0.0672546 
v 0.000516307 0.00141854 -0.0672546 
v 0.00045394 0.00143971 -0.0672546 
v 0.000390709 0.00145814 -0.0672546 
v 0.000326733 0.0014738 -0.0672546 
v 0.000262136 0.00148665 -0.0672546 
v 0.00019704 0.00149667 -0.0672546 
v 0.000131569 0.00150384 -0.0672546 
v 6.5847e-05 0.00150814 -0.0672546 
v 7.04731e-18 0.00150958 -0.0672546 
v -6.5847e-05 0.00150814 -0.0672546 
v -0.000131569 0.00150384 -0.0672546 
v -0.00019704 0.00149667 -0.0672546 
v -0.000262136 0.00148665 -0.0672546 
v -0.000326733 0.0014738 -0.0672546 
v -0.000390709 0.00145814 -0.0672546 
v -0.00045394 0.00143971 -0.0672546 
v -0.000516307 0.00141854 -0.0672546 
v -0.000577692 0.00139467 -0.0672546 
v -0.000637977 0.00136815 -0.0672546 
v -0.000697047 0.00133902 -0.0672546 
v -0.000754791 0.00130734 -0.0672546 
v -0.000811098 0.00127317 -0.0672546 
v -0.000865861 0.00123658 -0.0672546 
v -0.000918975 0.00119763 -0.0672546 
v -0.00097034 0.00115641 -0.0672546 
v -0.00101986 0.00111298 -0.0672546 
v -0.00106744 0.00106744 -0.0672546 
v -0.00111298 0.00101986 -0.0672546 
v -0.00115641 0.00097034 -0.0672546 
v -0.00119763 0.000918975 -0.0672546 
v -0.00123658 0.000865861 -0.0672546 
v -0.00127317 0.000811098 -0.0672546 
v -0.00130734 0.000754791 -0.0672546 
v -0.00133902 0.000697047 -0.0672546 
v -0.00136815 0.000637977 -0.0672546 
v -0.00139467 0.000577692 -0.0672546 
v -0.00141854 0.000516307 -0.0672546 
v -0.00143971 0.00045394 -0.0672546 
v -0.00145814 0.000390709 -0.0672546 
v -0.0014738 0.000326733 -0.0672546 
v -0.00148665 0.000262136 -0.0672546 
v -0.00149667 0.00019704 -0.0672546 
v -0.00150384 0.000131569 -0.0672546 
v -0.00150814 6.5847e-05 -0.0672546 
v -0.00150958 3.25261e-19 -0.0672546 
v -0.00150814 -6.5847e-05 -0.0672546 
v -0.00150384 -0.000131569 -0.0672546 
v -0.00149667 -0.00019704 -0.0672546 
v -0.00148665 -0.000262136 -0.0672546 
v -0.0014738 -0.000326733 -0.0672546 
v -0.00145814 -0.000390709 -0.0672546 
v -0.00143971 -0.00045394 -0.0672546 
v -0.00141854 -0.000516307 -0.0672546 
v -0.00139467 -0.000577692 -0.0672546 
v -0.00136815 -0.000637977 -0.0672546 
v -0.00133902 -0.000697047 -0.0672546 
v -0.00130734 -0.000754791 -0.0672546 
v -0.00127317 -0.000811098 -0.0672546 
v -0.00123658 -0.000865861 -0.0672546 
v -0.00119763 -0.000918975 -0.0672546 
v -0.00115641 -0.00097034 -0.0672546 
v -0.00111298 -0.00101986 -0.0672546 
v -0.00106744 -0.00106744 -0.0672546 
v -0.00101986 -0.00111298 -0.0672546 
v -0.00097034 -0.00115641 -0.0672546 
v -0.000918975 -0.00119763 -0.0672546 
v -0.000865861 -0.00123658 -0.0672546 
v -0.000811098 -0.00127317 -0.0672546 
v -0.000754791 -0.00130734 -0.0672546 
v -0.000697047 -0.00133902 -0.0672546 
v -0.000637977 -0.00136815 -0.0672546 
v -0.000577692 -0.00139467 -0.0672546 
v -0.000516307 -0.00141854 -0.0672546 
v -0.00045394 -0.00143971 -0.0672546 
v -0.000390709 -0.00145814 -0.0672546 
v -0.000326733 -0.0014738 -0.0672546 
v -0.000262136 -0.00148665 -0.0672546 
v -0.00019704 -0.00149667 -0.0672546 
v -0.000131569 -0.00150384 -0.0672546 
v -6.5847e-05 -0.00150814 -0.0672546 
v 6.83047e-18 -0.00150958 -0.0672546 
v 6.5847e-05 -0.00150814 -0.0672546 
v 0.000131569 -0.00150384 -0.0672546 
v 0.00019704 -0.00149667 -0.0672546 
v 0.000262136 -0.00148665 -0.0672546 
v 0.000326733 -0.0014738 -0.0672546 
v 0.000390709 -0.00145814 -0.0672546 
v 0.00045394 -0.00143971 -0.0672546 
v 0.000516307 -0.00141854 -0.0672546 
v 0.000577692 -0.00139467 -0.0672546 
v 0.000637977 -0.00136815 -0.0672546 
v 0.000697047 -0.00133902 -0.0672546 
v 0.000754791 -0.00130734 -0.0672546 
v 0.000811098 -0.00127317 -0.0672546 
v 0.000865861 -0.00123658 -0.0672546 
v 0.000918975 -0.00119763 -0.0672546 
v 0.00097034 -0.00115641 -0.0672546 
v 0.00101986 -0.00111298 -0.0672546 
v 0.00106744 -0.00106744 -0.0672546 
v 0.00111298 -0.00101986 -0.0672546 
v 0.00115641 -0.00097034 -0.0672546 
v 0.00119763 -0.000918975 -0.0672546 
v 0.00123658 -0.000865861 -0.0672546 
v 0.00127317 -0.000811098 -0.0672546 
v 0.00130734 -0.000754791 -0.0672546 
v 0.000670146 -0.000348856 -0.067304 
v 0.000684725 -0.000319292 -0.067304 
v 0.000698 -0.000289121 -0.067304 
v 0.000709947 -0.0002584 -0.067304 
v 0.000720543 -0.000227186 -0.067304 
v 0.000729767 -0.00019554 -0.067304 
v 0.000737601 -0.000163522 -0.067304 
v 0.000744032 -0.000131193 -0.067304 
v 0.000749046 -9.86138e-05 -0.067304 
v 0.000752635 -6.5847e-05 -0.067304 
v 0.000754791 -3.29549e-05 -0.067304 
v 0.00075551 2.1684e-19 -0.067304 
v 0.000754791 3.29549e-05 -0.067304 
v 0.000752635 6.5847e-05 -0.067304 
v 0.000749046 9.86138e-05 -0.067304 
v 0.000744032 0.000131193 -0.067304 
v 0.000737601 0.000163522 -0.067304 
v 0.000729767 0.00019554 -0.067304 
v 0.000720543 0.000227186 -0.067304 
v 0.000709947 0.0002584 -0.067304 
v 0.000698 0.000289121 -0.067304 
v 0.000684725 0.000319292 -0.067304 
v 0.000670146 0.000348856 -0.067304 
v 0.000654291 0.000377755 -0.067304 
v 0.000637191 0.000405935 -0.067304 
v 0.000618878 0.000433343 -0.067304 
v 0.000599386 0.000459925 -0.067304 
v 0.000578754 0.000485632 -0.067304 
v 0.00055702 0.000510415 -0.067304 
v 0.000534226 0.000534226 -0.067304 
v 0.000510415 0.00055702 -0.067304 
v 0.000485632 0.000578754 -0.067304 
v 0.000459925 0.000599386 -0.067304 
v 0.000433343 0.000618878 -0.067304 
v 0.000405935 0.000637191 -0.067304 
v 0.000377755 0.000654291 -0.067304 
v 0.000348856 0.000670146 -0.067304 
v 0.000319292 0.000684725 -0.067304 
v 0.000289121 0.000698 -0.067304 
v 0.0002584 0.000709947 -0.067304 
v 0.000227186 0.000720543 -0.067304 
v 0.00019554 0.000729767 -0.067304 
v 0.000163522 0.000737601 -0.067304 
v 0.000131193 0.000744032 -0.067304 
v 9.86138e-05 0.000749046 -0.067304 
v 6.5847e-05 0.000752635 -0.067304 
v 3.29549e-05 0.000754791 -0.067304 
v 6.9931e-18 0.00075551 -0.067304 
v -3.29549e-05 0.000754791 -0.067304 
v -6.5847e-05 0.000752635 -0.067304 
v -9.86138e-05 0.000749046 -0.067304 
v -0.000131193 0.000744032 -0.067304 
v -0.000163522 0.000737601 -0.067304 
v -0.00019554 0.000729767 -0.067304 
v -0.000227186 0.000720543 -0.067304 
v -0.0002584 0.000709947 -0.067304 
v -0.000289121 0.000698 -0.067304 
v -0.000319292 0.000684725 -0.067304 
v -0.000348856 0.000670146 -0.067304 
v -0.000377755 0.000654291 -0.067304 
v -0.000405935 0.000637191 -0.067304 
v -0.000433343 0.000618878 -0.067304 
v -0.000459925 0.000599386 -0.067304 
v -0.000485632 0.000578754 -0.067304 
v -0.000510415 0.00055702 -0.067304 
v -0.000534226 0.000534226 -0.067304 
v -0.00055702 0.000510415 -0.067304 
v -0.000578754 0.000485632 -0.067304 
v -0.000599386 0.000459925 -0.067304 
v -0.000618878 0.000433343 -0.067304 
v -0.000637191 0.000405935 -0.067304 
v -0.000654291 0.000377755 -0.067304 
v -0.000670146 0.000348856 -0.067304 
v -0.000684725 0.000319292 -0.067304 
v -0.000698 0.000289121 -0.067304 
v -0.000709947 0.0002584 -0.067304 
v -0.000720543 0.000227186 -0.067304 
v -0.000729767 0.00019554 -0.067304 
v -0.000737601 0.000163522 -0.067304 
v -0.000744032 0.000131193 -0.067304 
v -0.000749046 9.86138e-05 -0.067304 
v -0.000752635 6.5847e-05 -0.067304 
v -0.000754791 3.29549e-05 -0.067304 
v -0.00075551 5.42101e-20 -0.067304 
v -0.000754791 -3.29549e-05 -0.067304 
v -0.000752635 -6.5847e-05 -0.067304 
v -0.000749046 -9.86138e-05 -0.067304 
v -0.000744032 -0.000131193 -0.067304 
v -0.000737601 -0.000163522 -0.067304 
v -0.000729767 -0.00019554 -0.067304 
v -0.000720543 -0.000227186 -0.067304 
v -0.000709947 -0.0002584 -0.067304 
v -0.000698 -0.000289121 -0.067304 
v -0.000684725 -0.000319292 -0.067304 
v -0.000670146 -0.000348856 -0.067304 
v -0.000654291 -0.000377755 -0.067304 
v -0.000637191 -0.000405935 -0.067304 
v -0.000618878 -0.000433343 -0.067304 
v -0.000599386 -0.000459925 -0.067304 
v -0.000578754 -0.000485632 -0.067304 
v -0.00055702 -0.000510415 -0.067304 
v -0.000534226 -0.000534226 -0.067304 
v -0.000510415 -0.00055702 -0.067304 
v -0.000485632 -0.000578754 -0.067304 
v -0.000459925 -0.000599386 -0.067304 
v -0.000433343 -0.000618878 -0.067304 
v -0.000405935 -0.000637191 -0.067304 
v -0.000377755 -0.000654291 -0.067304 
v -0.000348856 -0.000670146 -0.067304 
v -0.000319292 -0.000684725 -0.067304 
v -0.000289121 -0.000698 -0.067304 
v -0.0002584 -0.000709947 -0.067304 
v -0.000227186 -0.000720543 -0.067304 
v -0.00019554 -0.000729767 -0.067304 
v -0.000163522 -0.000737601 -0.067304 
v -0.000131193 -0.000744032 -0.067304 
v -9.86138e-05 -0.000749046 -0.067304 
v -6.5847e-05 -0.000752635 -0.067304 
v -3.29549e-05 -0.000754791 -0.067304 
v 7.10152e-18 -0.00075551 -0.067304 
v 3.29549e-05 -0.000754791 -0.067304 
v 6.5847e-05 -0.000752635 -0.067304 
v 9.86138e-05 -0.000749046 -0.067304 
v 0.000131193 -0.000744032 -0.067304 
v 0.000163522 -0.000737601 -0.067304 
v 0.00019554 -0.000729767 -0.067304 
v 0.000227186 -0.000720543 -0.067304 
v 0.0002584 -0.000709947 -0.067304 
v 0.000289121 -0.000698 -0.067304 
v 0.000319292 -0.000684725 -0.067304 
v 0.000348856 -0.000670146 -0.067304 
v 0.000377755 -0.000654291 -0.067304 
v 0.000405935 -0.000637191 -0.067304 
v 0.000433343 -0.000618878 -0.067304 
v 0.000459925 -0.000599386 -0.067304 
v 0.000485632 -0.000578754 -0.067304 
v 0.000510415 -0.00055702 -0.067304 
v 0.000534226 -0.000534226 -0.067304 
v 0.00055702 -0.000510415 -0.067304 
v 0.000578754 -0.000485632 -0.067304 
v 0.000599386 -0.000459925 -0.067304 
v 0.000618878 -0.000433343 -0.067304 
v 0.000637191 -0.000405935 -0.067304 
v 0.000654291 -0.000377755 -0.067304 
v 8.10229e-18 -5.30288e-19 -0.0673205 
v -0.0211547 -1.21431e-17 -0.05 
v 0.0105774 -0.0183205 -0.05 
v -0.0105774 0.0183205 -0.05 
v -0.0105774 -0.0183205 -0.05 
v 0.0105774 0.0183205 -0.05 
v 0.0211547 2.08167e-17 -0.05 
v 0.0105774 -0.0183205 -0.0771 
v 0.0211547 2.06032e-17 -0.0771 
v -0.0105774 -0.0183205 -0.0771 
v -0.0211547 -1.23565e-17 -0.0771 
v -0.0105774 0.0183205 -0.0771 
v 0.0105774 0.0183205 -0.0771 
vn -0.866025 0.5 5.01544e-33 
vn -0.887011 0.461749 4.46085e-17 
vn -0.886167 0.461309 0.0436194 
vn -0.906308 0.422618 4.22856e-17 
vn -0.905445 0.422216 0.0436194 
vn -0.92388 0.382683 3.99716e-17 
vn -0.923 0.382319 0.0436194 
vn -0.939693 0.34202 3.76708e-17 
vn -0.938798 0.341695 0.0436194 
vn -0.953717 0.300706 3.53876e-17 
vn -0.952809 0.30042 0.0436194 
vn -0.965926 0.258819 3.31265e-17 
vn -0.965006 0.258573 0.0436194 
vn -0.976296 0.21644 3.08916e-17 
vn -0.975367 0.216234 0.0436194 
vn -0.984808 0.173648 2.86873e-17 
vn -0.98387 0.173483 0.0436194 
vn -0.991445 0.130526 2.65177e-17 
vn -0.990501 0.130402 0.0436194 
vn -0.996195 0.0871557 2.43869e-17 
vn -0.995247 0.0870728 0.0436194 
vn -0.999048 0.0436194 2.22991e-17 
vn -0.998097 0.0435779 0.0436194 
vn -1 -5.55112e-17 2.02582e-17 
vn -0.999048 -9.91866e-19 0.0436194 
vn -0.999048 -0.0436194 1.82681e-17 
vn -0.998097 -0.0435779 0.0436194 
vn -0.996195 -0.0871557 1.63325e-17 
vn -0.995247 -0.0870728 0.0436194 
vn -0.991445 -0.130526 1.44552e-17 
vn -0.990501 -0.130402 0.0436194 
vn -0.984808 -0.173648 1.26397e-17 
vn -0.98387 -0.173483 0.0436194 
vn -0.976296 -0.21644 1.08895e-17 
vn -0.975367 -0.216234 0.0436194 
vn -0.965926 -0.258819 9.20795e-18 
vn -0.965006 -0.258573 0.0436194 
vn -0.953717 -0.300706 7.5982e-18 
vn -0.952809 -0.30042 0.0436194 
vn -0.939693 -0.34202 6.06332e-18 
vn -0.938798 -0.341695 0.0436194 
vn -0.92388 -0.382683 4.60625e-18 
vn -0.923 -0.382319 0.0436194 
vn -0.906308 -0.422618 3.22975e-18 
vn -0.905445 -0.422216 0.0436194 
vn -0.887011 -0.461749 1.93645e-18 
vn -0.886167 -0.461309 0.0436194 
vn -0.866025 -0.5 7.28807e-19 
vn -0.865201 -0.499524 0.0436194 
vn -0.843391 -0.5373 -3.90877e-19 
vn -0.842589 -0.536788 0.0436194 
vn -0.819152 -0.573576 -1.42047e-18 
vn -0.818372 -0.573031 0.0436194 
vn -0.793353 -0.608761 -2.35802e-18 
vn -0.792598 -0.608182 0.0436194 
vn -0.766044 -0.642788 -3.20173e-18 
vn -0.765315 -0.642176 0.0436194 
vn -0.737277 -0.67559 -3.95e-18 
vn -0.736576 -0.674947 0.0436194 
vn -0.707107 -0.707107 -4.60141e-18 
vn -0.706434 -0.706434 0.0436194 
vn -0.67559 -0.737277 -5.15471e-18 
vn -0.674947 -0.736576 0.0436194 
vn -0.642788 -0.766044 -5.60886e-18 
vn -0.642176 -0.765315 0.0436194 
vn -0.608761 -0.793353 -5.96298e-18 
vn -0.608182 -0.792598 0.0436194 
vn -0.573576 -0.819152 -6.21641e-18 
vn -0.573031 -0.818372 0.0436194 
vn -0.5373 -0.843391 -6.36866e-18 
vn -0.536788 -0.842589 0.0436194 
vn -0.5 -0.866025 -6.41945e-18 
vn -0.499524 -0.865201 0.0436194 
vn -0.461749 -0.887011 -6.36866e-18 
vn -0.461309 -0.886167 0.0436194 
vn -0.422618 -0.906308 -6.21641e-18 
vn -0.422216 -0.905445 0.0436194 
vn -0.382683 -0.92388 -5.96298e-18 
vn -0.382319 -0.923 0.0436194 
vn -0.34202 -0.939693 -5.60886e-18 
vn -0.341695 -0.938798 0.0436194 
vn -0.300706 -0.953717 -5.15471e-18 
vn -0.30042 -0.952809 0.0436194 
vn -0.258819 -0.965926 -4.60141e-18 
vn -0.258573 -0.965006 0.0436194 
vn -0.21644 -0.976296 -3.95e-18 
vn -0.216234 -0.975367 0.0436194 
vn -0.173648 -0.984808 -3.20173e-18 
vn -0.173483 -0.98387 0.0436194 
vn -0.130526 -0.991445 -2.35802e-18 
vn -0.130402 -0.990501 0.0436194 
vn -0.0871557 -0.996195 -1.42047e-18 
vn -0.0870728 -0.995247 0.0436194 
vn -0.0436194 -0.999048 -3.90877e-19 
vn -0.0435779 -0.998097 0.0436194 
vn -3.15997e-33 -1 7.28807e-19 
vn -5.84478e-17 -0.999048 0.0436194 
vn 0.0436194 -0.999048 1.93645e-18 
vn 0.0435779 -0.998097 0.0436194 
vn 0.0871557 -0.996195 3.22975e-18 
vn 0.0870728 -0.995247 0.0436194 
vn 0.130526 -0.991445 4.60625e-18 
vn 0.130402 -0.990501 0.0436194 
vn 0.173648 -0.984808 6.06332e-18 
vn 0.173483 -0.98387 0.0436194 
vn 0.21644 -0.976296 7.5982e-18 
vn 0.216234 -0.975367 0.0436194 
vn 0.258819 -0.965926 9.20795e-18 
vn 0.258573 -0.965006 0.0436194 
vn 0.300706 -0.953717 1.08895e-17 
vn 0.30042 -0.952809 0.0436194 
vn 0.34202 -0.939693 1.26397e-17 
vn 0.341695 -0.938798 0.0436194 
vn 0.382683 -0.92388 1.44552e-17 
vn 0.382319 -0.923 0.0436194 
vn 0.422618 -0.906308 1.63325e-17 
vn 0.422216 -0.905445 0.0436194 
vn 0.461749 -0.887011 1.82681e-17 
vn 0.461309 -0.886167 0.0436194 
vn 0.5 -0.866025 2.02582e-17 
vn 0.499524 -0.865201 0.0436194 
vn 0.5373 -0.843391 2.22991e-17 
vn 0.536788 -0.842589 0.0436194 
vn 0.573576 -0.819152 2.43869e-17 
vn 0.573031 -0.818372 0.0436194 
vn 0.608761 -0.793353 2.65177e-17 
vn 0.608182 -0.792598 0.0436194 
vn 0.642788 -0.766044 2.86873e-17 
vn 0.642176 -0.765315 0.0436194 
vn 0.67559 -0.737277 3.08916e-17 
vn 0.674947 -0.736576 0.0436194 
vn 0.707107 -0.707107 3.31265e-17 
vn 0.706434 -0.706434 0.0436194 
vn 0.737277 -0.67559 3.53876e-17 
vn 0.736576 -0.674947 0.0436194 
vn 0.766044 -0.642788 3.76708e-17 
vn 0.765315 -0.642176 0.0436194 
vn 0.793353 -0.608761 3.99716e-17 
vn 0.792598 -0.608182 0.0436194 
vn 0.819152 -0.573576 4.22856e-17 
vn 0.818372 -0.573031 0.0436194 
vn 0.843391 -0.5373 4.46085e-17 
vn 0.842589 -0.536788 0.0436194 
vn 0.866025 -0.5 4.69358e-17 
vn 0.865201 -0.499524 0.0436194 
vn 0.887011 -0.461749 4.92632e-17 
vn 0.886167 -0.461309 0.0436194 
vn 0.906308 -0.422618 5.15861e-17 
vn 0.905445 -0.422216 0.0436194 
vn 0.92388 -0.382683 5.39001e-17 
vn 0.923 -0.382319 0.0436194 
vn 0.939693 -0.34202 5.62009e-17 
vn 0.938798 -0.341695 0.0436194 
vn 0.953717 -0.300706 5.8484e-17 
vn 0.952809 -0.30042 0.0436194 
vn 0.965926 -0.258819 6.07452e-17 
vn 0.965006 -0.258573 0.0436194 
vn 0.976296 -0.21644 6.29801e-17 
vn 0.975367 -0.216234 0.0436194 
vn 0.984808 -0.173648 6.51844e-17 
vn 0.98387 -0.173483 0.0436194 
vn 0.991445 -0.130526 6.7354e-17 
vn 0.990501 -0.130402 0.0436194 
vn 0.996195 -0.0871557 6.94848e-17 
vn 0.995247 -0.0870728 0.0436194 
vn 0.999048 -0.0436194 7.15726e-17 
vn 0.998097 -0.0435779 0.0436194 
vn 1 -2.22045e-16 7.36135e-17 
vn 0.999048 -2.78548e-16 0.0436194 
vn 0.999048 0.0436194 7.56036e-17 
vn 0.998097 0.0435779 0.0436194 
vn 0.996195 0.0871557 7.75392e-17 
vn 0.995247 0.0870728 0.0436194 
vn 0.991445 0.130526 7.94165e-17 
vn 0.990501 0.130402 0.0436194 
vn 0.984808 0.173648 8.12319e-17 
vn 0.98387 0.173483 0.0436194 
vn 0.976296 0.21644 8.29821e-17 
vn 0.975367 0.216234 0.0436194 
vn 0.965926 0.258819 8.46637e-17 
vn 0.965006 0.258573 0.0436194 
vn 0.953717 0.300706 8.62735e-17 
vn 0.952809 0.30042 0.0436194 
vn 0.939693 0.34202 8.78084e-17 
vn 0.938798 0.341695 0.0436194 
vn 0.92388 0.382683 8.92654e-17 
vn 0.923 0.382319 0.0436194 
vn 0.906308 0.422618 9.06419e-17 
vn 0.905445 0.422216 0.0436194 
vn 0.887011 0.461749 9.19352e-17 
vn 0.886167 0.461309 0.0436194 
vn 0.866025 0.5 9.31429e-17 
vn 0.865201 0.499524 0.0436194 
vn 0.843391 0.5373 9.42625e-17 
vn 0.842589 0.536788 0.0436194 
vn 0.819152 0.573576 9.52921e-17 
vn 0.818372 0.573031 0.0436194 
vn 0.793353 0.608761 9.62297e-17 
vn 0.792598 0.608182 0.0436194 
vn 0.766044 0.642788 9.70734e-17 
vn 0.765315 0.642176 0.0436194 
vn 0.737277 0.67559 9.78217e-17 
vn 0.736576 0.674947 0.0436194 
vn 0.707107 0.707107 9.84731e-17 
vn 0.706434 0.706434 0.0436194 
vn 0.67559 0.737277 9.90264e-17 
vn 0.674947 0.736576 0.0436194 
vn 0.642788 0.766044 9.94805e-17 
vn 0.642176 0.765315 0.0436194 
vn 0.608761 0.793353 9.98347e-17 
vn 0.608182 0.792598 0.0436194 
vn 0.573576 0.819152 1.00088e-16 
vn 0.573031 0.818372 0.0436194 
vn 0.5373 0.843391 1.0024e-16 
vn 0.536788 0.842589 0.0436194 
vn 0.5 0.866025 1.00291e-16 
vn 0.499524 0.865201 0.0436194 
vn 0.461749 0.887011 1.0024e-16 
vn 0.461309 0.886167 0.0436194 
vn 0.422618 0.906308 1.00088e-16 
vn 0.422216 0.905445 0.0436194 
vn 0.382683 0.92388 9.98347e-17 
vn 0.382319 0.923 0.0436194 
vn 0.34202 0.939693 9.94805e-17 
vn 0.341695 0.938798 0.0436194 
vn 0.300706 0.953717 9.90264e-17 
vn 0.30042 0.952809 0.0436194 
vn 0.258819 0.965926 9.84731e-17 
vn 0.258573 0.965006 0.0436194 
vn 0.21644 0.976296 9.78217e-17 
vn 0.216234 0.975367 0.0436194 
vn 0.173648 0.984808 9.70734e-17 
vn 0.173483 0.98387 0.0436194 
vn 0.130526 0.991445 9.62297e-17 
vn 0.130402 0.990501 0.0436194 
vn 0.0871557 0.996195 9.52921e-17 
vn 0.0870728 0.995247 0.0436194 
vn 0.0436194 0.999048 9.42625e-17 
vn 0.0435779 0.998097 0.0436194 
vn 2.77556e-16 1 9.31429e-17 
vn 3.3013e-16 0.999048 0.0436194 
vn -0.0436194 0.999048 9.19352e-17 
vn -0.0435779 0.998097 0.0436194 
vn -0.0871557 0.996195 9.06419e-17 
vn -0.0870728 0.995247 0.0436194 
vn -0.130526 0.991445 8.92654e-17 
vn -0.130402 0.990501 0.0436194 
vn -0.173648 0.984808 8.78084e-17 
vn -0.173483 0.98387 0.0436194 
vn -0.21644 0.976296 8.62735e-17 
vn -0.216234 0.975367 0.0436194 
vn -0.258819 0.965926 8.46637e-17 
vn -0.258573 0.965006 0.0436194 
vn -0.300706 0.953717 8.29821e-17 
vn -0.30042 0.952809 0.0436194 
vn -0.34202 0.939693 8.12319e-17 
vn -0.341695 0.938798 0.0436194 
vn -0.382683 0.92388 7.94165e-17 
vn -0.382319 0.923 0.0436194 
vn -0.422618 0.906308 7.75392e-17 
vn -0.422216 0.905445 0.0436194 
vn -0.461749 0.887011 7.56036e-17 
vn -0.461309 0.886167 0.0436194 
vn -0.5 0.866025 7.36135e-17 
vn -0.499524 0.865201 0.0436194 
vn -0.5373 0.843391 7.15726e-17 
vn -0.536788 0.842589 0.0436194 
vn -0.573576 0.819152 6.94848e-17 
vn -0.573031 0.818372 0.0436194 
vn -0.608761 0.793353 6.7354e-17 
vn -0.608182 0.792598 0.0436194 
vn -0.642788 0.766044 6.51844e-17 
vn -0.642176 0.765315 0.0436194 
vn -0.67559 0.737277 6.29801e-17 
vn -0.674947 0.736576 0.0436194 
vn -0.707107 0.707107 6.07452e-17 
vn -0.706434 0.706434 0.0436194 
vn -0.737277 0.67559 5.8484e-17 
vn -0.736576 0.674947 0.0436194 
vn -0.766044 0.642788 5.62009e-17 
vn -0.765315 0.642176 0.0436194 
vn -0.793353 0.608761 5.39001e-17 
vn -0.792598 0.608182 0.0436194 
vn -0.819152 0.573576 5.15861e-17 
vn -0.818372 0.573031 0.0436194 
vn -0.843391 0.5373 4.92632e-17 
vn -0.842589 0.536788 0.0436194 
vn -0.865201 0.499524 0.0436194 
vn -0.883635 0.459992 0.0871557 
vn -0.902859 0.42101 0.0871557 
vn -0.920364 0.381227 0.0871557 
vn -0.936117 0.340719 0.0871557 
vn -0.950088 0.299562 0.0871557 
vn -0.96225 0.257834 0.0871557 
vn -0.972581 0.215616 0.0871557 
vn -0.98106 0.172987 0.0871557 
vn -0.987672 0.13003 0.0871557 
vn -0.992404 0.0868241 0.0871557 
vn -0.995247 0.0434534 0.0871557 
vn -0.996195 -5.7493e-17 0.0871557 
vn -0.995247 -0.0434534 0.0871557 
vn -0.992404 -0.0868241 0.0871557 
vn -0.987672 -0.13003 0.0871557 
vn -0.98106 -0.172987 0.0871557 
vn -0.972581 -0.215616 0.0871557 
vn -0.96225 -0.257834 0.0871557 
vn -0.950088 -0.299562 0.0871557 
vn -0.936117 -0.340719 0.0871557 
vn -0.920364 -0.381227 0.0871557 
vn -0.902859 -0.42101 0.0871557 
vn -0.883635 -0.459992 0.0871557 
vn -0.86273 -0.498097 0.0871557 
vn -0.840182 -0.535255 0.0871557 
vn -0.816035 -0.571394 0.0871557 
vn -0.790334 -0.606445 0.0871557 
vn -0.763129 -0.640342 0.0871557 
vn -0.734472 -0.673019 0.0871557 
vn -0.704416 -0.704416 0.0871557 
vn -0.673019 -0.734472 0.0871557 
vn -0.640342 -0.763129 0.0871557 
vn -0.606445 -0.790334 0.0871557 
vn -0.571394 -0.816035 0.0871557 
vn -0.535255 -0.840182 0.0871557 
vn -0.498097 -0.86273 0.0871557 
vn -0.459992 -0.883635 0.0871557 
vn -0.42101 -0.902859 0.0871557 
vn -0.381227 -0.920364 0.0871557 
vn -0.340719 -0.936117 0.0871557 
vn -0.299562 -0.950088 0.0871557 
vn -0.257834 -0.96225 0.0871557 
vn -0.215616 -0.972581 0.0871557 
vn -0.172987 -0.98106 0.0871557 
vn -0.13003 -0.987672 0.0871557 
vn -0.0868241 -0.992404 0.0871557 
vn -0.0434534 -0.995247 0.0871557 
vn -5.86778e-18 -0.996195 0.0871557 
vn 0.0434534 -0.995247 0.0871557 
vn 0.0868241 -0.992404 0.0871557 
vn 0.13003 -0.987672 0.0871557 
vn 0.172987 -0.98106 0.0871557 
vn 0.215616 -0.972581 0.0871557 
vn 0.257834 -0.96225 0.0871557 
vn 0.299562 -0.950088 0.0871557 
vn 0.340719 -0.936117 0.0871557 
vn 0.381227 -0.920364 0.0871557 
vn 0.42101 -0.902859 0.0871557 
vn 0.459992 -0.883635 0.0871557 
vn 0.498097 -0.86273 0.0871557 
vn 0.535255 -0.840182 0.0871557 
vn 0.571394 -0.816035 0.0871557 
vn 0.606445 -0.790334 0.0871557 
vn 0.640342 -0.763129 0.0871557 
vn 0.673019 -0.734472 0.0871557 
vn 0.704416 -0.704416 0.0871557 
vn 0.734472 -0.673019 0.0871557 
vn 0.763129 -0.640342 0.0871557 
vn 0.790334 -0.606445 0.0871557 
vn 0.816035 -0.571394 0.0871557 
vn 0.840182 -0.535255 0.0871557 
vn 0.86273 -0.498097 0.0871557 
vn 0.883635 -0.459992 0.0871557 
vn 0.902859 -0.42101 0.0871557 
vn 0.920364 -0.381227 0.0871557 
vn 0.936117 -0.340719 0.0871557 
vn 0.950088 -0.299562 0.0871557 
vn 0.96225 -0.257834 0.0871557 
vn 0.972581 -0.215616 0.0871557 
vn 0.98106 -0.172987 0.0871557 
vn 0.987672 -0.13003 0.0871557 
vn 0.992404 -0.0868241 0.0871557 
vn 0.995247 -0.0434534 0.0871557 
vn 0.996195 -2.24026e-16 0.0871557 
vn 0.995247 0.0434534 0.0871557 
vn 0.992404 0.0868241 0.0871557 
vn 0.987672 0.13003 0.0871557 
vn 0.98106 0.172987 0.0871557 
vn 0.972581 0.215616 0.0871557 
vn 0.96225 0.257834 0.0871557 
vn 0.950088 0.299562 0.0871557 
vn 0.936117 0.340719 0.0871557 
vn 0.920364 0.381227 0.0871557 
vn 0.902859 0.42101 0.0871557 
vn 0.883635 0.459992 0.0871557 
vn 0.86273 0.498097 0.0871557 
vn 0.840182 0.535255 0.0871557 
vn 0.816035 0.571394 0.0871557 
vn 0.790334 0.606445 0.0871557 
vn 0.763129 0.640342 0.0871557 
vn 0.734472 0.673019 0.0871557 
vn 0.704416 0.704416 0.0871557 
vn 0.673019 0.734472 0.0871557 
vn 0.640342 0.763129 0.0871557 
vn 0.606445 0.790334 0.0871557 
vn 0.571394 0.816035 0.0871557 
vn 0.535255 0.840182 0.0871557 
vn 0.498097 0.86273 0.0871557 
vn 0.459992 0.883635 0.0871557 
vn 0.42101 0.902859 0.0871557 
vn 0.381227 0.920364 0.0871557 
vn 0.340719 0.936117 0.0871557 
vn 0.299562 0.950088 0.0871557 
vn 0.257834 0.96225 0.0871557 
vn 0.215616 0.972581 0.0871557 
vn 0.172987 0.98106 0.0871557 
vn 0.13003 0.987672 0.0871557 
vn 0.0868241 0.992404 0.0871557 
vn 0.0434534 0.995247 0.0871557 
vn 2.71688e-16 0.996195 0.0871557 
vn -0.0434534 0.995247 0.0871557 
vn -0.0868241 0.992404 0.0871557 
vn -0.13003 0.987672 0.0871557 
vn -0.172987 0.98106 0.0871557 
vn -0.215616 0.972581 0.0871557 
vn -0.257834 0.96225 0.0871557 
vn -0.299562 0.950088 0.0871557 
vn -0.340719 0.936117 0.0871557 
vn -0.381227 0.920364 0.0871557 
vn -0.42101 0.902859 0.0871557 
vn -0.459992 0.883635 0.0871557 
vn -0.498097 0.86273 0.0871557 
vn -0.535255 0.840182 0.0871557 
vn -0.571394 0.816035 0.0871557 
vn -0.606445 0.790334 0.0871557 
vn -0.640342 0.763129 0.0871557 
vn -0.673019 0.734472 0.0871557 
vn -0.704416 0.704416 0.0871557 
vn -0.734472 0.673019 0.0871557 
vn -0.763129 0.640342 0.0871557 
vn -0.790334 0.606445 0.0871557 
vn -0.816035 0.571394 0.0871557 
vn -0.840182 0.535255 0.0871557 
vn -0.86273 0.498097 0.0871557 
vn -0.879422 0.457798 0.130526 
vn -0.898554 0.419003 0.130526 
vn -0.915976 0.37941 0.130526 
vn -0.931653 0.339094 0.130526 
vn -0.945558 0.298133 0.130526 
vn -0.957662 0.256605 0.130526 
vn -0.967944 0.214588 0.130526 
vn -0.976383 0.172163 0.130526 
vn -0.982963 0.12941 0.130526 
vn -0.987672 0.0864101 0.130526 
vn -0.990501 0.0432462 0.130526 
vn -0.991445 5.25431e-17 0.130526 
vn -0.990501 -0.0432462 0.130526 
vn -0.987672 -0.0864101 0.130526 
vn -0.982963 -0.12941 0.130526 
vn -0.976383 -0.172163 0.130526 
vn -0.967944 -0.214588 0.130526 
vn -0.957662 -0.256605 0.130526 
vn -0.945558 -0.298133 0.130526 
vn -0.931653 -0.339094 0.130526 
vn -0.915976 -0.37941 0.130526 
vn -0.898554 -0.419003 0.130526 
vn -0.879422 -0.457798 0.130526 
vn -0.858616 -0.495722 0.130526 
vn -0.836176 -0.532703 0.130526 
vn -0.812144 -0.568669 0.130526 
vn -0.786566 -0.603553 0.130526 
vn -0.759491 -0.637288 0.130526 
vn -0.73097 -0.66981 0.130526 
vn -0.701057 -0.701057 0.130526 
vn -0.66981 -0.73097 0.130526 
vn -0.637288 -0.759491 0.130526 
vn -0.603553 -0.786566 0.130526 
vn -0.568669 -0.812144 0.130526 
vn -0.532703 -0.836176 0.130526 
vn -0.495722 -0.858616 0.130526 
vn -0.457798 -0.879422 0.130526 
vn -0.419003 -0.898554 0.130526 
vn -0.37941 -0.915976 0.130526 
vn -0.339094 -0.931653 0.130526 
vn -0.298133 -0.945558 0.130526 
vn -0.256605 -0.957662 0.130526 
vn -0.214588 -0.967944 0.130526 
vn -0.172163 -0.976383 0.130526 
vn -0.12941 -0.982963 0.130526 
vn -0.0864101 -0.987672 0.130526 
vn -0.0432462 -0.990501 0.130526 
vn -1.1981e-16 -0.991445 0.130526 
vn 0.0432462 -0.990501 0.130526 
vn 0.0864101 -0.987672 0.130526 
vn 0.12941 -0.982963 0.130526 
vn 0.172163 -0.976383 0.130526 
vn 0.214588 -0.967944 0.130526 
vn 0.256605 -0.957662 0.130526 
vn 0.298133 -0.945558 0.130526 
vn 0.339094 -0.931653 0.130526 
vn 0.37941 -0.915976 0.130526 
vn 0.419003 -0.898554 0.130526 
vn 0.457798 -0.879422 0.130526 
vn 0.495722 -0.858616 0.130526 
vn 0.532703 -0.836176 0.130526 
vn 0.568669 -0.812144 0.130526 
vn 0.603553 -0.786566 0.130526 
vn 0.637288 -0.759491 0.130526 
vn 0.66981 -0.73097 0.130526 
vn 0.701057 -0.701057 0.130526 
vn 0.73097 -0.66981 0.130526 
vn 0.759491 -0.637288 0.130526 
vn 0.786566 -0.603553 0.130526 
vn 0.812144 -0.568669 0.130526 
vn 0.836176 -0.532703 0.130526 
vn 0.858616 -0.495722 0.130526 
vn 0.879422 -0.457798 0.130526 
vn 0.898554 -0.419003 0.130526 
vn 0.915976 -0.37941 0.130526 
vn 0.931653 -0.339094 0.130526 
vn 0.945558 -0.298133 0.130526 
vn 0.957662 -0.256605 0.130526 
vn 0.967944 -0.214588 0.130526 
vn 0.976383 -0.172163 0.130526 
vn 0.982963 -0.12941 0.130526 
vn 0.987672 -0.0864101 0.130526 
vn 0.990501 -0.0432462 0.130526 
vn 0.991445 -3.36035e-16 0.130526 
vn 0.990501 0.0432462 0.130526 
vn 0.987672 0.0864101 0.130526 
vn 0.982963 0.12941 0.130526 
vn 0.976383 0.172163 0.130526 
vn 0.967944 0.214588 0.130526 
vn 0.957662 0.256605 0.130526 
vn 0.945558 0.298133 0.130526 
vn 0.931653 0.339094 0.130526 
vn 0.915976 0.37941 0.130526 
vn 0.898554 0.419003 0.130526 
vn 0.879422 0.457798 0.130526 
vn 0.858616 0.495722 0.130526 
vn 0.836176 0.532703 0.130526 
vn 0.812144 0.568669 0.130526 
vn 0.786566 0.603553 0.130526 
vn 0.759491 0.637288 0.130526 
vn 0.73097 0.66981 0.130526 
vn 0.701057 0.701057 0.130526 
vn 0.66981 0.73097 0.130526 
vn 0.637288 0.759491 0.130526 
vn 0.603553 0.786566 0.130526 
vn 0.568669 0.812144 0.130526 
vn 0.532703 0.836176 0.130526 
vn 0.495722 0.858616 0.130526 
vn 0.457798 0.879422 0.130526 
vn 0.419003 0.898554 0.130526 
vn 0.37941 0.915976 0.130526 
vn 0.339094 0.931653 0.130526 
vn 0.298133 0.945558 0.130526 
vn 0.256605 0.957662 0.130526 
vn 0.214588 0.967944 0.130526 
vn 0.172163 0.976383 0.130526 
vn 0.12941 0.982963 0.130526 
vn 0.0864101 0.987672 0.130526 
vn 0.0432462 0.990501 0.130526 
vn 3.7979e-16 0.991445 0.130526 
vn -0.0432462 0.990501 0.130526 
vn -0.0864101 0.987672 0.130526 
vn -0.12941 0.982963 0.130526 
vn -0.172163 0.976383 0.130526 
vn -0.214588 0.967944 0.130526 
vn -0.256605 0.957662 0.130526 
vn -0.298133 0.945558 0.130526 
vn -0.339094 0.931653 0.130526 
vn -0.37941 0.915976 0.130526 
vn -0.419003 0.898554 0.130526 
vn -0.457798 0.879422 0.130526 
vn -0.495722 0.858616 0.130526 
vn -0.532703 0.836176 0.130526 
vn -0.568669 0.812144 0.130526 
vn -0.603553 0.786566 0.130526 
vn -0.637288 0.759491 0.130526 
vn -0.66981 0.73097 0.130526 
vn -0.701057 0.701057 0.130526 
vn -0.73097 0.66981 0.130526 
vn -0.759491 0.637288 0.130526 
vn -0.786566 0.603553 0.130526 
vn -0.812144 0.568669 0.130526 
vn -0.836176 0.532703 0.130526 
vn -0.858616 0.495722 0.130526 
vn -0.873535 0.454734 0.173648 
vn -0.892539 0.416198 0.173648 
vn -0.909844 0.37687 0.173648 
vn -0.925417 0.336824 0.173648 
vn -0.939228 0.296137 0.173648 
vn -0.951251 0.254887 0.173648 
vn -0.961464 0.213151 0.173648 
vn -0.969846 0.17101 0.173648 
vn -0.976383 0.128543 0.173648 
vn -0.98106 0.0858317 0.173648 
vn -0.98387 0.0429567 0.173648 
vn -0.984808 -3.94861e-18 0.173648 
vn -0.98387 -0.0429567 0.173648 
vn -0.98106 -0.0858317 0.173648 
vn -0.976383 -0.128543 0.173648 
vn -0.969846 -0.17101 0.173648 
vn -0.961464 -0.213151 0.173648 
vn -0.951251 -0.254887 0.173648 
vn -0.939228 -0.296137 0.173648 
vn -0.925417 -0.336824 0.173648 
vn -0.909844 -0.37687 0.173648 
vn -0.892539 -0.416198 0.173648 
vn -0.873535 -0.454734 0.173648 
vn -0.852869 -0.492404 0.173648 
vn -0.830578 -0.529137 0.173648 
vn -0.806707 -0.564863 0.173648 
vn -0.781301 -0.599513 0.173648 
vn -0.754407 -0.633022 0.173648 
vn -0.726076 -0.665326 0.173648 
vn -0.696364 -0.696364 0.173648 
vn -0.665326 -0.726076 0.173648 
vn -0.633022 -0.754407 0.173648 
vn -0.599513 -0.781301 0.173648 
vn -0.564863 -0.806707 0.173648 
vn -0.529137 -0.830578 0.173648 
vn -0.492404 -0.852869 0.173648 
vn -0.454734 -0.873535 0.173648 
vn -0.416198 -0.892539 0.173648 
vn -0.37687 -0.909844 0.173648 
vn -0.336824 -0.925417 0.173648 
vn -0.296137 -0.939228 0.173648 
vn -0.254887 -0.951251 0.173648 
vn -0.213151 -0.961464 0.173648 
vn -0.17101 -0.969846 0.173648 
vn -0.128543 -0.976383 0.173648 
vn -0.0858317 -0.98106 0.173648 
vn -0.0429567 -0.98387 0.173648 
vn -6.72021e-17 -0.984808 0.173648 
vn 0.0429567 -0.98387 0.173648 
vn 0.0858317 -0.98106 0.173648 
vn 0.128543 -0.976383 0.173648 
vn 0.17101 -0.969846 0.173648 
vn 0.213151 -0.961464 0.173648 
vn 0.254887 -0.951251 0.173648 
vn 0.296137 -0.939228 0.173648 
vn 0.336824 -0.925417 0.173648 
vn 0.37687 -0.909844 0.173648 
vn 0.416198 -0.892539 0.173648 
vn 0.454734 -0.873535 0.173648 
vn 0.492404 -0.852869 0.173648 
vn 0.529137 -0.830578 0.173648 
vn 0.564863 -0.806707 0.173648 
vn 0.599513 -0.781301 0.173648 
vn 0.633022 -0.754407 0.173648 
vn 0.665326 -0.726076 0.173648 
vn 0.696364 -0.696364 0.173648 
vn 0.726076 -0.665326 0.173648 
vn 0.754407 -0.633022 0.173648 
vn 0.781301 -0.599513 0.173648 
vn 0.806707 -0.564863 0.173648 
vn 0.830578 -0.529137 0.173648 
vn 0.852869 -0.492404 0.173648 
vn 0.873535 -0.454734 0.173648 
vn 0.892539 -0.416198 0.173648 
vn 0.909844 -0.37687 0.173648 
vn 0.925417 -0.336824 0.173648 
vn 0.939228 -0.296137 0.173648 
vn 0.951251 -0.254887 0.173648 
vn 0.961464 -0.213151 0.173648 
vn 0.969846 -0.17101 0.173648 
vn 0.976383 -0.128543 0.173648 
vn 0.98106 -0.0858317 0.173648 
vn 0.98387 -0.0429567 0.173648 
vn 0.984808 -3.37016e-16 0.173648 
vn 0.98387 0.0429567 0.173648 
vn 0.98106 0.0858317 0.173648 
vn 0.976383 0.128543 0.173648 
vn 0.969846 0.17101 0.173648 
vn 0.961464 0.213151 0.173648 
vn 0.951251 0.254887 0.173648 
vn 0.939228 0.296137 0.173648 
vn 0.925417 0.336824 0.173648 
vn 0.909844 0.37687 0.173648 
vn 0.892539 0.416198 0.173648 
vn 0.873535 0.454734 0.173648 
vn 0.852869 0.492404 0.173648 
vn 0.830578 0.529137 0.173648 
vn 0.806707 0.564863 0.173648 
vn 0.781301 0.599513 0.173648 
vn 0.754407 0.633022 0.173648 
vn 0.726076 0.665326 0.173648 
vn 0.696364 0.696364 0.173648 
vn 0.665326 0.726076 0.173648 
vn 0.633022 0.754407 0.173648 
vn 0.599513 0.781301 0.173648 
vn 0.564863 0.806707 0.173648 
vn 0.529137 0.830578 0.173648 
vn 0.492404 0.852869 0.173648 
vn 0.454734 0.873535 0.173648 
vn 0.416198 0.892539 0.173648 
vn 0.37687 0.909844 0.173648 
vn 0.336824 0.925417 0.173648 
vn 0.296137 0.939228 0.173648 
vn 0.254887 0.951251 0.173648 
vn 0.213151 0.961464 0.173648 
vn 0.17101 0.969846 0.173648 
vn 0.128543 0.976383 0.173648 
vn 0.0858317 0.98106 0.173648 
vn 0.0429567 0.98387 0.173648 
vn 3.21376e-16 0.984808 0.173648 
vn -0.0429567 0.98387 0.173648 
vn -0.0858317 0.98106 0.173648 
vn -0.128543 0.976383 0.173648 
vn -0.17101 0.969846 0.173648 
vn -0.213151 0.961464 0.173648 
vn -0.254887 0.951251 0.173648 
vn -0.296137 0.939228 0.173648 
vn -0.336824 0.925417 0.173648 
vn -0.37687 0.909844 0.173648 
vn -0.416198 0.892539 0.173648 
vn -0.454734 0.873535 0.173648 
vn -0.492404 0.852869 0.173648 
vn -0.529137 0.830578 0.173648 
vn -0.564863 0.806707 0.173648 
vn -0.599513 0.781301 0.173648 
vn -0.633022 0.754407 0.173648 
vn -0.665326 0.726076 0.173648 
vn -0.696364 0.696364 0.173648 
vn -0.726076 0.665326 0.173648 
vn -0.754407 0.633022 0.173648 
vn -0.781301 0.599513 0.173648 
vn -0.806707 0.564863 0.173648 
vn -0.830578 0.529137 0.173648 
vn -0.852869 0.492404 0.173648 
vn -0.865985 0.450803 0.21644 
vn -0.884825 0.412601 0.21644 
vn -0.90198 0.373612 0.21644 
vn -0.917418 0.333913 0.21644 
vn -0.93111 0.293578 0.21644 
vn -0.94303 0.252684 0.21644 
vn -0.953154 0.211309 0.21644 
vn -0.961464 0.169532 0.21644 
vn -0.967944 0.127432 0.21644 
vn -0.972581 0.0850898 0.21644 
vn -0.975367 0.0425854 0.21644 
vn -0.976296 5.05895e-17 0.21644 
vn -0.975367 -0.0425854 0.21644 
vn -0.972581 -0.0850898 0.21644 
vn -0.967944 -0.127432 0.21644 
vn -0.961464 -0.169532 0.21644 
vn -0.953154 -0.211309 0.21644 
vn -0.94303 -0.252684 0.21644 
vn -0.93111 -0.293578 0.21644 
vn -0.917418 -0.333913 0.21644 
vn -0.90198 -0.373612 0.21644 
vn -0.884825 -0.412601 0.21644 
vn -0.865985 -0.450803 0.21644 
vn -0.845497 -0.488148 0.21644 
vn -0.8234 -0.524563 0.21644 
vn -0.799735 -0.55998 0.21644 
vn -0.774548 -0.594331 0.21644 
vn -0.747886 -0.627551 0.21644 
vn -0.719801 -0.659576 0.21644 
vn -0.690346 -0.690346 0.21644 
vn -0.659576 -0.719801 0.21644 
vn -0.627551 -0.747886 0.21644 
vn -0.594331 -0.774548 0.21644 
vn -0.55998 -0.799735 0.21644 
vn -0.524563 -0.8234 0.21644 
vn -0.488148 -0.845497 0.21644 
vn -0.450803 -0.865985 0.21644 
vn -0.412601 -0.884825 0.21644 
vn -0.373612 -0.90198 0.21644 
vn -0.333913 -0.917418 0.21644 
vn -0.293578 -0.93111 0.21644 
vn -0.252684 -0.94303 0.21644 
vn -0.211309 -0.953154 0.21644 
vn -0.169532 -0.961464 0.21644 
vn -0.127432 -0.967944 0.21644 
vn -0.0850898 -0.972581 0.21644 
vn -0.0425854 -0.975367 0.21644 
vn -1.25594e-16 -0.976296 0.21644 
vn 0.0425854 -0.975367 0.21644 
vn 0.0850898 -0.972581 0.21644 
vn 0.127432 -0.967944 0.21644 
vn 0.169532 -0.961464 0.21644 
vn 0.211309 -0.953154 0.21644 
vn 0.252684 -0.94303 0.21644 
vn 0.293578 -0.93111 0.21644 
vn 0.333913 -0.917418 0.21644 
vn 0.373612 -0.90198 0.21644 
vn 0.412601 -0.884825 0.21644 
vn 0.450803 -0.865985 0.21644 
vn 0.488148 -0.845497 0.21644 
vn 0.524563 -0.8234 0.21644 
vn 0.55998 -0.799735 0.21644 
vn 0.594331 -0.774548 0.21644 
vn 0.627551 -0.747886 0.21644 
vn 0.659576 -0.719801 0.21644 
vn 0.690346 -0.690346 0.21644 
vn 0.719801 -0.659576 0.21644 
vn 0.747886 -0.627551 0.21644 
vn 0.774548 -0.594331 0.21644 
vn 0.799735 -0.55998 0.21644 
vn 0.8234 -0.524563 0.21644 
vn 0.845497 -0.488148 0.21644 
vn 0.865985 -0.450803 0.21644 
vn 0.884825 -0.412601 0.21644 
vn 0.90198 -0.373612 0.21644 
vn 0.917418 -0.333913 0.21644 
vn 0.93111 -0.293578 0.21644 
vn 0.94303 -0.252684 0.21644 
vn 0.953154 -0.211309 0.21644 
vn 0.961464 -0.169532 0.21644 
vn 0.967944 -0.127432 0.21644 
vn 0.972581 -0.0850898 0.21644 
vn 0.975367 -0.0425854 0.21644 
vn 0.976296 -3.935e-16 0.21644 
vn 0.975367 0.0425854 0.21644 
vn 0.972581 0.0850898 0.21644 
vn 0.967944 0.127432 0.21644 
vn 0.961464 0.169532 0.21644 
vn 0.953154 0.211309 0.21644 
vn 0.94303 0.252684 0.21644 
vn 0.93111 0.293578 0.21644 
vn 0.917418 0.333913 0.21644 
vn 0.90198 0.373612 0.21644 
vn 0.884825 0.412601 0.21644 
vn 0.865985 0.450803 0.21644 
vn 0.845497 0.488148 0.21644 
vn 0.8234 0.524563 0.21644 
vn 0.799735 0.55998 0.21644 
vn 0.774548 0.594331 0.21644 
vn 0.747886 0.627551 0.21644 
vn 0.719801 0.659576 0.21644 
vn 0.690346 0.690346 0.21644 
vn 0.659576 0.719801 0.21644 
vn 0.627551 0.747886 0.21644 
vn 0.594331 0.774548 0.21644 
vn 0.55998 0.799735 0.21644 
vn 0.524563 0.8234 0.21644 
vn 0.488148 0.845497 0.21644 
vn 0.450803 0.865985 0.21644 
vn 0.412601 0.884825 0.21644 
vn 0.373612 0.90198 0.21644 
vn 0.333913 0.917418 0.21644 
vn 0.293578 0.93111 0.21644 
vn 0.252684 0.94303 0.21644 
vn 0.211309 0.953154 0.21644 
vn 0.169532 0.961464 0.21644 
vn 0.127432 0.967944 0.21644 
vn 0.0850898 0.972581 0.21644 
vn 0.0425854 0.975367 0.21644 
vn 3.74006e-16 0.976296 0.21644 
vn -0.0425854 0.975367 0.21644 
vn -0.0850898 0.972581 0.21644 
vn -0.127432 0.967944 0.21644 
vn -0.169532 0.961464 0.21644 
vn -0.211309 0.953154 0.21644 
vn -0.252684 0.94303 0.21644 
vn -0.293578 0.93111 0.21644 
vn -0.333913 0.917418 0.21644 
vn -0.373612 0.90198 0.21644 
vn -0.412601 0.884825 0.21644 
vn -0.450803 0.865985 0.21644 
vn -0.488148 0.845497 0.21644 
vn -0.524563 0.8234 0.21644 
vn -0.55998 0.799735 0.21644 
vn -0.594331 0.774548 0.21644 
vn -0.627551 0.747886 0.21644 
vn -0.659576 0.719801 0.21644 
vn -0.690346 0.690346 0.21644 
vn -0.719801 0.659576 0.21644 
vn -0.747886 0.627551 0.21644 
vn -0.774548 0.594331 0.21644 
vn -0.799735 0.55998 0.21644 
vn -0.8234 0.524563 0.21644 
vn -0.845497 0.488148 0.21644 
vn -0.856787 0.446015 0.258819 
vn -0.875426 0.408218 0.258819 
vn -0.892399 0.369644 0.258819 
vn -0.907673 0.330366 0.258819 
vn -0.92122 0.290459 0.258819 
vn -0.933013 0.25 0.258819 
vn -0.94303 0.209065 0.258819 
vn -0.951251 0.167731 0.258819 
vn -0.957662 0.126079 0.258819 
vn -0.96225 0.084186 0.258819 
vn -0.965006 0.0421331 0.258819 
vn -0.965926 4.96258e-17 0.258819 
vn -0.965006 -0.0421331 0.258819 
vn -0.96225 -0.084186 0.258819 
vn -0.957662 -0.126079 0.258819 
vn -0.951251 -0.167731 0.258819 
vn -0.94303 -0.209065 0.258819 
vn -0.933013 -0.25 0.258819 
vn -0.92122 -0.290459 0.258819 
vn -0.907673 -0.330366 0.258819 
vn -0.892399 -0.369644 0.258819 
vn -0.875426 -0.408218 0.258819 
vn -0.856787 -0.446015 0.258819 
vn -0.836516 -0.482963 0.258819 
vn -0.814654 -0.518992 0.258819 
vn -0.79124 -0.554032 0.258819 
vn -0.76632 -0.588018 0.258819 
vn -0.739942 -0.620885 0.258819 
vn -0.712155 -0.65257 0.258819 
vn -0.683013 -0.683013 0.258819 
vn -0.65257 -0.712155 0.258819 
vn -0.620885 -0.739942 0.258819 
vn -0.588018 -0.76632 0.258819 
vn -0.554032 -0.79124 0.258819 
vn -0.518992 -0.814654 0.258819 
vn -0.482963 -0.836516 0.258819 
vn -0.446015 -0.856787 0.258819 
vn -0.408218 -0.875426 0.258819 
vn -0.369644 -0.892399 0.258819 
vn -0.330366 -0.907673 0.258819 
vn -0.290459 -0.92122 0.258819 
vn -0.25 -0.933013 0.258819 
vn -0.209065 -0.94303 0.258819 
vn -0.167731 -0.951251 0.258819 
vn -0.126079 -0.957662 0.258819 
vn -0.084186 -0.96225 0.258819 
vn -0.0421331 -0.965006 0.258819 
vn -1.83959e-16 -0.965926 0.258819 
vn 0.0421331 -0.965006 0.258819 
vn 0.084186 -0.96225 0.258819 
vn 0.126079 -0.957662 0.258819 
vn 0.167731 -0.951251 0.258819 
vn 0.209065 -0.94303 0.258819 
vn 0.25 -0.933013 0.258819 
vn 0.290459 -0.92122 0.258819 
vn 0.330366 -0.907673 0.258819 
vn 0.369644 -0.892399 0.258819 
vn 0.408218 -0.875426 0.258819 
vn 0.446015 -0.856787 0.258819 
vn 0.482963 -0.836516 0.258819 
vn 0.518992 -0.814654 0.258819 
vn 0.554032 -0.79124 0.258819 
vn 0.588018 -0.76632 0.258819 
vn 0.620885 -0.739942 0.258819 
vn 0.65257 -0.712155 0.258819 
vn 0.683013 -0.683013 0.258819 
vn 0.712155 -0.65257 0.258819 
vn 0.739942 -0.620885 0.258819 
vn 0.76632 -0.588018 0.258819 
vn 0.79124 -0.554032 0.258819 
vn 0.814654 -0.518992 0.258819 
vn 0.836516 -0.482963 0.258819 
vn 0.856787 -0.446015 0.258819 
vn 0.875426 -0.408218 0.258819 
vn 0.892399 -0.369644 0.258819 
vn 0.907673 -0.330366 0.258819 
vn 0.92122 -0.290459 0.258819 
vn 0.933013 -0.25 0.258819 
vn 0.94303 -0.209065 0.258819 
vn 0.951251 -0.167731 0.258819 
vn 0.957662 -0.126079 0.258819 
vn 0.96225 -0.084186 0.258819 
vn 0.965006 -0.0421331 0.258819 
vn 0.965926 -3.38952e-16 0.258819 
vn 0.965006 0.0421331 0.258819 
vn 0.96225 0.084186 0.258819 
vn 0.957662 0.126079 0.258819 
vn 0.951251 0.167731 0.258819 
vn 0.94303 0.209065 0.258819 
vn 0.933013 0.25 0.258819 
vn 0.92122 0.290459 0.258819 
vn 0.907673 0.330366 0.258819 
vn 0.892399 0.369644 0.258819 
vn 0.875426 0.408218 0.258819 
vn 0.856787 0.446015 0.258819 
vn 0.836516 0.482963 0.258819 
vn 0.814654 0.518992 0.258819 
vn 0.79124 0.554032 0.258819 
vn 0.76632 0.588018 0.258819 
vn 0.739942 0.620885 0.258819 
vn 0.712155 0.65257 0.258819 
vn 0.683013 0.683013 0.258819 
vn 0.65257 0.712155 0.258819 
vn 0.620885 0.739942 0.258819 
vn 0.588018 0.76632 0.258819 
vn 0.554032 0.79124 0.258819 
vn 0.518992 0.814654 0.258819 
vn 0.482963 0.836516 0.258819 
vn 0.446015 0.856787 0.258819 
vn 0.408218 0.875426 0.258819 
vn 0.369644 0.892399 0.258819 
vn 0.330366 0.907673 0.258819 
vn 0.290459 0.92122 0.258819 
vn 0.25 0.933013 0.258819 
vn 0.209065 0.94303 0.258819 
vn 0.167731 0.951251 0.258819 
vn 0.126079 0.957662 0.258819 
vn 0.084186 0.96225 0.258819 
vn 0.0421331 0.965006 0.258819 
vn 3.71153e-16 0.965926 0.258819 
vn -0.0421331 0.965006 0.258819 
vn -0.084186 0.96225 0.258819 
vn -0.126079 0.957662 0.258819 
vn -0.167731 0.951251 0.258819 
vn -0.209065 0.94303 0.258819 
vn -0.25 0.933013 0.258819 
vn -0.290459 0.92122 0.258819 
vn -0.330366 0.907673 0.258819 
vn -0.369644 0.892399 0.258819 
vn -0.408218 0.875426 0.258819 
vn -0.446015 0.856787 0.258819 
vn -0.482963 0.836516 0.258819 
vn -0.518992 0.814654 0.258819 
vn -0.554032 0.79124 0.258819 
vn -0.588018 0.76632 0.258819 
vn -0.620885 0.739942 0.258819 
vn -0.65257 0.712155 0.258819 
vn -0.683013 0.683013 0.258819 
vn -0.712155 0.65257 0.258819 
vn -0.739942 0.620885 0.258819 
vn -0.76632 0.588018 0.258819 
vn -0.79124 0.554032 0.258819 
vn -0.814654 0.518992 0.258819 
vn -0.836516 0.482963 0.258819 
vn -0.845957 0.440377 0.300706 
vn -0.864361 0.403058 0.300706 
vn -0.88112 0.364972 0.300706 
vn -0.896201 0.32619 0.300706 
vn -0.909576 0.286788 0.300706 
vn -0.92122 0.24684 0.300706 
vn -0.93111 0.206422 0.300706 
vn -0.939228 0.165611 0.300706 
vn -0.945558 0.124485 0.300706 
vn -0.950088 0.0831219 0.300706 
vn -0.952809 0.0416005 0.300706 
vn -0.953717 -6.23489e-17 0.300706 
vn -0.952809 -0.0416005 0.300706 
vn -0.950088 -0.0831219 0.300706 
vn -0.945558 -0.124485 0.300706 
vn -0.939228 -0.165611 0.300706 
vn -0.93111 -0.206422 0.300706 
vn -0.92122 -0.24684 0.300706 
vn -0.909576 -0.286788 0.300706 
vn -0.896201 -0.32619 0.300706 
vn -0.88112 -0.364972 0.300706 
vn -0.864361 -0.403058 0.300706 
vn -0.845957 -0.440377 0.300706 
vn -0.825943 -0.476858 0.300706 
vn -0.804357 -0.512432 0.300706 
vn -0.781239 -0.54703 0.300706 
vn -0.756635 -0.580586 0.300706 
vn -0.73059 -0.613037 0.300706 
vn -0.703154 -0.644322 0.300706 
vn -0.67438 -0.67438 0.300706 
vn -0.644322 -0.703154 0.300706 
vn -0.613037 -0.73059 0.300706 
vn -0.580586 -0.756635 0.300706 
vn -0.54703 -0.781239 0.300706 
vn -0.512432 -0.804357 0.300706 
vn -0.476858 -0.825943 0.300706 
vn -0.440377 -0.845957 0.300706 
vn -0.403058 -0.864361 0.300706 
vn -0.364972 -0.88112 0.300706 
vn -0.32619 -0.896201 0.300706 
vn -0.286788 -0.909576 0.300706 
vn -0.24684 -0.92122 0.300706 
vn -0.206422 -0.93111 0.300706 
vn -0.165611 -0.939228 0.300706 
vn -0.124485 -0.945558 0.300706 
vn -0.0831219 -0.950088 0.300706 
vn -0.0416005 -0.952809 0.300706 
vn -7.57562e-17 -0.953717 0.300706 
vn 0.0416005 -0.952809 0.300706 
vn 0.0831219 -0.950088 0.300706 
vn 0.124485 -0.945558 0.300706 
vn 0.165611 -0.939228 0.300706 
vn 0.206422 -0.93111 0.300706 
vn 0.24684 -0.92122 0.300706 
vn 0.286788 -0.909576 0.300706 
vn 0.32619 -0.896201 0.300706 
vn 0.364972 -0.88112 0.300706 
vn 0.403058 -0.864361 0.300706 
vn 0.440377 -0.845957 0.300706 
vn 0.476858 -0.825943 0.300706 
vn 0.512432 -0.804357 0.300706 
vn 0.54703 -0.781239 0.300706 
vn 0.580586 -0.756635 0.300706 
vn 0.613037 -0.73059 0.300706 
vn 0.644322 -0.703154 0.300706 
vn 0.67438 -0.67438 0.300706 
vn 0.703154 -0.644322 0.300706 
vn 0.73059 -0.613037 0.300706 
vn 0.756635 -0.580586 0.300706 
vn 0.781239 -0.54703 0.300706 
vn 0.804357 -0.512432 0.300706 
vn 0.825943 -0.476858 0.300706 
vn 0.845957 -0.440377 0.300706 
vn 0.864361 -0.403058 0.300706 
vn 0.88112 -0.364972 0.300706 
vn 0.896201 -0.32619 0.300706 
vn 0.909576 -0.286788 0.300706 
vn 0.92122 -0.24684 0.300706 
vn 0.93111 -0.206422 0.300706 
vn 0.939228 -0.165611 0.300706 
vn 0.945558 -0.124485 0.300706 
vn 0.950088 -0.0831219 0.300706 
vn 0.952809 -0.0416005 0.300706 
vn 0.953717 -2.28882e-16 0.300706 
vn 0.952809 0.0416005 0.300706 
vn 0.950088 0.0831219 0.300706 
vn 0.945558 0.124485 0.300706 
vn 0.939228 0.165611 0.300706 
vn 0.93111 0.206422 0.300706 
vn 0.92122 0.24684 0.300706 
vn 0.909576 0.286788 0.300706 
vn 0.896201 0.32619 0.300706 
vn 0.88112 0.364972 0.300706 
vn 0.864361 0.403058 0.300706 
vn 0.845957 0.440377 0.300706 
vn 0.825943 0.476858 0.300706 
vn 0.804357 0.512432 0.300706 
vn 0.781239 0.54703 0.300706 
vn 0.756635 0.580586 0.300706 
vn 0.73059 0.613037 0.300706 
vn 0.703154 0.644322 0.300706 
vn 0.67438 0.67438 0.300706 
vn 0.644322 0.703154 0.300706 
vn 0.613037 0.73059 0.300706 
vn 0.580586 0.756635 0.300706 
vn 0.54703 0.781239 0.300706 
vn 0.512432 0.804357 0.300706 
vn 0.476858 0.825943 0.300706 
vn 0.440377 0.845957 0.300706 
vn 0.403058 0.864361 0.300706 
vn 0.364972 0.88112 0.300706 
vn 0.32619 0.896201 0.300706 
vn 0.286788 0.909576 0.300706 
vn 0.24684 0.92122 0.300706 
vn 0.206422 0.93111 0.300706 
vn 0.165611 0.939228 0.300706 
vn 0.124485 0.945558 0.300706 
vn 0.0831219 0.950088 0.300706 
vn 0.0416005 0.952809 0.300706 
vn 2.57311e-16 0.953717 0.300706 
vn -0.0416005 0.952809 0.300706 
vn -0.0831219 0.950088 0.300706 
vn -0.124485 0.945558 0.300706 
vn -0.165611 0.939228 0.300706 
vn -0.206422 0.93111 0.300706 
vn -0.24684 0.92122 0.300706 
vn -0.286788 0.909576 0.300706 
vn -0.32619 0.896201 0.300706 
vn -0.364972 0.88112 0.300706 
vn -0.403058 0.864361 0.300706 
vn -0.440377 0.845957 0.300706 
vn -0.476858 0.825943 0.300706 
vn -0.512432 0.804357 0.300706 
vn -0.54703 0.781239 0.300706 
vn -0.580586 0.756635 0.300706 
vn -0.613037 0.73059 0.300706 
vn -0.644322 0.703154 0.300706 
vn -0.67438 0.67438 0.300706 
vn -0.703154 0.644322 0.300706 
vn -0.73059 0.613037 0.300706 
vn -0.756635 0.580586 0.300706 
vn -0.781239 0.54703 0.300706 
vn -0.804357 0.512432 0.300706 
vn -0.825943 0.476858 0.300706 
vn -0.833518 0.433902 0.34202 
vn -0.851651 0.397131 0.34202 
vn -0.868163 0.359605 0.34202 
vn -0.883022 0.321394 0.34202 
vn -0.896201 0.282571 0.34202 
vn -0.907673 0.24321 0.34202 
vn -0.917418 0.203387 0.34202 
vn -0.925417 0.163176 0.34202 
vn -0.931653 0.122654 0.34202 
vn -0.936117 0.0818996 0.34202 
vn -0.938798 0.0409888 0.34202 
vn -0.939693 -6.32884e-17 0.34202 
vn -0.938798 -0.0409888 0.34202 
vn -0.936117 -0.0818996 0.34202 
vn -0.931653 -0.122654 0.34202 
vn -0.925417 -0.163176 0.34202 
vn -0.917418 -0.203387 0.34202 
vn -0.907673 -0.24321 0.34202 
vn -0.896201 -0.282571 0.34202 
vn -0.883022 -0.321394 0.34202 
vn -0.868163 -0.359605 0.34202 
vn -0.851651 -0.397131 0.34202 
vn -0.833518 -0.433902 0.34202 
vn -0.813798 -0.469846 0.34202 
vn -0.792529 -0.504896 0.34202 
vn -0.769751 -0.538986 0.34202 
vn -0.745508 -0.572049 0.34202 
vn -0.719846 -0.604023 0.34202 
vn -0.692814 -0.634847 0.34202 
vn -0.664463 -0.664463 0.34202 
vn -0.634847 -0.692814 0.34202 
vn -0.604023 -0.719846 0.34202 
vn -0.572049 -0.745508 0.34202 
vn -0.538986 -0.769751 0.34202 
vn -0.504896 -0.792529 0.34202 
vn -0.469846 -0.813798 0.34202 
vn -0.433902 -0.833518 0.34202 
vn -0.397131 -0.851651 0.34202 
vn -0.359605 -0.868163 0.34202 
vn -0.321394 -0.883022 0.34202 
vn -0.282571 -0.896201 0.34202 
vn -0.24321 -0.907673 0.34202 
vn -0.203387 -0.917418 0.34202 
vn -0.163176 -0.925417 0.34202 
vn -0.122654 -0.931653 0.34202 
vn -0.0818996 -0.936117 0.34202 
vn -0.0409888 -0.938798 0.34202 
vn -7.85377e-17 -0.939693 0.34202 
vn 0.0409888 -0.938798 0.34202 
vn 0.0818996 -0.936117 0.34202 
vn 0.122654 -0.931653 0.34202 
vn 0.163176 -0.925417 0.34202 
vn 0.203387 -0.917418 0.34202 
vn 0.24321 -0.907673 0.34202 
vn 0.282571 -0.896201 0.34202 
vn 0.321394 -0.883022 0.34202 
vn 0.359605 -0.868163 0.34202 
vn 0.397131 -0.851651 0.34202 
vn 0.433902 -0.833518 0.34202 
vn 0.469846 -0.813798 0.34202 
vn 0.504896 -0.792529 0.34202 
vn 0.538986 -0.769751 0.34202 
vn 0.572049 -0.745508 0.34202 
vn 0.604023 -0.719846 0.34202 
vn 0.634847 -0.692814 0.34202 
vn 0.664463 -0.664463 0.34202 
vn 0.692814 -0.634847 0.34202 
vn 0.719846 -0.604023 0.34202 
vn 0.745508 -0.572049 0.34202 
vn 0.769751 -0.538986 0.34202 
vn 0.792529 -0.504896 0.34202 
vn 0.813798 -0.469846 0.34202 
vn 0.833518 -0.433902 0.34202 
vn 0.851651 -0.397131 0.34202 
vn 0.868163 -0.359605 0.34202 
vn 0.883022 -0.321394 0.34202 
vn 0.896201 -0.282571 0.34202 
vn 0.907673 -0.24321 0.34202 
vn 0.917418 -0.203387 0.34202 
vn 0.925417 -0.163176 0.34202 
vn 0.931653 -0.122654 0.34202 
vn 0.936117 -0.0818996 0.34202 
vn 0.938798 -0.0409888 0.34202 
vn 0.939693 -2.29822e-16 0.34202 
vn 0.938798 0.0409888 0.34202 
vn 0.936117 0.0818996 0.34202 
vn 0.931653 0.122654 0.34202 
vn 0.925417 0.163176 0.34202 
vn 0.917418 0.203387 0.34202 
vn 0.907673 0.24321 0.34202 
vn 0.896201 0.282571 0.34202 
vn 0.883022 0.321394 0.34202 
vn 0.868163 0.359605 0.34202 
vn 0.851651 0.397131 0.34202 
vn 0.833518 0.433902 0.34202 
vn 0.813798 0.469846 0.34202 
vn 0.792529 0.504896 0.34202 
vn 0.769751 0.538986 0.34202 
vn 0.745508 0.572049 0.34202 
vn 0.719846 0.604023 0.34202 
vn 0.692814 0.634847 0.34202 
vn 0.664463 0.664463 0.34202 
vn 0.634847 0.692814 0.34202 
vn 0.604023 0.719846 0.34202 
vn 0.572049 0.745508 0.34202 
vn 0.538986 0.769751 0.34202 
vn 0.504896 0.792529 0.34202 
vn 0.469846 0.813798 0.34202 
vn 0.433902 0.833518 0.34202 
vn 0.397131 0.851651 0.34202 
vn 0.359605 0.868163 0.34202 
vn 0.321394 0.883022 0.34202 
vn 0.282571 0.896201 0.34202 
vn 0.24321 0.907673 0.34202 
vn 0.203387 0.917418 0.34202 
vn 0.163176 0.925417 0.34202 
vn 0.122654 0.931653 0.34202 
vn 0.0818996 0.936117 0.34202 
vn 0.0409888 0.938798 0.34202 
vn 2.54529e-16 0.939693 0.34202 
vn -0.0409888 0.938798 0.34202 
vn -0.0818996 0.936117 0.34202 
vn -0.122654 0.931653 0.34202 
vn -0.163176 0.925417 0.34202 
vn -0.203387 0.917418 0.34202 
vn -0.24321 0.907673 0.34202 
vn -0.282571 0.896201 0.34202 
vn -0.321394 0.883022 0.34202 
vn -0.359605 0.868163 0.34202 
vn -0.397131 0.851651 0.34202 
vn -0.433902 0.833518 0.34202 
vn -0.469846 0.813798 0.34202 
vn -0.504896 0.792529 0.34202 
vn -0.538986 0.769751 0.34202 
vn -0.572049 0.745508 0.34202 
vn -0.604023 0.719846 0.34202 
vn -0.634847 0.692814 0.34202 
vn -0.664463 0.664463 0.34202 
vn -0.692814 0.634847 0.34202 
vn -0.719846 0.604023 0.34202 
vn -0.745508 0.572049 0.34202 
vn -0.769751 0.538986 0.34202 
vn -0.792529 0.504896 0.34202 
vn -0.813798 0.469846 0.34202 
vn -0.819491 0.4266 0.382683 
vn -0.837319 0.390448 0.382683 
vn -0.853553 0.353553 0.382683 
vn -0.868163 0.315985 0.382683 
vn -0.88112 0.277816 0.382683 
vn -0.892399 0.239118 0.382683 
vn -0.90198 0.199964 0.382683 
vn -0.909844 0.16043 0.382683 
vn -0.915976 0.12059 0.382683 
vn -0.920364 0.0805214 0.382683 
vn -0.923 0.0402991 0.382683 
vn -0.92388 -8.70188e-18 0.382683 
vn -0.923 -0.0402991 0.382683 
vn -0.920364 -0.0805214 0.382683 
vn -0.915976 -0.12059 0.382683 
vn -0.909844 -0.16043 0.382683 
vn -0.90198 -0.199964 0.382683 
vn -0.892399 -0.239118 0.382683 
vn -0.88112 -0.277816 0.382683 
vn -0.868163 -0.315985 0.382683 
vn -0.853553 -0.353553 0.382683 
vn -0.837319 -0.390448 0.382683 
vn -0.819491 -0.4266 0.382683 
vn -0.800103 -0.46194 0.382683 
vn -0.779192 -0.4964 0.382683 
vn -0.756798 -0.529916 0.382683 
vn -0.732963 -0.562422 0.382683 
vn -0.707733 -0.593858 0.382683 
vn -0.681155 -0.624164 0.382683 
vn -0.653281 -0.653281 0.382683 
vn -0.624164 -0.681155 0.382683 
vn -0.593858 -0.707733 0.382683 
vn -0.562422 -0.732963 0.382683 
vn -0.529916 -0.756798 0.382683 
vn -0.4964 -0.779192 0.382683 
vn -0.46194 -0.800103 0.382683 
vn -0.4266 -0.819491 0.382683 
vn -0.390448 -0.837319 0.382683 
vn -0.353553 -0.853553 0.382683 
vn -0.315985 -0.868163 0.382683 
vn -0.277816 -0.88112 0.382683 
vn -0.239118 -0.892399 0.382683 
vn -0.199964 -0.90198 0.382683 
vn -0.16043 -0.909844 0.382683 
vn -0.12059 -0.915976 0.382683 
vn -0.0805214 -0.920364 0.382683 
vn -0.0402991 -0.923 0.382683 
vn -8.12754e-17 -0.92388 0.382683 
vn 0.0402991 -0.923 0.382683 
vn 0.0805214 -0.920364 0.382683 
vn 0.12059 -0.915976 0.382683 
vn 0.16043 -0.909844 0.382683 
vn 0.199964 -0.90198 0.382683 
vn 0.239118 -0.892399 0.382683 
vn 0.277816 -0.88112 0.382683 
vn 0.315985 -0.868163 0.382683 
vn 0.353553 -0.853553 0.382683 
vn 0.390448 -0.837319 0.382683 
vn 0.4266 -0.819491 0.382683 
vn 0.46194 -0.800103 0.382683 
vn 0.4964 -0.779192 0.382683 
vn 0.529916 -0.756798 0.382683 
vn 0.562422 -0.732963 0.382683 
vn 0.593858 -0.707733 0.382683 
vn 0.624164 -0.681155 0.382683 
vn 0.653281 -0.653281 0.382683 
vn 0.681155 -0.624164 0.382683 
vn 0.707733 -0.593858 0.382683 
vn 0.732963 -0.562422 0.382683 
vn 0.756798 -0.529916 0.382683 
vn 0.779192 -0.4964 0.382683 
vn 0.800103 -0.46194 0.382683 
vn 0.819491 -0.4266 0.382683 
vn 0.837319 -0.390448 0.382683 
vn 0.853553 -0.353553 0.382683 
vn 0.868163 -0.315985 0.382683 
vn 0.88112 -0.277816 0.382683 
vn 0.892399 -0.239118 0.382683 
vn 0.90198 -0.199964 0.382683 
vn 0.909844 -0.16043 0.382683 
vn 0.915976 -0.12059 0.382683 
vn 0.920364 -0.0805214 0.382683 
vn 0.923 -0.0402991 0.382683 
vn 0.92388 -2.86258e-16 0.382683 
vn 0.923 0.0402991 0.382683 
vn 0.920364 0.0805214 0.382683 
vn 0.915976 0.12059 0.382683 
vn 0.909844 0.16043 0.382683 
vn 0.90198 0.199964 0.382683 
vn 0.892399 0.239118 0.382683 
vn 0.88112 0.277816 0.382683 
vn 0.868163 0.315985 0.382683 
vn 0.853553 0.353553 0.382683 
vn 0.837319 0.390448 0.382683 
vn 0.819491 0.4266 0.382683 
vn 0.800103 0.46194 0.382683 
vn 0.779192 0.4964 0.382683 
vn 0.756798 0.529916 0.382683 
vn 0.732963 0.562422 0.382683 
vn 0.707733 0.593858 0.382683 
vn 0.681155 0.624164 0.382683 
vn 0.653281 0.653281 0.382683 
vn 0.624164 0.681155 0.382683 
vn 0.593858 0.707733 0.382683 
vn 0.562422 0.732963 0.382683 
vn 0.529916 0.756798 0.382683 
vn 0.4964 0.779192 0.382683 
vn 0.46194 0.800103 0.382683 
vn 0.4266 0.819491 0.382683 
vn 0.390448 0.837319 0.382683 
vn 0.353553 0.853553 0.382683 
vn 0.315985 0.868163 0.382683 
vn 0.277816 0.88112 0.382683 
vn 0.239118 0.892399 0.382683 
vn 0.199964 0.90198 0.382683 
vn 0.16043 0.909844 0.382683 
vn 0.12059 0.915976 0.382683 
vn 0.0805214 0.920364 0.382683 
vn 0.0402991 0.923 0.382683 
vn 2.51791e-16 0.92388 0.382683 
vn -0.0402991 0.923 0.382683 
vn -0.0805214 0.920364 0.382683 
vn -0.12059 0.915976 0.382683 
vn -0.16043 0.909844 0.382683 
vn -0.199964 0.90198 0.382683 
vn -0.239118 0.892399 0.382683 
vn -0.277816 0.88112 0.382683 
vn -0.315985 0.868163 0.382683 
vn -0.353553 0.853553 0.382683 
vn -0.390448 0.837319 0.382683 
vn -0.4266 0.819491 0.382683 
vn -0.46194 0.800103 0.382683 
vn -0.4964 0.779192 0.382683 
vn -0.529916 0.756798 0.382683 
vn -0.562422 0.732963 0.382683 
vn -0.593858 0.707733 0.382683 
vn -0.624164 0.681155 0.382683 
vn -0.653281 0.653281 0.382683 
vn -0.681155 0.624164 0.382683 
vn -0.707733 0.593858 0.382683 
vn -0.732963 0.562422 0.382683 
vn -0.756798 0.529916 0.382683 
vn -0.779192 0.4964 0.382683 
vn -0.800103 0.46194 0.382683 
vn -0.803905 0.418486 0.422618 
vn -0.821394 0.383022 0.422618 
vn -0.837319 0.346829 0.422618 
vn -0.851651 0.309976 0.422618 
vn -0.864361 0.272532 0.422618 
vn -0.875426 0.23457 0.422618 
vn -0.884825 0.196161 0.422618 
vn -0.892539 0.157379 0.422618 
vn -0.898554 0.118297 0.422618 
vn -0.902859 0.0789899 0.422618 
vn -0.905445 0.0395326 0.422618 
vn -0.906308 4.59012e-17 0.422618 
vn -0.905445 -0.0395326 0.422618 
vn -0.902859 -0.0789899 0.422618 
vn -0.898554 -0.118297 0.422618 
vn -0.892539 -0.157379 0.422618 
vn -0.884825 -0.196161 0.422618 
vn -0.875426 -0.23457 0.422618 
vn -0.864361 -0.272532 0.422618 
vn -0.851651 -0.309976 0.422618 
vn -0.837319 -0.346829 0.422618 
vn -0.821394 -0.383022 0.422618 
vn -0.803905 -0.418486 0.422618 
vn -0.784886 -0.453154 0.422618 
vn -0.764372 -0.486959 0.422618 
vn -0.742404 -0.519837 0.422618 
vn -0.719022 -0.551725 0.422618 
vn -0.694272 -0.582563 0.422618 
vn -0.6682 -0.612293 0.422618 
vn -0.640856 -0.640856 0.422618 
vn -0.612293 -0.6682 0.422618 
vn -0.582563 -0.694272 0.422618 
vn -0.551725 -0.719022 0.422618 
vn -0.519837 -0.742404 0.422618 
vn -0.486959 -0.764372 0.422618 
vn -0.453154 -0.784886 0.422618 
vn -0.418486 -0.803905 0.422618 
vn -0.383022 -0.821394 0.422618 
vn -0.346829 -0.837319 0.422618 
vn -0.309976 -0.851651 0.422618 
vn -0.272532 -0.864361 0.422618 
vn -0.23457 -0.875426 0.422618 
vn -0.196161 -0.884825 0.422618 
vn -0.157379 -0.892539 0.422618 
vn -0.118297 -0.898554 0.422618 
vn -0.0789899 -0.902859 0.422618 
vn -0.0395326 -0.905445 0.422618 
vn -1.39475e-16 -0.906308 0.422618 
vn 0.0395326 -0.905445 0.422618 
vn 0.0789899 -0.902859 0.422618 
vn 0.118297 -0.898554 0.422618 
vn 0.157379 -0.892539 0.422618 
vn 0.196161 -0.884825 0.422618 
vn 0.23457 -0.875426 0.422618 
vn 0.272532 -0.864361 0.422618 
vn 0.309976 -0.851651 0.422618 
vn 0.346829 -0.837319 0.422618 
vn 0.383022 -0.821394 0.422618 
vn 0.418486 -0.803905 0.422618 
vn 0.453154 -0.784886 0.422618 
vn 0.486959 -0.764372 0.422618 
vn 0.519837 -0.742404 0.422618 
vn 0.551725 -0.719022 0.422618 
vn 0.582563 -0.694272 0.422618 
vn 0.612293 -0.6682 0.422618 
vn 0.640856 -0.640856 0.422618 
vn 0.6682 -0.612293 0.422618 
vn 0.694272 -0.582563 0.422618 
vn 0.719022 -0.551725 0.422618 
vn 0.742404 -0.519837 0.422618 
vn 0.764372 -0.486959 0.422618 
vn 0.784886 -0.453154 0.422618 
vn 0.803905 -0.418486 0.422618 
vn 0.821394 -0.383022 0.422618 
vn 0.837319 -0.346829 0.422618 
vn 0.851651 -0.309976 0.422618 
vn 0.864361 -0.272532 0.422618 
vn 0.875426 -0.23457 0.422618 
vn 0.884825 -0.196161 0.422618 
vn 0.892539 -0.157379 0.422618 
vn 0.898554 -0.118297 0.422618 
vn 0.902859 -0.0789899 0.422618 
vn 0.905445 -0.0395326 0.422618 
vn 0.906308 -3.42677e-16 0.422618 
vn 0.905445 0.0395326 0.422618 
vn 0.902859 0.0789899 0.422618 
vn 0.898554 0.118297 0.422618 
vn 0.892539 0.157379 0.422618 
vn 0.884825 0.196161 0.422618 
vn 0.875426 0.23457 0.422618 
vn 0.864361 0.272532 0.422618 
vn 0.851651 0.309976 0.422618 
vn 0.837319 0.346829 0.422618 
vn 0.821394 0.383022 0.422618 
vn 0.803905 0.418486 0.422618 
vn 0.784886 0.453154 0.422618 
vn 0.764372 0.486959 0.422618 
vn 0.742404 0.519837 0.422618 
vn 0.719022 0.551725 0.422618 
vn 0.694272 0.582563 0.422618 
vn 0.6682 0.612293 0.422618 
vn 0.640856 0.640856 0.422618 
vn 0.612293 0.6682 0.422618 
vn 0.582563 0.694272 0.422618 
vn 0.551725 0.719022 0.422618 
vn 0.519837 0.742404 0.422618 
vn 0.486959 0.764372 0.422618 
vn 0.453154 0.784886 0.422618 
vn 0.418486 0.803905 0.422618 
vn 0.383022 0.821394 0.422618 
vn 0.346829 0.837319 0.422618 
vn 0.309976 0.851651 0.422618 
vn 0.272532 0.864361 0.422618 
vn 0.23457 0.875426 0.422618 
vn 0.196161 0.884825 0.422618 
vn 0.157379 0.892539 0.422618 
vn 0.118297 0.898554 0.422618 
vn 0.0789899 0.902859 0.422618 
vn 0.0395326 0.905445 0.422618 
vn 3.60125e-16 0.906308 0.422618 
vn -0.0395326 0.905445 0.422618 
vn -0.0789899 0.902859 0.422618 
vn -0.118297 0.898554 0.422618 
vn -0.157379 0.892539 0.422618 
vn -0.196161 0.884825 0.422618 
vn -0.23457 0.875426 0.422618 
vn -0.272532 0.864361 0.422618 
vn -0.309976 0.851651 0.422618 
vn -0.346829 0.837319 0.422618 
vn -0.383022 0.821394 0.422618 
vn -0.418486 0.803905 0.422618 
vn -0.453154 0.784886 0.422618 
vn -0.486959 0.764372 0.422618 
vn -0.519837 0.742404 0.422618 
vn -0.551725 0.719022 0.422618 
vn -0.582563 0.694272 0.422618 
vn -0.612293 0.6682 0.422618 
vn -0.640856 0.640856 0.422618 
vn -0.6682 0.612293 0.422618 
vn -0.694272 0.582563 0.422618 
vn -0.719022 0.551725 0.422618 
vn -0.742404 0.519837 0.422618 
vn -0.764372 0.486959 0.422618 
vn -0.784886 0.453154 0.422618 
vn -0.786788 0.409576 0.461749 
vn -0.803905 0.374867 0.461749 
vn -0.819491 0.339444 0.461749 
vn -0.833518 0.303376 0.461749 
vn -0.845957 0.266729 0.461749 
vn -0.856787 0.229575 0.461749 
vn -0.865985 0.191984 0.461749 
vn -0.873535 0.154028 0.461749 
vn -0.879422 0.115778 0.461749 
vn -0.883635 0.0773081 0.461749 
vn -0.886167 0.0386909 0.461749 
vn -0.887011 -1.04998e-17 0.461749 
vn -0.886167 -0.0386909 0.461749 
vn -0.883635 -0.0773081 0.461749 
vn -0.879422 -0.115778 0.461749 
vn -0.873535 -0.154028 0.461749 
vn -0.865985 -0.191984 0.461749 
vn -0.856787 -0.229575 0.461749 
vn -0.845957 -0.266729 0.461749 
vn -0.833518 -0.303376 0.461749 
vn -0.819491 -0.339444 0.461749 
vn -0.803905 -0.374867 0.461749 
vn -0.786788 -0.409576 0.461749 
vn -0.768174 -0.443505 0.461749 
vn -0.748097 -0.476591 0.461749 
vn -0.726597 -0.508769 0.461749 
vn -0.703713 -0.539978 0.461749 
vn -0.67949 -0.57016 0.461749 
vn -0.653973 -0.599256 0.461749 
vn -0.627211 -0.627211 0.461749 
vn -0.599256 -0.653973 0.461749 
vn -0.57016 -0.67949 0.461749 
vn -0.539978 -0.703713 0.461749 
vn -0.508769 -0.726597 0.461749 
vn -0.476591 -0.748097 0.461749 
vn -0.443505 -0.768174 0.461749 
vn -0.409576 -0.786788 0.461749 
vn -0.374867 -0.803905 0.461749 
vn -0.339444 -0.819491 0.461749 
vn -0.303376 -0.833518 0.461749 
vn -0.266729 -0.845957 0.461749 
vn -0.229575 -0.856787 0.461749 
vn -0.191984 -0.865985 0.461749 
vn -0.154028 -0.873535 0.461749 
vn -0.115778 -0.879422 0.461749 
vn -0.0773081 -0.883635 0.461749 
vn -0.0386909 -0.886167 0.461749 
vn -1.4211e-16 -0.887011 0.461749 
vn 0.0386909 -0.886167 0.461749 
vn 0.0773081 -0.883635 0.461749 
vn 0.115778 -0.879422 0.461749 
vn 0.154028 -0.873535 0.461749 
vn 0.191984 -0.865985 0.461749 
vn 0.229575 -0.856787 0.461749 
vn 0.266729 -0.845957 0.461749 
vn 0.303376 -0.833518 0.461749 
vn 0.339444 -0.819491 0.461749 
vn 0.374867 -0.803905 0.461749 
vn 0.409576 -0.786788 0.461749 
vn 0.443505 -0.768174 0.461749 
vn 0.476591 -0.748097 0.461749 
vn 0.508769 -0.726597 0.461749 
vn 0.539978 -0.703713 0.461749 
vn 0.57016 -0.67949 0.461749 
vn 0.599256 -0.653973 0.461749 
vn 0.627211 -0.627211 0.461749 
vn 0.653973 -0.599256 0.461749 
vn 0.67949 -0.57016 0.461749 
vn 0.703713 -0.539978 0.461749 
vn 0.726597 -0.508769 0.461749 
vn 0.748097 -0.476591 0.461749 
vn 0.768174 -0.443505 0.461749 
vn 0.786788 -0.409576 0.461749 
vn 0.803905 -0.374867 0.461749 
vn 0.819491 -0.339444 0.461749 
vn 0.833518 -0.303376 0.461749 
vn 0.845957 -0.266729 0.461749 
vn 0.856787 -0.229575 0.461749 
vn 0.865985 -0.191984 0.461749 
vn 0.873535 -0.154028 0.461749 
vn 0.879422 -0.115778 0.461749 
vn 0.883635 -0.0773081 0.461749 
vn 0.886167 -0.0386909 0.461749 
vn 0.887011 -3.43567e-16 0.461749 
vn 0.886167 0.0386909 0.461749 
vn 0.883635 0.0773081 0.461749 
vn 0.879422 0.115778 0.461749 
vn 0.873535 0.154028 0.461749 
vn 0.865985 0.191984 0.461749 
vn 0.856787 0.229575 0.461749 
vn 0.845957 0.266729 0.461749 
vn 0.833518 0.303376 0.461749 
vn 0.819491 0.339444 0.461749 
vn 0.803905 0.374867 0.461749 
vn 0.786788 0.409576 0.461749 
vn 0.768174 0.443505 0.461749 
vn 0.748097 0.476591 0.461749 
vn 0.726597 0.508769 0.461749 
vn 0.703713 0.539978 0.461749 
vn 0.67949 0.57016 0.461749 
vn 0.653973 0.599256 0.461749 
vn 0.627211 0.627211 0.461749 
vn 0.599256 0.653973 0.461749 
vn 0.57016 0.67949 0.461749 
vn 0.539978 0.703713 0.461749 
vn 0.508769 0.726597 0.461749 
vn 0.476591 0.748097 0.461749 
vn 0.443505 0.768174 0.461749 
vn 0.409576 0.786788 0.461749 
vn 0.374867 0.803905 0.461749 
vn 0.339444 0.819491 0.461749 
vn 0.303376 0.833518 0.461749 
vn 0.266729 0.845957 0.461749 
vn 0.229575 0.856787 0.461749 
vn 0.191984 0.865985 0.461749 
vn 0.154028 0.873535 0.461749 
vn 0.115778 0.879422 0.461749 
vn 0.0773081 0.883635 0.461749 
vn 0.0386909 0.886167 0.461749 
vn 2.46468e-16 0.887011 0.461749 
vn -0.0386909 0.886167 0.461749 
vn -0.0773081 0.883635 0.461749 
vn -0.115778 0.879422 0.461749 
vn -0.154028 0.873535 0.461749 
vn -0.191984 0.865985 0.461749 
vn -0.229575 0.856787 0.461749 
vn -0.266729 0.845957 0.461749 
vn -0.303376 0.833518 0.461749 
vn -0.339444 0.819491 0.461749 
vn -0.374867 0.803905 0.461749 
vn -0.409576 0.786788 0.461749 
vn -0.443505 0.768174 0.461749 
vn -0.476591 0.748097 0.461749 
vn -0.508769 0.726597 0.461749 
vn -0.539978 0.703713 0.461749 
vn -0.57016 0.67949 0.461749 
vn -0.599256 0.653973 0.461749 
vn -0.627211 0.627211 0.461749 
vn -0.653973 0.599256 0.461749 
vn -0.67949 0.57016 0.461749 
vn -0.703713 0.539978 0.461749 
vn -0.726597 0.508769 0.461749 
vn -0.748097 0.476591 0.461749 
vn -0.768174 0.443505 0.461749 
vn -0.768174 0.399886 0.5 
vn -0.784886 0.365998 0.5 
vn -0.800103 0.331414 0.5 
vn -0.813798 0.296198 0.5 
vn -0.825943 0.260419 0.5 
vn -0.836516 0.224144 0.5 
vn -0.845497 0.187442 0.5 
vn -0.852869 0.150384 0.5 
vn -0.858616 0.113039 0.5 
vn -0.86273 0.0754791 0.5 
vn -0.865201 0.0377755 0.5 
vn -0.866025 4.41416e-17 0.5 
vn -0.865201 -0.0377755 0.5 
vn -0.86273 -0.0754791 0.5 
vn -0.858616 -0.113039 0.5 
vn -0.852869 -0.150384 0.5 
vn -0.845497 -0.187442 0.5 
vn -0.836516 -0.224144 0.5 
vn -0.825943 -0.260419 0.5 
vn -0.813798 -0.296198 0.5 
vn -0.800103 -0.331414 0.5 
vn -0.784886 -0.365998 0.5 
vn -0.768174 -0.399886 0.5 
vn -0.75 -0.433013 0.5 
vn -0.730398 -0.465315 0.5 
vn -0.709406 -0.496732 0.5 
vn -0.687064 -0.527203 0.5 
vn -0.663414 -0.55667 0.5 
vn -0.638501 -0.585078 0.5 
vn -0.612372 -0.612372 0.5 
vn -0.585078 -0.638501 0.5 
vn -0.55667 -0.663414 0.5 
vn -0.527203 -0.687064 0.5 
vn -0.496732 -0.709406 0.5 
vn -0.465315 -0.730398 0.5 
vn -0.433013 -0.75 0.5 
vn -0.399886 -0.768174 0.5 
vn -0.365998 -0.784886 0.5 
vn -0.331414 -0.800103 0.5 
vn -0.296198 -0.813798 0.5 
vn -0.260419 -0.825943 0.5 
vn -0.224144 -0.836516 0.5 
vn -0.187442 -0.845497 0.5 
vn -0.150384 -0.852869 0.5 
vn -0.113039 -0.858616 0.5 
vn -0.0754791 -0.86273 0.5 
vn -0.0377755 -0.865201 0.5 
vn -1.44685e-16 -0.866025 0.5 
vn 0.0377755 -0.865201 0.5 
vn 0.0754791 -0.86273 0.5 
vn 0.113039 -0.858616 0.5 
vn 0.150384 -0.852869 0.5 
vn 0.187442 -0.845497 0.5 
vn 0.224144 -0.836516 0.5 
vn 0.260419 -0.825943 0.5 
vn 0.296198 -0.813798 0.5 
vn 0.331414 -0.800103 0.5 
vn 0.365998 -0.784886 0.5 
vn 0.399886 -0.768174 0.5 
vn 0.433013 -0.75 0.5 
vn 0.465315 -0.730398 0.5 
vn 0.496732 -0.709406 0.5 
vn 0.527203 -0.687064 0.5 
vn 0.55667 -0.663414 0.5 
vn 0.585078 -0.638501 0.5 
vn 0.612372 -0.612372 0.5 
vn 0.638501 -0.585078 0.5 
vn 0.663414 -0.55667 0.5 
vn 0.687064 -0.527203 0.5 
vn 0.709406 -0.496732 0.5 
vn 0.730398 -0.465315 0.5 
vn 0.75 -0.433013 0.5 
vn 0.768174 -0.399886 0.5 
vn 0.784886 -0.365998 0.5 
vn 0.800103 -0.331414 0.5 
vn 0.813798 -0.296198 0.5 
vn 0.825943 -0.260419 0.5 
vn 0.836516 -0.224144 0.5 
vn 0.845497 -0.187442 0.5 
vn 0.852869 -0.150384 0.5 
vn 0.858616 -0.113039 0.5 
vn 0.86273 -0.0754791 0.5 
vn 0.865201 -0.0377755 0.5 
vn 0.866025 -3.44436e-16 0.5 
vn 0.865201 0.0377755 0.5 
vn 0.86273 0.0754791 0.5 
vn 0.858616 0.113039 0.5 
vn 0.852869 0.150384 0.5 
vn 0.845497 0.187442 0.5 
vn 0.836516 0.224144 0.5 
vn 0.825943 0.260419 0.5 
vn 0.813798 0.296198 0.5 
vn 0.800103 0.331414 0.5 
vn 0.784886 0.365998 0.5 
vn 0.768174 0.399886 0.5 
vn 0.75 0.433013 0.5 
vn 0.730398 0.465315 0.5 
vn 0.709406 0.496732 0.5 
vn 0.687064 0.527203 0.5 
vn 0.663414 0.55667 0.5 
vn 0.638501 0.585078 0.5 
vn 0.612372 0.612372 0.5 
vn 0.585078 0.638501 0.5 
vn 0.55667 0.663414 0.5 
vn 0.527203 0.687064 0.5 
vn 0.496732 0.709406 0.5 
vn 0.465315 0.730398 0.5 
vn 0.433013 0.75 0.5 
vn 0.399886 0.768174 0.5 
vn 0.365998 0.784886 0.5 
vn 0.331414 0.800103 0.5 
vn 0.296198 0.813798 0.5 
vn 0.260419 0.825943 0.5 
vn 0.224144 0.836516 0.5 
vn 0.187442 0.845497 0.5 
vn 0.150384 0.852869 0.5 
vn 0.113039 0.858616 0.5 
vn 0.0754791 0.86273 0.5 
vn 0.0377755 0.865201 0.5 
vn 2.99404e-16 0.866025 0.5 
vn -0.0377755 0.865201 0.5 
vn -0.0754791 0.86273 0.5 
vn -0.113039 0.858616 0.5 
vn -0.150384 0.852869 0.5 
vn -0.187442 0.845497 0.5 
vn -0.224144 0.836516 0.5 
vn -0.260419 0.825943 0.5 
vn -0.296198 0.813798 0.5 
vn -0.331414 0.800103 0.5 
vn -0.365998 0.784886 0.5 
vn -0.399886 0.768174 0.5 
vn -0.433013 0.75 0.5 
vn -0.465315 0.730398 0.5 
vn -0.496732 0.709406 0.5 
vn -0.527203 0.687064 0.5 
vn -0.55667 0.663414 0.5 
vn -0.585078 0.638501 0.5 
vn -0.612372 0.612372 0.5 
vn -0.638501 0.585078 0.5 
vn -0.663414 0.55667 0.5 
vn -0.687064 0.527203 0.5 
vn -0.709406 0.496732 0.5 
vn -0.730398 0.465315 0.5 
vn -0.75 0.433013 0.5 
vn -0.748097 0.389435 0.5373 
vn -0.764372 0.356433 0.5373 
vn -0.779192 0.322752 0.5373 
vn -0.792529 0.288457 0.5373 
vn -0.804357 0.253613 0.5373 
vn -0.814654 0.218286 0.5373 
vn -0.8234 0.182543 0.5373 
vn -0.830578 0.146453 0.5373 
vn -0.836176 0.110085 0.5373 
vn -0.840182 0.0735064 0.5373 
vn -0.842589 0.0367882 0.5373 
vn -0.843391 -6.77289e-17 0.5373 
vn -0.842589 -0.0367882 0.5373 
vn -0.840182 -0.0735064 0.5373 
vn -0.836176 -0.110085 0.5373 
vn -0.830578 -0.146453 0.5373 
vn -0.8234 -0.182543 0.5373 
vn -0.814654 -0.218286 0.5373 
vn -0.804357 -0.253613 0.5373 
vn -0.792529 -0.288457 0.5373 
vn -0.779192 -0.322752 0.5373 
vn -0.764372 -0.356433 0.5373 
vn -0.748097 -0.389435 0.5373 
vn -0.730398 -0.421696 0.5373 
vn -0.711309 -0.453154 0.5373 
vn -0.690866 -0.483749 0.5373 
vn -0.669107 -0.513424 0.5373 
vn -0.646075 -0.542122 0.5373 
vn -0.621813 -0.569787 0.5373 
vn -0.596368 -0.596368 0.5373 
vn -0.569787 -0.621813 0.5373 
vn -0.542122 -0.646075 0.5373 
vn -0.513424 -0.669107 0.5373 
vn -0.483749 -0.690866 0.5373 
vn -0.453154 -0.711309 0.5373 
vn -0.421696 -0.730398 0.5373 
vn -0.389435 -0.748097 0.5373 
vn -0.356433 -0.764372 0.5373 
vn -0.322752 -0.779192 0.5373 
vn -0.288457 -0.792529 0.5373 
vn -0.253613 -0.804357 0.5373 
vn -0.218286 -0.814654 0.5373 
vn -0.182543 -0.8234 0.5373 
vn -0.146453 -0.830578 0.5373 
vn -0.110085 -0.836176 0.5373 
vn -0.0735064 -0.840182 0.5373 
vn -0.0367882 -0.842589 0.5373 
vn -3.61738e-17 -0.843391 0.5373 
vn 0.0367882 -0.842589 0.5373 
vn 0.0735064 -0.840182 0.5373 
vn 0.110085 -0.836176 0.5373 
vn 0.146453 -0.830578 0.5373 
vn 0.182543 -0.8234 0.5373 
vn 0.218286 -0.814654 0.5373 
vn 0.253613 -0.804357 0.5373 
vn 0.288457 -0.792529 0.5373 
vn 0.322752 -0.779192 0.5373 
vn 0.356433 -0.764372 0.5373 
vn 0.389435 -0.748097 0.5373 
vn 0.421696 -0.730398 0.5373 
vn 0.453154 -0.711309 0.5373 
vn 0.483749 -0.690866 0.5373 
vn 0.513424 -0.669107 0.5373 
vn 0.542122 -0.646075 0.5373 
vn 0.569787 -0.621813 0.5373 
vn 0.596368 -0.596368 0.5373 
vn 0.621813 -0.569787 0.5373 
vn 0.646075 -0.542122 0.5373 
vn 0.669107 -0.513424 0.5373 
vn 0.690866 -0.483749 0.5373 
vn 0.711309 -0.453154 0.5373 
vn 0.730398 -0.421696 0.5373 
vn 0.748097 -0.389435 0.5373 
vn 0.764372 -0.356433 0.5373 
vn 0.779192 -0.322752 0.5373 
vn 0.792529 -0.288457 0.5373 
vn 0.804357 -0.253613 0.5373 
vn 0.814654 -0.218286 0.5373 
vn 0.8234 -0.182543 0.5373 
vn 0.830578 -0.146453 0.5373 
vn 0.836176 -0.110085 0.5373 
vn 0.840182 -0.0735064 0.5373 
vn 0.842589 -0.0367882 0.5373 
vn 0.843391 -1.78751e-16 0.5373 
vn 0.842589 0.0367882 0.5373 
vn 0.840182 0.0735064 0.5373 
vn 0.836176 0.110085 0.5373 
vn 0.830578 0.146453 0.5373 
vn 0.8234 0.182543 0.5373 
vn 0.814654 0.218286 0.5373 
vn 0.804357 0.253613 0.5373 
vn 0.792529 0.288457 0.5373 
vn 0.779192 0.322752 0.5373 
vn 0.764372 0.356433 0.5373 
vn 0.748097 0.389435 0.5373 
vn 0.730398 0.421696 0.5373 
vn 0.711309 0.453154 0.5373 
vn 0.690866 0.483749 0.5373 
vn 0.669107 0.513424 0.5373 
vn 0.646075 0.542122 0.5373 
vn 0.621813 0.569787 0.5373 
vn 0.596368 0.596368 0.5373 
vn 0.569787 0.621813 0.5373 
vn 0.542122 0.646075 0.5373 
vn 0.513424 0.669107 0.5373 
vn 0.483749 0.690866 0.5373 
vn 0.453154 0.711309 0.5373 
vn 0.421696 0.730398 0.5373 
vn 0.389435 0.748097 0.5373 
vn 0.356433 0.764372 0.5373 
vn 0.322752 0.779192 0.5373 
vn 0.288457 0.792529 0.5373 
vn 0.253613 0.804357 0.5373 
vn 0.218286 0.814654 0.5373 
vn 0.182543 0.8234 0.5373 
vn 0.146453 0.830578 0.5373 
vn 0.110085 0.836176 0.5373 
vn 0.0735064 0.840182 0.5373 
vn 0.0367882 0.842589 0.5373 
vn 1.85871e-16 0.843391 0.5373 
vn -0.0367882 0.842589 0.5373 
vn -0.0735064 0.840182 0.5373 
vn -0.110085 0.836176 0.5373 
vn -0.146453 0.830578 0.5373 
vn -0.182543 0.8234 0.5373 
vn -0.218286 0.814654 0.5373 
vn -0.253613 0.804357 0.5373 
vn -0.288457 0.792529 0.5373 
vn -0.322752 0.779192 0.5373 
vn -0.356433 0.764372 0.5373 
vn -0.389435 0.748097 0.5373 
vn -0.421696 0.730398 0.5373 
vn -0.453154 0.711309 0.5373 
vn -0.483749 0.690866 0.5373 
vn -0.513424 0.669107 0.5373 
vn -0.542122 0.646075 0.5373 
vn -0.569787 0.621813 0.5373 
vn -0.596368 0.596368 0.5373 
vn -0.621813 0.569787 0.5373 
vn -0.646075 0.542122 0.5373 
vn -0.669107 0.513424 0.5373 
vn -0.690866 0.483749 0.5373 
vn -0.711309 0.453154 0.5373 
vn -0.730398 0.421696 0.5373 
vn -0.726597 0.378242 0.573576 
vn -0.742404 0.346189 0.573576 
vn -0.756798 0.313476 0.573576 
vn -0.769751 0.280166 0.573576 
vn -0.781239 0.246324 0.573576 
vn -0.79124 0.212012 0.573576 
vn -0.799735 0.177297 0.573576 
vn -0.806707 0.142244 0.573576 
vn -0.812144 0.106921 0.573576 
vn -0.816035 0.0713938 0.573576 
vn -0.818372 0.0357309 0.573576 
vn -0.819152 -6.85538e-17 0.573576 
vn -0.818372 -0.0357309 0.573576 
vn -0.816035 -0.0713938 0.573576 
vn -0.812144 -0.106921 0.573576 
vn -0.806707 -0.142244 0.573576 
vn -0.799735 -0.177297 0.573576 
vn -0.79124 -0.212012 0.573576 
vn -0.781239 -0.246324 0.573576 
vn -0.769751 -0.280166 0.573576 
vn -0.756798 -0.313476 0.573576 
vn -0.742404 -0.346189 0.573576 
vn -0.726597 -0.378242 0.573576 
vn -0.709406 -0.409576 0.573576 
vn -0.690866 -0.44013 0.573576 
vn -0.67101 -0.469846 0.573576 
vn -0.649877 -0.498668 0.573576 
vn -0.627507 -0.526541 0.573576 
vn -0.603942 -0.553411 0.573576 
vn -0.579228 -0.579228 0.573576 
vn -0.553411 -0.603942 0.573576 
vn -0.526541 -0.627507 0.573576 
vn -0.498668 -0.649877 0.573576 
vn -0.469846 -0.67101 0.573576 
vn -0.44013 -0.690866 0.573576 
vn -0.409576 -0.709406 0.573576 
vn -0.378242 -0.726597 0.573576 
vn -0.346189 -0.742404 0.573576 
vn -0.313476 -0.756798 0.573576 
vn -0.280166 -0.769751 0.573576 
vn -0.246324 -0.781239 0.573576 
vn -0.212012 -0.79124 0.573576 
vn -0.177297 -0.799735 0.573576 
vn -0.142244 -0.806707 0.573576 
vn -0.106921 -0.812144 0.573576 
vn -0.0713938 -0.816035 0.573576 
vn -0.0357309 -0.818372 0.573576 
vn -9.41273e-17 -0.819152 0.573576 
vn 0.0357309 -0.818372 0.573576 
vn 0.0713938 -0.816035 0.573576 
vn 0.106921 -0.812144 0.573576 
vn 0.142244 -0.806707 0.573576 
vn 0.177297 -0.799735 0.573576 
vn 0.212012 -0.79124 0.573576 
vn 0.246324 -0.781239 0.573576 
vn 0.280166 -0.769751 0.573576 
vn 0.313476 -0.756798 0.573576 
vn 0.346189 -0.742404 0.573576 
vn 0.378242 -0.726597 0.573576 
vn 0.409576 -0.709406 0.573576 
vn 0.44013 -0.690866 0.573576 
vn 0.469846 -0.67101 0.573576 
vn 0.498668 -0.649877 0.573576 
vn 0.526541 -0.627507 0.573576 
vn 0.553411 -0.603942 0.573576 
vn 0.579228 -0.579228 0.573576 
vn 0.603942 -0.553411 0.573576 
vn 0.627507 -0.526541 0.573576 
vn 0.649877 -0.498668 0.573576 
vn 0.67101 -0.469846 0.573576 
vn 0.690866 -0.44013 0.573576 
vn 0.709406 -0.409576 0.573576 
vn 0.726597 -0.378242 0.573576 
vn 0.742404 -0.346189 0.573576 
vn 0.756798 -0.313476 0.573576 
vn 0.769751 -0.280166 0.573576 
vn 0.781239 -0.246324 0.573576 
vn 0.79124 -0.212012 0.573576 
vn 0.799735 -0.177297 0.573576 
vn 0.806707 -0.142244 0.573576 
vn 0.812144 -0.106921 0.573576 
vn 0.816035 -0.0713938 0.573576 
vn 0.818372 -0.0357309 0.573576 
vn 0.819152 -2.35087e-16 0.573576 
vn 0.818372 0.0357309 0.573576 
vn 0.816035 0.0713938 0.573576 
vn 0.812144 0.106921 0.573576 
vn 0.806707 0.142244 0.573576 
vn 0.799735 0.177297 0.573576 
vn 0.79124 0.212012 0.573576 
vn 0.781239 0.246324 0.573576 
vn 0.769751 0.280166 0.573576 
vn 0.756798 0.313476 0.573576 
vn 0.742404 0.346189 0.573576 
vn 0.726597 0.378242 0.573576 
vn 0.709406 0.409576 0.573576 
vn 0.690866 0.44013 0.573576 
vn 0.67101 0.469846 0.573576 
vn 0.649877 0.498668 0.573576 
vn 0.627507 0.526541 0.573576 
vn 0.603942 0.553411 0.573576 
vn 0.579228 0.579228 0.573576 
vn 0.553411 0.603942 0.573576 
vn 0.526541 0.627507 0.573576 
vn 0.498668 0.649877 0.573576 
vn 0.469846 0.67101 0.573576 
vn 0.44013 0.690866 0.573576 
vn 0.409576 0.709406 0.573576 
vn 0.378242 0.726597 0.573576 
vn 0.346189 0.742404 0.573576 
vn 0.313476 0.756798 0.573576 
vn 0.280166 0.769751 0.573576 
vn 0.246324 0.781239 0.573576 
vn 0.212012 0.79124 0.573576 
vn 0.177297 0.799735 0.573576 
vn 0.142244 0.806707 0.573576 
vn 0.106921 0.812144 0.573576 
vn 0.0713938 0.816035 0.573576 
vn 0.0357309 0.818372 0.573576 
vn 1.83428e-16 0.819152 0.573576 
vn -0.0357309 0.818372 0.573576 
vn -0.0713938 0.816035 0.573576 
vn -0.106921 0.812144 0.573576 
vn -0.142244 0.806707 0.573576 
vn -0.177297 0.799735 0.573576 
vn -0.212012 0.79124 0.573576 
vn -0.246324 0.781239 0.573576 
vn -0.280166 0.769751 0.573576 
vn -0.313476 0.756798 0.573576 
vn -0.346189 0.742404 0.573576 
vn -0.378242 0.726597 0.573576 
vn -0.409576 0.709406 0.573576 
vn -0.44013 0.690866 0.573576 
vn -0.469846 0.67101 0.573576 
vn -0.498668 0.649877 0.573576 
vn -0.526541 0.627507 0.573576 
vn -0.553411 0.603942 0.573576 
vn -0.579228 0.579228 0.573576 
vn -0.603942 0.553411 0.573576 
vn -0.627507 0.526541 0.573576 
vn -0.649877 0.498668 0.573576 
vn -0.67101 0.469846 0.573576 
vn -0.690866 0.44013 0.573576 
vn -0.709406 0.409576 0.573576 
vn -0.703713 0.36633 0.608761 
vn -0.719022 0.335286 0.608761 
vn -0.732963 0.303603 0.608761 
vn -0.745508 0.271343 0.608761 
vn -0.756635 0.238566 0.608761 
vn -0.76632 0.205335 0.608761 
vn -0.774548 0.171713 0.608761 
vn -0.781301 0.137764 0.608761 
vn -0.786566 0.103553 0.608761 
vn -0.790334 0.0691453 0.608761 
vn -0.792598 0.0346056 0.608761 
vn -0.793353 -1.38427e-17 0.608761 
vn -0.792598 -0.0346056 0.608761 
vn -0.790334 -0.0691453 0.608761 
vn -0.786566 -0.103553 0.608761 
vn -0.781301 -0.137764 0.608761 
vn -0.774548 -0.171713 0.608761 
vn -0.76632 -0.205335 0.608761 
vn -0.756635 -0.238566 0.608761 
vn -0.745508 -0.271343 0.608761 
vn -0.732963 -0.303603 0.608761 
vn -0.719022 -0.335286 0.608761 
vn -0.703713 -0.36633 0.608761 
vn -0.687064 -0.396677 0.608761 
vn -0.669107 -0.426268 0.608761 
vn -0.649877 -0.455049 0.608761 
vn -0.62941 -0.482963 0.608761 
vn -0.607744 -0.509958 0.608761 
vn -0.584921 -0.535982 0.608761 
vn -0.560986 -0.560986 0.608761 
vn -0.535982 -0.584921 0.608761 
vn -0.509958 -0.607744 0.608761 
vn -0.482963 -0.62941 0.608761 
vn -0.455049 -0.649877 0.608761 
vn -0.426268 -0.669107 0.608761 
vn -0.396677 -0.687064 0.608761 
vn -0.36633 -0.703713 0.608761 
vn -0.335286 -0.719022 0.608761 
vn -0.303603 -0.732963 0.608761 
vn -0.271343 -0.745508 0.608761 
vn -0.238566 -0.756635 0.608761 
vn -0.205335 -0.76632 0.608761 
vn -0.171713 -0.774548 0.608761 
vn -0.137764 -0.781301 0.608761 
vn -0.103553 -0.786566 0.608761 
vn -0.0691453 -0.790334 0.608761 
vn -0.0346056 -0.792598 0.608761 
vn -1.52007e-16 -0.793353 0.608761 
vn 0.0346056 -0.792598 0.608761 
vn 0.0691453 -0.790334 0.608761 
vn 0.103553 -0.786566 0.608761 
vn 0.137764 -0.781301 0.608761 
vn 0.171713 -0.774548 0.608761 
vn 0.205335 -0.76632 0.608761 
vn 0.238566 -0.756635 0.608761 
vn 0.271343 -0.745508 0.608761 
vn 0.303603 -0.732963 0.608761 
vn 0.335286 -0.719022 0.608761 
vn 0.36633 -0.703713 0.608761 
vn 0.396677 -0.687064 0.608761 
vn 0.426268 -0.669107 0.608761 
vn 0.455049 -0.649877 0.608761 
vn 0.482963 -0.62941 0.608761 
vn 0.509958 -0.607744 0.608761 
vn 0.535982 -0.584921 0.608761 
vn 0.560986 -0.560986 0.608761 
vn 0.584921 -0.535982 0.608761 
vn 0.607744 -0.509958 0.608761 
vn 0.62941 -0.482963 0.608761 
vn 0.649877 -0.455049 0.608761 
vn 0.669107 -0.426268 0.608761 
vn 0.687064 -0.396677 0.608761 
vn 0.703713 -0.36633 0.608761 
vn 0.719022 -0.335286 0.608761 
vn 0.732963 -0.303603 0.608761 
vn 0.745508 -0.271343 0.608761 
vn 0.756635 -0.238566 0.608761 
vn 0.76632 -0.205335 0.608761 
vn 0.774548 -0.171713 0.608761 
vn 0.781301 -0.137764 0.608761 
vn 0.786566 -0.103553 0.608761 
vn 0.790334 -0.0691453 0.608761 
vn 0.792598 -0.0346056 0.608761 
vn 0.793353 -2.91398e-16 0.608761 
vn 0.792598 0.0346056 0.608761 
vn 0.790334 0.0691453 0.608761 
vn 0.786566 0.103553 0.608761 
vn 0.781301 0.137764 0.608761 
vn 0.774548 0.171713 0.608761 
vn 0.76632 0.205335 0.608761 
vn 0.756635 0.238566 0.608761 
vn 0.745508 0.271343 0.608761 
vn 0.732963 0.303603 0.608761 
vn 0.719022 0.335286 0.608761 
vn 0.703713 0.36633 0.608761 
vn 0.687064 0.396677 0.608761 
vn 0.669107 0.426268 0.608761 
vn 0.649877 0.455049 0.608761 
vn 0.62941 0.482963 0.608761 
vn 0.607744 0.509958 0.608761 
vn 0.584921 0.535982 0.608761 
vn 0.560986 0.560986 0.608761 
vn 0.535982 0.584921 0.608761 
vn 0.509958 0.607744 0.608761 
vn 0.482963 0.62941 0.608761 
vn 0.455049 0.649877 0.608761 
vn 0.426268 0.669107 0.608761 
vn 0.396677 0.687064 0.608761 
vn 0.36633 0.703713 0.608761 
vn 0.335286 0.719022 0.608761 
vn 0.303603 0.732963 0.608761 
vn 0.271343 0.745508 0.608761 
vn 0.238566 0.756635 0.608761 
vn 0.205335 0.76632 0.608761 
vn 0.171713 0.774548 0.608761 
vn 0.137764 0.781301 0.608761 
vn 0.103553 0.786566 0.608761 
vn 0.0691453 0.790334 0.608761 
vn 0.0346056 0.792598 0.608761 
vn 2.36571e-16 0.793353 0.608761 
vn -0.0346056 0.792598 0.608761 
vn -0.0691453 0.790334 0.608761 
vn -0.103553 0.786566 0.608761 
vn -0.137764 0.781301 0.608761 
vn -0.171713 0.774548 0.608761 
vn -0.205335 0.76632 0.608761 
vn -0.238566 0.756635 0.608761 
vn -0.271343 0.745508 0.608761 
vn -0.303603 0.732963 0.608761 
vn -0.335286 0.719022 0.608761 
vn -0.36633 0.703713 0.608761 
vn -0.396677 0.687064 0.608761 
vn -0.426268 0.669107 0.608761 
vn -0.455049 0.649877 0.608761 
vn -0.482963 0.62941 0.608761 
vn -0.509958 0.607744 0.608761 
vn -0.535982 0.584921 0.608761 
vn -0.560986 0.560986 0.608761 
vn -0.584921 0.535982 0.608761 
vn -0.607744 0.509958 0.608761 
vn -0.62941 0.482963 0.608761 
vn -0.649877 0.455049 0.608761 
vn -0.669107 0.426268 0.608761 
vn -0.687064 0.396677 0.608761 
vn -0.67949 0.35372 0.642788 
vn -0.694272 0.323744 0.642788 
vn -0.707733 0.293153 0.642788 
vn -0.719846 0.262003 0.642788 
vn -0.73059 0.230354 0.642788 
vn -0.739942 0.198267 0.642788 
vn -0.747886 0.165802 0.642788 
vn -0.754407 0.133022 0.642788 
vn -0.759491 0.0999889 0.642788 
vn -0.763129 0.0667652 0.642788 
vn -0.765315 0.0334144 0.642788 
vn -0.766044 -1.25639e-16 0.642788 
vn -0.765315 -0.0334144 0.642788 
vn -0.763129 -0.0667652 0.642788 
vn -0.759491 -0.0999889 0.642788 
vn -0.754407 -0.133022 0.642788 
vn -0.747886 -0.165802 0.642788 
vn -0.739942 -0.198267 0.642788 
vn -0.73059 -0.230354 0.642788 
vn -0.719846 -0.262003 0.642788 
vn -0.707733 -0.293153 0.642788 
vn -0.694272 -0.323744 0.642788 
vn -0.67949 -0.35372 0.642788 
vn -0.663414 -0.383022 0.642788 
vn -0.646075 -0.411595 0.642788 
vn -0.627507 -0.439385 0.642788 
vn -0.607744 -0.466338 0.642788 
vn -0.586824 -0.492404 0.642788 
vn -0.564787 -0.517532 0.642788 
vn -0.541675 -0.541675 0.642788 
vn -0.517532 -0.564787 0.642788 
vn -0.492404 -0.586824 0.642788 
vn -0.466338 -0.607744 0.642788 
vn -0.439385 -0.627507 0.642788 
vn -0.411595 -0.646075 0.642788 
vn -0.383022 -0.663414 0.642788 
vn -0.35372 -0.67949 0.642788 
vn -0.323744 -0.694272 0.642788 
vn -0.293153 -0.707733 0.642788 
vn -0.262003 -0.719846 0.642788 
vn -0.230354 -0.73059 0.642788 
vn -0.198267 -0.739942 0.642788 
vn -0.165802 -0.747886 0.642788 
vn -0.133022 -0.754407 0.642788 
vn -0.0999889 -0.759491 0.642788 
vn -0.0667652 -0.763129 0.642788 
vn -0.0334144 -0.765315 0.642788 
vn 1.22353e-17 -0.766044 0.642788 
vn 0.0334144 -0.765315 0.642788 
vn 0.0667652 -0.763129 0.642788 
vn 0.0999889 -0.759491 0.642788 
vn 0.133022 -0.754407 0.642788 
vn 0.165802 -0.747886 0.642788 
vn 0.198267 -0.739942 0.642788 
vn 0.230354 -0.73059 0.642788 
vn 0.262003 -0.719846 0.642788 
vn 0.293153 -0.707733 0.642788 
vn 0.323744 -0.694272 0.642788 
vn 0.35372 -0.67949 0.642788 
vn 0.383022 -0.663414 0.642788 
vn 0.411595 -0.646075 0.642788 
vn 0.439385 -0.627507 0.642788 
vn 0.466338 -0.607744 0.642788 
vn 0.492404 -0.586824 0.642788 
vn 0.517532 -0.564787 0.642788 
vn 0.541675 -0.541675 0.642788 
vn 0.564787 -0.517532 0.642788 
vn 0.586824 -0.492404 0.642788 
vn 0.607744 -0.466338 0.642788 
vn 0.627507 -0.439385 0.642788 
vn 0.646075 -0.411595 0.642788 
vn 0.663414 -0.383022 0.642788 
vn 0.67949 -0.35372 0.642788 
vn 0.694272 -0.323744 0.642788 
vn 0.707733 -0.293153 0.642788 
vn 0.719846 -0.262003 0.642788 
vn 0.73059 -0.230354 0.642788 
vn 0.739942 -0.198267 0.642788 
vn 0.747886 -0.165802 0.642788 
vn 0.754407 -0.133022 0.642788 
vn 0.759491 -0.0999889 0.642788 
vn 0.763129 -0.0667652 0.642788 
vn 0.765315 -0.0334144 0.642788 
vn 0.766044 -1.25639e-16 0.642788 
vn 0.765315 0.0334144 0.642788 
vn 0.763129 0.0667652 0.642788 
vn 0.759491 0.0999889 0.642788 
vn 0.754407 0.133022 0.642788 
vn 0.747886 0.165802 0.642788 
vn 0.739942 0.198267 0.642788 
vn 0.73059 0.230354 0.642788 
vn 0.719846 0.262003 0.642788 
vn 0.707733 0.293153 0.642788 
vn 0.694272 0.323744 0.642788 
vn 0.67949 0.35372 0.642788 
vn 0.663414 0.383022 0.642788 
vn 0.646075 0.411595 0.642788 
vn 0.627507 0.439385 0.642788 
vn 0.607744 0.466338 0.642788 
vn 0.586824 0.492404 0.642788 
vn 0.564787 0.517532 0.642788 
vn 0.541675 0.541675 0.642788 
vn 0.517532 0.564787 0.642788 
vn 0.492404 0.586824 0.642788 
vn 0.466338 0.607744 0.642788 
vn 0.439385 0.627507 0.642788 
vn 0.411595 0.646075 0.642788 
vn 0.383022 0.663414 0.642788 
vn 0.35372 0.67949 0.642788 
vn 0.323744 0.694272 0.642788 
vn 0.293153 0.707733 0.642788 
vn 0.262003 0.719846 0.642788 
vn 0.230354 0.73059 0.642788 
vn 0.198267 0.739942 0.642788 
vn 0.165802 0.747886 0.642788 
vn 0.133022 0.754407 0.642788 
vn 0.0999889 0.759491 0.642788 
vn 0.0667652 0.763129 0.642788 
vn 0.0334144 0.765315 0.642788 
vn 1.23258e-16 0.766044 0.642788 
vn -0.0334144 0.765315 0.642788 
vn -0.0667652 0.763129 0.642788 
vn -0.0999889 0.759491 0.642788 
vn -0.133022 0.754407 0.642788 
vn -0.165802 0.747886 0.642788 
vn -0.198267 0.739942 0.642788 
vn -0.230354 0.73059 0.642788 
vn -0.262003 0.719846 0.642788 
vn -0.293153 0.707733 0.642788 
vn -0.323744 0.694272 0.642788 
vn -0.35372 0.67949 0.642788 
vn -0.383022 0.663414 0.642788 
vn -0.411595 0.646075 0.642788 
vn -0.439385 0.627507 0.642788 
vn -0.466338 0.607744 0.642788 
vn -0.492404 0.586824 0.642788 
vn -0.517532 0.564787 0.642788 
vn -0.541675 0.541675 0.642788 
vn -0.564787 0.517532 0.642788 
vn -0.586824 0.492404 0.642788 
vn -0.607744 0.466338 0.642788 
vn -0.627507 0.439385 0.642788 
vn -0.646075 0.411595 0.642788 
vn -0.663414 0.383022 0.642788 
vn -0.653973 0.340437 0.67559 
vn -0.6682 0.311587 0.67559 
vn -0.681155 0.282144 0.67559 
vn -0.692814 0.252164 0.67559 
vn -0.703154 0.221704 0.67559 
vn -0.712155 0.190821 0.67559 
vn -0.719801 0.159576 0.67559 
vn -0.726076 0.128027 0.67559 
vn -0.73097 0.096234 0.67559 
vn -0.734472 0.064258 0.67559 
vn -0.736576 0.0321596 0.67559 
vn -0.737277 -7.08735e-17 0.67559 
vn -0.736576 -0.0321596 0.67559 
vn -0.734472 -0.064258 0.67559 
vn -0.73097 -0.096234 0.67559 
vn -0.726076 -0.128027 0.67559 
vn -0.719801 -0.159576 0.67559 
vn -0.712155 -0.190821 0.67559 
vn -0.703154 -0.221704 0.67559 
vn -0.692814 -0.252164 0.67559 
vn -0.681155 -0.282144 0.67559 
vn -0.6682 -0.311587 0.67559 
vn -0.653973 -0.340437 0.67559 
vn -0.638501 -0.368639 0.67559 
vn -0.621813 -0.396139 0.67559 
vn -0.603942 -0.422885 0.67559 
vn -0.584921 -0.448826 0.67559 
vn -0.564787 -0.473913 0.67559 
vn -0.543578 -0.498097 0.67559 
vn -0.521334 -0.521334 0.67559 
vn -0.498097 -0.543578 0.67559 
vn -0.473913 -0.564787 0.67559 
vn -0.448826 -0.584921 0.67559 
vn -0.422885 -0.603942 0.67559 
vn -0.396139 -0.621813 0.67559 
vn -0.368639 -0.638501 0.67559 
vn -0.340437 -0.653973 0.67559 
vn -0.311587 -0.6682 0.67559 
vn -0.282144 -0.681155 0.67559 
vn -0.252164 -0.692814 0.67559 
vn -0.221704 -0.703154 0.67559 
vn -0.190821 -0.712155 0.67559 
vn -0.159576 -0.719801 0.67559 
vn -0.128027 -0.726076 0.67559 
vn -0.096234 -0.73097 0.67559 
vn -0.064258 -0.734472 0.67559 
vn -0.0321596 -0.736576 0.67559 
vn -1.00995e-16 -0.737277 0.67559 
vn 0.0321596 -0.736576 0.67559 
vn 0.064258 -0.734472 0.67559 
vn 0.096234 -0.73097 0.67559 
vn 0.128027 -0.726076 0.67559 
vn 0.159576 -0.719801 0.67559 
vn 0.190821 -0.712155 0.67559 
vn 0.221704 -0.703154 0.67559 
vn 0.252164 -0.692814 0.67559 
vn 0.282144 -0.681155 0.67559 
vn 0.311587 -0.6682 0.67559 
vn 0.340437 -0.653973 0.67559 
vn 0.368639 -0.638501 0.67559 
vn 0.396139 -0.621813 0.67559 
vn 0.422885 -0.603942 0.67559 
vn 0.448826 -0.584921 0.67559 
vn 0.473913 -0.564787 0.67559 
vn 0.498097 -0.543578 0.67559 
vn 0.521334 -0.521334 0.67559 
vn 0.543578 -0.498097 0.67559 
vn 0.564787 -0.473913 0.67559 
vn 0.584921 -0.448826 0.67559 
vn 0.603942 -0.422885 0.67559 
vn 0.621813 -0.396139 0.67559 
vn 0.638501 -0.368639 0.67559 
vn 0.653973 -0.340437 0.67559 
vn 0.6682 -0.311587 0.67559 
vn 0.681155 -0.282144 0.67559 
vn 0.692814 -0.252164 0.67559 
vn 0.703154 -0.221704 0.67559 
vn 0.712155 -0.190821 0.67559 
vn 0.719801 -0.159576 0.67559 
vn 0.726076 -0.128027 0.67559 
vn 0.73097 -0.096234 0.67559 
vn 0.734472 -0.064258 0.67559 
vn 0.736576 -0.0321596 0.67559 
vn 0.737277 -2.37407e-16 0.67559 
vn 0.736576 0.0321596 0.67559 
vn 0.734472 0.064258 0.67559 
vn 0.73097 0.096234 0.67559 
vn 0.726076 0.128027 0.67559 
vn 0.719801 0.159576 0.67559 
vn 0.712155 0.190821 0.67559 
vn 0.703154 0.221704 0.67559 
vn 0.692814 0.252164 0.67559 
vn 0.681155 0.282144 0.67559 
vn 0.6682 0.311587 0.67559 
vn 0.653973 0.340437 0.67559 
vn 0.638501 0.368639 0.67559 
vn 0.621813 0.396139 0.67559 
vn 0.603942 0.422885 0.67559 
vn 0.584921 0.448826 0.67559 
vn 0.564787 0.473913 0.67559 
vn 0.543578 0.498097 0.67559 
vn 0.521334 0.521334 0.67559 
vn 0.498097 0.543578 0.67559 
vn 0.473913 0.564787 0.67559 
vn 0.448826 0.584921 0.67559 
vn 0.422885 0.603942 0.67559 
vn 0.396139 0.621813 0.67559 
vn 0.368639 0.638501 0.67559 
vn 0.340437 0.653973 0.67559 
vn 0.311587 0.6682 0.67559 
vn 0.282144 0.681155 0.67559 
vn 0.252164 0.692814 0.67559 
vn 0.221704 0.703154 0.67559 
vn 0.190821 0.712155 0.67559 
vn 0.159576 0.719801 0.67559 
vn 0.128027 0.726076 0.67559 
vn 0.096234 0.73097 0.67559 
vn 0.064258 0.734472 0.67559 
vn 0.0321596 0.736576 0.67559 
vn 1.7656e-16 0.737277 0.67559 
vn -0.0321596 0.736576 0.67559 
vn -0.064258 0.734472 0.67559 
vn -0.096234 0.73097 0.67559 
vn -0.128027 0.726076 0.67559 
vn -0.159576 0.719801 0.67559 
vn -0.190821 0.712155 0.67559 
vn -0.221704 0.703154 0.67559 
vn -0.252164 0.692814 0.67559 
vn -0.282144 0.681155 0.67559 
vn -0.311587 0.6682 0.67559 
vn -0.340437 0.653973 0.67559 
vn -0.368639 0.638501 0.67559 
vn -0.396139 0.621813 0.67559 
vn -0.422885 0.603942 0.67559 
vn -0.448826 0.584921 0.67559 
vn -0.473913 0.564787 0.67559 
vn -0.498097 0.543578 0.67559 
vn -0.521334 0.521334 0.67559 
vn -0.543578 0.498097 0.67559 
vn -0.564787 0.473913 0.67559 
vn -0.584921 0.448826 0.67559 
vn -0.603942 0.422885 0.67559 
vn -0.621813 0.396139 0.67559 
vn -0.638501 0.368639 0.67559 
vn -0.627211 0.326506 0.707107 
vn -0.640856 0.298836 0.707107 
vn -0.653281 0.270598 0.707107 
vn -0.664463 0.241845 0.707107 
vn -0.67438 0.212631 0.707107 
vn -0.683013 0.183013 0.707107 
vn -0.690346 0.153046 0.707107 
vn -0.696364 0.122788 0.707107 
vn -0.701057 0.092296 0.707107 
vn -0.704416 0.0616284 0.707107 
vn -0.706434 0.0308436 0.707107 
vn -0.707107 -1.6079e-17 0.707107 
vn -0.706434 -0.0308436 0.707107 
vn -0.704416 -0.0616284 0.707107 
vn -0.701057 -0.092296 0.707107 
vn -0.696364 -0.122788 0.707107 
vn -0.690346 -0.153046 0.707107 
vn -0.683013 -0.183013 0.707107 
vn -0.67438 -0.212631 0.707107 
vn -0.664463 -0.241845 0.707107 
vn -0.653281 -0.270598 0.707107 
vn -0.640856 -0.298836 0.707107 
vn -0.627211 -0.326506 0.707107 
vn -0.612372 -0.353553 0.707107 
vn -0.596368 -0.379928 0.707107 
vn -0.579228 -0.40558 0.707107 
vn -0.560986 -0.430459 0.707107 
vn -0.541675 -0.454519 0.707107 
vn -0.521334 -0.477714 0.707107 
vn -0.5 -0.5 0.707107 
vn -0.477714 -0.521334 0.707107 
vn -0.454519 -0.541675 0.707107 
vn -0.430459 -0.560986 0.707107 
vn -0.40558 -0.579228 0.707107 
vn -0.379928 -0.596368 0.707107 
vn -0.353553 -0.612372 0.707107 
vn -0.326506 -0.627211 0.707107 
vn -0.298836 -0.640856 0.707107 
vn -0.270598 -0.653281 0.707107 
vn -0.241845 -0.664463 0.707107 
vn -0.212631 -0.67438 0.707107 
vn -0.183013 -0.683013 0.707107 
vn -0.153046 -0.690346 0.707107 
vn -0.122788 -0.696364 0.707107 
vn -0.092296 -0.701057 0.707107 
vn -0.0616284 -0.704416 0.707107 
vn -0.0308436 -0.706434 0.707107 
vn -1.03117e-16 -0.707107 0.707107 
vn 0.0308436 -0.706434 0.707107 
vn 0.0616284 -0.704416 0.707107 
vn 0.092296 -0.701057 0.707107 
vn 0.122788 -0.696364 0.707107 
vn 0.153046 -0.690346 0.707107 
vn 0.183013 -0.683013 0.707107 
vn 0.212631 -0.67438 0.707107 
vn 0.241845 -0.664463 0.707107 
vn 0.270598 -0.653281 0.707107 
vn 0.298836 -0.640856 0.707107 
vn 0.326506 -0.627211 0.707107 
vn 0.353553 -0.612372 0.707107 
vn 0.379928 -0.596368 0.707107 
vn 0.40558 -0.579228 0.707107 
vn 0.430459 -0.560986 0.707107 
vn 0.454519 -0.541675 0.707107 
vn 0.477714 -0.521334 0.707107 
vn 0.5 -0.5 0.707107 
vn 0.521334 -0.477714 0.707107 
vn 0.541675 -0.454519 0.707107 
vn 0.560986 -0.430459 0.707107 
vn 0.579228 -0.40558 0.707107 
vn 0.596368 -0.379928 0.707107 
vn 0.612372 -0.353553 0.707107 
vn 0.627211 -0.326506 0.707107 
vn 0.640856 -0.298836 0.707107 
vn 0.653281 -0.270598 0.707107 
vn 0.664463 -0.241845 0.707107 
vn 0.67438 -0.212631 0.707107 
vn 0.683013 -0.183013 0.707107 
vn 0.690346 -0.153046 0.707107 
vn 0.696364 -0.122788 0.707107 
vn 0.701057 -0.092296 0.707107 
vn 0.704416 -0.0616284 0.707107 
vn 0.706434 -0.0308436 0.707107 
vn 0.707107 -2.38124e-16 0.707107 
vn 0.706434 0.0308436 0.707107 
vn 0.704416 0.0616284 0.707107 
vn 0.701057 0.092296 0.707107 
vn 0.696364 0.122788 0.707107 
vn 0.690346 0.153046 0.707107 
vn 0.683013 0.183013 0.707107 
vn 0.67438 0.212631 0.707107 
vn 0.664463 0.241845 0.707107 
vn 0.653281 0.270598 0.707107 
vn 0.640856 0.298836 0.707107 
vn 0.627211 0.326506 0.707107 
vn 0.612372 0.353553 0.707107 
vn 0.596368 0.379928 0.707107 
vn 0.579228 0.40558 0.707107 
vn 0.560986 0.430459 0.707107 
vn 0.541675 0.454519 0.707107 
vn 0.521334 0.477714 0.707107 
vn 0.5 0.5 0.707107 
vn 0.477714 0.521334 0.707107 
vn 0.454519 0.541675 0.707107 
vn 0.430459 0.560986 0.707107 
vn 0.40558 0.579228 0.707107 
vn 0.379928 0.596368 0.707107 
vn 0.353553 0.612372 0.707107 
vn 0.326506 0.627211 0.707107 
vn 0.298836 0.640856 0.707107 
vn 0.270598 0.653281 0.707107 
vn 0.241845 0.664463 0.707107 
vn 0.212631 0.67438 0.707107 
vn 0.183013 0.683013 0.707107 
vn 0.153046 0.690346 0.707107 
vn 0.122788 0.696364 0.707107 
vn 0.092296 0.701057 0.707107 
vn 0.0616284 0.704416 0.707107 
vn 0.0308436 0.706434 0.707107 
vn 2.2995e-16 0.707107 0.707107 
vn -0.0308436 0.706434 0.707107 
vn -0.0616284 0.704416 0.707107 
vn -0.092296 0.701057 0.707107 
vn -0.122788 0.696364 0.707107 
vn -0.153046 0.690346 0.707107 
vn -0.183013 0.683013 0.707107 
vn -0.212631 0.67438 0.707107 
vn -0.241845 0.664463 0.707107 
vn -0.270598 0.653281 0.707107 
vn -0.298836 0.640856 0.707107 
vn -0.326506 0.627211 0.707107 
vn -0.353553 0.612372 0.707107 
vn -0.379928 0.596368 0.707107 
vn -0.40558 0.579228 0.707107 
vn -0.430459 0.560986 0.707107 
vn -0.454519 0.541675 0.707107 
vn -0.477714 0.521334 0.707107 
vn -0.5 0.5 0.707107 
vn -0.521334 0.477714 0.707107 
vn -0.541675 0.454519 0.707107 
vn -0.560986 0.430459 0.707107 
vn -0.579228 0.40558 0.707107 
vn -0.596368 0.379928 0.707107 
vn -0.612372 0.353553 0.707107 
vn -0.599256 0.311953 0.737277 
vn -0.612293 0.285517 0.737277 
vn -0.624164 0.258537 0.737277 
vn -0.634847 0.231065 0.737277 
vn -0.644322 0.203154 0.737277 
vn -0.65257 0.174856 0.737277 
vn -0.659576 0.146224 0.737277 
vn -0.665326 0.117315 0.737277 
vn -0.66981 0.0881822 0.737277 
vn -0.673019 0.0588816 0.737277 
vn -0.674947 0.0294688 0.737277 
vn -0.67559 -1.6765e-17 0.737277 
vn -0.674947 -0.0294688 0.737277 
vn -0.673019 -0.0588816 0.737277 
vn -0.66981 -0.0881822 0.737277 
vn -0.665326 -0.117315 0.737277 
vn -0.659576 -0.146224 0.737277 
vn -0.65257 -0.174856 0.737277 
vn -0.644322 -0.203154 0.737277 
vn -0.634847 -0.231065 0.737277 
vn -0.624164 -0.258537 0.737277 
vn -0.612293 -0.285517 0.737277 
vn -0.599256 -0.311953 0.737277 
vn -0.585078 -0.337795 0.737277 
vn -0.569787 -0.362994 0.737277 
vn -0.553411 -0.387503 0.737277 
vn -0.535982 -0.411273 0.737277 
vn -0.517532 -0.434261 0.737277 
vn -0.498097 -0.456422 0.737277 
vn -0.477714 -0.477714 0.737277 
vn -0.456422 -0.498097 0.737277 
vn -0.434261 -0.517532 0.737277 
vn -0.411273 -0.535982 0.737277 
vn -0.387503 -0.553411 0.737277 
vn -0.362994 -0.569787 0.737277 
vn -0.337795 -0.585078 0.737277 
vn -0.311953 -0.599256 0.737277 
vn -0.285517 -0.612293 0.737277 
vn -0.258537 -0.624164 0.737277 
vn -0.231065 -0.634847 0.737277 
vn -0.203154 -0.644322 0.737277 
vn -0.174856 -0.65257 0.737277 
vn -0.146224 -0.659576 0.737277 
vn -0.117315 -0.665326 0.737277 
vn -0.0881822 -0.66981 0.737277 
vn -0.0588816 -0.673019 0.737277 
vn -0.0294688 -0.674947 0.737277 
vn -1.05149e-16 -0.67559 0.737277 
vn 0.0294688 -0.674947 0.737277 
vn 0.0588816 -0.673019 0.737277 
vn 0.0881822 -0.66981 0.737277 
vn 0.117315 -0.665326 0.737277 
vn 0.146224 -0.659576 0.737277 
vn 0.174856 -0.65257 0.737277 
vn 0.203154 -0.644322 0.737277 
vn 0.231065 -0.634847 0.737277 
vn 0.258537 -0.624164 0.737277 
vn 0.285517 -0.612293 0.737277 
vn 0.311953 -0.599256 0.737277 
vn 0.337795 -0.585078 0.737277 
vn 0.362994 -0.569787 0.737277 
vn 0.387503 -0.553411 0.737277 
vn 0.411273 -0.535982 0.737277 
vn 0.434261 -0.517532 0.737277 
vn 0.456422 -0.498097 0.737277 
vn 0.477714 -0.477714 0.737277 
vn 0.498097 -0.456422 0.737277 
vn 0.517532 -0.434261 0.737277 
vn 0.535982 -0.411273 0.737277 
vn 0.553411 -0.387503 0.737277 
vn 0.569787 -0.362994 0.737277 
vn 0.585078 -0.337795 0.737277 
vn 0.599256 -0.311953 0.737277 
vn 0.612293 -0.285517 0.737277 
vn 0.624164 -0.258537 0.737277 
vn 0.634847 -0.231065 0.737277 
vn 0.644322 -0.203154 0.737277 
vn 0.65257 -0.174856 0.737277 
vn 0.659576 -0.146224 0.737277 
vn 0.665326 -0.117315 0.737277 
vn 0.66981 -0.0881822 0.737277 
vn 0.673019 -0.0588816 0.737277 
vn 0.674947 -0.0294688 0.737277 
vn 0.67559 -1.83298e-16 0.737277 
vn 0.674947 0.0294688 0.737277 
vn 0.673019 0.0588816 0.737277 
vn 0.66981 0.0881822 0.737277 
vn 0.665326 0.117315 0.737277 
vn 0.659576 0.146224 0.737277 
vn 0.65257 0.174856 0.737277 
vn 0.644322 0.203154 0.737277 
vn 0.634847 0.231065 0.737277 
vn 0.624164 0.258537 0.737277 
vn 0.612293 0.285517 0.737277 
vn 0.599256 0.311953 0.737277 
vn 0.585078 0.337795 0.737277 
vn 0.569787 0.362994 0.737277 
vn 0.553411 0.387503 0.737277 
vn 0.535982 0.411273 0.737277 
vn 0.517532 0.434261 0.737277 
vn 0.498097 0.456422 0.737277 
vn 0.477714 0.477714 0.737277 
vn 0.456422 0.498097 0.737277 
vn 0.434261 0.517532 0.737277 
vn 0.411273 0.535982 0.737277 
vn 0.387503 0.553411 0.737277 
vn 0.362994 0.569787 0.737277 
vn 0.337795 0.585078 0.737277 
vn 0.311953 0.599256 0.737277 
vn 0.285517 0.612293 0.737277 
vn 0.258537 0.624164 0.737277 
vn 0.231065 0.634847 0.737277 
vn 0.203154 0.644322 0.737277 
vn 0.174856 0.65257 0.737277 
vn 0.146224 0.659576 0.737277 
vn 0.117315 0.665326 0.737277 
vn 0.0881822 0.66981 0.737277 
vn 0.0588816 0.673019 0.737277 
vn 0.0294688 0.674947 0.737277 
vn 1.72407e-16 0.67559 0.737277 
vn -0.0294688 0.674947 0.737277 
vn -0.0588816 0.673019 0.737277 
vn -0.0881822 0.66981 0.737277 
vn -0.117315 0.665326 0.737277 
vn -0.146224 0.659576 0.737277 
vn -0.174856 0.65257 0.737277 
vn -0.203154 0.644322 0.737277 
vn -0.231065 0.634847 0.737277 
vn -0.258537 0.624164 0.737277 
vn -0.285517 0.612293 0.737277 
vn -0.311953 0.599256 0.737277 
vn -0.337795 0.585078 0.737277 
vn -0.362994 0.569787 0.737277 
vn -0.387503 0.553411 0.737277 
vn -0.411273 0.535982 0.737277 
vn -0.434261 0.517532 0.737277 
vn -0.456422 0.498097 0.737277 
vn -0.477714 0.477714 0.737277 
vn -0.498097 0.456422 0.737277 
vn -0.517532 0.434261 0.737277 
vn -0.535982 0.411273 0.737277 
vn -0.553411 0.387503 0.737277 
vn -0.569787 0.362994 0.737277 
vn -0.585078 0.337795 0.737277 
vn -0.57016 0.296806 0.766044 
vn -0.582563 0.271654 0.766044 
vn -0.593858 0.245984 0.766044 
vn -0.604023 0.219846 0.766044 
vn -0.613037 0.19329 0.766044 
vn -0.620885 0.166366 0.766044 
vn -0.627551 0.139125 0.766044 
vn -0.633022 0.111619 0.766044 
vn -0.637288 0.0839006 0.766044 
vn -0.640342 0.0560226 0.766044 
vn -0.642176 0.028038 0.766044 
vn -0.642788 -1.74192e-17 0.766044 
vn -0.642176 -0.028038 0.766044 
vn -0.640342 -0.0560226 0.766044 
vn -0.637288 -0.0839006 0.766044 
vn -0.633022 -0.111619 0.766044 
vn -0.627551 -0.139125 0.766044 
vn -0.620885 -0.166366 0.766044 
vn -0.613037 -0.19329 0.766044 
vn -0.604023 -0.219846 0.766044 
vn -0.593858 -0.245984 0.766044 
vn -0.582563 -0.271654 0.766044 
vn -0.57016 -0.296806 0.766044 
vn -0.55667 -0.321394 0.766044 
vn -0.542122 -0.34537 0.766044 
vn -0.526541 -0.368688 0.766044 
vn -0.509958 -0.391304 0.766044 
vn -0.492404 -0.413176 0.766044 
vn -0.473913 -0.434261 0.766044 
vn -0.454519 -0.454519 0.766044 
vn -0.434261 -0.473913 0.766044 
vn -0.413176 -0.492404 0.766044 
vn -0.391304 -0.509958 0.766044 
vn -0.368688 -0.526541 0.766044 
vn -0.34537 -0.542122 0.766044 
vn -0.321394 -0.55667 0.766044 
vn -0.296806 -0.57016 0.766044 
vn -0.271654 -0.582563 0.766044 
vn -0.245984 -0.593858 0.766044 
vn -0.219846 -0.604023 0.766044 
vn -0.19329 -0.613037 0.766044 
vn -0.166366 -0.620885 0.766044 
vn -0.139125 -0.627551 0.766044 
vn -0.111619 -0.633022 0.766044 
vn -0.0839006 -0.637288 0.766044 
vn -0.0560226 -0.640342 0.766044 
vn -0.028038 -0.642176 0.766044 
vn -5.15741e-17 -0.642788 0.766044 
vn 0.028038 -0.642176 0.766044 
vn 0.0560226 -0.640342 0.766044 
vn 0.0839006 -0.637288 0.766044 
vn 0.111619 -0.633022 0.766044 
vn 0.139125 -0.627551 0.766044 
vn 0.166366 -0.620885 0.766044 
vn 0.19329 -0.613037 0.766044 
vn 0.219846 -0.604023 0.766044 
vn 0.245984 -0.593858 0.766044 
vn 0.271654 -0.582563 0.766044 
vn 0.296806 -0.57016 0.766044 
vn 0.321394 -0.55667 0.766044 
vn 0.34537 -0.542122 0.766044 
vn 0.368688 -0.526541 0.766044 
vn 0.391304 -0.509958 0.766044 
vn 0.413176 -0.492404 0.766044 
vn 0.434261 -0.473913 0.766044 
vn 0.454519 -0.454519 0.766044 
vn 0.473913 -0.434261 0.766044 
vn 0.492404 -0.413176 0.766044 
vn 0.509958 -0.391304 0.766044 
vn 0.526541 -0.368688 0.766044 
vn 0.542122 -0.34537 0.766044 
vn 0.55667 -0.321394 0.766044 
vn 0.57016 -0.296806 0.766044 
vn 0.582563 -0.271654 0.766044 
vn 0.593858 -0.245984 0.766044 
vn 0.604023 -0.219846 0.766044 
vn 0.613037 -0.19329 0.766044 
vn 0.620885 -0.166366 0.766044 
vn 0.627551 -0.139125 0.766044 
vn 0.633022 -0.111619 0.766044 
vn 0.637288 -0.0839006 0.766044 
vn 0.640342 -0.0560226 0.766044 
vn 0.642176 -0.028038 0.766044 
vn 0.642788 -2.39464e-16 0.766044 
vn 0.642176 0.028038 0.766044 
vn 0.640342 0.0560226 0.766044 
vn 0.637288 0.0839006 0.766044 
vn 0.633022 0.111619 0.766044 
vn 0.627551 0.139125 0.766044 
vn 0.620885 0.166366 0.766044 
vn 0.613037 0.19329 0.766044 
vn 0.604023 0.219846 0.766044 
vn 0.593858 0.245984 0.766044 
vn 0.582563 0.271654 0.766044 
vn 0.57016 0.296806 0.766044 
vn 0.55667 0.321394 0.766044 
vn 0.542122 0.34537 0.766044 
vn 0.526541 0.368688 0.766044 
vn 0.509958 0.391304 0.766044 
vn 0.492404 0.413176 0.766044 
vn 0.473913 0.434261 0.766044 
vn 0.454519 0.454519 0.766044 
vn 0.434261 0.473913 0.766044 
vn 0.413176 0.492404 0.766044 
vn 0.391304 0.509958 0.766044 
vn 0.368688 0.526541 0.766044 
vn 0.34537 0.542122 0.766044 
vn 0.321394 0.55667 0.766044 
vn 0.296806 0.57016 0.766044 
vn 0.271654 0.582563 0.766044 
vn 0.245984 0.593858 0.766044 
vn 0.219846 0.604023 0.766044 
vn 0.19329 0.613037 0.766044 
vn 0.166366 0.620885 0.766044 
vn 0.139125 0.627551 0.766044 
vn 0.111619 0.633022 0.766044 
vn 0.0839006 0.637288 0.766044 
vn 0.0560226 0.640342 0.766044 
vn 0.028038 0.642176 0.766044 
vn 1.7047e-16 0.642788 0.766044 
vn -0.028038 0.642176 0.766044 
vn -0.0560226 0.640342 0.766044 
vn -0.0839006 0.637288 0.766044 
vn -0.111619 0.633022 0.766044 
vn -0.139125 0.627551 0.766044 
vn -0.166366 0.620885 0.766044 
vn -0.19329 0.613037 0.766044 
vn -0.219846 0.604023 0.766044 
vn -0.245984 0.593858 0.766044 
vn -0.271654 0.582563 0.766044 
vn -0.296806 0.57016 0.766044 
vn -0.321394 0.55667 0.766044 
vn -0.34537 0.542122 0.766044 
vn -0.368688 0.526541 0.766044 
vn -0.391304 0.509958 0.766044 
vn -0.413176 0.492404 0.766044 
vn -0.434261 0.473913 0.766044 
vn -0.454519 0.454519 0.766044 
vn -0.473913 0.434261 0.766044 
vn -0.492404 0.413176 0.766044 
vn -0.509958 0.391304 0.766044 
vn -0.526541 0.368688 0.766044 
vn -0.542122 0.34537 0.766044 
vn -0.55667 0.321394 0.766044 
vn -0.539978 0.281095 0.793353 
vn -0.551725 0.257274 0.793353 
vn -0.562422 0.232963 0.793353 
vn -0.572049 0.208209 0.793353 
vn -0.580586 0.183058 0.793353 
vn -0.588018 0.157559 0.793353 
vn -0.594331 0.13176 0.793353 
vn -0.599513 0.10571 0.793353 
vn -0.603553 0.0794593 0.793353 
vn -0.606445 0.0530571 0.793353 
vn -0.608182 0.0265538 0.793353 
vn -0.608761 -7.35513e-17 0.793353 
vn -0.608182 -0.0265538 0.793353 
vn -0.606445 -0.0530571 0.793353 
vn -0.603553 -0.0794593 0.793353 
vn -0.599513 -0.10571 0.793353 
vn -0.594331 -0.13176 0.793353 
vn -0.588018 -0.157559 0.793353 
vn -0.580586 -0.183058 0.793353 
vn -0.572049 -0.208209 0.793353 
vn -0.562422 -0.232963 0.793353 
vn -0.551725 -0.257274 0.793353 
vn -0.539978 -0.281095 0.793353 
vn -0.527203 -0.304381 0.793353 
vn -0.513424 -0.327087 0.793353 
vn -0.498668 -0.349171 0.793353 
vn -0.482963 -0.37059 0.793353 
vn -0.466338 -0.391304 0.793353 
vn -0.448826 -0.411273 0.793353 
vn -0.430459 -0.430459 0.793353 
vn -0.411273 -0.448826 0.793353 
vn -0.391304 -0.466338 0.793353 
vn -0.37059 -0.482963 0.793353 
vn -0.349171 -0.498668 0.793353 
vn -0.327087 -0.513424 0.793353 
vn -0.304381 -0.527203 0.793353 
vn -0.281095 -0.539978 0.793353 
vn -0.257274 -0.551725 0.793353 
vn -0.232963 -0.562422 0.793353 
vn -0.208209 -0.572049 0.793353 
vn -0.183058 -0.580586 0.793353 
vn -0.157559 -0.588018 0.793353 
vn -0.13176 -0.594331 0.793353 
vn -0.10571 -0.599513 0.793353 
vn -0.0794593 -0.603553 0.793353 
vn -0.0530571 -0.606445 0.793353 
vn -0.0265538 -0.608182 0.793353 
vn -1.08924e-16 -0.608761 0.793353 
vn 0.0265538 -0.608182 0.793353 
vn 0.0530571 -0.606445 0.793353 
vn 0.0794593 -0.603553 0.793353 
vn 0.10571 -0.599513 0.793353 
vn 0.13176 -0.594331 0.793353 
vn 0.157559 -0.588018 0.793353 
vn 0.183058 -0.580586 0.793353 
vn 0.208209 -0.572049 0.793353 
vn 0.232963 -0.562422 0.793353 
vn 0.257274 -0.551725 0.793353 
vn 0.281095 -0.539978 0.793353 
vn 0.304381 -0.527203 0.793353 
vn 0.327087 -0.513424 0.793353 
vn 0.349171 -0.498668 0.793353 
vn 0.37059 -0.482963 0.793353 
vn 0.391304 -0.466338 0.793353 
vn 0.411273 -0.448826 0.793353 
vn 0.430459 -0.430459 0.793353 
vn 0.448826 -0.411273 0.793353 
vn 0.466338 -0.391304 0.793353 
vn 0.482963 -0.37059 0.793353 
vn 0.498668 -0.349171 0.793353 
vn 0.513424 -0.327087 0.793353 
vn 0.527203 -0.304381 0.793353 
vn 0.539978 -0.281095 0.793353 
vn 0.551725 -0.257274 0.793353 
vn 0.562422 -0.232963 0.793353 
vn 0.572049 -0.208209 0.793353 
vn 0.580586 -0.183058 0.793353 
vn 0.588018 -0.157559 0.793353 
vn 0.594331 -0.13176 0.793353 
vn 0.599513 -0.10571 0.793353 
vn 0.603553 -0.0794593 0.793353 
vn 0.606445 -0.0530571 0.793353 
vn 0.608182 -0.0265538 0.793353 
vn 0.608761 -1.29062e-16 0.793353 
vn 0.608182 0.0265538 0.793353 
vn 0.606445 0.0530571 0.793353 
vn 0.603553 0.0794593 0.793353 
vn 0.599513 0.10571 0.793353 
vn 0.594331 0.13176 0.793353 
vn 0.588018 0.157559 0.793353 
vn 0.580586 0.183058 0.793353 
vn 0.572049 0.208209 0.793353 
vn 0.562422 0.232963 0.793353 
vn 0.551725 0.257274 0.793353 
vn 0.539978 0.281095 0.793353 
vn 0.527203 0.304381 0.793353 
vn 0.513424 0.327087 0.793353 
vn 0.498668 0.349171 0.793353 
vn 0.482963 0.37059 0.793353 
vn 0.466338 0.391304 0.793353 
vn 0.448826 0.411273 0.793353 
vn 0.430459 0.430459 0.793353 
vn 0.411273 0.448826 0.793353 
vn 0.391304 0.466338 0.793353 
vn 0.37059 0.482963 0.793353 
vn 0.349171 0.498668 0.793353 
vn 0.327087 0.513424 0.793353 
vn 0.304381 0.527203 0.793353 
vn 0.281095 0.539978 0.793353 
vn 0.257274 0.551725 0.793353 
vn 0.232963 0.562422 0.793353 
vn 0.208209 0.572049 0.793353 
vn 0.183058 0.580586 0.793353 
vn 0.157559 0.588018 0.793353 
vn 0.13176 0.594331 0.793353 
vn 0.10571 0.599513 0.793353 
vn 0.0794593 0.603553 0.793353 
vn 0.0530571 0.606445 0.793353 
vn 0.0265538 0.608182 0.793353 
vn 1.13121e-16 0.608761 0.793353 
vn -0.0265538 0.608182 0.793353 
vn -0.0530571 0.606445 0.793353 
vn -0.0794593 0.603553 0.793353 
vn -0.10571 0.599513 0.793353 
vn -0.13176 0.594331 0.793353 
vn -0.157559 0.588018 0.793353 
vn -0.183058 0.580586 0.793353 
vn -0.208209 0.572049 0.793353 
vn -0.232963 0.562422 0.793353 
vn -0.257274 0.551725 0.793353 
vn -0.281095 0.539978 0.793353 
vn -0.304381 0.527203 0.793353 
vn -0.327087 0.513424 0.793353 
vn -0.349171 0.498668 0.793353 
vn -0.37059 0.482963 0.793353 
vn -0.391304 0.466338 0.793353 
vn -0.411273 0.448826 0.793353 
vn -0.430459 0.430459 0.793353 
vn -0.448826 0.411273 0.793353 
vn -0.466338 0.391304 0.793353 
vn -0.482963 0.37059 0.793353 
vn -0.498668 0.349171 0.793353 
vn -0.513424 0.327087 0.793353 
vn -0.527203 0.304381 0.793353 
vn -0.508769 0.264848 0.819152 
vn -0.519837 0.242404 0.819152 
vn -0.529916 0.219498 0.819152 
vn -0.538986 0.196175 0.819152 
vn -0.54703 0.172478 0.819152 
vn -0.554032 0.148453 0.819152 
vn -0.55998 0.124145 0.819152 
vn -0.564863 0.0996005 0.819152 
vn -0.568669 0.0748667 0.819152 
vn -0.571394 0.0499905 0.819152 
vn -0.573031 0.0250191 0.819152 
vn -0.573576 -4.63824e-17 0.819152 
vn -0.573031 -0.0250191 0.819152 
vn -0.571394 -0.0499905 0.819152 
vn -0.568669 -0.0748667 0.819152 
vn -0.564863 -0.0996005 0.819152 
vn -0.55998 -0.124145 0.819152 
vn -0.554032 -0.148453 0.819152 
vn -0.54703 -0.172478 0.819152 
vn -0.538986 -0.196175 0.819152 
vn -0.529916 -0.219498 0.819152 
vn -0.519837 -0.242404 0.819152 
vn -0.508769 -0.264848 0.819152 
vn -0.496732 -0.286788 0.819152 
vn -0.483749 -0.308182 0.819152 
vn -0.469846 -0.32899 0.819152 
vn -0.455049 -0.349171 0.819152 
vn -0.439385 -0.368688 0.819152 
vn -0.422885 -0.387503 0.819152 
vn -0.40558 -0.40558 0.819152 
vn -0.387503 -0.422885 0.819152 
vn -0.368688 -0.439385 0.819152 
vn -0.349171 -0.455049 0.819152 
vn -0.32899 -0.469846 0.819152 
vn -0.308182 -0.483749 0.819152 
vn -0.286788 -0.496732 0.819152 
vn -0.264848 -0.508769 0.819152 
vn -0.242404 -0.519837 0.819152 
vn -0.219498 -0.529916 0.819152 
vn -0.196175 -0.538986 0.819152 
vn -0.172478 -0.54703 0.819152 
vn -0.148453 -0.554032 0.819152 
vn -0.124145 -0.55998 0.819152 
vn -0.0996005 -0.564863 0.819152 
vn -0.0748667 -0.568669 0.819152 
vn -0.0499905 -0.571394 0.819152 
vn -0.0250191 -0.573031 0.819152 
vn -5.51496e-17 -0.573576 0.819152 
vn 0.0250191 -0.573031 0.819152 
vn 0.0499905 -0.571394 0.819152 
vn 0.0748667 -0.568669 0.819152 
vn 0.0996005 -0.564863 0.819152 
vn 0.124145 -0.55998 0.819152 
vn 0.148453 -0.554032 0.819152 
vn 0.172478 -0.54703 0.819152 
vn 0.196175 -0.538986 0.819152 
vn 0.219498 -0.529916 0.819152 
vn 0.242404 -0.519837 0.819152 
vn 0.264848 -0.508769 0.819152 
vn 0.286788 -0.496732 0.819152 
vn 0.308182 -0.483749 0.819152 
vn 0.32899 -0.469846 0.819152 
vn 0.349171 -0.455049 0.819152 
vn 0.368688 -0.439385 0.819152 
vn 0.387503 -0.422885 0.819152 
vn 0.40558 -0.40558 0.819152 
vn 0.422885 -0.387503 0.819152 
vn 0.439385 -0.368688 0.819152 
vn 0.455049 -0.349171 0.819152 
vn 0.469846 -0.32899 0.819152 
vn 0.483749 -0.308182 0.819152 
vn 0.496732 -0.286788 0.819152 
vn 0.508769 -0.264848 0.819152 
vn 0.519837 -0.242404 0.819152 
vn 0.529916 -0.219498 0.819152 
vn 0.538986 -0.196175 0.819152 
vn 0.54703 -0.172478 0.819152 
vn 0.554032 -0.148453 0.819152 
vn 0.55998 -0.124145 0.819152 
vn 0.564863 -0.0996005 0.819152 
vn 0.568669 -0.0748667 0.819152 
vn 0.571394 -0.0499905 0.819152 
vn 0.573031 -0.0250191 0.819152 
vn 0.573576 -1.57405e-16 0.819152 
vn 0.573031 0.0250191 0.819152 
vn 0.571394 0.0499905 0.819152 
vn 0.568669 0.0748667 0.819152 
vn 0.564863 0.0996005 0.819152 
vn 0.55998 0.124145 0.819152 
vn 0.554032 0.148453 0.819152 
vn 0.54703 0.172478 0.819152 
vn 0.538986 0.196175 0.819152 
vn 0.529916 0.219498 0.819152 
vn 0.519837 0.242404 0.819152 
vn 0.508769 0.264848 0.819152 
vn 0.496732 0.286788 0.819152 
vn 0.483749 0.308182 0.819152 
vn 0.469846 0.32899 0.819152 
vn 0.455049 0.349171 0.819152 
vn 0.439385 0.368688 0.819152 
vn 0.422885 0.387503 0.819152 
vn 0.40558 0.40558 0.819152 
vn 0.387503 0.422885 0.819152 
vn 0.368688 0.439385 0.819152 
vn 0.349171 0.455049 0.819152 
vn 0.32899 0.469846 0.819152 
vn 0.308182 0.483749 0.819152 
vn 0.286788 0.496732 0.819152 
vn 0.264848 0.508769 0.819152 
vn 0.242404 0.519837 0.819152 
vn 0.219498 0.529916 0.819152 
vn 0.196175 0.538986 0.819152 
vn 0.172478 0.54703 0.819152 
vn 0.148453 0.554032 0.819152 
vn 0.124145 0.55998 0.819152 
vn 0.0996005 0.564863 0.819152 
vn 0.0748667 0.568669 0.819152 
vn 0.0499905 0.571394 0.819152 
vn 0.0250191 0.573031 0.819152 
vn 1.11384e-16 0.573576 0.819152 
vn -0.0250191 0.573031 0.819152 
vn -0.0499905 0.571394 0.819152 
vn -0.0748667 0.568669 0.819152 
vn -0.0996005 0.564863 0.819152 
vn -0.124145 0.55998 0.819152 
vn -0.148453 0.554032 0.819152 
vn -0.172478 0.54703 0.819152 
vn -0.196175 0.538986 0.819152 
vn -0.219498 0.529916 0.819152 
vn -0.242404 0.519837 0.819152 
vn -0.264848 0.508769 0.819152 
vn -0.286788 0.496732 0.819152 
vn -0.308182 0.483749 0.819152 
vn -0.32899 0.469846 0.819152 
vn -0.349171 0.455049 0.819152 
vn -0.368688 0.439385 0.819152 
vn -0.387503 0.422885 0.819152 
vn -0.40558 0.40558 0.819152 
vn -0.422885 0.387503 0.819152 
vn -0.439385 0.368688 0.819152 
vn -0.455049 0.349171 0.819152 
vn -0.469846 0.32899 0.819152 
vn -0.483749 0.308182 0.819152 
vn -0.496732 0.286788 0.819152 
vn -0.476591 0.248097 0.843391 
vn -0.486959 0.227073 0.843391 
vn -0.4964 0.205616 0.843391 
vn -0.504896 0.183767 0.843391 
vn -0.512432 0.161569 0.843391 
vn -0.518992 0.139063 0.843391 
vn -0.524563 0.116293 0.843391 
vn -0.529137 0.0933011 0.843391 
vn -0.532703 0.0701317 0.843391 
vn -0.535255 0.0468287 0.843391 
vn -0.536788 0.0234367 0.843391 
vn -0.5373 -7.46891e-17 0.843391 
vn -0.536788 -0.0234367 0.843391 
vn -0.535255 -0.0468287 0.843391 
vn -0.532703 -0.0701317 0.843391 
vn -0.529137 -0.0933011 0.843391 
vn -0.524563 -0.116293 0.843391 
vn -0.518992 -0.139063 0.843391 
vn -0.512432 -0.161569 0.843391 
vn -0.504896 -0.183767 0.843391 
vn -0.4964 -0.205616 0.843391 
vn -0.486959 -0.227073 0.843391 
vn -0.476591 -0.248097 0.843391 
vn -0.465315 -0.26865 0.843391 
vn -0.453154 -0.288691 0.843391 
vn -0.44013 -0.308182 0.843391 
vn -0.426268 -0.327087 0.843391 
vn -0.411595 -0.34537 0.843391 
vn -0.396139 -0.362994 0.843391 
vn -0.379928 -0.379928 0.843391 
vn -0.362994 -0.396139 0.843391 
vn -0.34537 -0.411595 0.843391 
vn -0.327087 -0.426268 0.843391 
vn -0.308182 -0.44013 0.843391 
vn -0.288691 -0.453154 0.843391 
vn -0.26865 -0.465315 0.843391 
vn -0.248097 -0.476591 0.843391 
vn -0.227073 -0.486959 0.843391 
vn -0.205616 -0.4964 0.843391 
vn -0.183767 -0.504896 0.843391 
vn -0.161569 -0.512432 0.843391 
vn -0.139063 -0.518992 0.843391 
vn -0.116293 -0.524563 0.843391 
vn -0.0933011 -0.529137 0.843391 
vn -0.0701317 -0.532703 0.843391 
vn -0.0468287 -0.535255 0.843391 
vn -0.0234367 -0.536788 0.843391 
vn -5.67816e-17 -0.5373 0.843391 
vn 0.0234367 -0.536788 0.843391 
vn 0.0468287 -0.535255 0.843391 
vn 0.0701317 -0.532703 0.843391 
vn 0.0933011 -0.529137 0.843391 
vn 0.116293 -0.524563 0.843391 
vn 0.139063 -0.518992 0.843391 
vn 0.161569 -0.512432 0.843391 
vn 0.183767 -0.504896 0.843391 
vn 0.205616 -0.4964 0.843391 
vn 0.227073 -0.486959 0.843391 
vn 0.248097 -0.476591 0.843391 
vn 0.26865 -0.465315 0.843391 
vn 0.288691 -0.453154 0.843391 
vn 0.308182 -0.44013 0.843391 
vn 0.327087 -0.426268 0.843391 
vn 0.34537 -0.411595 0.843391 
vn 0.362994 -0.396139 0.843391 
vn 0.379928 -0.379928 0.843391 
vn 0.396139 -0.362994 0.843391 
vn 0.411595 -0.34537 0.843391 
vn 0.426268 -0.327087 0.843391 
vn 0.44013 -0.308182 0.843391 
vn 0.453154 -0.288691 0.843391 
vn 0.465315 -0.26865 0.843391 
vn 0.476591 -0.248097 0.843391 
vn 0.486959 -0.227073 0.843391 
vn 0.4964 -0.205616 0.843391 
vn 0.504896 -0.183767 0.843391 
vn 0.512432 -0.161569 0.843391 
vn 0.518992 -0.139063 0.843391 
vn 0.524563 -0.116293 0.843391 
vn 0.529137 -0.0933011 0.843391 
vn 0.532703 -0.0701317 0.843391 
vn 0.535255 -0.0468287 0.843391 
vn 0.536788 -0.0234367 0.843391 
vn 0.5373 -1.57956e-16 0.843391 
vn 0.536788 0.0234367 0.843391 
vn 0.535255 0.0468287 0.843391 
vn 0.532703 0.0701317 0.843391 
vn 0.529137 0.0933011 0.843391 
vn 0.524563 0.116293 0.843391 
vn 0.518992 0.139063 0.843391 
vn 0.512432 0.161569 0.843391 
vn 0.504896 0.183767 0.843391 
vn 0.4964 0.205616 0.843391 
vn 0.486959 0.227073 0.843391 
vn 0.476591 0.248097 0.843391 
vn 0.465315 0.26865 0.843391 
vn 0.453154 0.288691 0.843391 
vn 0.44013 0.308182 0.843391 
vn 0.426268 0.327087 0.843391 
vn 0.411595 0.34537 0.843391 
vn 0.396139 0.362994 0.843391 
vn 0.379928 0.379928 0.843391 
vn 0.362994 0.396139 0.843391 
vn 0.34537 0.411595 0.843391 
vn 0.327087 0.426268 0.843391 
vn 0.308182 0.44013 0.843391 
vn 0.288691 0.453154 0.843391 
vn 0.26865 0.465315 0.843391 
vn 0.248097 0.476591 0.843391 
vn 0.227073 0.486959 0.843391 
vn 0.205616 0.4964 0.843391 
vn 0.183767 0.504896 0.843391 
vn 0.161569 0.512432 0.843391 
vn 0.139063 0.518992 0.843391 
vn 0.116293 0.524563 0.843391 
vn 0.0933011 0.529137 0.843391 
vn 0.0701317 0.532703 0.843391 
vn 0.0468287 0.535255 0.843391 
vn 0.0234367 0.536788 0.843391 
vn 8.19963e-17 0.5373 0.843391 
vn -0.0234367 0.536788 0.843391 
vn -0.0468287 0.535255 0.843391 
vn -0.0701317 0.532703 0.843391 
vn -0.0933011 0.529137 0.843391 
vn -0.116293 0.524563 0.843391 
vn -0.139063 0.518992 0.843391 
vn -0.161569 0.512432 0.843391 
vn -0.183767 0.504896 0.843391 
vn -0.205616 0.4964 0.843391 
vn -0.227073 0.486959 0.843391 
vn -0.248097 0.476591 0.843391 
vn -0.26865 0.465315 0.843391 
vn -0.288691 0.453154 0.843391 
vn -0.308182 0.44013 0.843391 
vn -0.327087 0.426268 0.843391 
vn -0.34537 0.411595 0.843391 
vn -0.362994 0.396139 0.843391 
vn -0.379928 0.379928 0.843391 
vn -0.396139 0.362994 0.843391 
vn -0.411595 0.34537 0.843391 
vn -0.426268 0.327087 0.843391 
vn -0.44013 0.308182 0.843391 
vn -0.453154 0.288691 0.843391 
vn -0.465315 0.26865 0.843391 
vn -0.443505 0.230874 0.866025 
vn -0.453154 0.211309 0.866025 
vn -0.46194 0.191342 0.866025 
vn -0.469846 0.17101 0.866025 
vn -0.476858 0.150353 0.866025 
vn -0.482963 0.12941 0.866025 
vn -0.488148 0.10822 0.866025 
vn -0.492404 0.0868241 0.866025 
vn -0.495722 0.0652631 0.866025 
vn -0.498097 0.0435779 0.866025 
vn -0.499524 0.0218097 0.866025 
vn -0.5 -7.52038e-17 0.866025 
vn -0.499524 -0.0218097 0.866025 
vn -0.498097 -0.0435779 0.866025 
vn -0.495722 -0.0652631 0.866025 
vn -0.492404 -0.0868241 0.866025 
vn -0.488148 -0.10822 0.866025 
vn -0.482963 -0.12941 0.866025 
vn -0.476858 -0.150353 0.866025 
vn -0.469846 -0.17101 0.866025 
vn -0.46194 -0.191342 0.866025 
vn -0.453154 -0.211309 0.866025 
vn -0.443505 -0.230874 0.866025 
vn -0.433013 -0.25 0.866025 
vn -0.421696 -0.26865 0.866025 
vn -0.409576 -0.286788 0.866025 
vn -0.396677 -0.304381 0.866025 
vn -0.383022 -0.321394 0.866025 
vn -0.368639 -0.337795 0.866025 
vn -0.353553 -0.353553 0.866025 
vn -0.337795 -0.368639 0.866025 
vn -0.321394 -0.383022 0.866025 
vn -0.304381 -0.396677 0.866025 
vn -0.286788 -0.409576 0.866025 
vn -0.26865 -0.421696 0.866025 
vn -0.25 -0.433013 0.866025 
vn -0.230874 -0.443505 0.866025 
vn -0.211309 -0.453154 0.866025 
vn -0.191342 -0.46194 0.866025 
vn -0.17101 -0.469846 0.866025 
vn -0.150353 -0.476858 0.866025 
vn -0.12941 -0.482963 0.866025 
vn -0.10822 -0.488148 0.866025 
vn -0.0868241 -0.492404 0.866025 
vn -0.0652631 -0.495722 0.866025 
vn -0.0435779 -0.498097 0.866025 
vn -0.0218097 -0.499524 0.866025 
vn -3.05498e-17 -0.5 0.866025 
vn 0.0218097 -0.499524 0.866025 
vn 0.0435779 -0.498097 0.866025 
vn 0.0652631 -0.495722 0.866025 
vn 0.0868241 -0.492404 0.866025 
vn 0.10822 -0.488148 0.866025 
vn 0.12941 -0.482963 0.866025 
vn 0.150353 -0.476858 0.866025 
vn 0.17101 -0.469846 0.866025 
vn 0.191342 -0.46194 0.866025 
vn 0.211309 -0.453154 0.866025 
vn 0.230874 -0.443505 0.866025 
vn 0.25 -0.433013 0.866025 
vn 0.26865 -0.421696 0.866025 
vn 0.286788 -0.409576 0.866025 
vn 0.304381 -0.396677 0.866025 
vn 0.321394 -0.383022 0.866025 
vn 0.337795 -0.368639 0.866025 
vn 0.353553 -0.353553 0.866025 
vn 0.368639 -0.337795 0.866025 
vn 0.383022 -0.321394 0.866025 
vn 0.396677 -0.304381 0.866025 
vn 0.409576 -0.286788 0.866025 
vn 0.421696 -0.26865 0.866025 
vn 0.433013 -0.25 0.866025 
vn 0.443505 -0.230874 0.866025 
vn 0.453154 -0.211309 0.866025 
vn 0.46194 -0.191342 0.866025 
vn 0.469846 -0.17101 0.866025 
vn 0.476858 -0.150353 0.866025 
vn 0.482963 -0.12941 0.866025 
vn 0.488148 -0.10822 0.866025 
vn 0.492404 -0.0868241 0.866025 
vn 0.495722 -0.0652631 0.866025 
vn 0.498097 -0.0435779 0.866025 
vn 0.499524 -0.0218097 0.866025 
vn 0.5 -1.02959e-16 0.866025 
vn 0.499524 0.0218097 0.866025 
vn 0.498097 0.0435779 0.866025 
vn 0.495722 0.0652631 0.866025 
vn 0.492404 0.0868241 0.866025 
vn 0.488148 0.10822 0.866025 
vn 0.482963 0.12941 0.866025 
vn 0.476858 0.150353 0.866025 
vn 0.469846 0.17101 0.866025 
vn 0.46194 0.191342 0.866025 
vn 0.453154 0.211309 0.866025 
vn 0.443505 0.230874 0.866025 
vn 0.433013 0.25 0.866025 
vn 0.421696 0.26865 0.866025 
vn 0.409576 0.286788 0.866025 
vn 0.396677 0.304381 0.866025 
vn 0.383022 0.321394 0.866025 
vn 0.368639 0.337795 0.866025 
vn 0.353553 0.353553 0.866025 
vn 0.337795 0.368639 0.866025 
vn 0.321394 0.383022 0.866025 
vn 0.304381 0.396677 0.866025 
vn 0.286788 0.409576 0.866025 
vn 0.26865 0.421696 0.866025 
vn 0.25 0.433013 0.866025 
vn 0.230874 0.443505 0.866025 
vn 0.211309 0.453154 0.866025 
vn 0.191342 0.46194 0.866025 
vn 0.17101 0.469846 0.866025 
vn 0.150353 0.476858 0.866025 
vn 0.12941 0.482963 0.866025 
vn 0.10822 0.488148 0.866025 
vn 0.0868241 0.492404 0.866025 
vn 0.0652631 0.495722 0.866025 
vn 0.0435779 0.498097 0.866025 
vn 0.0218097 0.499524 0.866025 
vn 5.27169e-17 0.5 0.866025 
vn -0.0218097 0.499524 0.866025 
vn -0.0435779 0.498097 0.866025 
vn -0.0652631 0.495722 0.866025 
vn -0.0868241 0.492404 0.866025 
vn -0.10822 0.488148 0.866025 
vn -0.12941 0.482963 0.866025 
vn -0.150353 0.476858 0.866025 
vn -0.17101 0.469846 0.866025 
vn -0.191342 0.46194 0.866025 
vn -0.211309 0.453154 0.866025 
vn -0.230874 0.443505 0.866025 
vn -0.25 0.433013 0.866025 
vn -0.26865 0.421696 0.866025 
vn -0.286788 0.409576 0.866025 
vn -0.304381 0.396677 0.866025 
vn -0.321394 0.383022 0.866025 
vn -0.337795 0.368639 0.866025 
vn -0.353553 0.353553 0.866025 
vn -0.368639 0.337795 0.866025 
vn -0.383022 0.321394 0.866025 
vn -0.396677 0.304381 0.866025 
vn -0.409576 0.286788 0.866025 
vn -0.421696 0.26865 0.866025 
vn -0.433013 0.25 0.866025 
vn -0.409576 0.213212 0.887011 
vn -0.418486 0.195143 0.887011 
vn -0.4266 0.176704 0.887011 
vn -0.433902 0.157927 0.887011 
vn -0.440377 0.13885 0.887011 
vn -0.446015 0.119509 0.887011 
vn -0.450803 0.0999407 0.887011 
vn -0.454734 0.0801818 0.887011 
vn -0.457798 0.0602703 0.887011 
vn -0.459992 0.040244 0.887011 
vn -0.461309 0.0201412 0.887011 
vn -0.461749 -7.5681e-17 0.887011 
vn -0.461309 -0.0201412 0.887011 
vn -0.459992 -0.040244 0.887011 
vn -0.457798 -0.0602703 0.887011 
vn -0.454734 -0.0801818 0.887011 
vn -0.450803 -0.0999407 0.887011 
vn -0.446015 -0.119509 0.887011 
vn -0.440377 -0.13885 0.887011 
vn -0.433902 -0.157927 0.887011 
vn -0.4266 -0.176704 0.887011 
vn -0.418486 -0.195143 0.887011 
vn -0.409576 -0.213212 0.887011 
vn -0.399886 -0.230874 0.887011 
vn -0.389435 -0.248097 0.887011 
vn -0.378242 -0.264848 0.887011 
vn -0.36633 -0.281095 0.887011 
vn -0.35372 -0.296806 0.887011 
vn -0.340437 -0.311953 0.887011 
vn -0.326506 -0.326506 0.887011 
vn -0.311953 -0.340437 0.887011 
vn -0.296806 -0.35372 0.887011 
vn -0.281095 -0.36633 0.887011 
vn -0.264848 -0.378242 0.887011 
vn -0.248097 -0.389435 0.887011 
vn -0.230874 -0.399886 0.887011 
vn -0.213212 -0.409576 0.887011 
vn -0.195143 -0.418486 0.887011 
vn -0.176704 -0.4266 0.887011 
vn -0.157927 -0.433902 0.887011 
vn -0.13885 -0.440377 0.887011 
vn -0.119509 -0.446015 0.887011 
vn -0.0999407 -0.450803 0.887011 
vn -0.0801818 -0.454734 0.887011 
vn -0.0602703 -0.457798 0.887011 
vn -0.040244 -0.459992 0.887011 
vn -0.0201412 -0.461309 0.887011 
vn -5.97182e-17 -0.461749 0.887011 
vn 0.0201412 -0.461309 0.887011 
vn 0.040244 -0.459992 0.887011 
vn 0.0602703 -0.457798 0.887011 
vn 0.0801818 -0.454734 0.887011 
vn 0.0999407 -0.450803 0.887011 
vn 0.119509 -0.446015 0.887011 
vn 0.13885 -0.440377 0.887011 
vn 0.157927 -0.433902 0.887011 
vn 0.176704 -0.4266 0.887011 
vn 0.195143 -0.418486 0.887011 
vn 0.213212 -0.409576 0.887011 
vn 0.230874 -0.399886 0.887011 
vn 0.248097 -0.389435 0.887011 
vn 0.264848 -0.378242 0.887011 
vn 0.281095 -0.36633 0.887011 
vn 0.296806 -0.35372 0.887011 
vn 0.311953 -0.340437 0.887011 
vn 0.326506 -0.326506 0.887011 
vn 0.340437 -0.311953 0.887011 
vn 0.35372 -0.296806 0.887011 
vn 0.36633 -0.281095 0.887011 
vn 0.378242 -0.264848 0.887011 
vn 0.389435 -0.248097 0.887011 
vn 0.399886 -0.230874 0.887011 
vn 0.409576 -0.213212 0.887011 
vn 0.418486 -0.195143 0.887011 
vn 0.4266 -0.176704 0.887011 
vn 0.433902 -0.157927 0.887011 
vn 0.440377 -0.13885 0.887011 
vn 0.446015 -0.119509 0.887011 
vn 0.450803 -0.0999407 0.887011 
vn 0.454734 -0.0801818 0.887011 
vn 0.457798 -0.0602703 0.887011 
vn 0.459992 -0.040244 0.887011 
vn 0.461309 -0.0201412 0.887011 
vn 0.461749 -1.31192e-16 0.887011 
vn 0.461309 0.0201412 0.887011 
vn 0.459992 0.040244 0.887011 
vn 0.457798 0.0602703 0.887011 
vn 0.454734 0.0801818 0.887011 
vn 0.450803 0.0999407 0.887011 
vn 0.446015 0.119509 0.887011 
vn 0.440377 0.13885 0.887011 
vn 0.433902 0.157927 0.887011 
vn 0.4266 0.176704 0.887011 
vn 0.418486 0.195143 0.887011 
vn 0.409576 0.213212 0.887011 
vn 0.399886 0.230874 0.887011 
vn 0.389435 0.248097 0.887011 
vn 0.378242 0.264848 0.887011 
vn 0.36633 0.281095 0.887011 
vn 0.35372 0.296806 0.887011 
vn 0.340437 0.311953 0.887011 
vn 0.326506 0.326506 0.887011 
vn 0.311953 0.340437 0.887011 
vn 0.296806 0.35372 0.887011 
vn 0.281095 0.36633 0.887011 
vn 0.264848 0.378242 0.887011 
vn 0.248097 0.389435 0.887011 
vn 0.230874 0.399886 0.887011 
vn 0.213212 0.409576 0.887011 
vn 0.195143 0.418486 0.887011 
vn 0.176704 0.4266 0.887011 
vn 0.157927 0.433902 0.887011 
vn 0.13885 0.440377 0.887011 
vn 0.119509 0.446015 0.887011 
vn 0.0999407 0.450803 0.887011 
vn 0.0801818 0.454734 0.887011 
vn 0.0602703 0.457798 0.887011 
vn 0.040244 0.459992 0.887011 
vn 0.0201412 0.461309 0.887011 
vn 5.13041e-17 0.461749 0.887011 
vn -0.0201412 0.461309 0.887011 
vn -0.040244 0.459992 0.887011 
vn -0.0602703 0.457798 0.887011 
vn -0.0801818 0.454734 0.887011 
vn -0.0999407 0.450803 0.887011 
vn -0.119509 0.446015 0.887011 
vn -0.13885 0.440377 0.887011 
vn -0.157927 0.433902 0.887011 
vn -0.176704 0.4266 0.887011 
vn -0.195143 0.418486 0.887011 
vn -0.213212 0.409576 0.887011 
vn -0.230874 0.399886 0.887011 
vn -0.248097 0.389435 0.887011 
vn -0.264848 0.378242 0.887011 
vn -0.281095 0.36633 0.887011 
vn -0.296806 0.35372 0.887011 
vn -0.311953 0.340437 0.887011 
vn -0.326506 0.326506 0.887011 
vn -0.340437 0.311953 0.887011 
vn -0.35372 0.296806 0.887011 
vn -0.36633 0.281095 0.887011 
vn -0.378242 0.264848 0.887011 
vn -0.389435 0.248097 0.887011 
vn -0.399886 0.230874 0.887011 
vn -0.374867 0.195143 0.906308 
vn -0.383022 0.178606 0.906308 
vn -0.390448 0.161729 0.906308 
vn -0.397131 0.144544 0.906308 
vn -0.403058 0.127084 0.906308 
vn -0.408218 0.109382 0.906308 
vn -0.412601 0.0914713 0.906308 
vn -0.416198 0.0733869 0.906308 
vn -0.419003 0.0551628 0.906308 
vn -0.42101 0.0368336 0.906308 
vn -0.422216 0.0184343 0.906308 
vn -0.422618 -7.61198e-17 0.906308 
vn -0.422216 -0.0184343 0.906308 
vn -0.42101 -0.0368336 0.906308 
vn -0.419003 -0.0551628 0.906308 
vn -0.416198 -0.0733869 0.906308 
vn -0.412601 -0.0914713 0.906308 
vn -0.408218 -0.109382 0.906308 
vn -0.403058 -0.127084 0.906308 
vn -0.397131 -0.144544 0.906308 
vn -0.390448 -0.161729 0.906308 
vn -0.383022 -0.178606 0.906308 
vn -0.374867 -0.195143 0.906308 
vn -0.365998 -0.211309 0.906308 
vn -0.356433 -0.227073 0.906308 
vn -0.346189 -0.242404 0.906308 
vn -0.335286 -0.257274 0.906308 
vn -0.323744 -0.271654 0.906308 
vn -0.311587 -0.285517 0.906308 
vn -0.298836 -0.298836 0.906308 
vn -0.285517 -0.311587 0.906308 
vn -0.271654 -0.323744 0.906308 
vn -0.257274 -0.335286 0.906308 
vn -0.242404 -0.346189 0.906308 
vn -0.227073 -0.356433 0.906308 
vn -0.211309 -0.365998 0.906308 
vn -0.195143 -0.374867 0.906308 
vn -0.178606 -0.383022 0.906308 
vn -0.161729 -0.390448 0.906308 
vn -0.144544 -0.397131 0.906308 
vn -0.127084 -0.403058 0.906308 
vn -0.109382 -0.408218 0.906308 
vn -0.0914713 -0.412601 0.906308 
vn -0.0733869 -0.416198 0.906308 
vn -0.0551628 -0.419003 0.906308 
vn -0.0368336 -0.42101 0.906308 
vn -0.0184343 -0.422216 0.906308 
vn -6.10174e-17 -0.422618 0.906308 
vn 0.0184343 -0.422216 0.906308 
vn 0.0368336 -0.42101 0.906308 
vn 0.0551628 -0.419003 0.906308 
vn 0.0733869 -0.416198 0.906308 
vn 0.0914713 -0.412601 0.906308 
vn 0.109382 -0.408218 0.906308 
vn 0.127084 -0.403058 0.906308 
vn 0.144544 -0.397131 0.906308 
vn 0.161729 -0.390448 0.906308 
vn 0.178606 -0.383022 0.906308 
vn 0.195143 -0.374867 0.906308 
vn 0.211309 -0.365998 0.906308 
vn 0.227073 -0.356433 0.906308 
vn 0.242404 -0.346189 0.906308 
vn 0.257274 -0.335286 0.906308 
vn 0.271654 -0.323744 0.906308 
vn 0.285517 -0.311587 0.906308 
vn 0.298836 -0.298836 0.906308 
vn 0.311587 -0.285517 0.906308 
vn 0.323744 -0.271654 0.906308 
vn 0.335286 -0.257274 0.906308 
vn 0.346189 -0.242404 0.906308 
vn 0.356433 -0.227073 0.906308 
vn 0.365998 -0.211309 0.906308 
vn 0.374867 -0.195143 0.906308 
vn 0.383022 -0.178606 0.906308 
vn 0.390448 -0.161729 0.906308 
vn 0.397131 -0.144544 0.906308 
vn 0.403058 -0.127084 0.906308 
vn 0.408218 -0.109382 0.906308 
vn 0.412601 -0.0914713 0.906308 
vn 0.416198 -0.0733869 0.906308 
vn 0.419003 -0.0551628 0.906308 
vn 0.42101 -0.0368336 0.906308 
vn 0.422216 -0.0184343 0.906308 
vn 0.422618 -1.03875e-16 0.906308 
vn 0.422216 0.0184343 0.906308 
vn 0.42101 0.0368336 0.906308 
vn 0.419003 0.0551628 0.906308 
vn 0.416198 0.0733869 0.906308 
vn 0.412601 0.0914713 0.906308 
vn 0.408218 0.109382 0.906308 
vn 0.403058 0.127084 0.906308 
vn 0.397131 0.144544 0.906308 
vn 0.390448 0.161729 0.906308 
vn 0.383022 0.178606 0.906308 
vn 0.374867 0.195143 0.906308 
vn 0.365998 0.211309 0.906308 
vn 0.356433 0.227073 0.906308 
vn 0.346189 0.242404 0.906308 
vn 0.335286 0.257274 0.906308 
vn 0.323744 0.271654 0.906308 
vn 0.311587 0.285517 0.906308 
vn 0.298836 0.298836 0.906308 
vn 0.285517 0.311587 0.906308 
vn 0.271654 0.323744 0.906308 
vn 0.257274 0.335286 0.906308 
vn 0.242404 0.346189 0.906308 
vn 0.227073 0.356433 0.906308 
vn 0.211309 0.365998 0.906308 
vn 0.195143 0.374867 0.906308 
vn 0.178606 0.383022 0.906308 
vn 0.161729 0.390448 0.906308 
vn 0.144544 0.397131 0.906308 
vn 0.127084 0.403058 0.906308 
vn 0.109382 0.408218 0.906308 
vn 0.0914713 0.412601 0.906308 
vn 0.0733869 0.416198 0.906308 
vn 0.0551628 0.419003 0.906308 
vn 0.0368336 0.42101 0.906308 
vn 0.0184343 0.422216 0.906308 
vn 5.00049e-17 0.422618 0.906308 
vn -0.0184343 0.422216 0.906308 
vn -0.0368336 0.42101 0.906308 
vn -0.0551628 0.419003 0.906308 
vn -0.0733869 0.416198 0.906308 
vn -0.0914713 0.412601 0.906308 
vn -0.109382 0.408218 0.906308 
vn -0.127084 0.403058 0.906308 
vn -0.144544 0.397131 0.906308 
vn -0.161729 0.390448 0.906308 
vn -0.178606 0.383022 0.906308 
vn -0.195143 0.374867 0.906308 
vn -0.211309 0.365998 0.906308 
vn -0.227073 0.356433 0.906308 
vn -0.242404 0.346189 0.906308 
vn -0.257274 0.335286 0.906308 
vn -0.271654 0.323744 0.906308 
vn -0.285517 0.311587 0.906308 
vn -0.298836 0.298836 0.906308 
vn -0.311587 0.285517 0.906308 
vn -0.323744 0.271654 0.906308 
vn -0.335286 0.257274 0.906308 
vn -0.346189 0.242404 0.906308 
vn -0.356433 0.227073 0.906308 
vn -0.365998 0.211309 0.906308 
vn -0.339444 0.176704 0.92388 
vn -0.346829 0.161729 0.92388 
vn -0.353553 0.146447 0.92388 
vn -0.359605 0.130885 0.92388 
vn -0.364972 0.115075 0.92388 
vn -0.369644 0.0990458 0.92388 
vn -0.373612 0.0828279 0.92388 
vn -0.37687 0.0664523 0.92388 
vn -0.37941 0.0499502 0.92388 
vn -0.381227 0.0333531 0.92388 
vn -0.382319 0.0166924 0.92388 
vn -0.382683 -7.65194e-17 0.92388 
vn -0.382319 -0.0166924 0.92388 
vn -0.381227 -0.0333531 0.92388 
vn -0.37941 -0.0499502 0.92388 
vn -0.37687 -0.0664523 0.92388 
vn -0.373612 -0.0828279 0.92388 
vn -0.369644 -0.0990458 0.92388 
vn -0.364972 -0.115075 0.92388 
vn -0.359605 -0.130885 0.92388 
vn -0.353553 -0.146447 0.92388 
vn -0.346829 -0.161729 0.92388 
vn -0.339444 -0.176704 0.92388 
vn -0.331414 -0.191342 0.92388 
vn -0.322752 -0.205616 0.92388 
vn -0.313476 -0.219498 0.92388 
vn -0.303603 -0.232963 0.92388 
vn -0.293153 -0.245984 0.92388 
vn -0.282144 -0.258537 0.92388 
vn -0.270598 -0.270598 0.92388 
vn -0.258537 -0.282144 0.92388 
vn -0.245984 -0.293153 0.92388 
vn -0.232963 -0.303603 0.92388 
vn -0.219498 -0.313476 0.92388 
vn -0.205616 -0.322752 0.92388 
vn -0.191342 -0.331414 0.92388 
vn -0.176704 -0.339444 0.92388 
vn -0.161729 -0.346829 0.92388 
vn -0.146447 -0.353553 0.92388 
vn -0.130885 -0.359605 0.92388 
vn -0.115075 -0.364972 0.92388 
vn -0.0990458 -0.369644 0.92388 
vn -0.0828279 -0.373612 0.92388 
vn -0.0664523 -0.37687 0.92388 
vn -0.0499502 -0.37941 0.92388 
vn -0.0333531 -0.381227 0.92388 
vn -0.0166924 -0.382319 0.92388 
vn -3.44449e-17 -0.382683 0.92388 
vn 0.0166924 -0.382319 0.92388 
vn 0.0333531 -0.381227 0.92388 
vn 0.0499502 -0.37941 0.92388 
vn 0.0664523 -0.37687 0.92388 
vn 0.0828279 -0.373612 0.92388 
vn 0.0990458 -0.369644 0.92388 
vn 0.115075 -0.364972 0.92388 
vn 0.130885 -0.359605 0.92388 
vn 0.146447 -0.353553 0.92388 
vn 0.161729 -0.346829 0.92388 
vn 0.176704 -0.339444 0.92388 
vn 0.191342 -0.331414 0.92388 
vn 0.205616 -0.322752 0.92388 
vn 0.219498 -0.313476 0.92388 
vn 0.232963 -0.303603 0.92388 
vn 0.245984 -0.293153 0.92388 
vn 0.258537 -0.282144 0.92388 
vn 0.270598 -0.270598 0.92388 
vn 0.282144 -0.258537 0.92388 
vn 0.293153 -0.245984 0.92388 
vn 0.303603 -0.232963 0.92388 
vn 0.313476 -0.219498 0.92388 
vn 0.322752 -0.205616 0.92388 
vn 0.331414 -0.191342 0.92388 
vn 0.339444 -0.176704 0.92388 
vn 0.346829 -0.161729 0.92388 
vn 0.353553 -0.146447 0.92388 
vn 0.359605 -0.130885 0.92388 
vn 0.364972 -0.115075 0.92388 
vn 0.369644 -0.0990458 0.92388 
vn 0.373612 -0.0828279 0.92388 
vn 0.37687 -0.0664523 0.92388 
vn 0.37941 -0.0499502 0.92388 
vn 0.381227 -0.0333531 0.92388 
vn 0.382319 -0.0166924 0.92388 
vn 0.382683 -1.04275e-16 0.92388 
vn 0.382319 0.0166924 0.92388 
vn 0.381227 0.0333531 0.92388 
vn 0.37941 0.0499502 0.92388 
vn 0.37687 0.0664523 0.92388 
vn 0.373612 0.0828279 0.92388 
vn 0.369644 0.0990458 0.92388 
vn 0.364972 0.115075 0.92388 
vn 0.359605 0.130885 0.92388 
vn 0.353553 0.146447 0.92388 
vn 0.346829 0.161729 0.92388 
vn 0.339444 0.176704 0.92388 
vn 0.331414 0.191342 0.92388 
vn 0.322752 0.205616 0.92388 
vn 0.313476 0.219498 0.92388 
vn 0.303603 0.232963 0.92388 
vn 0.293153 0.245984 0.92388 
vn 0.282144 0.258537 0.92388 
vn 0.270598 0.270598 0.92388 
vn 0.258537 0.282144 0.92388 
vn 0.245984 0.293153 0.92388 
vn 0.232963 0.303603 0.92388 
vn 0.219498 0.313476 0.92388 
vn 0.205616 0.322752 0.92388 
vn 0.191342 0.331414 0.92388 
vn 0.176704 0.339444 0.92388 
vn 0.161729 0.346829 0.92388 
vn 0.146447 0.353553 0.92388 
vn 0.130885 0.359605 0.92388 
vn 0.115075 0.364972 0.92388 
vn 0.0990458 0.369644 0.92388 
vn 0.0828279 0.373612 0.92388 
vn 0.0664523 0.37687 0.92388 
vn 0.0499502 0.37941 0.92388 
vn 0.0333531 0.381227 0.92388 
vn 0.0166924 0.382319 0.92388 
vn 2.10663e-17 0.382683 0.92388 
vn -0.0166924 0.382319 0.92388 
vn -0.0333531 0.381227 0.92388 
vn -0.0499502 0.37941 0.92388 
vn -0.0664523 0.37687 0.92388 
vn -0.0828279 0.373612 0.92388 
vn -0.0990458 0.369644 0.92388 
vn -0.115075 0.364972 0.92388 
vn -0.130885 0.359605 0.92388 
vn -0.146447 0.353553 0.92388 
vn -0.161729 0.346829 0.92388 
vn -0.176704 0.339444 0.92388 
vn -0.191342 0.331414 0.92388 
vn -0.205616 0.322752 0.92388 
vn -0.219498 0.313476 0.92388 
vn -0.232963 0.303603 0.92388 
vn -0.245984 0.293153 0.92388 
vn -0.258537 0.282144 0.92388 
vn -0.270598 0.270598 0.92388 
vn -0.282144 0.258537 0.92388 
vn -0.293153 0.245984 0.92388 
vn -0.303603 0.232963 0.92388 
vn -0.313476 0.219498 0.92388 
vn -0.322752 0.205616 0.92388 
vn -0.331414 0.191342 0.92388 
vn -0.303376 0.157927 0.939693 
vn -0.309976 0.144544 0.939693 
vn -0.315985 0.130885 0.939693 
vn -0.321394 0.116978 0.939693 
vn -0.32619 0.102847 0.939693 
vn -0.330366 0.0885213 0.939693 
vn -0.333913 0.0740267 0.939693 
vn -0.336824 0.0593912 0.939693 
vn -0.339094 0.0446426 0.939693 
vn -0.340719 0.029809 0.939693 
vn -0.341695 0.0149187 0.939693 
vn -0.34202 -4.91234e-17 0.939693 
vn -0.341695 -0.0149187 0.939693 
vn -0.340719 -0.029809 0.939693 
vn -0.339094 -0.0446426 0.939693 
vn -0.336824 -0.0593912 0.939693 
vn -0.333913 -0.0740267 0.939693 
vn -0.330366 -0.0885213 0.939693 
vn -0.32619 -0.102847 0.939693 
vn -0.321394 -0.116978 0.939693 
vn -0.315985 -0.130885 0.939693 
vn -0.309976 -0.144544 0.939693 
vn -0.303376 -0.157927 0.939693 
vn -0.296198 -0.17101 0.939693 
vn -0.288457 -0.183767 0.939693 
vn -0.280166 -0.196175 0.939693 
vn -0.271343 -0.208209 0.939693 
vn -0.262003 -0.219846 0.939693 
vn -0.252164 -0.231065 0.939693 
vn -0.241845 -0.241845 0.939693 
vn -0.231065 -0.252164 0.939693 
vn -0.219846 -0.262003 0.939693 
vn -0.208209 -0.271343 0.939693 
vn -0.196175 -0.280166 0.939693 
vn -0.183767 -0.288457 0.939693 
vn -0.17101 -0.296198 0.939693 
vn -0.157927 -0.303376 0.939693 
vn -0.144544 -0.309976 0.939693 
vn -0.130885 -0.315985 0.939693 
vn -0.116978 -0.321394 0.939693 
vn -0.102847 -0.32619 0.939693 
vn -0.0885213 -0.330366 0.939693 
vn -0.0740267 -0.333913 0.939693 
vn -0.0593912 -0.336824 0.939693 
vn -0.0446426 -0.339094 0.939693 
vn -0.029809 -0.340719 0.939693 
vn -0.0149187 -0.341695 0.939693 
vn -6.32651e-17 -0.34202 0.939693 
vn 0.0149187 -0.341695 0.939693 
vn 0.029809 -0.340719 0.939693 
vn 0.0446426 -0.339094 0.939693 
vn 0.0593912 -0.336824 0.939693 
vn 0.0740267 -0.333913 0.939693 
vn 0.0885213 -0.330366 0.939693 
vn 0.102847 -0.32619 0.939693 
vn 0.116978 -0.321394 0.939693 
vn 0.130885 -0.315985 0.939693 
vn 0.144544 -0.309976 0.939693 
vn 0.157927 -0.303376 0.939693 
vn 0.17101 -0.296198 0.939693 
vn 0.183767 -0.288457 0.939693 
vn 0.196175 -0.280166 0.939693 
vn 0.208209 -0.271343 0.939693 
vn 0.219846 -0.262003 0.939693 
vn 0.231065 -0.252164 0.939693 
vn 0.241845 -0.241845 0.939693 
vn 0.252164 -0.231065 0.939693 
vn 0.262003 -0.219846 0.939693 
vn 0.271343 -0.208209 0.939693 
vn 0.280166 -0.196175 0.939693 
vn 0.288457 -0.183767 0.939693 
vn 0.296198 -0.17101 0.939693 
vn 0.303376 -0.157927 0.939693 
vn 0.309976 -0.144544 0.939693 
vn 0.315985 -0.130885 0.939693 
vn 0.321394 -0.116978 0.939693 
vn 0.32619 -0.102847 0.939693 
vn 0.330366 -0.0885213 0.939693 
vn 0.333913 -0.0740267 0.939693 
vn 0.336824 -0.0593912 0.939693 
vn 0.339094 -0.0446426 0.939693 
vn 0.340719 -0.029809 0.939693 
vn 0.341695 -0.0149187 0.939693 
vn 0.34202 -1.04635e-16 0.939693 
vn 0.341695 0.0149187 0.939693 
vn 0.340719 0.029809 0.939693 
vn 0.339094 0.0446426 0.939693 
vn 0.336824 0.0593912 0.939693 
vn 0.333913 0.0740267 0.939693 
vn 0.330366 0.0885213 0.939693 
vn 0.32619 0.102847 0.939693 
vn 0.321394 0.116978 0.939693 
vn 0.315985 0.130885 0.939693 
vn 0.309976 0.144544 0.939693 
vn 0.303376 0.157927 0.939693 
vn 0.296198 0.17101 0.939693 
vn 0.288457 0.183767 0.939693 
vn 0.280166 0.196175 0.939693 
vn 0.271343 0.208209 0.939693 
vn 0.262003 0.219846 0.939693 
vn 0.252164 0.231065 0.939693 
vn 0.241845 0.241845 0.939693 
vn 0.231065 0.252164 0.939693 
vn 0.219846 0.262003 0.939693 
vn 0.208209 0.271343 0.939693 
vn 0.196175 0.280166 0.939693 
vn 0.183767 0.288457 0.939693 
vn 0.17101 0.296198 0.939693 
vn 0.157927 0.303376 0.939693 
vn 0.144544 0.309976 0.939693 
vn 0.130885 0.315985 0.939693 
vn 0.116978 0.321394 0.939693 
vn 0.102847 0.32619 0.939693 
vn 0.0885213 0.330366 0.939693 
vn 0.0740267 0.333913 0.939693 
vn 0.0593912 0.336824 0.939693 
vn 0.0446426 0.339094 0.939693 
vn 0.029809 0.340719 0.939693 
vn 0.0149187 0.341695 0.939693 
vn 2.00017e-17 0.34202 0.939693 
vn -0.0149187 0.341695 0.939693 
vn -0.029809 0.340719 0.939693 
vn -0.0446426 0.339094 0.939693 
vn -0.0593912 0.336824 0.939693 
vn -0.0740267 0.333913 0.939693 
vn -0.0885213 0.330366 0.939693 
vn -0.102847 0.32619 0.939693 
vn -0.116978 0.321394 0.939693 
vn -0.130885 0.315985 0.939693 
vn -0.144544 0.309976 0.939693 
vn -0.157927 0.303376 0.939693 
vn -0.17101 0.296198 0.939693 
vn -0.183767 0.288457 0.939693 
vn -0.196175 0.280166 0.939693 
vn -0.208209 0.271343 0.939693 
vn -0.219846 0.262003 0.939693 
vn -0.231065 0.252164 0.939693 
vn -0.241845 0.241845 0.939693 
vn -0.252164 0.231065 0.939693 
vn -0.262003 0.219846 0.939693 
vn -0.271343 0.208209 0.939693 
vn -0.280166 0.196175 0.939693 
vn -0.288457 0.183767 0.939693 
vn -0.296198 0.17101 0.939693 
vn -0.266729 0.13885 0.953717 
vn -0.272532 0.127084 0.953717 
vn -0.277816 0.115075 0.953717 
vn -0.282571 0.102847 0.953717 
vn -0.286788 0.090424 0.953717 
vn -0.290459 0.0778284 0.953717 
vn -0.293578 0.0650846 0.953717 
vn -0.296137 0.052217 0.953717 
vn -0.298133 0.03925 0.953717 
vn -0.299562 0.0262082 0.953717 
vn -0.30042 0.0131166 0.953717 
vn -0.300706 -2.16867e-17 0.953717 
vn -0.30042 -0.0131166 0.953717 
vn -0.299562 -0.0262082 0.953717 
vn -0.298133 -0.03925 0.953717 
vn -0.296137 -0.052217 0.953717 
vn -0.293578 -0.0650846 0.953717 
vn -0.290459 -0.0778284 0.953717 
vn -0.286788 -0.090424 0.953717 
vn -0.282571 -0.102847 0.953717 
vn -0.277816 -0.115075 0.953717 
vn -0.272532 -0.127084 0.953717 
vn -0.266729 -0.13885 0.953717 
vn -0.260419 -0.150353 0.953717 
vn -0.253613 -0.161569 0.953717 
vn -0.246324 -0.172478 0.953717 
vn -0.238566 -0.183058 0.953717 
vn -0.230354 -0.19329 0.953717 
vn -0.221704 -0.203154 0.953717 
vn -0.212631 -0.212631 0.953717 
vn -0.203154 -0.221704 0.953717 
vn -0.19329 -0.230354 0.953717 
vn -0.183058 -0.238566 0.953717 
vn -0.172478 -0.246324 0.953717 
vn -0.161569 -0.253613 0.953717 
vn -0.150353 -0.260419 0.953717 
vn -0.13885 -0.266729 0.953717 
vn -0.127084 -0.272532 0.953717 
vn -0.115075 -0.277816 0.953717 
vn -0.102847 -0.282571 0.953717 
vn -0.090424 -0.286788 0.953717 
vn -0.0778284 -0.290459 0.953717 
vn -0.0650846 -0.293578 0.953717 
vn -0.052217 -0.296137 0.953717 
vn -0.03925 -0.298133 0.953717 
vn -0.0262082 -0.299562 0.953717 
vn -0.0131166 -0.30042 0.953717 
vn -9.19648e-17 -0.300706 0.953717 
vn 0.0131166 -0.30042 0.953717 
vn 0.0262082 -0.299562 0.953717 
vn 0.03925 -0.298133 0.953717 
vn 0.052217 -0.296137 0.953717 
vn 0.0650846 -0.293578 0.953717 
vn 0.0778284 -0.290459 0.953717 
vn 0.090424 -0.286788 0.953717 
vn 0.102847 -0.282571 0.953717 
vn 0.115075 -0.277816 0.953717 
vn 0.127084 -0.272532 0.953717 
vn 0.13885 -0.266729 0.953717 
vn 0.150353 -0.260419 0.953717 
vn 0.161569 -0.253613 0.953717 
vn 0.172478 -0.246324 0.953717 
vn 0.183058 -0.238566 0.953717 
vn 0.19329 -0.230354 0.953717 
vn 0.203154 -0.221704 0.953717 
vn 0.212631 -0.212631 0.953717 
vn 0.221704 -0.203154 0.953717 
vn 0.230354 -0.19329 0.953717 
vn 0.238566 -0.183058 0.953717 
vn 0.246324 -0.172478 0.953717 
vn 0.253613 -0.161569 0.953717 
vn 0.260419 -0.150353 0.953717 
vn 0.266729 -0.13885 0.953717 
vn 0.272532 -0.127084 0.953717 
vn 0.277816 -0.115075 0.953717 
vn 0.282571 -0.102847 0.953717 
vn 0.286788 -0.090424 0.953717 
vn 0.290459 -0.0778284 0.953717 
vn 0.293578 -0.0650846 0.953717 
vn 0.296137 -0.052217 0.953717 
vn 0.298133 -0.03925 0.953717 
vn 0.299562 -0.0262082 0.953717 
vn 0.30042 -0.0131166 0.953717 
vn 0.300706 -1.04953e-16 0.953717 
vn 0.30042 0.0131166 0.953717 
vn 0.299562 0.0262082 0.953717 
vn 0.298133 0.03925 0.953717 
vn 0.296137 0.052217 0.953717 
vn 0.293578 0.0650846 0.953717 
vn 0.290459 0.0778284 0.953717 
vn 0.286788 0.090424 0.953717 
vn 0.282571 0.102847 0.953717 
vn 0.277816 0.115075 0.953717 
vn 0.272532 0.127084 0.953717 
vn 0.266729 0.13885 0.953717 
vn 0.260419 0.150353 0.953717 
vn 0.253613 0.161569 0.953717 
vn 0.246324 0.172478 0.953717 
vn 0.238566 0.183058 0.953717 
vn 0.230354 0.19329 0.953717 
vn 0.221704 0.203154 0.953717 
vn 0.212631 0.212631 0.953717 
vn 0.203154 0.221704 0.953717 
vn 0.19329 0.230354 0.953717 
vn 0.183058 0.238566 0.953717 
vn 0.172478 0.246324 0.953717 
vn 0.161569 0.253613 0.953717 
vn 0.150353 0.260419 0.953717 
vn 0.13885 0.266729 0.953717 
vn 0.127084 0.272532 0.953717 
vn 0.115075 0.277816 0.953717 
vn 0.102847 0.282571 0.953717 
vn 0.090424 0.286788 0.953717 
vn 0.0778284 0.290459 0.953717 
vn 0.0650846 0.293578 0.953717 
vn 0.052217 0.296137 0.953717 
vn 0.03925 0.298133 0.953717 
vn 0.0262082 0.299562 0.953717 
vn 0.0131166 0.30042 0.953717 
vn 1.90575e-17 0.300706 0.953717 
vn -0.0131166 0.30042 0.953717 
vn -0.0262082 0.299562 0.953717 
vn -0.03925 0.298133 0.953717 
vn -0.052217 0.296137 0.953717 
vn -0.0650846 0.293578 0.953717 
vn -0.0778284 0.290459 0.953717 
vn -0.090424 0.286788 0.953717 
vn -0.102847 0.282571 0.953717 
vn -0.115075 0.277816 0.953717 
vn -0.127084 0.272532 0.953717 
vn -0.13885 0.266729 0.953717 
vn -0.150353 0.260419 0.953717 
vn -0.161569 0.253613 0.953717 
vn -0.172478 0.246324 0.953717 
vn -0.183058 0.238566 0.953717 
vn -0.19329 0.230354 0.953717 
vn -0.203154 0.221704 0.953717 
vn -0.212631 0.212631 0.953717 
vn -0.221704 0.203154 0.953717 
vn -0.230354 0.19329 0.953717 
vn -0.238566 0.183058 0.953717 
vn -0.246324 0.172478 0.953717 
vn -0.253613 0.161569 0.953717 
vn -0.260419 0.150353 0.953717 
vn -0.229575 0.119509 0.965926 
vn -0.23457 0.109382 0.965926 
vn -0.239118 0.0990458 0.965926 
vn -0.24321 0.0885213 0.965926 
vn -0.24684 0.0778284 0.965926 
vn -0.25 0.0669873 0.965926 
vn -0.252684 0.0560187 0.965926 
vn -0.254887 0.0449435 0.965926 
vn -0.256605 0.0337827 0.965926 
vn -0.257834 0.0225576 0.965926 
vn -0.258573 0.0112895 0.965926 
vn -0.258819 -4.97199e-17 0.965926 
vn -0.258573 -0.0112895 0.965926 
vn -0.257834 -0.0225576 0.965926 
vn -0.256605 -0.0337827 0.965926 
vn -0.254887 -0.0449435 0.965926 
vn -0.252684 -0.0560187 0.965926 
vn -0.25 -0.0669873 0.965926 
vn -0.24684 -0.0778284 0.965926 
vn -0.24321 -0.0885213 0.965926 
vn -0.239118 -0.0990458 0.965926 
vn -0.23457 -0.109382 0.965926 
vn -0.229575 -0.119509 0.965926 
vn -0.224144 -0.12941 0.965926 
vn -0.218286 -0.139063 0.965926 
vn -0.212012 -0.148453 0.965926 
vn -0.205335 -0.157559 0.965926 
vn -0.198267 -0.166366 0.965926 
vn -0.190821 -0.174856 0.965926 
vn -0.183013 -0.183013 0.965926 
vn -0.174856 -0.190821 0.965926 
vn -0.166366 -0.198267 0.965926 
vn -0.157559 -0.205335 0.965926 
vn -0.148453 -0.212012 0.965926 
vn -0.139063 -0.218286 0.965926 
vn -0.12941 -0.224144 0.965926 
vn -0.119509 -0.229575 0.965926 
vn -0.109382 -0.23457 0.965926 
vn -0.0990458 -0.239118 0.965926 
vn -0.0885213 -0.24321 0.965926 
vn -0.0778284 -0.24684 0.965926 
vn -0.0669873 -0.25 0.965926 
vn -0.0560187 -0.252684 0.965926 
vn -0.0449435 -0.254887 0.965926 
vn -0.0337827 -0.256605 0.965926 
vn -0.0225576 -0.257834 0.965926 
vn -0.0112895 -0.258573 0.965926 
vn -6.50312e-17 -0.258819 0.965926 
vn 0.0112895 -0.258573 0.965926 
vn 0.0225576 -0.257834 0.965926 
vn 0.0337827 -0.256605 0.965926 
vn 0.0449435 -0.254887 0.965926 
vn 0.0560187 -0.252684 0.965926 
vn 0.0669873 -0.25 0.965926 
vn 0.0778284 -0.24684 0.965926 
vn 0.0885213 -0.24321 0.965926 
vn 0.0990458 -0.239118 0.965926 
vn 0.109382 -0.23457 0.965926 
vn 0.119509 -0.229575 0.965926 
vn 0.12941 -0.224144 0.965926 
vn 0.139063 -0.218286 0.965926 
vn 0.148453 -0.212012 0.965926 
vn 0.157559 -0.205335 0.965926 
vn 0.166366 -0.198267 0.965926 
vn 0.174856 -0.190821 0.965926 
vn 0.183013 -0.183013 0.965926 
vn 0.190821 -0.174856 0.965926 
vn 0.198267 -0.166366 0.965926 
vn 0.205335 -0.157559 0.965926 
vn 0.212012 -0.148453 0.965926 
vn 0.218286 -0.139063 0.965926 
vn 0.224144 -0.12941 0.965926 
vn 0.229575 -0.119509 0.965926 
vn 0.23457 -0.109382 0.965926 
vn 0.239118 -0.0990458 0.965926 
vn 0.24321 -0.0885213 0.965926 
vn 0.24684 -0.0778284 0.965926 
vn 0.25 -0.0669873 0.965926 
vn 0.252684 -0.0560187 0.965926 
vn 0.254887 -0.0449435 0.965926 
vn 0.256605 -0.0337827 0.965926 
vn 0.257834 -0.0225576 0.965926 
vn 0.258573 -0.0112895 0.965926 
vn 0.258819 -7.74754e-17 0.965926 
vn 0.258573 0.0112895 0.965926 
vn 0.257834 0.0225576 0.965926 
vn 0.256605 0.0337827 0.965926 
vn 0.254887 0.0449435 0.965926 
vn 0.252684 0.0560187 0.965926 
vn 0.25 0.0669873 0.965926 
vn 0.24684 0.0778284 0.965926 
vn 0.24321 0.0885213 0.965926 
vn 0.239118 0.0990458 0.965926 
vn 0.23457 0.109382 0.965926 
vn 0.229575 0.119509 0.965926 
vn 0.224144 0.12941 0.965926 
vn 0.218286 0.139063 0.965926 
vn 0.212012 0.148453 0.965926 
vn 0.205335 0.157559 0.965926 
vn 0.198267 0.166366 0.965926 
vn 0.190821 0.174856 0.965926 
vn 0.183013 0.183013 0.965926 
vn 0.174856 0.190821 0.965926 
vn 0.166366 0.198267 0.965926 
vn 0.157559 0.205335 0.965926 
vn 0.148453 0.212012 0.965926 
vn 0.139063 0.218286 0.965926 
vn 0.12941 0.224144 0.965926 
vn 0.119509 0.229575 0.965926 
vn 0.109382 0.23457 0.965926 
vn 0.0990458 0.239118 0.965926 
vn 0.0885213 0.24321 0.965926 
vn 0.0778284 0.24684 0.965926 
vn 0.0669873 0.25 0.965926 
vn 0.0560187 0.252684 0.965926 
vn 0.0449435 0.254887 0.965926 
vn 0.0337827 0.256605 0.965926 
vn 0.0225576 0.257834 0.965926 
vn 0.0112895 0.258573 0.965926 
vn 4.35773e-18 0.258819 0.965926 
vn -0.0112895 0.258573 0.965926 
vn -0.0225576 0.257834 0.965926 
vn -0.0337827 0.256605 0.965926 
vn -0.0449435 0.254887 0.965926 
vn -0.0560187 0.252684 0.965926 
vn -0.0669873 0.25 0.965926 
vn -0.0778284 0.24684 0.965926 
vn -0.0885213 0.24321 0.965926 
vn -0.0990458 0.239118 0.965926 
vn -0.109382 0.23457 0.965926 
vn -0.119509 0.229575 0.965926 
vn -0.12941 0.224144 0.965926 
vn -0.139063 0.218286 0.965926 
vn -0.148453 0.212012 0.965926 
vn -0.157559 0.205335 0.965926 
vn -0.166366 0.198267 0.965926 
vn -0.174856 0.190821 0.965926 
vn -0.183013 0.183013 0.965926 
vn -0.190821 0.174856 0.965926 
vn -0.198267 0.166366 0.965926 
vn -0.205335 0.157559 0.965926 
vn -0.212012 0.148453 0.965926 
vn -0.218286 0.139063 0.965926 
vn -0.224144 0.12941 0.965926 
vn -0.191984 0.0999407 0.976296 
vn -0.196161 0.0914713 0.976296 
vn -0.199964 0.0828279 0.976296 
vn -0.203387 0.0740267 0.976296 
vn -0.206422 0.0650846 0.976296 
vn -0.209065 0.0560187 0.976296 
vn -0.211309 0.0468461 0.976296 
vn -0.213151 0.0375843 0.976296 
vn -0.214588 0.028251 0.976296 
vn -0.215616 0.018864 0.976296 
vn -0.216234 0.00944096 0.976296 
vn -0.21644 -3.60779e-17 0.976296 
vn -0.216234 -0.00944096 0.976296 
vn -0.215616 -0.018864 0.976296 
vn -0.214588 -0.028251 0.976296 
vn -0.213151 -0.0375843 0.976296 
vn -0.211309 -0.0468461 0.976296 
vn -0.209065 -0.0560187 0.976296 
vn -0.206422 -0.0650846 0.976296 
vn -0.203387 -0.0740267 0.976296 
vn -0.199964 -0.0828279 0.976296 
vn -0.196161 -0.0914713 0.976296 
vn -0.191984 -0.0999407 0.976296 
vn -0.187442 -0.10822 0.976296 
vn -0.182543 -0.116293 0.976296 
vn -0.177297 -0.124145 0.976296 
vn -0.171713 -0.13176 0.976296 
vn -0.165802 -0.139125 0.976296 
vn -0.159576 -0.146224 0.976296 
vn -0.153046 -0.153046 0.976296 
vn -0.146224 -0.159576 0.976296 
vn -0.139125 -0.165802 0.976296 
vn -0.13176 -0.171713 0.976296 
vn -0.124145 -0.177297 0.976296 
vn -0.116293 -0.182543 0.976296 
vn -0.10822 -0.187442 0.976296 
vn -0.0999407 -0.191984 0.976296 
vn -0.0914713 -0.196161 0.976296 
vn -0.0828279 -0.199964 0.976296 
vn -0.0740267 -0.203387 0.976296 
vn -0.0650846 -0.206422 0.976296 
vn -0.0560187 -0.209065 0.976296 
vn -0.0468461 -0.211309 0.976296 
vn -0.0375843 -0.213151 0.976296 
vn -0.028251 -0.214588 0.976296 
vn -0.018864 -0.215616 0.976296 
vn -0.00944096 -0.216234 0.976296 
vn -6.57294e-17 -0.21644 0.976296 
vn 0.00944096 -0.216234 0.976296 
vn 0.018864 -0.215616 0.976296 
vn 0.028251 -0.214588 0.976296 
vn 0.0375843 -0.213151 0.976296 
vn 0.0468461 -0.211309 0.976296 
vn 0.0560187 -0.209065 0.976296 
vn 0.0650846 -0.206422 0.976296 
vn 0.0740267 -0.203387 0.976296 
vn 0.0828279 -0.199964 0.976296 
vn 0.0914713 -0.196161 0.976296 
vn 0.0999407 -0.191984 0.976296 
vn 0.10822 -0.187442 0.976296 
vn 0.116293 -0.182543 0.976296 
vn 0.124145 -0.177297 0.976296 
vn 0.13176 -0.171713 0.976296 
vn 0.139125 -0.165802 0.976296 
vn 0.146224 -0.159576 0.976296 
vn 0.153046 -0.153046 0.976296 
vn 0.159576 -0.146224 0.976296 
vn 0.165802 -0.139125 0.976296 
vn 0.171713 -0.13176 0.976296 
vn 0.177297 -0.124145 0.976296 
vn 0.182543 -0.116293 0.976296 
vn 0.187442 -0.10822 0.976296 
vn 0.191984 -0.0999407 0.976296 
vn 0.196161 -0.0914713 0.976296 
vn 0.199964 -0.0828279 0.976296 
vn 0.203387 -0.0740267 0.976296 
vn 0.206422 -0.0650846 0.976296 
vn 0.209065 -0.0560187 0.976296 
vn 0.211309 -0.0468461 0.976296 
vn 0.213151 -0.0375843 0.976296 
vn 0.214588 -0.028251 0.976296 
vn 0.215616 -0.018864 0.976296 
vn 0.216234 -0.00944096 0.976296 
vn 0.21644 -7.77113e-17 0.976296 
vn 0.216234 0.00944096 0.976296 
vn 0.215616 0.018864 0.976296 
vn 0.214588 0.028251 0.976296 
vn 0.213151 0.0375843 0.976296 
vn 0.211309 0.0468461 0.976296 
vn 0.209065 0.0560187 0.976296 
vn 0.206422 0.0650846 0.976296 
vn 0.203387 0.0740267 0.976296 
vn 0.199964 0.0828279 0.976296 
vn 0.196161 0.0914713 0.976296 
vn 0.191984 0.0999407 0.976296 
vn 0.187442 0.10822 0.976296 
vn 0.182543 0.116293 0.976296 
vn 0.177297 0.124145 0.976296 
vn 0.171713 0.13176 0.976296 
vn 0.165802 0.139125 0.976296 
vn 0.159576 0.146224 0.976296 
vn 0.153046 0.153046 0.976296 
vn 0.146224 0.159576 0.976296 
vn 0.139125 0.165802 0.976296 
vn 0.13176 0.171713 0.976296 
vn 0.124145 0.177297 0.976296 
vn 0.116293 0.182543 0.976296 
vn 0.10822 0.187442 0.976296 
vn 0.0999407 0.191984 0.976296 
vn 0.0914713 0.196161 0.976296 
vn 0.0828279 0.199964 0.976296 
vn 0.0740267 0.203387 0.976296 
vn 0.0650846 0.206422 0.976296 
vn 0.0560187 0.209065 0.976296 
vn 0.0468461 0.211309 0.976296 
vn 0.0375843 0.213151 0.976296 
vn 0.028251 0.214588 0.976296 
vn 0.018864 0.215616 0.976296 
vn 0.00944096 0.216234 0.976296 
vn -1.02182e-17 0.21644 0.976296 
vn -0.00944096 0.216234 0.976296 
vn -0.018864 0.215616 0.976296 
vn -0.028251 0.214588 0.976296 
vn -0.0375843 0.213151 0.976296 
vn -0.0468461 0.211309 0.976296 
vn -0.0560187 0.209065 0.976296 
vn -0.0650846 0.206422 0.976296 
vn -0.0740267 0.203387 0.976296 
vn -0.0828279 0.199964 0.976296 
vn -0.0914713 0.196161 0.976296 
vn -0.0999407 0.191984 0.976296 
vn -0.10822 0.187442 0.976296 
vn -0.116293 0.182543 0.976296 
vn -0.124145 0.177297 0.976296 
vn -0.13176 0.171713 0.976296 
vn -0.139125 0.165802 0.976296 
vn -0.146224 0.159576 0.976296 
vn -0.153046 0.153046 0.976296 
vn -0.159576 0.146224 0.976296 
vn -0.165802 0.139125 0.976296 
vn -0.171713 0.13176 0.976296 
vn -0.177297 0.124145 0.976296 
vn -0.182543 0.116293 0.976296 
vn -0.187442 0.10822 0.976296 
vn -0.154028 0.0801818 0.984808 
vn -0.157379 0.0733869 0.984808 
vn -0.16043 0.0664523 0.984808 
vn -0.163176 0.0593912 0.984808 
vn -0.165611 0.052217 0.984808 
vn -0.167731 0.0449435 0.984808 
vn -0.169532 0.0375843 0.984808 
vn -0.17101 0.0301537 0.984808 
vn -0.172163 0.0226656 0.984808 
vn -0.172987 0.0151344 0.984808 
vn -0.173483 0.00757443 0.984808 
vn -0.173648 -8.51586e-18 0.984808 
vn -0.173483 -0.00757443 0.984808 
vn -0.172987 -0.0151344 0.984808 
vn -0.172163 -0.0226656 0.984808 
vn -0.17101 -0.0301537 0.984808 
vn -0.169532 -0.0375843 0.984808 
vn -0.167731 -0.0449435 0.984808 
vn -0.165611 -0.052217 0.984808 
vn -0.163176 -0.0593912 0.984808 
vn -0.16043 -0.0664523 0.984808 
vn -0.157379 -0.0733869 0.984808 
vn -0.154028 -0.0801818 0.984808 
vn -0.150384 -0.0868241 0.984808 
vn -0.146453 -0.0933011 0.984808 
vn -0.142244 -0.0996005 0.984808 
vn -0.137764 -0.10571 0.984808 
vn -0.133022 -0.111619 0.984808 
vn -0.128027 -0.117315 0.984808 
vn -0.122788 -0.122788 0.984808 
vn -0.117315 -0.128027 0.984808 
vn -0.111619 -0.133022 0.984808 
vn -0.10571 -0.137764 0.984808 
vn -0.0996005 -0.142244 0.984808 
vn -0.0933011 -0.146453 0.984808 
vn -0.0868241 -0.150384 0.984808 
vn -0.0801818 -0.154028 0.984808 
vn -0.0733869 -0.157379 0.984808 
vn -0.0664523 -0.16043 0.984808 
vn -0.0593912 -0.163176 0.984808 
vn -0.052217 -0.165611 0.984808 
vn -0.0449435 -0.167731 0.984808 
vn -0.0375843 -0.169532 0.984808 
vn -0.0301537 -0.17101 0.984808 
vn -0.0226656 -0.172163 0.984808 
vn -0.0151344 -0.172987 0.984808 
vn -0.00757443 -0.173483 0.984808 
vn -8.01802e-17 -0.173648 0.984808 
vn 0.00757443 -0.173483 0.984808 
vn 0.0151344 -0.172987 0.984808 
vn 0.0226656 -0.172163 0.984808 
vn 0.0301537 -0.17101 0.984808 
vn 0.0375843 -0.169532 0.984808 
vn 0.0449435 -0.167731 0.984808 
vn 0.052217 -0.165611 0.984808 
vn 0.0593912 -0.163176 0.984808 
vn 0.0664523 -0.16043 0.984808 
vn 0.0733869 -0.157379 0.984808 
vn 0.0801818 -0.154028 0.984808 
vn 0.0868241 -0.150384 0.984808 
vn 0.0933011 -0.146453 0.984808 
vn 0.0996005 -0.142244 0.984808 
vn 0.10571 -0.137764 0.984808 
vn 0.111619 -0.133022 0.984808 
vn 0.117315 -0.128027 0.984808 
vn 0.122788 -0.122788 0.984808 
vn 0.128027 -0.117315 0.984808 
vn 0.133022 -0.111619 0.984808 
vn 0.137764 -0.10571 0.984808 
vn 0.142244 -0.0996005 0.984808 
vn 0.146453 -0.0933011 0.984808 
vn 0.150384 -0.0868241 0.984808 
vn 0.154028 -0.0801818 0.984808 
vn 0.157379 -0.0733869 0.984808 
vn 0.16043 -0.0664523 0.984808 
vn 0.163176 -0.0593912 0.984808 
vn 0.165611 -0.052217 0.984808 
vn 0.167731 -0.0449435 0.984808 
vn 0.169532 -0.0375843 0.984808 
vn 0.17101 -0.0301537 0.984808 
vn 0.172163 -0.0226656 0.984808 
vn 0.172987 -0.0151344 0.984808 
vn 0.173483 -0.00757443 0.984808 
vn 0.173648 -9.17826e-17 0.984808 
vn 0.173483 0.00757443 0.984808 
vn 0.172987 0.0151344 0.984808 
vn 0.172163 0.0226656 0.984808 
vn 0.17101 0.0301537 0.984808 
vn 0.169532 0.0375843 0.984808 
vn 0.167731 0.0449435 0.984808 
vn 0.165611 0.052217 0.984808 
vn 0.163176 0.0593912 0.984808 
vn 0.16043 0.0664523 0.984808 
vn 0.157379 0.0733869 0.984808 
vn 0.154028 0.0801818 0.984808 
vn 0.150384 0.0868241 0.984808 
vn 0.146453 0.0933011 0.984808 
vn 0.142244 0.0996005 0.984808 
vn 0.137764 0.10571 0.984808 
vn 0.133022 0.111619 0.984808 
vn 0.128027 0.117315 0.984808 
vn 0.122788 0.122788 0.984808 
vn 0.117315 0.128027 0.984808 
vn 0.111619 0.133022 0.984808 
vn 0.10571 0.137764 0.984808 
vn 0.0996005 0.142244 0.984808 
vn 0.0933011 0.146453 0.984808 
vn 0.0868241 0.150384 0.984808 
vn 0.0801818 0.154028 0.984808 
vn 0.0733869 0.157379 0.984808 
vn 0.0664523 0.16043 0.984808 
vn 0.0593912 0.163176 0.984808 
vn 0.052217 0.165611 0.984808 
vn 0.0449435 0.167731 0.984808 
vn 0.0375843 0.169532 0.984808 
vn 0.0301537 0.17101 0.984808 
vn 0.0226656 0.172163 0.984808 
vn 0.0151344 0.172987 0.984808 
vn 0.00757443 0.173483 0.984808 
vn -1.07913e-17 0.173648 0.984808 
vn -0.00757443 0.173483 0.984808 
vn -0.0151344 0.172987 0.984808 
vn -0.0226656 0.172163 0.984808 
vn -0.0301537 0.17101 0.984808 
vn -0.0375843 0.169532 0.984808 
vn -0.0449435 0.167731 0.984808 
vn -0.052217 0.165611 0.984808 
vn -0.0593912 0.163176 0.984808 
vn -0.0664523 0.16043 0.984808 
vn -0.0733869 0.157379 0.984808 
vn -0.0801818 0.154028 0.984808 
vn -0.0868241 0.150384 0.984808 
vn -0.0933011 0.146453 0.984808 
vn -0.0996005 0.142244 0.984808 
vn -0.10571 0.137764 0.984808 
vn -0.111619 0.133022 0.984808 
vn -0.117315 0.128027 0.984808 
vn -0.122788 0.122788 0.984808 
vn -0.128027 0.117315 0.984808 
vn -0.133022 0.111619 0.984808 
vn -0.137764 0.10571 0.984808 
vn -0.142244 0.0996005 0.984808 
vn -0.146453 0.0933011 0.984808 
vn -0.150384 0.0868241 0.984808 
vn -0.115778 0.0602703 0.991445 
vn -0.118297 0.0551628 0.991445 
vn -0.12059 0.0499502 0.991445 
vn -0.122654 0.0446426 0.991445 
vn -0.124485 0.03925 0.991445 
vn -0.126079 0.0337827 0.991445 
vn -0.127432 0.028251 0.991445 
vn -0.128543 0.0226656 0.991445 
vn -0.12941 0.0170371 0.991445 
vn -0.13003 0.0113761 0.991445 
vn -0.130402 0.00569347 0.991445 
vn -0.130526 -3.64224e-17 0.991445 
vn -0.130402 -0.00569347 0.991445 
vn -0.13003 -0.0113761 0.991445 
vn -0.12941 -0.0170371 0.991445 
vn -0.128543 -0.0226656 0.991445 
vn -0.127432 -0.028251 0.991445 
vn -0.126079 -0.0337827 0.991445 
vn -0.124485 -0.03925 0.991445 
vn -0.122654 -0.0446426 0.991445 
vn -0.12059 -0.0499502 0.991445 
vn -0.118297 -0.0551628 0.991445 
vn -0.115778 -0.0602703 0.991445 
vn -0.113039 -0.0652631 0.991445 
vn -0.110085 -0.0701317 0.991445 
vn -0.106921 -0.0748667 0.991445 
vn -0.103553 -0.0794593 0.991445 
vn -0.0999889 -0.0839006 0.991445 
vn -0.096234 -0.0881822 0.991445 
vn -0.092296 -0.092296 0.991445 
vn -0.0881822 -0.096234 0.991445 
vn -0.0839006 -0.0999889 0.991445 
vn -0.0794593 -0.103553 0.991445 
vn -0.0748667 -0.106921 0.991445 
vn -0.0701317 -0.110085 0.991445 
vn -0.0652631 -0.113039 0.991445 
vn -0.0602703 -0.115778 0.991445 
vn -0.0551628 -0.118297 0.991445 
vn -0.0499502 -0.12059 0.991445 
vn -0.0446426 -0.122654 0.991445 
vn -0.03925 -0.124485 0.991445 
vn -0.0337827 -0.126079 0.991445 
vn -0.028251 -0.127432 0.991445 
vn -0.0226656 -0.128543 0.991445 
vn -0.0170371 -0.12941 0.991445 
vn -0.0113761 -0.13003 0.991445 
vn -0.00569347 -0.130402 0.991445 
vn -7.36882e-17 -0.130526 0.991445 
vn 0.00569347 -0.130402 0.991445 
vn 0.0113761 -0.13003 0.991445 
vn 0.0170371 -0.12941 0.991445 
vn 0.0226656 -0.128543 0.991445 
vn 0.028251 -0.127432 0.991445 
vn 0.0337827 -0.126079 0.991445 
vn 0.03925 -0.124485 0.991445 
vn 0.0446426 -0.122654 0.991445 
vn 0.0499502 -0.12059 0.991445 
vn 0.0551628 -0.118297 0.991445 
vn 0.0602703 -0.115778 0.991445 
vn 0.0652631 -0.113039 0.991445 
vn 0.0701317 -0.110085 0.991445 
vn 0.0748667 -0.106921 0.991445 
vn 0.0794593 -0.103553 0.991445 
vn 0.0839006 -0.0999889 0.991445 
vn 0.0881822 -0.096234 0.991445 
vn 0.092296 -0.092296 0.991445 
vn 0.096234 -0.0881822 0.991445 
vn 0.0999889 -0.0839006 0.991445 
vn 0.103553 -0.0794593 0.991445 
vn 0.106921 -0.0748667 0.991445 
vn 0.110085 -0.0701317 0.991445 
vn 0.113039 -0.0652631 0.991445 
vn 0.115778 -0.0602703 0.991445 
vn 0.118297 -0.0551628 0.991445 
vn 0.12059 -0.0499502 0.991445 
vn 0.122654 -0.0446426 0.991445 
vn 0.124485 -0.03925 0.991445 
vn 0.126079 -0.0337827 0.991445 
vn 0.127432 -0.028251 0.991445 
vn 0.128543 -0.0226656 0.991445 
vn 0.12941 -0.0170371 0.991445 
vn 0.13003 -0.0113761 0.991445 
vn 0.130402 -0.00569347 0.991445 
vn 0.130526 -5.03002e-17 0.991445 
vn 0.130402 0.00569347 0.991445 
vn 0.13003 0.0113761 0.991445 
vn 0.12941 0.0170371 0.991445 
vn 0.128543 0.0226656 0.991445 
vn 0.127432 0.028251 0.991445 
vn 0.126079 0.0337827 0.991445 
vn 0.124485 0.03925 0.991445 
vn 0.122654 0.0446426 0.991445 
vn 0.12059 0.0499502 0.991445 
vn 0.118297 0.0551628 0.991445 
vn 0.115778 0.0602703 0.991445 
vn 0.113039 0.0652631 0.991445 
vn 0.110085 0.0701317 0.991445 
vn 0.106921 0.0748667 0.991445 
vn 0.103553 0.0794593 0.991445 
vn 0.0999889 0.0839006 0.991445 
vn 0.096234 0.0881822 0.991445 
vn 0.092296 0.092296 0.991445 
vn 0.0881822 0.096234 0.991445 
vn 0.0839006 0.0999889 0.991445 
vn 0.0794593 0.103553 0.991445 
vn 0.0748667 0.106921 0.991445 
vn 0.0701317 0.110085 0.991445 
vn 0.0652631 0.113039 0.991445 
vn 0.0602703 0.115778 0.991445 
vn 0.0551628 0.118297 0.991445 
vn 0.0499502 0.12059 0.991445 
vn 0.0446426 0.122654 0.991445 
vn 0.03925 0.124485 0.991445 
vn 0.0337827 0.126079 0.991445 
vn 0.028251 0.127432 0.991445 
vn 0.0226656 0.128543 0.991445 
vn 0.0170371 0.12941 0.991445 
vn 0.0113761 0.13003 0.991445 
vn 0.00569347 0.130402 0.991445 
vn -3.20548e-17 0.130526 0.991445 
vn -0.00569347 0.130402 0.991445 
vn -0.0113761 0.13003 0.991445 
vn -0.0170371 0.12941 0.991445 
vn -0.0226656 0.128543 0.991445 
vn -0.028251 0.127432 0.991445 
vn -0.0337827 0.126079 0.991445 
vn -0.03925 0.124485 0.991445 
vn -0.0446426 0.122654 0.991445 
vn -0.0499502 0.12059 0.991445 
vn -0.0551628 0.118297 0.991445 
vn -0.0602703 0.115778 0.991445 
vn -0.0652631 0.113039 0.991445 
vn -0.0701317 0.110085 0.991445 
vn -0.0748667 0.106921 0.991445 
vn -0.0794593 0.103553 0.991445 
vn -0.0839006 0.0999889 0.991445 
vn -0.0881822 0.096234 0.991445 
vn -0.092296 0.092296 0.991445 
vn -0.096234 0.0881822 0.991445 
vn -0.0999889 0.0839006 0.991445 
vn -0.103553 0.0794593 0.991445 
vn -0.106921 0.0748667 0.991445 
vn -0.110085 0.0701317 0.991445 
vn -0.113039 0.0652631 0.991445 
vn -0.0773081 0.040244 0.996195 
vn -0.0789899 0.0368336 0.996195 
vn -0.0805214 0.0333531 0.996195 
vn -0.0818996 0.029809 0.996195 
vn -0.0831219 0.0262082 0.996195 
vn -0.084186 0.0225576 0.996195 
vn -0.0850898 0.018864 0.996195 
vn -0.0858317 0.0151344 0.996195 
vn -0.0864101 0.0113761 0.996195 
vn -0.0868241 0.00759612 0.996195 
vn -0.0870728 0.00380168 0.996195 
vn -0.0871557 -2.95915e-17 0.996195 
vn -0.0870728 -0.00380168 0.996195 
vn -0.0868241 -0.00759612 0.996195 
vn -0.0864101 -0.0113761 0.996195 
vn -0.0858317 -0.0151344 0.996195 
vn -0.0850898 -0.018864 0.996195 
vn -0.084186 -0.0225576 0.996195 
vn -0.0831219 -0.0262082 0.996195 
vn -0.0818996 -0.029809 0.996195 
vn -0.0805214 -0.0333531 0.996195 
vn -0.0789899 -0.0368336 0.996195 
vn -0.0773081 -0.040244 0.996195 
vn -0.0754791 -0.0435779 0.996195 
vn -0.0735064 -0.0468287 0.996195 
vn -0.0713938 -0.0499905 0.996195 
vn -0.0691453 -0.0530571 0.996195 
vn -0.0667652 -0.0560226 0.996195 
vn -0.064258 -0.0588816 0.996195 
vn -0.0616284 -0.0616284 0.996195 
vn -0.0588816 -0.064258 0.996195 
vn -0.0560226 -0.0667652 0.996195 
vn -0.0530571 -0.0691453 0.996195 
vn -0.0499905 -0.0713938 0.996195 
vn -0.0468287 -0.0735064 0.996195 
vn -0.0435779 -0.0754791 0.996195 
vn -0.040244 -0.0773081 0.996195 
vn -0.0368336 -0.0789899 0.996195 
vn -0.0333531 -0.0805214 0.996195 
vn -0.029809 -0.0818996 0.996195 
vn -0.0262082 -0.0831219 0.996195 
vn -0.0225576 -0.084186 0.996195 
vn -0.018864 -0.0850898 0.996195 
vn -0.0151344 -0.0858317 0.996195 
vn -0.0113761 -0.0864101 0.996195 
vn -0.00759612 -0.0868241 0.996195 
vn -0.00380168 -0.0870728 0.996195 
vn -6.70691e-17 -0.0871557 0.996195 
vn 0.00380168 -0.0870728 0.996195 
vn 0.00759612 -0.0868241 0.996195 
vn 0.0113761 -0.0864101 0.996195 
vn 0.0151344 -0.0858317 0.996195 
vn 0.018864 -0.0850898 0.996195 
vn 0.0225576 -0.084186 0.996195 
vn 0.0262082 -0.0831219 0.996195 
vn 0.029809 -0.0818996 0.996195 
vn 0.0333531 -0.0805214 0.996195 
vn 0.0368336 -0.0789899 0.996195 
vn 0.040244 -0.0773081 0.996195 
vn 0.0435779 -0.0754791 0.996195 
vn 0.0468287 -0.0735064 0.996195 
vn 0.0499905 -0.0713938 0.996195 
vn 0.0530571 -0.0691453 0.996195 
vn 0.0560226 -0.0667652 0.996195 
vn 0.0588816 -0.064258 0.996195 
vn 0.0616284 -0.0616284 0.996195 
vn 0.064258 -0.0588816 0.996195 
vn 0.0667652 -0.0560226 0.996195 
vn 0.0691453 -0.0530571 0.996195 
vn 0.0713938 -0.0499905 0.996195 
vn 0.0735064 -0.0468287 0.996195 
vn 0.0754791 -0.0435779 0.996195 
vn 0.0773081 -0.040244 0.996195 
vn 0.0789899 -0.0368336 0.996195 
vn 0.0805214 -0.0333531 0.996195 
vn 0.0818996 -0.029809 0.996195 
vn 0.0831219 -0.0262082 0.996195 
vn 0.084186 -0.0225576 0.996195 
vn 0.0850898 -0.018864 0.996195 
vn 0.0858317 -0.0151344 0.996195 
vn 0.0864101 -0.0113761 0.996195 
vn 0.0868241 -0.00759612 0.996195 
vn 0.0870728 -0.00380168 0.996195 
vn 0.0871557 -4.34693e-17 0.996195 
vn 0.0870728 0.00380168 0.996195 
vn 0.0868241 0.00759612 0.996195 
vn 0.0864101 0.0113761 0.996195 
vn 0.0858317 0.0151344 0.996195 
vn 0.0850898 0.018864 0.996195 
vn 0.084186 0.0225576 0.996195 
vn 0.0831219 0.0262082 0.996195 
vn 0.0818996 0.029809 0.996195 
vn 0.0805214 0.0333531 0.996195 
vn 0.0789899 0.0368336 0.996195 
vn 0.0773081 0.040244 0.996195 
vn 0.0754791 0.0435779 0.996195 
vn 0.0735064 0.0468287 0.996195 
vn 0.0713938 0.0499905 0.996195 
vn 0.0691453 0.0530571 0.996195 
vn 0.0667652 0.0560226 0.996195 
vn 0.064258 0.0588816 0.996195 
vn 0.0616284 0.0616284 0.996195 
vn 0.0588816 0.064258 0.996195 
vn 0.0560226 0.0667652 0.996195 
vn 0.0530571 0.0691453 0.996195 
vn 0.0499905 0.0713938 0.996195 
vn 0.0468287 0.0735064 0.996195 
vn 0.0435779 0.0754791 0.996195 
vn 0.040244 0.0773081 0.996195 
vn 0.0368336 0.0789899 0.996195 
vn 0.0333531 0.0805214 0.996195 
vn 0.029809 0.0818996 0.996195 
vn 0.0262082 0.0831219 0.996195 
vn 0.0225576 0.084186 0.996195 
vn 0.018864 0.0850898 0.996195 
vn 0.0151344 0.0858317 0.996195 
vn 0.0113761 0.0864101 0.996195 
vn 0.00759612 0.0868241 0.996195 
vn 0.00380168 0.0870728 0.996195 
vn -4.62524e-17 0.0871557 0.996195 
vn -0.00380168 0.0870728 0.996195 
vn -0.00759612 0.0868241 0.996195 
vn -0.0113761 0.0864101 0.996195 
vn -0.0151344 0.0858317 0.996195 
vn -0.018864 0.0850898 0.996195 
vn -0.0225576 0.084186 0.996195 
vn -0.0262082 0.0831219 0.996195 
vn -0.029809 0.0818996 0.996195 
vn -0.0333531 0.0805214 0.996195 
vn -0.0368336 0.0789899 0.996195 
vn -0.040244 0.0773081 0.996195 
vn -0.0435779 0.0754791 0.996195 
vn -0.0468287 0.0735064 0.996195 
vn -0.0499905 0.0713938 0.996195 
vn -0.0530571 0.0691453 0.996195 
vn -0.0560226 0.0667652 0.996195 
vn -0.0588816 0.064258 0.996195 
vn -0.0616284 0.0616284 0.996195 
vn -0.064258 0.0588816 0.996195 
vn -0.0667652 0.0560226 0.996195 
vn -0.0691453 0.0530571 0.996195 
vn -0.0713938 0.0499905 0.996195 
vn -0.0735064 0.0468287 0.996195 
vn -0.0754791 0.0435779 0.996195 
vn -0.0386909 0.0201412 0.999048 
vn -0.0395326 0.0184343 0.999048 
vn -0.0402991 0.0166924 0.999048 
vn -0.0409888 0.0149187 0.999048 
vn -0.0416005 0.0131166 0.999048 
vn -0.0421331 0.0112895 0.999048 
vn -0.0425854 0.00944096 0.999048 
vn -0.0429567 0.00757443 0.999048 
vn -0.0432462 0.00569347 0.999048 
vn -0.0434534 0.00380168 0.999048 
vn -0.0435779 0.00190265 0.999048 
vn -0.0436194 -2.61869e-17 0.999048 
vn -0.0435779 -0.00190265 0.999048 
vn -0.0434534 -0.00380168 0.999048 
vn -0.0432462 -0.00569347 0.999048 
vn -0.0429567 -0.00757443 0.999048 
vn -0.0425854 -0.00944096 0.999048 
vn -0.0421331 -0.0112895 0.999048 
vn -0.0416005 -0.0131166 0.999048 
vn -0.0409888 -0.0149187 0.999048 
vn -0.0402991 -0.0166924 0.999048 
vn -0.0395326 -0.0184343 0.999048 
vn -0.0386909 -0.0201412 0.999048 
vn -0.0377755 -0.0218097 0.999048 
vn -0.0367882 -0.0234367 0.999048 
vn -0.0357309 -0.0250191 0.999048 
vn -0.0346056 -0.0265538 0.999048 
vn -0.0334144 -0.028038 0.999048 
vn -0.0321596 -0.0294688 0.999048 
vn -0.0308436 -0.0308436 0.999048 
vn -0.0294688 -0.0321596 0.999048 
vn -0.028038 -0.0334144 0.999048 
vn -0.0265538 -0.0346056 0.999048 
vn -0.0250191 -0.0357309 0.999048 
vn -0.0234367 -0.0367882 0.999048 
vn -0.0218097 -0.0377755 0.999048 
vn -0.0201412 -0.0386909 0.999048 
vn -0.0184343 -0.0395326 0.999048 
vn -0.0166924 -0.0402991 0.999048 
vn -0.0149187 -0.0409888 0.999048 
vn -0.0131166 -0.0416005 0.999048 
vn -0.0112895 -0.0421331 0.999048 
vn -0.00944096 -0.0425854 0.999048 
vn -0.00757443 -0.0429567 0.999048 
vn -0.00569347 -0.0432462 0.999048 
vn -0.00380168 -0.0434534 0.999048 
vn -0.00190265 -0.0435779 0.999048 
vn -6.37917e-17 -0.0436194 0.999048 
vn 0.00190265 -0.0435779 0.999048 
vn 0.00380168 -0.0434534 0.999048 
vn 0.00569347 -0.0432462 0.999048 
vn 0.00757443 -0.0429567 0.999048 
vn 0.00944096 -0.0425854 0.999048 
vn 0.0112895 -0.0421331 0.999048 
vn 0.0131166 -0.0416005 0.999048 
vn 0.0149187 -0.0409888 0.999048 
vn 0.0166924 -0.0402991 0.999048 
vn 0.0184343 -0.0395326 0.999048 
vn 0.0201412 -0.0386909 0.999048 
vn 0.0218097 -0.0377755 0.999048 
vn 0.0234367 -0.0367882 0.999048 
vn 0.0250191 -0.0357309 0.999048 
vn 0.0265538 -0.0346056 0.999048 
vn 0.028038 -0.0334144 0.999048 
vn 0.0294688 -0.0321596 0.999048 
vn 0.0308436 -0.0308436 0.999048 
vn 0.0321596 -0.0294688 0.999048 
vn 0.0334144 -0.028038 0.999048 
vn 0.0346056 -0.0265538 0.999048 
vn 0.0357309 -0.0250191 0.999048 
vn 0.0367882 -0.0234367 0.999048 
vn 0.0377755 -0.0218097 0.999048 
vn 0.0386909 -0.0201412 0.999048 
vn 0.0395326 -0.0184343 0.999048 
vn 0.0402991 -0.0166924 0.999048 
vn 0.0409888 -0.0149187 0.999048 
vn 0.0416005 -0.0131166 0.999048 
vn 0.0421331 -0.0112895 0.999048 
vn 0.0425854 -0.00944096 0.999048 
vn 0.0429567 -0.00757443 0.999048 
vn 0.0432462 -0.00569347 0.999048 
vn 0.0434534 -0.00380168 0.999048 
vn 0.0435779 -0.00190265 0.999048 
vn 0.0436194 -2.96564e-17 0.999048 
vn 0.0435779 0.00190265 0.999048 
vn 0.0434534 0.00380168 0.999048 
vn 0.0432462 0.00569347 0.999048 
vn 0.0429567 0.00757443 0.999048 
vn 0.0425854 0.00944096 0.999048 
vn 0.0421331 0.0112895 0.999048 
vn 0.0416005 0.0131166 0.999048 
vn 0.0409888 0.0149187 0.999048 
vn 0.0402991 0.0166924 0.999048 
vn 0.0395326 0.0184343 0.999048 
vn 0.0386909 0.0201412 0.999048 
vn 0.0377755 0.0218097 0.999048 
vn 0.0367882 0.0234367 0.999048 
vn 0.0357309 0.0250191 0.999048 
vn 0.0346056 0.0265538 0.999048 
vn 0.0334144 0.028038 0.999048 
vn 0.0321596 0.0294688 0.999048 
vn 0.0308436 0.0308436 0.999048 
vn 0.0294688 0.0321596 0.999048 
vn 0.028038 0.0334144 0.999048 
vn 0.0265538 0.0346056 0.999048 
vn 0.0250191 0.0357309 0.999048 
vn 0.0234367 0.0367882 0.999048 
vn 0.0218097 0.0377755 0.999048 
vn 0.0201412 0.0386909 0.999048 
vn 0.0184343 0.0395326 0.999048 
vn 0.0166924 0.0402991 0.999048 
vn 0.0149187 0.0409888 0.999048 
vn 0.0131166 0.0416005 0.999048 
vn 0.0112895 0.0421331 0.999048 
vn 0.00944096 0.0425854 0.999048 
vn 0.00757443 0.0429567 0.999048 
vn 0.00569347 0.0432462 0.999048 
vn 0.00380168 0.0434534 0.999048 
vn 0.00190265 0.0435779 0.999048 
vn -6.03223e-17 0.0436194 0.999048 
vn -0.00190265 0.0435779 0.999048 
vn -0.00380168 0.0434534 0.999048 
vn -0.00569347 0.0432462 0.999048 
vn -0.00757443 0.0429567 0.999048 
vn -0.00944096 0.0425854 0.999048 
vn -0.0112895 0.0421331 0.999048 
vn -0.0131166 0.0416005 0.999048 
vn -0.0149187 0.0409888 0.999048 
vn -0.0166924 0.0402991 0.999048 
vn -0.0184343 0.0395326 0.999048 
vn -0.0201412 0.0386909 0.999048 
vn -0.0218097 0.0377755 0.999048 
vn -0.0234367 0.0367882 0.999048 
vn -0.0250191 0.0357309 0.999048 
vn -0.0265538 0.0346056 0.999048 
vn -0.028038 0.0334144 0.999048 
vn -0.0294688 0.0321596 0.999048 
vn -0.0308436 0.0308436 0.999048 
vn -0.0321596 0.0294688 0.999048 
vn -0.0334144 0.028038 0.999048 
vn -0.0346056 0.0265538 0.999048 
vn -0.0357309 0.0250191 0.999048 
vn -0.0367882 0.0234367 0.999048 
vn -0.0377755 0.0218097 0.999048 
vn -1.19674e-16 9.02659e-18 1 
vn 0.866025 -0.5 1.08168e-16 
vn 1.22465e-16 0 -1 
vn 0.866025 0.5 1.00291e-16 
vn -6.56014e-16 1 -7.87706e-18 
vn -0.866025 0.5 -1.08168e-16 
vn -0.866025 -0.5 -1.00291e-16 
vn 9.84022e-16 -1 7.87706e-18 
usemtl 0.231373_0.380392_0.705882_0.000000_0.000000
o mesh0
f 1//1 2//2 145//3 
f 2//2 3//4 146//5 
f 3//4 4//6 147//7 
f 4//6 5//8 148//9 
f 5//8 6//10 149//11 
f 6//10 7//12 150//13 
f 7//12 8//14 151//15 
f 8//14 9//16 152//17 
f 9//16 10//18 153//19 
f 10//18 11//20 154//21 
f 11//20 12//22 155//23 
f 12//22 13//24 156//25 
f 13//24 14//26 157//27 
f 14//26 15//28 158//29 
f 15//28 16//30 159//31 
f 16//30 17//32 160//33 
f 17//32 18//34 161//35 
f 18//34 19//36 162//37 
f 19//36 20//38 163//39 
f 20//38 21//40 164//41 
f 21//40 22//42 165//43 
f 22//42 23//44 166//45 
f 23//44 24//46 167//47 
f 24//46 25//48 168//49 
f 25//48 26//50 169//51 
f 26//50 27//52 170//53 
f 27//52 28//54 171//55 
f 28//54 29//56 172//57 
f 29//56 30//58 173//59 
f 30//58 31//60 174//61 
f 31//60 32//62 175//63 
f 32//62 33//64 176//65 
f 33//64 34//66 177//67 
f 34//66 35//68 178//69 
f 35//68 36//70 179//71 
f 36//70 37//72 180//73 
f 37//72 38//74 181//75 
f 38//74 39//76 182//77 
f 39//76 40//78 183//79 
f 40//78 41//80 184//81 
f 41//80 42//82 185//83 
f 42//82 43//84 186//85 
f 43//84 44//86 187//87 
f 44//86 45//88 188//89 
f 45//88 46//90 189//91 
f 46//90 47//92 190//93 
f 47//92 48//94 191//95 
f 48//94 49//96 192//97 
f 49//96 50//98 193//99 
f 50//98 51//100 194//101 
f 51//100 52//102 195//103 
f 52//102 53//104 196//105 
f 53//104 54//106 197//107 
f 54//106 55//108 198//109 
f 55//108 56//110 199//111 
f 56//110 57//112 200//113 
f 57//112 58//114 201//115 
f 58//114 59//116 202//117 
f 59//116 60//118 203//119 
f 60//118 61//120 204//121 
f 61//120 62//122 205//123 
f 62//122 63//124 206//125 
f 63//124 64//126 207//127 
f 64//126 65//128 208//129 
f 65//128 66//130 209//131 
f 66//130 67//132 210//133 
f 67//132 68//134 211//135 
f 68//134 69//136 212//137 
f 69//136 70//138 213//139 
f 70//138 71//140 214//141 
f 71//140 72//142 215//143 
f 72//142 73//144 216//145 
f 73//144 74//146 217//147 
f 74//146 75//148 218//149 
f 75//148 76//150 219//151 
f 76//150 77//152 220//153 
f 77//152 78//154 221//155 
f 78//154 79//156 222//157 
f 79//156 80//158 223//159 
f 80//158 81//160 224//161 
f 81//160 82//162 225//163 
f 82//162 83//164 226//165 
f 83//164 84//166 227//167 
f 84//166 85//168 228//169 
f 85//168 86//170 229//171 
f 86//170 87//172 230//173 
f 87//172 88//174 231//175 
f 88//174 89//176 232//177 
f 89//176 90//178 233//179 
f 90//178 91//180 234//181 
f 91//180 92//182 235//183 
f 92//182 93//184 236//185 
f 93//184 94//186 237//187 
f 94//186 95//188 238//189 
f 95//188 96//190 239//191 
f 96//190 97//192 240//193 
f 97//192 98//194 241//195 
f 98//194 99//196 242//197 
f 99//196 100//198 243//199 
f 100//198 101//200 244//201 
f 101//200 102//202 245//203 
f 102//202 103//204 246//205 
f 103//204 104//206 247//207 
f 104//206 105//208 248//209 
f 105//208 106//210 249//211 
f 106//210 107//212 250//213 
f 107//212 108//214 251//215 
f 108//214 109//216 252//217 
f 109//216 110//218 253//219 
f 110//218 111//220 254//221 
f 111//220 112//222 255//223 
f 112//222 113//224 256//225 
f 113//224 114//226 257//227 
f 114//226 115//228 258//229 
f 115//228 116//230 259//231 
f 116//230 117//232 260//233 
f 117//232 118//234 261//235 
f 118//234 119//236 262//237 
f 119//236 120//238 263//239 
f 120//238 121//240 264//241 
f 121//240 122//242 265//243 
f 122//242 123//244 266//245 
f 123//244 124//246 267//247 
f 124//246 125//248 268//249 
f 125//248 126//250 269//251 
f 126//250 127//252 270//253 
f 127//252 128//254 271//255 
f 128//254 129//256 272//257 
f 129//256 130//258 273//259 
f 130//258 131//260 274//261 
f 131//260 132//262 275//263 
f 132//262 133//264 276//265 
f 133//264 134//266 277//267 
f 134//266 135//268 278//269 
f 135//268 136//270 279//271 
f 136//270 137//272 280//273 
f 137//272 138//274 281//275 
f 138//274 139//276 282//277 
f 139//276 140//278 283//279 
f 140//278 141//280 284//281 
f 141//280 142//282 285//283 
f 142//282 143//284 286//285 
f 143//284 144//286 287//287 
f 144//286 1//1 288//288 
f 288//288 145//3 289//289 
f 145//3 146//5 290//290 
f 146//5 147//7 291//291 
f 147//7 148//9 292//292 
f 148//9 149//11 293//293 
f 149//11 150//13 294//294 
f 150//13 151//15 295//295 
f 151//15 152//17 296//296 
f 152//17 153//19 297//297 
f 153//19 154//21 298//298 
f 154//21 155//23 299//299 
f 155//23 156//25 300//300 
f 156//25 157//27 301//301 
f 157//27 158//29 302//302 
f 158//29 159//31 303//303 
f 159//31 160//33 304//304 
f 160//33 161//35 305//305 
f 161//35 162//37 306//306 
f 162//37 163//39 307//307 
f 163//39 164//41 308//308 
f 164//41 165//43 309//309 
f 165//43 166//45 310//310 
f 166//45 167//47 311//311 
f 167//47 168//49 312//312 
f 168//49 169//51 313//313 
f 169//51 170//53 314//314 
f 170//53 171//55 315//315 
f 171//55 172//57 316//316 
f 172//57 173//59 317//317 
f 173//59 174//61 318//318 
f 174//61 175//63 319//319 
f 175//63 176//65 320//320 
f 176//65 177//67 321//321 
f 177//67 178//69 322//322 
f 178//69 179//71 323//323 
f 179//71 180//73 324//324 
f 180//73 181//75 325//325 
f 181//75 182//77 326//326 
f 182//77 183//79 327//327 
f 183//79 184//81 328//328 
f 184//81 185//83 329//329 
f 185//83 186//85 330//330 
f 186//85 187//87 331//331 
f 187//87 188//89 332//332 
f 188//89 189//91 333//333 
f 189//91 190//93 334//334 
f 190//93 191//95 335//335 
f 191//95 192//97 336//336 
f 192//97 193//99 337//337 
f 193//99 194//101 338//338 
f 194//101 195//103 339//339 
f 195//103 196//105 340//340 
f 196//105 197//107 341//341 
f 197//107 198//109 342//342 
f 198//109 199//111 343//343 
f 199//111 200//113 344//344 
f 200//113 201//115 345//345 
f 201//115 202//117 346//346 
f 202//117 203//119 347//347 
f 203//119 204//121 348//348 
f 204//121 205//123 349//349 
f 205//123 206//125 350//350 
f 206//125 207//127 351//351 
f 207//127 208//129 352//352 
f 208//129 209//131 353//353 
f 209//131 210//133 354//354 
f 210//133 211//135 355//355 
f 211//135 212//137 356//356 
f 212//137 213//139 357//357 
f 213//139 214//141 358//358 
f 214//141 215//143 359//359 
f 215//143 216//145 360//360 
f 216//145 217//147 361//361 
f 217//147 218//149 362//362 
f 218//149 219//151 363//363 
f 219//151 220//153 364//364 
f 220//153 221//155 365//365 
f 221//155 222//157 366//366 
f 222//157 223//159 367//367 
f 223//159 224//161 368//368 
f 224//161 225//163 369//369 
f 225//163 226//165 370//370 
f 226//165 227//167 371//371 
f 227//167 228//169 372//372 
f 228//169 229//171 373//373 
f 229//171 230//173 374//374 
f 230//173 231//175 375//375 
f 231//175 232//177 376//376 
f 232//177 233//179 377//377 
f 233//179 234//181 378//378 
f 234//181 235//183 379//379 
f 235//183 236//185 380//380 
f 236//185 237//187 381//381 
f 237//187 238//189 382//382 
f 238//189 239//191 383//383 
f 239//191 240//193 384//384 
f 240//193 241//195 385//385 
f 241//195 242//197 386//386 
f 242//197 243//199 387//387 
f 243//199 244//201 388//388 
f 244//201 245//203 389//389 
f 245//203 246//205 390//390 
f 246//205 247//207 391//391 
f 247//207 248//209 392//392 
f 248//209 249//211 393//393 
f 249//211 250//213 394//394 
f 250//213 251//215 395//395 
f 251//215 252//217 396//396 
f 252//217 253//219 397//397 
f 253//219 254//221 398//398 
f 254//221 255//223 399//399 
f 255//223 256//225 400//400 
f 256//225 257//227 401//401 
f 257//227 258//229 402//402 
f 258//229 259//231 403//403 
f 259//231 260//233 404//404 
f 260//233 261//235 405//405 
f 261//235 262//237 406//406 
f 262//237 263//239 407//407 
f 263//239 264//241 408//408 
f 264//241 265//243 409//409 
f 265//243 266//245 410//410 
f 266//245 267//247 411//411 
f 267//247 268//249 412//412 
f 268//249 269//251 413//413 
f 269//251 270//253 414//414 
f 270//253 271//255 415//415 
f 271//255 272//257 416//416 
f 272//257 273//259 417//417 
f 273//259 274//261 418//418 
f 274//261 275//263 419//419 
f 275//263 276//265 420//420 
f 276//265 277//267 421//421 
f 277//267 278//269 422//422 
f 278//269 279//271 423//423 
f 279//271 280//273 424//424 
f 280//273 281//275 425//425 
f 281//275 282//277 426//426 
f 282//277 283//279 427//427 
f 283//279 284//281 428//428 
f 284//281 285//283 429//429 
f 285//283 286//285 430//430 
f 286//285 287//287 431//431 
f 287//287 288//288 432//432 
f 432//432 289//289 433//433 
f 289//289 290//290 434//434 
f 290//290 291//291 435//435 
f 291//291 292//292 436//436 
f 292//292 293//293 437//437 
f 293//293 294//294 438//438 
f 294//294 295//295 439//439 
f 295//295 296//296 440//440 
f 296//296 297//297 441//441 
f 297//297 298//298 442//442 
f 298//298 299//299 443//443 
f 299//299 300//300 444//444 
f 300//300 301//301 445//445 
f 301//301 302//302 446//446 
f 302//302 303//303 447//447 
f 303//303 304//304 448//448 
f 304//304 305//305 449//449 
f 305//305 306//306 450//450 
f 306//306 307//307 451//451 
f 307//307 308//308 452//452 
f 308//308 309//309 453//453 
f 309//309 310//310 454//454 
f 310//310 311//311 455//455 
f 311//311 312//312 456//456 
f 312//312 313//313 457//457 
f 313//313 314//314 458//458 
f 314//314 315//315 459//459 
f 315//315 316//316 460//460 
f 316//316 317//317 461//461 
f 317//317 318//318 462//462 
f 318//318 319//319 463//463 
f 319//319 320//320 464//464 
f 320//320 321//321 465//465 
f 321//321 322//322 466//466 
f 322//322 323//323 467//467 
f 323//323 324//324 468//468 
f 324//324 325//325 469//469 
f 325//325 326//326 470//470 
f 326//326 327//327 471//471 
f 327//327 328//328 472//472 
f 328//328 329//329 473//473 
f 329//329 330//330 474//474 
f 330//330 331//331 475//475 
f 331//331 332//332 476//476 
f 332//332 333//333 477//477 
f 333//333 334//334 478//478 
f 334//334 335//335 479//479 
f 335//335 336//336 480//480 
f 336//336 337//337 481//481 
f 337//337 338//338 482//482 
f 338//338 339//339 483//483 
f 339//339 340//340 484//484 
f 340//340 341//341 485//485 
f 341//341 342//342 486//486 
f 342//342 343//343 487//487 
f 343//343 344//344 488//488 
f 344//344 345//345 489//489 
f 345//345 346//346 490//490 
f 346//346 347//347 491//491 
f 347//347 348//348 492//492 
f 348//348 349//349 493//493 
f 349//349 350//350 494//494 
f 350//350 351//351 495//495 
f 351//351 352//352 496//496 
f 352//352 353//353 497//497 
f 353//353 354//354 498//498 
f 354//354 355//355 499//499 
f 355//355 356//356 500//500 
f 356//356 357//357 501//501 
f 357//357 358//358 502//502 
f 358//358 359//359 503//503 
f 359//359 360//360 504//504 
f 360//360 361//361 505//505 
f 361//361 362//362 506//506 
f 362//362 363//363 507//507 
f 363//363 364//364 508//508 
f 364//364 365//365 509//509 
f 365//365 366//366 510//510 
f 366//366 367//367 511//511 
f 367//367 368//368 512//512 
f 368//368 369//369 513//513 
f 369//369 370//370 514//514 
f 370//370 371//371 515//515 
f 371//371 372//372 516//516 
f 372//372 373//373 517//517 
f 373//373 374//374 518//518 
f 374//374 375//375 519//519 
f 375//375 376//376 520//520 
f 376//376 377//377 521//521 
f 377//377 378//378 522//522 
f 378//378 379//379 523//523 
f 379//379 380//380 524//524 
f 380//380 381//381 525//525 
f 381//381 382//382 526//526 
f 382//382 383//383 527//527 
f 383//383 384//384 528//528 
f 384//384 385//385 529//529 
f 385//385 386//386 530//530 
f 386//386 387//387 531//531 
f 387//387 388//388 532//532 
f 388//388 389//389 533//533 
f 389//389 390//390 534//534 
f 390//390 391//391 535//535 
f 391//391 392//392 536//536 
f 392//392 393//393 537//537 
f 393//393 394//394 538//538 
f 394//394 395//395 539//539 
f 395//395 396//396 540//540 
f 396//396 397//397 541//541 
f 397//397 398//398 542//542 
f 398//398 399//399 543//543 
f 399//399 400//400 544//544 
f 400//400 401//401 545//545 
f 401//401 402//402 546//546 
f 402//402 403//403 547//547 
f 403//403 404//404 548//548 
f 404//404 405//405 549//549 
f 405//405 406//406 550//550 
f 406//406 407//407 551//551 
f 407//407 408//408 552//552 
f 408//408 409//409 553//553 
f 409//409 410//410 554//554 
f 410//410 411//411 555//555 
f 411//411 412//412 556//556 
f 412//412 413//413 557//557 
f 413//413 414//414 558//558 
f 414//414 415//415 559//559 
f 415//415 416//416 560//560 
f 416//416 417//417 561//561 
f 417//417 418//418 562//562 
f 418//418 419//419 563//563 
f 419//419 420//420 564//564 
f 420//420 421//421 565//565 
f 421//421 422//422 566//566 
f 422//422 423//423 567//567 
f 423//423 424//424 568//568 
f 424//424 425//425 569//569 
f 425//425 426//426 570//570 
f 426//426 427//427 571//571 
f 427//427 428//428 572//572 
f 428//428 429//429 573//573 
f 429//429 430//430 574//574 
f 430//430 431//431 575//575 
f 431//431 432//432 576//576 
f 576//576 433//433 577//577 
f 433//433 434//434 578//578 
f 434//434 435//435 579//579 
f 435//435 436//436 580//580 
f 436//436 437//437 581//581 
f 437//437 438//438 582//582 
f 438//438 439//439 583//583 
f 439//439 440//440 584//584 
f 440//440 441//441 585//585 
f 441//441 442//442 586//586 
f 442//442 443//443 587//587 
f 443//443 444//444 588//588 
f 444//444 445//445 589//589 
f 445//445 446//446 590//590 
f 446//446 447//447 591//591 
f 447//447 448//448 592//592 
f 448//448 449//449 593//593 
f 449//449 450//450 594//594 
f 450//450 451//451 595//595 
f 451//451 452//452 596//596 
f 452//452 453//453 597//597 
f 453//453 454//454 598//598 
f 454//454 455//455 599//599 
f 455//455 456//456 600//600 
f 456//456 457//457 601//601 
f 457//457 458//458 602//602 
f 458//458 459//459 603//603 
f 459//459 460//460 604//604 
f 460//460 461//461 605//605 
f 461//461 462//462 606//606 
f 462//462 463//463 607//607 
f 463//463 464//464 608//608 
f 464//464 465//465 609//609 
f 465//465 466//466 610//610 
f 466//466 467//467 611//611 
f 467//467 468//468 612//612 
f 468//468 469//469 613//613 
f 469//469 470//470 614//614 
f 470//470 471//471 615//615 
f 471//471 472//472 616//616 
f 472//472 473//473 617//617 
f 473//473 474//474 618//618 
f 474//474 475//475 619//619 
f 475//475 476//476 620//620 
f 476//476 477//477 621//621 
f 477//477 478//478 622//622 
f 478//478 479//479 623//623 
f 479//479 480//480 624//624 
f 480//480 481//481 625//625 
f 481//481 482//482 626//626 
f 482//482 483//483 627//627 
f 483//483 484//484 628//628 
f 484//484 485//485 629//629 
f 485//485 486//486 630//630 
f 486//486 487//487 631//631 
f 487//487 488//488 632//632 
f 488//488 489//489 633//633 
f 489//489 490//490 634//634 
f 490//490 491//491 635//635 
f 491//491 492//492 636//636 
f 492//492 493//493 637//637 
f 493//493 494//494 638//638 
f 494//494 495//495 639//639 
f 495//495 496//496 640//640 
f 496//496 497//497 641//641 
f 497//497 498//498 642//642 
f 498//498 499//499 643//643 
f 499//499 500//500 644//644 
f 500//500 501//501 645//645 
f 501//501 502//502 646//646 
f 502//502 503//503 647//647 
f 503//503 504//504 648//648 
f 504//504 505//505 649//649 
f 505//505 506//506 650//650 
f 506//506 507//507 651//651 
f 507//507 508//508 652//652 
f 508//508 509//509 653//653 
f 509//509 510//510 654//654 
f 510//510 511//511 655//655 
f 511//511 512//512 656//656 
f 512//512 513//513 657//657 
f 513//513 514//514 658//658 
f 514//514 515//515 659//659 
f 515//515 516//516 660//660 
f 516//516 517//517 661//661 
f 517//517 518//518 662//662 
f 518//518 519//519 663//663 
f 519//519 520//520 664//664 
f 520//520 521//521 665//665 
f 521//521 522//522 666//666 
f 522//522 523//523 667//667 
f 523//523 524//524 668//668 
f 524//524 525//525 669//669 
f 525//525 526//526 670//670 
f 526//526 527//527 671//671 
f 527//527 528//528 672//672 
f 528//528 529//529 673//673 
f 529//529 530//530 674//674 
f 530//530 531//531 675//675 
f 531//531 532//532 676//676 
f 532//532 533//533 677//677 
f 533//533 534//534 678//678 
f 534//534 535//535 679//679 
f 535//535 536//536 680//680 
f 536//536 537//537 681//681 
f 537//537 538//538 682//682 
f 538//538 539//539 683//683 
f 539//539 540//540 684//684 
f 540//540 541//541 685//685 
f 541//541 542//542 686//686 
f 542//542 543//543 687//687 
f 543//543 544//544 688//688 
f 544//544 545//545 689//689 
f 545//545 546//546 690//690 
f 546//546 547//547 691//691 
f 547//547 548//548 692//692 
f 548//548 549//549 693//693 
f 549//549 550//550 694//694 
f 550//550 551//551 695//695 
f 551//551 552//552 696//696 
f 552//552 553//553 697//697 
f 553//553 554//554 698//698 
f 554//554 555//555 699//699 
f 555//555 556//556 700//700 
f 556//556 557//557 701//701 
f 557//557 558//558 702//702 
f 558//558 559//559 703//703 
f 559//559 560//560 704//704 
f 560//560 561//561 705//705 
f 561//561 562//562 706//706 
f 562//562 563//563 707//707 
f 563//563 564//564 708//708 
f 564//564 565//565 709//709 
f 565//565 566//566 710//710 
f 566//566 567//567 711//711 
f 567//567 568//568 712//712 
f 568//568 569//569 713//713 
f 569//569 570//570 714//714 
f 570//570 571//571 715//715 
f 571//571 572//572 716//716 
f 572//572 573//573 717//717 
f 573//573 574//574 718//718 
f 574//574 575//575 719//719 
f 575//575 576//576 720//720 
f 720//720 577//577 721//721 
f 577//577 578//578 722//722 
f 578//578 579//579 723//723 
f 579//579 580//580 724//724 
f 580//580 581//581 725//725 
f 581//581 582//582 726//726 
f 582//582 583//583 727//727 
f 583//583 584//584 728//728 
f 584//584 585//585 729//729 
f 585//585 586//586 730//730 
f 586//586 587//587 731//731 
f 587//587 588//588 732//732 
f 588//588 589//589 733//733 
f 589//589 590//590 734//734 
f 590//590 591//591 735//735 
f 591//591 592//592 736//736 
f 592//592 593//593 737//737 
f 593//593 594//594 738//738 
f 594//594 595//595 739//739 
f 595//595 596//596 740//740 
f 596//596 597//597 741//741 
f 597//597 598//598 742//742 
f 598//598 599//599 743//743 
f 599//599 600//600 744//744 
f 600//600 601//601 745//745 
f 601//601 602//602 746//746 
f 602//602 603//603 747//747 
f 603//603 604//604 748//748 
f 604//604 605//605 749//749 
f 605//605 606//606 750//750 
f 606//606 607//607 751//751 
f 607//607 608//608 752//752 
f 608//608 609//609 753//753 
f 609//609 610//610 754//754 
f 610//610 611//611 755//755 
f 611//611 612//612 756//756 
f 612//612 613//613 757//757 
f 613//613 614//614 758//758 
f 614//614 615//615 759//759 
f 615//615 616//616 760//760 
f 616//616 617//617 761//761 
f 617//617 618//618 762//762 
f 618//618 619//619 763//763 
f 619//619 620//620 764//764 
f 620//620 621//621 765//765 
f 621//621 622//622 766//766 
f 622//622 623//623 767//767 
f 623//623 624//624 768//768 
f 624//624 625//625 769//769 
f 625//625 626//626 770//770 
f 626//626 627//627 771//771 
f 627//627 628//628 772//772 
f 628//628 629//629 773//773 
f 629//629 630//630 774//774 
f 630//630 631//631 775//775 
f 631//631 632//632 776//776 
f 632//632 633//633 777//777 
f 633//633 634//634 778//778 
f 634//634 635//635 779//779 
f 635//635 636//636 780//780 
f 636//636 637//637 781//781 
f 637//637 638//638 782//782 
f 638//638 639//639 783//783 
f 639//639 640//640 784//784 
f 640//640 641//641 785//785 
f 641//641 642//642 786//786 
f 642//642 643//643 787//787 
f 643//643 644//644 788//788 
f 644//644 645//645 789//789 
f 645//645 646//646 790//790 
f 646//646 647//647 791//791 
f 647//647 648//648 792//792 
f 648//648 649//649 793//793 
f 649//649 650//650 794//794 
f 650//650 651//651 795//795 
f 651//651 652//652 796//796 
f 652//652 653//653 797//797 
f 653//653 654//654 798//798 
f 654//654 655//655 799//799 
f 655//655 656//656 800//800 
f 656//656 657//657 801//801 
f 657//657 658//658 802//802 
f 658//658 659//659 803//803 
f 659//659 660//660 804//804 
f 660//660 661//661 805//805 
f 661//661 662//662 806//806 
f 662//662 663//663 807//807 
f 663//663 664//664 808//808 
f 664//664 665//665 809//809 
f 665//665 666//666 810//810 
f 666//666 667//667 811//811 
f 667//667 668//668 812//812 
f 668//668 669//669 813//813 
f 669//669 670//670 814//814 
f 670//670 671//671 815//815 
f 671//671 672//672 816//816 
f 672//672 673//673 817//817 
f 673//673 674//674 818//818 
f 674//674 675//675 819//819 
f 675//675 676//676 820//820 
f 676//676 677//677 821//821 
f 677//677 678//678 822//822 
f 678//678 679//679 823//823 
f 679//679 680//680 824//824 
f 680//680 681//681 825//825 
f 681//681 682//682 826//826 
f 682//682 683//683 827//827 
f 683//683 684//684 828//828 
f 684//684 685//685 829//829 
f 685//685 686//686 830//830 
f 686//686 687//687 831//831 
f 687//687 688//688 832//832 
f 688//688 689//689 833//833 
f 689//689 690//690 834//834 
f 690//690 691//691 835//835 
f 691//691 692//692 836//836 
f 692//692 693//693 837//837 
f 693//693 694//694 838//838 
f 694//694 695//695 839//839 
f 695//695 696//696 840//840 
f 696//696 697//697 841//841 
f 697//697 698//698 842//842 
f 698//698 699//699 843//843 
f 699//699 700//700 844//844 
f 700//700 701//701 845//845 
f 701//701 702//702 846//846 
f 702//702 703//703 847//847 
f 703//703 704//704 848//848 
f 704//704 705//705 849//849 
f 705//705 706//706 850//850 
f 706//706 707//707 851//851 
f 707//707 708//708 852//852 
f 708//708 709//709 853//853 
f 709//709 710//710 854//854 
f 710//710 711//711 855//855 
f 711//711 712//712 856//856 
f 712//712 713//713 857//857 
f 713//713 714//714 858//858 
f 714//714 715//715 859//859 
f 715//715 716//716 860//860 
f 716//716 717//717 861//861 
f 717//717 718//718 862//862 
f 718//718 719//719 863//863 
f 719//719 720//720 864//864 
f 864//864 721//721 865//865 
f 721//721 722//722 866//866 
f 722//722 723//723 867//867 
f 723//723 724//724 868//868 
f 724//724 725//725 869//869 
f 725//725 726//726 870//870 
f 726//726 727//727 871//871 
f 727//727 728//728 872//872 
f 728//728 729//729 873//873 
f 729//729 730//730 874//874 
f 730//730 731//731 875//875 
f 731//731 732//732 876//876 
f 732//732 733//733 877//877 
f 733//733 734//734 878//878 
f 734//734 735//735 879//879 
f 735//735 736//736 880//880 
f 736//736 737//737 881//881 
f 737//737 738//738 882//882 
f 738//738 739//739 883//883 
f 739//739 740//740 884//884 
f 740//740 741//741 885//885 
f 741//741 742//742 886//886 
f 742//742 743//743 887//887 
f 743//743 744//744 888//888 
f 744//744 745//745 889//889 
f 745//745 746//746 890//890 
f 746//746 747//747 891//891 
f 747//747 748//748 892//892 
f 748//748 749//749 893//893 
f 749//749 750//750 894//894 
f 750//750 751//751 895//895 
f 751//751 752//752 896//896 
f 752//752 753//753 897//897 
f 753//753 754//754 898//898 
f 754//754 755//755 899//899 
f 755//755 756//756 900//900 
f 756//756 757//757 901//901 
f 757//757 758//758 902//902 
f 758//758 759//759 903//903 
f 759//759 760//760 904//904 
f 760//760 761//761 905//905 
f 761//761 762//762 906//906 
f 762//762 763//763 907//907 
f 763//763 764//764 908//908 
f 764//764 765//765 909//909 
f 765//765 766//766 910//910 
f 766//766 767//767 911//911 
f 767//767 768//768 912//912 
f 768//768 769//769 913//913 
f 769//769 770//770 914//914 
f 770//770 771//771 915//915 
f 771//771 772//772 916//916 
f 772//772 773//773 917//917 
f 773//773 774//774 918//918 
f 774//774 775//775 919//919 
f 775//775 776//776 920//920 
f 776//776 777//777 921//921 
f 777//777 778//778 922//922 
f 778//778 779//779 923//923 
f 779//779 780//780 924//924 
f 780//780 781//781 925//925 
f 781//781 782//782 926//926 
f 782//782 783//783 927//927 
f 783//783 784//784 928//928 
f 784//784 785//785 929//929 
f 785//785 786//786 930//930 
f 786//786 787//787 931//931 
f 787//787 788//788 932//932 
f 788//788 789//789 933//933 
f 789//789 790//790 934//934 
f 790//790 791//791 935//935 
f 791//791 792//792 936//936 
f 792//792 793//793 937//937 
f 793//793 794//794 938//938 
f 794//794 795//795 939//939 
f 795//795 796//796 940//940 
f 796//796 797//797 941//941 
f 797//797 798//798 942//942 
f 798//798 799//799 943//943 
f 799//799 800//800 944//944 
f 800//800 801//801 945//945 
f 801//801 802//802 946//946 
f 802//802 803//803 947//947 
f 803//803 804//804 948//948 
f 804//804 805//805 949//949 
f 805//805 806//806 950//950 
f 806//806 807//807 951//951 
f 807//807 808//808 952//952 
f 808//808 809//809 953//953 
f 809//809 810//810 954//954 
f 810//810 811//811 955//955 
f 811//811 812//812 956//956 
f 812//812 813//813 957//957 
f 813//813 814//814 958//958 
f 814//814 815//815 959//959 
f 815//815 816//816 960//960 
f 816//816 817//817 961//961 
f 817//817 818//818 962//962 
f 818//818 819//819 963//963 
f 819//819 820//820 964//964 
f 820//820 821//821 965//965 
f 821//821 822//822 966//966 
f 822//822 823//823 967//967 
f 823//823 824//824 968//968 
f 824//824 825//825 969//969 
f 825//825 826//826 970//970 
f 826//826 827//827 971//971 
f 827//827 828//828 972//972 
f 828//828 829//829 973//973 
f 829//829 830//830 974//974 
f 830//830 831//831 975//975 
f 831//831 832//832 976//976 
f 832//832 833//833 977//977 
f 833//833 834//834 978//978 
f 834//834 835//835 979//979 
f 835//835 836//836 980//980 
f 836//836 837//837 981//981 
f 837//837 838//838 982//982 
f 838//838 839//839 983//983 
f 839//839 840//840 984//984 
f 840//840 841//841 985//985 
f 841//841 842//842 986//986 
f 842//842 843//843 987//987 
f 843//843 844//844 988//988 
f 844//844 845//845 989//989 
f 845//845 846//846 990//990 
f 846//846 847//847 991//991 
f 847//847 848//848 992//992 
f 848//848 849//849 993//993 
f 849//849 850//850 994//994 
f 850//850 851//851 995//995 
f 851//851 852//852 996//996 
f 852//852 853//853 997//997 
f 853//853 854//854 998//998 
f 854//854 855//855 999//999 
f 855//855 856//856 1000//1000 
f 856//856 857//857 1001//1001 
f 857//857 858//858 1002//1002 
f 858//858 859//859 1003//1003 
f 859//859 860//860 1004//1004 
f 860//860 861//861 1005//1005 
f 861//861 862//862 1006//1006 
f 862//862 863//863 1007//1007 
f 863//863 864//864 1008//1008 
f 1008//1008 865//865 1009//1009 
f 865//865 866//866 1010//1010 
f 866//866 867//867 1011//1011 
f 867//867 868//868 1012//1012 
f 868//868 869//869 1013//1013 
f 869//869 870//870 1014//1014 
f 870//870 871//871 1015//1015 
f 871//871 872//872 1016//1016 
f 872//872 873//873 1017//1017 
f 873//873 874//874 1018//1018 
f 874//874 875//875 1019//1019 
f 875//875 876//876 1020//1020 
f 876//876 877//877 1021//1021 
f 877//877 878//878 1022//1022 
f 878//878 879//879 1023//1023 
f 879//879 880//880 1024//1024 
f 880//880 881//881 1025//1025 
f 881//881 882//882 1026//1026 
f 882//882 883//883 1027//1027 
f 883//883 884//884 1028//1028 
f 884//884 885//885 1029//1029 
f 885//885 886//886 1030//1030 
f 886//886 887//887 1031//1031 
f 887//887 888//888 1032//1032 
f 888//888 889//889 1033//1033 
f 889//889 890//890 1034//1034 
f 890//890 891//891 1035//1035 
f 891//891 892//892 1036//1036 
f 892//892 893//893 1037//1037 
f 893//893 894//894 1038//1038 
f 894//894 895//895 1039//1039 
f 895//895 896//896 1040//1040 
f 896//896 897//897 1041//1041 
f 897//897 898//898 1042//1042 
f 898//898 899//899 1043//1043 
f 899//899 900//900 1044//1044 
f 900//900 901//901 1045//1045 
f 901//901 902//902 1046//1046 
f 902//902 903//903 1047//1047 
f 903//903 904//904 1048//1048 
f 904//904 905//905 1049//1049 
f 905//905 906//906 1050//1050 
f 906//906 907//907 1051//1051 
f 907//907 908//908 1052//1052 
f 908//908 909//909 1053//1053 
f 909//909 910//910 1054//1054 
f 910//910 911//911 1055//1055 
f 911//911 912//912 1056//1056 
f 912//912 913//913 1057//1057 
f 913//913 914//914 1058//1058 
f 914//914 915//915 1059//1059 
f 915//915 916//916 1060//1060 
f 916//916 917//917 1061//1061 
f 917//917 918//918 1062//1062 
f 918//918 919//919 1063//1063 
f 919//919 920//920 1064//1064 
f 920//920 921//921 1065//1065 
f 921//921 922//922 1066//1066 
f 922//922 923//923 1067//1067 
f 923//923 924//924 1068//1068 
f 924//924 925//925 1069//1069 
f 925//925 926//926 1070//1070 
f 926//926 927//927 1071//1071 
f 927//927 928//928 1072//1072 
f 928//928 929//929 1073//1073 
f 929//929 930//930 1074//1074 
f 930//930 931//931 1075//1075 
f 931//931 932//932 1076//1076 
f 932//932 933//933 1077//1077 
f 933//933 934//934 1078//1078 
f 934//934 935//935 1079//1079 
f 935//935 936//936 1080//1080 
f 936//936 937//937 1081//1081 
f 937//937 938//938 1082//1082 
f 938//938 939//939 1083//1083 
f 939//939 940//940 1084//1084 
f 940//940 941//941 1085//1085 
f 941//941 942//942 1086//1086 
f 942//942 943//943 1087//1087 
f 943//943 944//944 1088//1088 
f 944//944 945//945 1089//1089 
f 945//945 946//946 1090//1090 
f 946//946 947//947 1091//1091 
f 947//947 948//948 1092//1092 
f 948//948 949//949 1093//1093 
f 949//949 950//950 1094//1094 
f 950//950 951//951 1095//1095 
f 951//951 952//952 1096//1096 
f 952//952 953//953 1097//1097 
f 953//953 954//954 1098//1098 
f 954//954 955//955 1099//1099 
f 955//955 956//956 1100//1100 
f 956//956 957//957 1101//1101 
f 957//957 958//958 1102//1102 
f 958//958 959//959 1103//1103 
f 959//959 960//960 1104//1104 
f 960//960 961//961 1105//1105 
f 961//961 962//962 1106//1106 
f 962//962 963//963 1107//1107 
f 963//963 964//964 1108//1108 
f 964//964 965//965 1109//1109 
f 965//965 966//966 1110//1110 
f 966//966 967//967 1111//1111 
f 967//967 968//968 1112//1112 
f 968//968 969//969 1113//1113 
f 969//969 970//970 1114//1114 
f 970//970 971//971 1115//1115 
f 971//971 972//972 1116//1116 
f 972//972 973//973 1117//1117 
f 973//973 974//974 1118//1118 
f 974//974 975//975 1119//1119 
f 975//975 976//976 1120//1120 
f 976//976 977//977 1121//1121 
f 977//977 978//978 1122//1122 
f 978//978 979//979 1123//1123 
f 979//979 980//980 1124//1124 
f 980//980 981//981 1125//1125 
f 981//981 982//982 1126//1126 
f 982//982 983//983 1127//1127 
f 983//983 984//984 1128//1128 
f 984//984 985//985 1129//1129 
f 985//985 986//986 1130//1130 
f 986//986 987//987 1131//1131 
f 987//987 988//988 1132//1132 
f 988//988 989//989 1133//1133 
f 989//989 990//990 1134//1134 
f 990//990 991//991 1135//1135 
f 991//991 992//992 1136//1136 
f 992//992 993//993 1137//1137 
f 993//993 994//994 1138//1138 
f 994//994 995//995 1139//1139 
f 995//995 996//996 1140//1140 
f 996//996 997//997 1141//1141 
f 997//997 998//998 1142//1142 
f 998//998 999//999 1143//1143 
f 999//999 1000//1000 1144//1144 
f 1000//1000 1001//1001 1145//1145 
f 1001//1001 1002//1002 1146//1146 
f 1002//1002 1003//1003 1147//1147 
f 1003//1003 1004//1004 1148//1148 
f 1004//1004 1005//1005 1149//1149 
f 1005//1005 1006//1006 1150//1150 
f 1006//1006 1007//1007 1151//1151 
f 1007//1007 1008//1008 1152//1152 
f 1152//1152 1009//1009 1153//1153 
f 1009//1009 1010//1010 1154//1154 
f 1010//1010 1011//1011 1155//1155 
f 1011//1011 1012//1012 1156//1156 
f 1012//1012 1013//1013 1157//1157 
f 1013//1013 1014//1014 1158//1158 
f 1014//1014 1015//1015 1159//1159 
f 1015//1015 1016//1016 1160//1160 
f 1016//1016 1017//1017 1161//1161 
f 1017//1017 1018//1018 1162//1162 
f 1018//1018 1019//1019 1163//1163 
f 1019//1019 1020//1020 1164//1164 
f 1020//1020 1021//1021 1165//1165 
f 1021//1021 1022//1022 1166//1166 
f 1022//1022 1023//1023 1167//1167 
f 1023//1023 1024//1024 1168//1168 
f 1024//1024 1025//1025 1169//1169 
f 1025//1025 1026//1026 1170//1170 
f 1026//1026 1027//1027 1171//1171 
f 1027//1027 1028//1028 1172//1172 
f 1028//1028 1029//1029 1173//1173 
f 1029//1029 1030//1030 1174//1174 
f 1030//1030 1031//1031 1175//1175 
f 1031//1031 1032//1032 1176//1176 
f 1032//1032 1033//1033 1177//1177 
f 1033//1033 1034//1034 1178//1178 
f 1034//1034 1035//1035 1179//1179 
f 1035//1035 1036//1036 1180//1180 
f 1036//1036 1037//1037 1181//1181 
f 1037//1037 1038//1038 1182//1182 
f 1038//1038 1039//1039 1183//1183 
f 1039//1039 1040//1040 1184//1184 
f 1040//1040 1041//1041 1185//1185 
f 1041//1041 1042//1042 1186//1186 
f 1042//1042 1043//1043 1187//1187 
f 1043//1043 1044//1044 1188//1188 
f 1044//1044 1045//1045 1189//1189 
f 1045//1045 1046//1046 1190//1190 
f 1046//1046 1047//1047 1191//1191 
f 1047//1047 1048//1048 1192//1192 
f 1048//1048 1049//1049 1193//1193 
f 1049//1049 1050//1050 1194//1194 
f 1050//1050 1051//1051 1195//1195 
f 1051//1051 1052//1052 1196//1196 
f 1052//1052 1053//1053 1197//1197 
f 1053//1053 1054//1054 1198//1198 
f 1054//1054 1055//1055 1199//1199 
f 1055//1055 1056//1056 1200//1200 
f 1056//1056 1057//1057 1201//1201 
f 1057//1057 1058//1058 1202//1202 
f 1058//1058 1059//1059 1203//1203 
f 1059//1059 1060//1060 1204//1204 
f 1060//1060 1061//1061 1205//1205 
f 1061//1061 1062//1062 1206//1206 
f 1062//1062 1063//1063 1207//1207 
f 1063//1063 1064//1064 1208//1208 
f 1064//1064 1065//1065 1209//1209 
f 1065//1065 1066//1066 1210//1210 
f 1066//1066 1067//1067 1211//1211 
f 1067//1067 1068//1068 1212//1212 
f 1068//1068 1069//1069 1213//1213 
f 1069//1069 1070//1070 1214//1214 
f 1070//1070 1071//1071 1215//1215 
f 1071//1071 1072//1072 1216//1216 
f 1072//1072 1073//1073 1217//1217 
f 1073//1073 1074//1074 1218//1218 
f 1074//1074 1075//1075 1219//1219 
f 1075//1075 1076//1076 1220//1220 
f 1076//1076 1077//1077 1221//1221 
f 1077//1077 1078//1078 1222//1222 
f 1078//1078 1079//1079 1223//1223 
f 1079//1079 1080//1080 1224//1224 
f 1080//1080 1081//1081 1225//1225 
f 1081//1081 1082//1082 1226//1226 
f 1082//1082 1083//1083 1227//1227 
f 1083//1083 1084//1084 1228//1228 
f 1084//1084 1085//1085 1229//1229 
f 1085//1085 1086//1086 1230//1230 
f 1086//1086 1087//1087 1231//1231 
f 1087//1087 1088//1088 1232//1232 
f 1088//1088 1089//1089 1233//1233 
f 1089//1089 1090//1090 1234//1234 
f 1090//1090 1091//1091 1235//1235 
f 1091//1091 1092//1092 1236//1236 
f 1092//1092 1093//1093 1237//1237 
f 1093//1093 1094//1094 1238//1238 
f 1094//1094 1095//1095 1239//1239 
f 1095//1095 1096//1096 1240//1240 
f 1096//1096 1097//1097 1241//1241 
f 1097//1097 1098//1098 1242//1242 
f 1098//1098 1099//1099 1243//1243 
f 1099//1099 1100//1100 1244//1244 
f 1100//1100 1101//1101 1245//1245 
f 1101//1101 1102//1102 1246//1246 
f 1102//1102 1103//1103 1247//1247 
f 1103//1103 1104//1104 1248//1248 
f 1104//1104 1105//1105 1249//1249 
f 1105//1105 1106//1106 1250//1250 
f 1106//1106 1107//1107 1251//1251 
f 1107//1107 1108//1108 1252//1252 
f 1108//1108 1109//1109 1253//1253 
f 1109//1109 1110//1110 1254//1254 
f 1110//1110 1111//1111 1255//1255 
f 1111//1111 1112//1112 1256//1256 
f 1112//1112 1113//1113 1257//1257 
f 1113//1113 1114//1114 1258//1258 
f 1114//1114 1115//1115 1259//1259 
f 1115//1115 1116//1116 1260//1260 
f 1116//1116 1117//1117 1261//1261 
f 1117//1117 1118//1118 1262//1262 
f 1118//1118 1119//1119 1263//1263 
f 1119//1119 1120//1120 1264//1264 
f 1120//1120 1121//1121 1265//1265 
f 1121//1121 1122//1122 1266//1266 
f 1122//1122 1123//1123 1267//1267 
f 1123//1123 1124//1124 1268//1268 
f 1124//1124 1125//1125 1269//1269 
f 1125//1125 1126//1126 1270//1270 
f 1126//1126 1127//1127 1271//1271 
f 1127//1127 1128//1128 1272//1272 
f 1128//1128 1129//1129 1273//1273 
f 1129//1129 1130//1130 1274//1274 
f 1130//1130 1131//1131 1275//1275 
f 1131//1131 1132//1132 1276//1276 
f 1132//1132 1133//1133 1277//1277 
f 1133//1133 1134//1134 1278//1278 
f 1134//1134 1135//1135 1279//1279 
f 1135//1135 1136//1136 1280//1280 
f 1136//1136 1137//1137 1281//1281 
f 1137//1137 1138//1138 1282//1282 
f 1138//1138 1139//1139 1283//1283 
f 1139//1139 1140//1140 1284//1284 
f 1140//1140 1141//1141 1285//1285 
f 1141//1141 1142//1142 1286//1286 
f 1142//1142 1143//1143 1287//1287 
f 1143//1143 1144//1144 1288//1288 
f 1144//1144 1145//1145 1289//1289 
f 1145//1145 1146//1146 1290//1290 
f 1146//1146 1147//1147 1291//1291 
f 1147//1147 1148//1148 1292//1292 
f 1148//1148 1149//1149 1293//1293 
f 1149//1149 1150//1150 1294//1294 
f 1150//1150 1151//1151 1295//1295 
f 1151//1151 1152//1152 1296//1296 
f 1296//1296 1153//1153 1297//1297 
f 1153//1153 1154//1154 1298//1298 
f 1154//1154 1155//1155 1299//1299 
f 1155//1155 1156//1156 1300//1300 
f 1156//1156 1157//1157 1301//1301 
f 1157//1157 1158//1158 1302//1302 
f 1158//1158 1159//1159 1303//1303 
f 1159//1159 1160//1160 1304//1304 
f 1160//1160 1161//1161 1305//1305 
f 1161//1161 1162//1162 1306//1306 
f 1162//1162 1163//1163 1307//1307 
f 1163//1163 1164//1164 1308//1308 
f 1164//1164 1165//1165 1309//1309 
f 1165//1165 1166//1166 1310//1310 
f 1166//1166 1167//1167 1311//1311 
f 1167//1167 1168//1168 1312//1312 
f 1168//1168 1169//1169 1313//1313 
f 1169//1169 1170//1170 1314//1314 
f 1170//1170 1171//1171 1315//1315 
f 1171//1171 1172//1172 1316//1316 
f 1172//1172 1173//1173 1317//1317 
f 1173//1173 1174//1174 1318//1318 
f 1174//1174 1175//1175 1319//1319 
f 1175//1175 1176//1176 1320//1320 
f 1176//1176 1177//1177 1321//1321 
f 1177//1177 1178//1178 1322//1322 
f 1178//1178 1179//1179 1323//1323 
f 1179//1179 1180//1180 1324//1324 
f 1180//1180 1181//1181 1325//1325 
f 1181//1181 1182//1182 1326//1326 
f 1182//1182 1183//1183 1327//1327 
f 1183//1183 1184//1184 1328//1328 
f 1184//1184 1185//1185 1329//1329 
f 1185//1185 1186//1186 1330//1330 
f 1186//1186 1187//1187 1331//1331 
f 1187//1187 1188//1188 1332//1332 
f 1188//1188 1189//1189 1333//1333 
f 1189//1189 1190//1190 1334//1334 
f 1190//1190 1191//1191 1335//1335 
f 1191//1191 1192//1192 1336//1336 
f 1192//1192 1193//1193 1337//1337 
f 1193//1193 1194//1194 1338//1338 
f 1194//1194 1195//1195 1339//1339 
f 1195//1195 1196//1196 1340//1340 
f 1196//1196 1197//1197 1341//1341 
f 1197//1197 1198//1198 1342//1342 
f 1198//1198 1199//1199 1343//1343 
f 1199//1199 1200//1200 1344//1344 
f 1200//1200 1201//1201 1345//1345 
f 1201//1201 1202//1202 1346//1346 
f 1202//1202 1203//1203 1347//1347 
f 1203//1203 1204//1204 1348//1348 
f 1204//1204 1205//1205 1349//1349 
f 1205//1205 1206//1206 1350//1350 
f 1206//1206 1207//1207 1351//1351 
f 1207//1207 1208//1208 1352//1352 
f 1208//1208 1209//1209 1353//1353 
f 1209//1209 1210//1210 1354//1354 
f 1210//1210 1211//1211 1355//1355 
f 1211//1211 1212//1212 1356//1356 
f 1212//1212 1213//1213 1357//1357 
f 1213//1213 1214//1214 1358//1358 
f 1214//1214 1215//1215 1359//1359 
f 1215//1215 1216//1216 1360//1360 
f 1216//1216 1217//1217 1361//1361 
f 1217//1217 1218//1218 1362//1362 
f 1218//1218 1219//1219 1363//1363 
f 1219//1219 1220//1220 1364//1364 
f 1220//1220 1221//1221 1365//1365 
f 1221//1221 1222//1222 1366//1366 
f 1222//1222 1223//1223 1367//1367 
f 1223//1223 1224//1224 1368//1368 
f 1224//1224 1225//1225 1369//1369 
f 1225//1225 1226//1226 1370//1370 
f 1226//1226 1227//1227 1371//1371 
f 1227//1227 1228//1228 1372//1372 
f 1228//1228 1229//1229 1373//1373 
f 1229//1229 1230//1230 1374//1374 
f 1230//1230 1231//1231 1375//1375 
f 1231//1231 1232//1232 1376//1376 
f 1232//1232 1233//1233 1377//1377 
f 1233//1233 1234//1234 1378//1378 
f 1234//1234 1235//1235 1379//1379 
f 1235//1235 1236//1236 1380//1380 
f 1236//1236 1237//1237 1381//1381 
f 1237//1237 1238//1238 1382//1382 
f 1238//1238 1239//1239 1383//1383 
f 1239//1239 1240//1240 1384//1384 
f 1240//1240 1241//1241 1385//1385 
f 1241//1241 1242//1242 1386//1386 
f 1242//1242 1243//1243 1387//1387 
f 1243//1243 1244//1244 1388//1388 
f 1244//1244 1245//1245 1389//1389 
f 1245//1245 1246//1246 1390//1390 
f 1246//1246 1247//1247 1391//1391 
f 1247//1247 1248//1248 1392//1392 
f 1248//1248 1249//1249 1393//1393 
f 1249//1249 1250//1250 1394//1394 
f 1250//1250 1251//1251 1395//1395 
f 1251//1251 1252//1252 1396//1396 
f 1252//1252 1253//1253 1397//1397 
f 1253//1253 1254//1254 1398//1398 
f 1254//1254 1255//1255 1399//1399 
f 1255//1255 1256//1256 1400//1400 
f 1256//1256 1257//1257 1401//1401 
f 1257//1257 1258//1258 1402//1402 
f 1258//1258 1259//1259 1403//1403 
f 1259//1259 1260//1260 1404//1404 
f 1260//1260 1261//1261 1405//1405 
f 1261//1261 1262//1262 1406//1406 
f 1262//1262 1263//1263 1407//1407 
f 1263//1263 1264//1264 1408//1408 
f 1264//1264 1265//1265 1409//1409 
f 1265//1265 1266//1266 1410//1410 
f 1266//1266 1267//1267 1411//1411 
f 1267//1267 1268//1268 1412//1412 
f 1268//1268 1269//1269 1413//1413 
f 1269//1269 1270//1270 1414//1414 
f 1270//1270 1271//1271 1415//1415 
f 1271//1271 1272//1272 1416//1416 
f 1272//1272 1273//1273 1417//1417 
f 1273//1273 1274//1274 1418//1418 
f 1274//1274 1275//1275 1419//1419 
f 1275//1275 1276//1276 1420//1420 
f 1276//1276 1277//1277 1421//1421 
f 1277//1277 1278//1278 1422//1422 
f 1278//1278 1279//1279 1423//1423 
f 1279//1279 1280//1280 1424//1424 
f 1280//1280 1281//1281 1425//1425 
f 1281//1281 1282//1282 1426//1426 
f 1282//1282 1283//1283 1427//1427 
f 1283//1283 1284//1284 1428//1428 
f 1284//1284 1285//1285 1429//1429 
f 1285//1285 1286//1286 1430//1430 
f 1286//1286 1287//1287 1431//1431 
f 1287//1287 1288//1288 1432//1432 
f 1288//1288 1289//1289 1433//1433 
f 1289//1289 1290//1290 1434//1434 
f 1290//1290 1291//1291 1435//1435 
f 1291//1291 1292//1292 1436//1436 
f 1292//1292 1293//1293 1437//1437 
f 1293//1293 1294//1294 1438//1438 
f 1294//1294 1295//1295 1439//1439 
f 1295//1295 1296//1296 1440//1440 
f 1440//1440 1297//1297 1441//1441 
f 1297//1297 1298//1298 1442//1442 
f 1298//1298 1299//1299 1443//1443 
f 1299//1299 1300//1300 1444//1444 
f 1300//1300 1301//1301 1445//1445 
f 1301//1301 1302//1302 1446//1446 
f 1302//1302 1303//1303 1447//1447 
f 1303//1303 1304//1304 1448//1448 
f 1304//1304 1305//1305 1449//1449 
f 1305//1305 1306//1306 1450//1450 
f 1306//1306 1307//1307 1451//1451 
f 1307//1307 1308//1308 1452//1452 
f 1308//1308 1309//1309 1453//1453 
f 1309//1309 1310//1310 1454//1454 
f 1310//1310 1311//1311 1455//1455 
f 1311//1311 1312//1312 1456//1456 
f 1312//1312 1313//1313 1457//1457 
f 1313//1313 1314//1314 1458//1458 
f 1314//1314 1315//1315 1459//1459 
f 1315//1315 1316//1316 1460//1460 
f 1316//1316 1317//1317 1461//1461 
f 1317//1317 1318//1318 1462//1462 
f 1318//1318 1319//1319 1463//1463 
f 1319//1319 1320//1320 1464//1464 
f 1320//1320 1321//1321 1465//1465 
f 1321//1321 1322//1322 1466//1466 
f 1322//1322 1323//1323 1467//1467 
f 1323//1323 1324//1324 1468//1468 
f 1324//1324 1325//1325 1469//1469 
f 1325//1325 1326//1326 1470//1470 
f 1326//1326 1327//1327 1471//1471 
f 1327//1327 1328//1328 1472//1472 
f 1328//1328 1329//1329 1473//1473 
f 1329//1329 1330//1330 1474//1474 
f 1330//1330 1331//1331 1475//1475 
f 1331//1331 1332//1332 1476//1476 
f 1332//1332 1333//1333 1477//1477 
f 1333//1333 1334//1334 1478//1478 
f 1334//1334 1335//1335 1479//1479 
f 1335//1335 1336//1336 1480//1480 
f 1336//1336 1337//1337 1481//1481 
f 1337//1337 1338//1338 1482//1482 
f 1338//1338 1339//1339 1483//1483 
f 1339//1339 1340//1340 1484//1484 
f 1340//1340 1341//1341 1485//1485 
f 1341//1341 1342//1342 1486//1486 
f 1342//1342 1343//1343 1487//1487 
f 1343//1343 1344//1344 1488//1488 
f 1344//1344 1345//1345 1489//1489 
f 1345//1345 1346//1346 1490//1490 
f 1346//1346 1347//1347 1491//1491 
f 1347//1347 1348//1348 1492//1492 
f 1348//1348 1349//1349 1493//1493 
f 1349//1349 1350//1350 1494//1494 
f 1350//1350 1351//1351 1495//1495 
f 1351//1351 1352//1352 1496//1496 
f 1352//1352 1353//1353 1497//1497 
f 1353//1353 1354//1354 1498//1498 
f 1354//1354 1355//1355 1499//1499 
f 1355//1355 1356//1356 1500//1500 
f 1356//1356 1357//1357 1501//1501 
f 1357//1357 1358//1358 1502//1502 
f 1358//1358 1359//1359 1503//1503 
f 1359//1359 1360//1360 1504//1504 
f 1360//1360 1361//1361 1505//1505 
f 1361//1361 1362//1362 1506//1506 
f 1362//1362 1363//1363 1507//1507 
f 1363//1363 1364//1364 1508//1508 
f 1364//1364 1365//1365 1509//1509 
f 1365//1365 1366//1366 1510//1510 
f 1366//1366 1367//1367 1511//1511 
f 1367//1367 1368//1368 1512//1512 
f 1368//1368 1369//1369 1513//1513 
f 1369//1369 1370//1370 1514//1514 
f 1370//1370 1371//1371 1515//1515 
f 1371//1371 1372//1372 1516//1516 
f 1372//1372 1373//1373 1517//1517 
f 1373//1373 1374//1374 1518//1518 
f 1374//1374 1375//1375 1519//1519 
f 1375//1375 1376//1376 1520//1520 
f 1376//1376 1377//1377 1521//1521 
f 1377//1377 1378//1378 1522//1522 
f 1378//1378 1379//1379 1523//1523 
f 1379//1379 1380//1380 1524//1524 
f 1380//1380 1381//1381 1525//1525 
f 1381//1381 1382//1382 1526//1526 
f 1382//1382 1383//1383 1527//1527 
f 1383//1383 1384//1384 1528//1528 
f 1384//1384 1385//1385 1529//1529 
f 1385//1385 1386//1386 1530//1530 
f 1386//1386 1387//1387 1531//1531 
f 1387//1387 1388//1388 1532//1532 
f 1388//1388 1389//1389 1533//1533 
f 1389//1389 1390//1390 1534//1534 
f 1390//1390 1391//1391 1535//1535 
f 1391//1391 1392//1392 1536//1536 
f 1392//1392 1393//1393 1537//1537 
f 1393//1393 1394//1394 1538//1538 
f 1394//1394 1395//1395 1539//1539 
f 1395//1395 1396//1396 1540//1540 
f 1396//1396 1397//1397 1541//1541 
f 1397//1397 1398//1398 1542//1542 
f 1398//1398 1399//1399 1543//1543 
f 1399//1399 1400//1400 1544//1544 
f 1400//1400 1401//1401 1545//1545 
f 1401//1401 1402//1402 1546//1546 
f 1402//1402 1403//1403 1547//1547 
f 1403//1403 1404//1404 1548//1548 
f 1404//1404 1405//1405 1549//1549 
f 1405//1405 1406//1406 1550//1550 
f 1406//1406 1407//1407 1551//1551 
f 1407//1407 1408//1408 1552//1552 
f 1408//1408 1409//1409 1553//1553 
f 1409//1409 1410//1410 1554//1554 
f 1410//1410 1411//1411 1555//1555 
f 1411//1411 1412//1412 1556//1556 
f 1412//1412 1413//1413 1557//1557 
f 1413//1413 1414//1414 1558//1558 
f 1414//1414 1415//1415 1559//1559 
f 1415//1415 1416//1416 1560//1560 
f 1416//1416 1417//1417 1561//1561 
f 1417//1417 1418//1418 1562//1562 
f 1418//1418 1419//1419 1563//1563 
f 1419//1419 1420//1420 1564//1564 
f 1420//1420 1421//1421 1565//1565 
f 1421//1421 1422//1422 1566//1566 
f 1422//1422 1423//1423 1567//1567 
f 1423//1423 1424//1424 1568//1568 
f 1424//1424 1425//1425 1569//1569 
f 1425//1425 1426//1426 1570//1570 
f 1426//1426 1427//1427 1571//1571 
f 1427//1427 1428//1428 1572//1572 
f 1428//1428 1429//1429 1573//1573 
f 1429//1429 1430//1430 1574//1574 
f 1430//1430 1431//1431 1575//1575 
f 1431//1431 1432//1432 1576//1576 
f 1432//1432 1433//1433 1577//1577 
f 1433//1433 1434//1434 1578//1578 
f 1434//1434 1435//1435 1579//1579 
f 1435//1435 1436//1436 1580//1580 
f 1436//1436 1437//1437 1581//1581 
f 1437//1437 1438//1438 1582//1582 
f 1438//1438 1439//1439 1583//1583 
f 1439//1439 1440//1440 1584//1584 
f 1584//1584 1441//1441 1585//1585 
f 1441//1441 1442//1442 1586//1586 
f 1442//1442 1443//1443 1587//1587 
f 1443//1443 1444//1444 1588//1588 
f 1444//1444 1445//1445 1589//1589 
f 1445//1445 1446//1446 1590//1590 
f 1446//1446 1447//1447 1591//1591 
f 1447//1447 1448//1448 1592//1592 
f 1448//1448 1449//1449 1593//1593 
f 1449//1449 1450//1450 1594//1594 
f 1450//1450 1451//1451 1595//1595 
f 1451//1451 1452//1452 1596//1596 
f 1452//1452 1453//1453 1597//1597 
f 1453//1453 1454//1454 1598//1598 
f 1454//1454 1455//1455 1599//1599 
f 1455//1455 1456//1456 1600//1600 
f 1456//1456 1457//1457 1601//1601 
f 1457//1457 1458//1458 1602//1602 
f 1458//1458 1459//1459 1603//1603 
f 1459//1459 1460//1460 1604//1604 
f 1460//1460 1461//1461 1605//1605 
f 1461//1461 1462//1462 1606//1606 
f 1462//1462 1463//1463 1607//1607 
f 1463//1463 1464//1464 1608//1608 
f 1464//1464 1465//1465 1609//1609 
f 1465//1465 1466//1466 1610//1610 
f 1466//1466 1467//1467 1611//1611 
f 1467//1467 1468//1468 1612//1612 
f 1468//1468 1469//1469 1613//1613 
f 1469//1469 1470//1470 1614//1614 
f 1470//1470 1471//1471 1615//1615 
f 1471//1471 1472//1472 1616//1616 
f 1472//1472 1473//1473 1617//1617 
f 1473//1473 1474//1474 1618//1618 
f 1474//1474 1475//1475 1619//1619 
f 1475//1475 1476//1476 1620//1620 
f 1476//1476 1477//1477 1621//1621 
f 1477//1477 1478//1478 1622//1622 
f 1478//1478 1479//1479 1623//1623 
f 1479//1479 1480//1480 1624//1624 
f 1480//1480 1481//1481 1625//1625 
f 1481//1481 1482//1482 1626//1626 
f 1482//1482 1483//1483 1627//1627 
f 1483//1483 1484//1484 1628//1628 
f 1484//1484 1485//1485 1629//1629 
f 1485//1485 1486//1486 1630//1630 
f 1486//1486 1487//1487 1631//1631 
f 1487//1487 1488//1488 1632//1632 
f 1488//1488 1489//1489 1633//1633 
f 1489//1489 1490//1490 1634//1634 
f 1490//1490 1491//1491 1635//1635 
f 1491//1491 1492//1492 1636//1636 
f 1492//1492 1493//1493 1637//1637 
f 1493//1493 1494//1494 1638//1638 
f 1494//1494 1495//1495 1639//1639 
f 1495//1495 1496//1496 1640//1640 
f 1496//1496 1497//1497 1641//1641 
f 1497//1497 1498//1498 1642//1642 
f 1498//1498 1499//1499 1643//1643 
f 1499//1499 1500//1500 1644//1644 
f 1500//1500 1501//1501 1645//1645 
f 1501//1501 1502//1502 1646//1646 
f 1502//1502 1503//1503 1647//1647 
f 1503//1503 1504//1504 1648//1648 
f 1504//1504 1505//1505 1649//1649 
f 1505//1505 1506//1506 1650//1650 
f 1506//1506 1507//1507 1651//1651 
f 1507//1507 1508//1508 1652//1652 
f 1508//1508 1509//1509 1653//1653 
f 1509//1509 1510//1510 1654//1654 
f 1510//1510 1511//1511 1655//1655 
f 1511//1511 1512//1512 1656//1656 
f 1512//1512 1513//1513 1657//1657 
f 1513//1513 1514//1514 1658//1658 
f 1514//1514 1515//1515 1659//1659 
f 1515//1515 1516//1516 1660//1660 
f 1516//1516 1517//1517 1661//1661 
f 1517//1517 1518//1518 1662//1662 
f 1518//1518 1519//1519 1663//1663 
f 1519//1519 1520//1520 1664//1664 
f 1520//1520 1521//1521 1665//1665 
f 1521//1521 1522//1522 1666//1666 
f 1522//1522 1523//1523 1667//1667 
f 1523//1523 1524//1524 1668//1668 
f 1524//1524 1525//1525 1669//1669 
f 1525//1525 1526//1526 1670//1670 
f 1526//1526 1527//1527 1671//1671 
f 1527//1527 1528//1528 1672//1672 
f 1528//1528 1529//1529 1673//1673 
f 1529//1529 1530//1530 1674//1674 
f 1530//1530 1531//1531 1675//1675 
f 1531//1531 1532//1532 1676//1676 
f 1532//1532 1533//1533 1677//1677 
f 1533//1533 1534//1534 1678//1678 
f 1534//1534 1535//1535 1679//1679 
f 1535//1535 1536//1536 1680//1680 
f 1536//1536 1537//1537 1681//1681 
f 1537//1537 1538//1538 1682//1682 
f 1538//1538 1539//1539 1683//1683 
f 1539//1539 1540//1540 1684//1684 
f 1540//1540 1541//1541 1685//1685 
f 1541//1541 1542//1542 1686//1686 
f 1542//1542 1543//1543 1687//1687 
f 1543//1543 1544//1544 1688//1688 
f 1544//1544 1545//1545 1689//1689 
f 1545//1545 1546//1546 1690//1690 
f 1546//1546 1547//1547 1691//1691 
f 1547//1547 1548//1548 1692//1692 
f 1548//1548 1549//1549 1693//1693 
f 1549//1549 1550//1550 1694//1694 
f 1550//1550 1551//1551 1695//1695 
f 1551//1551 1552//1552 1696//1696 
f 1552//1552 1553//1553 1697//1697 
f 1553//1553 1554//1554 1698//1698 
f 1554//1554 1555//1555 1699//1699 
f 1555//1555 1556//1556 1700//1700 
f 1556//1556 1557//1557 1701//1701 
f 1557//1557 1558//1558 1702//1702 
f 1558//1558 1559//1559 1703//1703 
f 1559//1559 1560//1560 1704//1704 
f 1560//1560 1561//1561 1705//1705 
f 1561//1561 1562//1562 1706//1706 
f 1562//1562 1563//1563 1707//1707 
f 1563//1563 1564//1564 1708//1708 
f 1564//1564 1565//1565 1709//1709 
f 1565//1565 1566//1566 1710//1710 
f 1566//1566 1567//1567 1711//1711 
f 1567//1567 1568//1568 1712//1712 
f 1568//1568 1569//1569 1713//1713 
f 1569//1569 1570//1570 1714//1714 
f 1570//1570 1571//1571 1715//1715 
f 1571//1571 1572//1572 1716//1716 
f 1572//1572 1573//1573 1717//1717 
f 1573//1573 1574//1574 1718//1718 
f 1574//1574 1575//1575 1719//1719 
f 1575//1575 1576//1576 1720//1720 
f 1576//1576 1577//1577 1721//1721 
f 1577//1577 1578//1578 1722//1722 
f 1578//1578 1579//1579 1723//1723 
f 1579//1579 1580//1580 1724//1724 
f 1580//1580 1581//1581 1725//1725 
f 1581//1581 1582//1582 1726//1726 
f 1582//1582 1583//1583 1727//1727 
f 1583//1583 1584//1584 1728//1728 
f 1728//1728 1585//1585 1729//1729 
f 1585//1585 1586//1586 1730//1730 
f 1586//1586 1587//1587 1731//1731 
f 1587//1587 1588//1588 1732//1732 
f 1588//1588 1589//1589 1733//1733 
f 1589//1589 1590//1590 1734//1734 
f 1590//1590 1591//1591 1735//1735 
f 1591//1591 1592//1592 1736//1736 
f 1592//1592 1593//1593 1737//1737 
f 1593//1593 1594//1594 1738//1738 
f 1594//1594 1595//1595 1739//1739 
f 1595//1595 1596//1596 1740//1740 
f 1596//1596 1597//1597 1741//1741 
f 1597//1597 1598//1598 1742//1742 
f 1598//1598 1599//1599 1743//1743 
f 1599//1599 1600//1600 1744//1744 
f 1600//1600 1601//1601 1745//1745 
f 1601//1601 1602//1602 1746//1746 
f 1602//1602 1603//1603 1747//1747 
f 1603//1603 1604//1604 1748//1748 
f 1604//1604 1605//1605 1749//1749 
f 1605//1605 1606//1606 1750//1750 
f 1606//1606 1607//1607 1751//1751 
f 1607//1607 1608//1608 1752//1752 
f 1608//1608 1609//1609 1753//1753 
f 1609//1609 1610//1610 1754//1754 
f 1610//1610 1611//1611 1755//1755 
f 1611//1611 1612//1612 1756//1756 
f 1612//1612 1613//1613 1757//1757 
f 1613//1613 1614//1614 1758//1758 
f 1614//1614 1615//1615 1759//1759 
f 1615//1615 1616//1616 1760//1760 
f 1616//1616 1617//1617 1761//1761 
f 1617//1617 1618//1618 1762//1762 
f 1618//1618 1619//1619 1763//1763 
f 1619//1619 1620//1620 1764//1764 
f 1620//1620 1621//1621 1765//1765 
f 1621//1621 1622//1622 1766//1766 
f 1622//1622 1623//1623 1767//1767 
f 1623//1623 1624//1624 1768//1768 
f 1624//1624 1625//1625 1769//1769 
f 1625//1625 1626//1626 1770//1770 
f 1626//1626 1627//1627 1771//1771 
f 1627//1627 1628//1628 1772//1772 
f 1628//1628 1629//1629 1773//1773 
f 1629//1629 1630//1630 1774//1774 
f 1630//1630 1631//1631 1775//1775 
f 1631//1631 1632//1632 1776//1776 
f 1632//1632 1633//1633 1777//1777 
f 1633//1633 1634//1634 1778//1778 
f 1634//1634 1635//1635 1779//1779 
f 1635//1635 1636//1636 1780//1780 
f 1636//1636 1637//1637 1781//1781 
f 1637//1637 1638//1638 1782//1782 
f 1638//1638 1639//1639 1783//1783 
f 1639//1639 1640//1640 1784//1784 
f 1640//1640 1641//1641 1785//1785 
f 1641//1641 1642//1642 1786//1786 
f 1642//1642 1643//1643 1787//1787 
f 1643//1643 1644//1644 1788//1788 
f 1644//1644 1645//1645 1789//1789 
f 1645//1645 1646//1646 1790//1790 
f 1646//1646 1647//1647 1791//1791 
f 1647//1647 1648//1648 1792//1792 
f 1648//1648 1649//1649 1793//1793 
f 1649//1649 1650//1650 1794//1794 
f 1650//1650 1651//1651 1795//1795 
f 1651//1651 1652//1652 1796//1796 
f 1652//1652 1653//1653 1797//1797 
f 1653//1653 1654//1654 1798//1798 
f 1654//1654 1655//1655 1799//1799 
f 1655//1655 1656//1656 1800//1800 
f 1656//1656 1657//1657 1801//1801 
f 1657//1657 1658//1658 1802//1802 
f 1658//1658 1659//1659 1803//1803 
f 1659//1659 1660//1660 1804//1804 
f 1660//1660 1661//1661 1805//1805 
f 1661//1661 1662//1662 1806//1806 
f 1662//1662 1663//1663 1807//1807 
f 1663//1663 1664//1664 1808//1808 
f 1664//1664 1665//1665 1809//1809 
f 1665//1665 1666//1666 1810//1810 
f 1666//1666 1667//1667 1811//1811 
f 1667//1667 1668//1668 1812//1812 
f 1668//1668 1669//1669 1813//1813 
f 1669//1669 1670//1670 1814//1814 
f 1670//1670 1671//1671 1815//1815 
f 1671//1671 1672//1672 1816//1816 
f 1672//1672 1673//1673 1817//1817 
f 1673//1673 1674//1674 1818//1818 
f 1674//1674 1675//1675 1819//1819 
f 1675//1675 1676//1676 1820//1820 
f 1676//1676 1677//1677 1821//1821 
f 1677//1677 1678//1678 1822//1822 
f 1678//1678 1679//1679 1823//1823 
f 1679//1679 1680//1680 1824//1824 
f 1680//1680 1681//1681 1825//1825 
f 1681//1681 1682//1682 1826//1826 
f 1682//1682 1683//1683 1827//1827 
f 1683//1683 1684//1684 1828//1828 
f 1684//1684 1685//1685 1829//1829 
f 1685//1685 1686//1686 1830//1830 
f 1686//1686 1687//1687 1831//1831 
f 1687//1687 1688//1688 1832//1832 
f 1688//1688 1689//1689 1833//1833 
f 1689//1689 1690//1690 1834//1834 
f 1690//1690 1691//1691 1835//1835 
f 1691//1691 1692//1692 1836//1836 
f 1692//1692 1693//1693 1837//1837 
f 1693//1693 1694//1694 1838//1838 
f 1694//1694 1695//1695 1839//1839 
f 1695//1695 1696//1696 1840//1840 
f 1696//1696 1697//1697 1841//1841 
f 1697//1697 1698//1698 1842//1842 
f 1698//1698 1699//1699 1843//1843 
f 1699//1699 1700//1700 1844//1844 
f 1700//1700 1701//1701 1845//1845 
f 1701//1701 1702//1702 1846//1846 
f 1702//1702 1703//1703 1847//1847 
f 1703//1703 1704//1704 1848//1848 
f 1704//1704 1705//1705 1849//1849 
f 1705//1705 1706//1706 1850//1850 
f 1706//1706 1707//1707 1851//1851 
f 1707//1707 1708//1708 1852//1852 
f 1708//1708 1709//1709 1853//1853 
f 1709//1709 1710//1710 1854//1854 
f 1710//1710 1711//1711 1855//1855 
f 1711//1711 1712//1712 1856//1856 
f 1712//1712 1713//1713 1857//1857 
f 1713//1713 1714//1714 1858//1858 
f 1714//1714 1715//1715 1859//1859 
f 1715//1715 1716//1716 1860//1860 
f 1716//1716 1717//1717 1861//1861 
f 1717//1717 1718//1718 1862//1862 
f 1718//1718 1719//1719 1863//1863 
f 1719//1719 1720//1720 1864//1864 
f 1720//1720 1721//1721 1865//1865 
f 1721//1721 1722//1722 1866//1866 
f 1722//1722 1723//1723 1867//1867 
f 1723//1723 1724//1724 1868//1868 
f 1724//1724 1725//1725 1869//1869 
f 1725//1725 1726//1726 1870//1870 
f 1726//1726 1727//1727 1871//1871 
f 1727//1727 1728//1728 1872//1872 
f 1872//1872 1729//1729 1873//1873 
f 1729//1729 1730//1730 1874//1874 
f 1730//1730 1731//1731 1875//1875 
f 1731//1731 1732//1732 1876//1876 
f 1732//1732 1733//1733 1877//1877 
f 1733//1733 1734//1734 1878//1878 
f 1734//1734 1735//1735 1879//1879 
f 1735//1735 1736//1736 1880//1880 
f 1736//1736 1737//1737 1881//1881 
f 1737//1737 1738//1738 1882//1882 
f 1738//1738 1739//1739 1883//1883 
f 1739//1739 1740//1740 1884//1884 
f 1740//1740 1741//1741 1885//1885 
f 1741//1741 1742//1742 1886//1886 
f 1742//1742 1743//1743 1887//1887 
f 1743//1743 1744//1744 1888//1888 
f 1744//1744 1745//1745 1889//1889 
f 1745//1745 1746//1746 1890//1890 
f 1746//1746 1747//1747 1891//1891 
f 1747//1747 1748//1748 1892//1892 
f 1748//1748 1749//1749 1893//1893 
f 1749//1749 1750//1750 1894//1894 
f 1750//1750 1751//1751 1895//1895 
f 1751//1751 1752//1752 1896//1896 
f 1752//1752 1753//1753 1897//1897 
f 1753//1753 1754//1754 1898//1898 
f 1754//1754 1755//1755 1899//1899 
f 1755//1755 1756//1756 1900//1900 
f 1756//1756 1757//1757 1901//1901 
f 1757//1757 1758//1758 1902//1902 
f 1758//1758 1759//1759 1903//1903 
f 1759//1759 1760//1760 1904//1904 
f 1760//1760 1761//1761 1905//1905 
f 1761//1761 1762//1762 1906//1906 
f 1762//1762 1763//1763 1907//1907 
f 1763//1763 1764//1764 1908//1908 
f 1764//1764 1765//1765 1909//1909 
f 1765//1765 1766//1766 1910//1910 
f 1766//1766 1767//1767 1911//1911 
f 1767//1767 1768//1768 1912//1912 
f 1768//1768 1769//1769 1913//1913 
f 1769//1769 1770//1770 1914//1914 
f 1770//1770 1771//1771 1915//1915 
f 1771//1771 1772//1772 1916//1916 
f 1772//1772 1773//1773 1917//1917 
f 1773//1773 1774//1774 1918//1918 
f 1774//1774 1775//1775 1919//1919 
f 1775//1775 1776//1776 1920//1920 
f 1776//1776 1777//1777 1921//1921 
f 1777//1777 1778//1778 1922//1922 
f 1778//1778 1779//1779 1923//1923 
f 1779//1779 1780//1780 1924//1924 
f 1780//1780 1781//1781 1925//1925 
f 1781//1781 1782//1782 1926//1926 
f 1782//1782 1783//1783 1927//1927 
f 1783//1783 1784//1784 1928//1928 
f 1784//1784 1785//1785 1929//1929 
f 1785//1785 1786//1786 1930//1930 
f 1786//1786 1787//1787 1931//1931 
f 1787//1787 1788//1788 1932//1932 
f 1788//1788 1789//1789 1933//1933 
f 1789//1789 1790//1790 1934//1934 
f 1790//1790 1791//1791 1935//1935 
f 1791//1791 1792//1792 1936//1936 
f 1792//1792 1793//1793 1937//1937 
f 1793//1793 1794//1794 1938//1938 
f 1794//1794 1795//1795 1939//1939 
f 1795//1795 1796//1796 1940//1940 
f 1796//1796 1797//1797 1941//1941 
f 1797//1797 1798//1798 1942//1942 
f 1798//1798 1799//1799 1943//1943 
f 1799//1799 1800//1800 1944//1944 
f 1800//1800 1801//1801 1945//1945 
f 1801//1801 1802//1802 1946//1946 
f 1802//1802 1803//1803 1947//1947 
f 1803//1803 1804//1804 1948//1948 
f 1804//1804 1805//1805 1949//1949 
f 1805//1805 1806//1806 1950//1950 
f 1806//1806 1807//1807 1951//1951 
f 1807//1807 1808//1808 1952//1952 
f 1808//1808 1809//1809 1953//1953 
f 1809//1809 1810//1810 1954//1954 
f 1810//1810 1811//1811 1955//1955 
f 1811//1811 1812//1812 1956//1956 
f 1812//1812 1813//1813 1957//1957 
f 1813//1813 1814//1814 1958//1958 
f 1814//1814 1815//1815 1959//1959 
f 1815//1815 1816//1816 1960//1960 
f 1816//1816 1817//1817 1961//1961 
f 1817//1817 1818//1818 1962//1962 
f 1818//1818 1819//1819 1963//1963 
f 1819//1819 1820//1820 1964//1964 
f 1820//1820 1821//1821 1965//1965 
f 1821//1821 1822//1822 1966//1966 
f 1822//1822 1823//1823 1967//1967 
f 1823//1823 1824//1824 1968//1968 
f 1824//1824 1825//1825 1969//1969 
f 1825//1825 1826//1826 1970//1970 
f 1826//1826 1827//1827 1971//1971 
f 1827//1827 1828//1828 1972//1972 
f 1828//1828 1829//1829 1973//1973 
f 1829//1829 1830//1830 1974//1974 
f 1830//1830 1831//1831 1975//1975 
f 1831//1831 1832//1832 1976//1976 
f 1832//1832 1833//1833 1977//1977 
f 1833//1833 1834//1834 1978//1978 
f 1834//1834 1835//1835 1979//1979 
f 1835//1835 1836//1836 1980//1980 
f 1836//1836 1837//1837 1981//1981 
f 1837//1837 1838//1838 1982//1982 
f 1838//1838 1839//1839 1983//1983 
f 1839//1839 1840//1840 1984//1984 
f 1840//1840 1841//1841 1985//1985 
f 1841//1841 1842//1842 1986//1986 
f 1842//1842 1843//1843 1987//1987 
f 1843//1843 1844//1844 1988//1988 
f 1844//1844 1845//1845 1989//1989 
f 1845//1845 1846//1846 1990//1990 
f 1846//1846 1847//1847 1991//1991 
f 1847//1847 1848//1848 1992//1992 
f 1848//1848 1849//1849 1993//1993 
f 1849//1849 1850//1850 1994//1994 
f 1850//1850 1851//1851 1995//1995 
f 1851//1851 1852//1852 1996//1996 
f 1852//1852 1853//1853 1997//1997 
f 1853//1853 1854//1854 1998//1998 
f 1854//1854 1855//1855 1999//1999 
f 1855//1855 1856//1856 2000//2000 
f 1856//1856 1857//1857 2001//2001 
f 1857//1857 1858//1858 2002//2002 
f 1858//1858 1859//1859 2003//2003 
f 1859//1859 1860//1860 2004//2004 
f 1860//1860 1861//1861 2005//2005 
f 1861//1861 1862//1862 2006//2006 
f 1862//1862 1863//1863 2007//2007 
f 1863//1863 1864//1864 2008//2008 
f 1864//1864 1865//1865 2009//2009 
f 1865//1865 1866//1866 2010//2010 
f 1866//1866 1867//1867 2011//2011 
f 1867//1867 1868//1868 2012//2012 
f 1868//1868 1869//1869 2013//2013 
f 1869//1869 1870//1870 2014//2014 
f 1870//1870 1871//1871 2015//2015 
f 1871//1871 1872//1872 2016//2016 
f 2016//2016 1873//1873 2017//2017 
f 1873//1873 1874//1874 2018//2018 
f 1874//1874 1875//1875 2019//2019 
f 1875//1875 1876//1876 2020//2020 
f 1876//1876 1877//1877 2021//2021 
f 1877//1877 1878//1878 2022//2022 
f 1878//1878 1879//1879 2023//2023 
f 1879//1879 1880//1880 2024//2024 
f 1880//1880 1881//1881 2025//2025 
f 1881//1881 1882//1882 2026//2026 
f 1882//1882 1883//1883 2027//2027 
f 1883//1883 1884//1884 2028//2028 
f 1884//1884 1885//1885 2029//2029 
f 1885//1885 1886//1886 2030//2030 
f 1886//1886 1887//1887 2031//2031 
f 1887//1887 1888//1888 2032//2032 
f 1888//1888 1889//1889 2033//2033 
f 1889//1889 1890//1890 2034//2034 
f 1890//1890 1891//1891 2035//2035 
f 1891//1891 1892//1892 2036//2036 
f 1892//1892 1893//1893 2037//2037 
f 1893//1893 1894//1894 2038//2038 
f 1894//1894 1895//1895 2039//2039 
f 1895//1895 1896//1896 2040//2040 
f 1896//1896 1897//1897 2041//2041 
f 1897//1897 1898//1898 2042//2042 
f 1898//1898 1899//1899 2043//2043 
f 1899//1899 1900//1900 2044//2044 
f 1900//1900 1901//1901 2045//2045 
f 1901//1901 1902//1902 2046//2046 
f 1902//1902 1903//1903 2047//2047 
f 1903//1903 1904//1904 2048//2048 
f 1904//1904 1905//1905 2049//2049 
f 1905//1905 1906//1906 2050//2050 
f 1906//1906 1907//1907 2051//2051 
f 1907//1907 1908//1908 2052//2052 
f 1908//1908 1909//1909 2053//2053 
f 1909//1909 1910//1910 2054//2054 
f 1910//1910 1911//1911 2055//2055 
f 1911//1911 1912//1912 2056//2056 
f 1912//1912 1913//1913 2057//2057 
f 1913//1913 1914//1914 2058//2058 
f 1914//1914 1915//1915 2059//2059 
f 1915//1915 1916//1916 2060//2060 
f 1916//1916 1917//1917 2061//2061 
f 1917//1917 1918//1918 2062//2062 
f 1918//1918 1919//1919 2063//2063 
f 1919//1919 1920//1920 2064//2064 
f 1920//1920 1921//1921 2065//2065 
f 1921//1921 1922//1922 2066//2066 
f 1922//1922 1923//1923 2067//2067 
f 1923//1923 1924//1924 2068//2068 
f 1924//1924 1925//1925 2069//2069 
f 1925//1925 1926//1926 2070//2070 
f 1926//1926 1927//1927 2071//2071 
f 1927//1927 1928//1928 2072//2072 
f 1928//1928 1929//1929 2073//2073 
f 1929//1929 1930//1930 2074//2074 
f 1930//1930 1931//1931 2075//2075 
f 1931//1931 1932//1932 2076//2076 
f 1932//1932 1933//1933 2077//2077 
f 1933//1933 1934//1934 2078//2078 
f 1934//1934 1935//1935 2079//2079 
f 1935//1935 1936//1936 2080//2080 
f 1936//1936 1937//1937 2081//2081 
f 1937//1937 1938//1938 2082//2082 
f 1938//1938 1939//1939 2083//2083 
f 1939//1939 1940//1940 2084//2084 
f 1940//1940 1941//1941 2085//2085 
f 1941//1941 1942//1942 2086//2086 
f 1942//1942 1943//1943 2087//2087 
f 1943//1943 1944//1944 2088//2088 
f 1944//1944 1945//1945 2089//2089 
f 1945//1945 1946//1946 2090//2090 
f 1946//1946 1947//1947 2091//2091 
f 1947//1947 1948//1948 2092//2092 
f 1948//1948 1949//1949 2093//2093 
f 1949//1949 1950//1950 2094//2094 
f 1950//1950 1951//1951 2095//2095 
f 1951//1951 1952//1952 2096//2096 
f 1952//1952 1953//1953 2097//2097 
f 1953//1953 1954//1954 2098//2098 
f 1954//1954 1955//1955 2099//2099 
f 1955//1955 1956//1956 2100//2100 
f 1956//1956 1957//1957 2101//2101 
f 1957//1957 1958//1958 2102//2102 
f 1958//1958 1959//1959 2103//2103 
f 1959//1959 1960//1960 2104//2104 
f 1960//1960 1961//1961 2105//2105 
f 1961//1961 1962//1962 2106//2106 
f 1962//1962 1963//1963 2107//2107 
f 1963//1963 1964//1964 2108//2108 
f 1964//1964 1965//1965 2109//2109 
f 1965//1965 1966//1966 2110//2110 
f 1966//1966 1967//1967 2111//2111 
f 1967//1967 1968//1968 2112//2112 
f 1968//1968 1969//1969 2113//2113 
f 1969//1969 1970//1970 2114//2114 
f 1970//1970 1971//1971 2115//2115 
f 1971//1971 1972//1972 2116//2116 
f 1972//1972 1973//1973 2117//2117 
f 1973//1973 1974//1974 2118//2118 
f 1974//1974 1975//1975 2119//2119 
f 1975//1975 1976//1976 2120//2120 
f 1976//1976 1977//1977 2121//2121 
f 1977//1977 1978//1978 2122//2122 
f 1978//1978 1979//1979 2123//2123 
f 1979//1979 1980//1980 2124//2124 
f 1980//1980 1981//1981 2125//2125 
f 1981//1981 1982//1982 2126//2126 
f 1982//1982 1983//1983 2127//2127 
f 1983//1983 1984//1984 2128//2128 
f 1984//1984 1985//1985 2129//2129 
f 1985//1985 1986//1986 2130//2130 
f 1986//1986 1987//1987 2131//2131 
f 1987//1987 1988//1988 2132//2132 
f 1988//1988 1989//1989 2133//2133 
f 1989//1989 1990//1990 2134//2134 
f 1990//1990 1991//1991 2135//2135 
f 1991//1991 1992//1992 2136//2136 
f 1992//1992 1993//1993 2137//2137 
f 1993//1993 1994//1994 2138//2138 
f 1994//1994 1995//1995 2139//2139 
f 1995//1995 1996//1996 2140//2140 
f 1996//1996 1997//1997 2141//2141 
f 1997//1997 1998//1998 2142//2142 
f 1998//1998 1999//1999 2143//2143 
f 1999//1999 2000//2000 2144//2144 
f 2000//2000 2001//2001 2145//2145 
f 2001//2001 2002//2002 2146//2146 
f 2002//2002 2003//2003 2147//2147 
f 2003//2003 2004//2004 2148//2148 
f 2004//2004 2005//2005 2149//2149 
f 2005//2005 2006//2006 2150//2150 
f 2006//2006 2007//2007 2151//2151 
f 2007//2007 2008//2008 2152//2152 
f 2008//2008 2009//2009 2153//2153 
f 2009//2009 2010//2010 2154//2154 
f 2010//2010 2011//2011 2155//2155 
f 2011//2011 2012//2012 2156//2156 
f 2012//2012 2013//2013 2157//2157 
f 2013//2013 2014//2014 2158//2158 
f 2014//2014 2015//2015 2159//2159 
f 2015//2015 2016//2016 2160//2160 
f 2160//2160 2017//2017 2161//2161 
f 2017//2017 2018//2018 2162//2162 
f 2018//2018 2019//2019 2163//2163 
f 2019//2019 2020//2020 2164//2164 
f 2020//2020 2021//2021 2165//2165 
f 2021//2021 2022//2022 2166//2166 
f 2022//2022 2023//2023 2167//2167 
f 2023//2023 2024//2024 2168//2168 
f 2024//2024 2025//2025 2169//2169 
f 2025//2025 2026//2026 2170//2170 
f 2026//2026 2027//2027 2171//2171 
f 2027//2027 2028//2028 2172//2172 
f 2028//2028 2029//2029 2173//2173 
f 2029//2029 2030//2030 2174//2174 
f 2030//2030 2031//2031 2175//2175 
f 2031//2031 2032//2032 2176//2176 
f 2032//2032 2033//2033 2177//2177 
f 2033//2033 2034//2034 2178//2178 
f 2034//2034 2035//2035 2179//2179 
f 2035//2035 2036//2036 2180//2180 
f 2036//2036 2037//2037 2181//2181 
f 2037//2037 2038//2038 2182//2182 
f 2038//2038 2039//2039 2183//2183 
f 2039//2039 2040//2040 2184//2184 
f 2040//2040 2041//2041 2185//2185 
f 2041//2041 2042//2042 2186//2186 
f 2042//2042 2043//2043 2187//2187 
f 2043//2043 2044//2044 2188//2188 
f 2044//2044 2045//2045 2189//2189 
f 2045//2045 2046//2046 2190//2190 
f 2046//2046 2047//2047 2191//2191 
f 2047//2047 2048//2048 2192//2192 
f 2048//2048 2049//2049 2193//2193 
f 2049//2049 2050//2050 2194//2194 
f 2050//2050 2051//2051 2195//2195 
f 2051//2051 2052//2052 2196//2196 
f 2052//2052 2053//2053 2197//2197 
f 2053//2053 2054//2054 2198//2198 
f 2054//2054 2055//2055 2199//2199 
f 2055//2055 2056//2056 2200//2200 
f 2056//2056 2057//2057 2201//2201 
f 2057//2057 2058//2058 2202//2202 
f 2058//2058 2059//2059 2203//2203 
f 2059//2059 2060//2060 2204//2204 
f 2060//2060 2061//2061 2205//2205 
f 2061//2061 2062//2062 2206//2206 
f 2062//2062 2063//2063 2207//2207 
f 2063//2063 2064//2064 2208//2208 
f 2064//2064 2065//2065 2209//2209 
f 2065//2065 2066//2066 2210//2210 
f 2066//2066 2067//2067 2211//2211 
f 2067//2067 2068//2068 2212//2212 
f 2068//2068 2069//2069 2213//2213 
f 2069//2069 2070//2070 2214//2214 
f 2070//2070 2071//2071 2215//2215 
f 2071//2071 2072//2072 2216//2216 
f 2072//2072 2073//2073 2217//2217 
f 2073//2073 2074//2074 2218//2218 
f 2074//2074 2075//2075 2219//2219 
f 2075//2075 2076//2076 2220//2220 
f 2076//2076 2077//2077 2221//2221 
f 2077//2077 2078//2078 2222//2222 
f 2078//2078 2079//2079 2223//2223 
f 2079//2079 2080//2080 2224//2224 
f 2080//2080 2081//2081 2225//2225 
f 2081//2081 2082//2082 2226//2226 
f 2082//2082 2083//2083 2227//2227 
f 2083//2083 2084//2084 2228//2228 
f 2084//2084 2085//2085 2229//2229 
f 2085//2085 2086//2086 2230//2230 
f 2086//2086 2087//2087 2231//2231 
f 2087//2087 2088//2088 2232//2232 
f 2088//2088 2089//2089 2233//2233 
f 2089//2089 2090//2090 2234//2234 
f 2090//2090 2091//2091 2235//2235 
f 2091//2091 2092//2092 2236//2236 
f 2092//2092 2093//2093 2237//2237 
f 2093//2093 2094//2094 2238//2238 
f 2094//2094 2095//2095 2239//2239 
f 2095//2095 2096//2096 2240//2240 
f 2096//2096 2097//2097 2241//2241 
f 2097//2097 2098//2098 2242//2242 
f 2098//2098 2099//2099 2243//2243 
f 2099//2099 2100//2100 2244//2244 
f 2100//2100 2101//2101 2245//2245 
f 2101//2101 2102//2102 2246//2246 
f 2102//2102 2103//2103 2247//2247 
f 2103//2103 2104//2104 2248//2248 
f 2104//2104 2105//2105 2249//2249 
f 2105//2105 2106//2106 2250//2250 
f 2106//2106 2107//2107 2251//2251 
f 2107//2107 2108//2108 2252//2252 
f 2108//2108 2109//2109 2253//2253 
f 2109//2109 2110//2110 2254//2254 
f 2110//2110 2111//2111 2255//2255 
f 2111//2111 2112//2112 2256//2256 
f 2112//2112 2113//2113 2257//2257 
f 2113//2113 2114//2114 2258//2258 
f 2114//2114 2115//2115 2259//2259 
f 2115//2115 2116//2116 2260//2260 
f 2116//2116 2117//2117 2261//2261 
f 2117//2117 2118//2118 2262//2262 
f 2118//2118 2119//2119 2263//2263 
f 2119//2119 2120//2120 2264//2264 
f 2120//2120 2121//2121 2265//2265 
f 2121//2121 2122//2122 2266//2266 
f 2122//2122 2123//2123 2267//2267 
f 2123//2123 2124//2124 2268//2268 
f 2124//2124 2125//2125 2269//2269 
f 2125//2125 2126//2126 2270//2270 
f 2126//2126 2127//2127 2271//2271 
f 2127//2127 2128//2128 2272//2272 
f 2128//2128 2129//2129 2273//2273 
f 2129//2129 2130//2130 2274//2274 
f 2130//2130 2131//2131 2275//2275 
f 2131//2131 2132//2132 2276//2276 
f 2132//2132 2133//2133 2277//2277 
f 2133//2133 2134//2134 2278//2278 
f 2134//2134 2135//2135 2279//2279 
f 2135//2135 2136//2136 2280//2280 
f 2136//2136 2137//2137 2281//2281 
f 2137//2137 2138//2138 2282//2282 
f 2138//2138 2139//2139 2283//2283 
f 2139//2139 2140//2140 2284//2284 
f 2140//2140 2141//2141 2285//2285 
f 2141//2141 2142//2142 2286//2286 
f 2142//2142 2143//2143 2287//2287 
f 2143//2143 2144//2144 2288//2288 
f 2144//2144 2145//2145 2289//2289 
f 2145//2145 2146//2146 2290//2290 
f 2146//2146 2147//2147 2291//2291 
f 2147//2147 2148//2148 2292//2292 
f 2148//2148 2149//2149 2293//2293 
f 2149//2149 2150//2150 2294//2294 
f 2150//2150 2151//2151 2295//2295 
f 2151//2151 2152//2152 2296//2296 
f 2152//2152 2153//2153 2297//2297 
f 2153//2153 2154//2154 2298//2298 
f 2154//2154 2155//2155 2299//2299 
f 2155//2155 2156//2156 2300//2300 
f 2156//2156 2157//2157 2301//2301 
f 2157//2157 2158//2158 2302//2302 
f 2158//2158 2159//2159 2303//2303 
f 2159//2159 2160//2160 2304//2304 
f 2304//2304 2161//2161 2305//2305 
f 2161//2161 2162//2162 2306//2306 
f 2162//2162 2163//2163 2307//2307 
f 2163//2163 2164//2164 2308//2308 
f 2164//2164 2165//2165 2309//2309 
f 2165//2165 2166//2166 2310//2310 
f 2166//2166 2167//2167 2311//2311 
f 2167//2167 2168//2168 2312//2312 
f 2168//2168 2169//2169 2313//2313 
f 2169//2169 2170//2170 2314//2314 
f 2170//2170 2171//2171 2315//2315 
f 2171//2171 2172//2172 2316//2316 
f 2172//2172 2173//2173 2317//2317 
f 2173//2173 2174//2174 2318//2318 
f 2174//2174 2175//2175 2319//2319 
f 2175//2175 2176//2176 2320//2320 
f 2176//2176 2177//2177 2321//2321 
f 2177//2177 2178//2178 2322//2322 
f 2178//2178 2179//2179 2323//2323 
f 2179//2179 2180//2180 2324//2324 
f 2180//2180 2181//2181 2325//2325 
f 2181//2181 2182//2182 2326//2326 
f 2182//2182 2183//2183 2327//2327 
f 2183//2183 2184//2184 2328//2328 
f 2184//2184 2185//2185 2329//2329 
f 2185//2185 2186//2186 2330//2330 
f 2186//2186 2187//2187 2331//2331 
f 2187//2187 2188//2188 2332//2332 
f 2188//2188 2189//2189 2333//2333 
f 2189//2189 2190//2190 2334//2334 
f 2190//2190 2191//2191 2335//2335 
f 2191//2191 2192//2192 2336//2336 
f 2192//2192 2193//2193 2337//2337 
f 2193//2193 2194//2194 2338//2338 
f 2194//2194 2195//2195 2339//2339 
f 2195//2195 2196//2196 2340//2340 
f 2196//2196 2197//2197 2341//2341 
f 2197//2197 2198//2198 2342//2342 
f 2198//2198 2199//2199 2343//2343 
f 2199//2199 2200//2200 2344//2344 
f 2200//2200 2201//2201 2345//2345 
f 2201//2201 2202//2202 2346//2346 
f 2202//2202 2203//2203 2347//2347 
f 2203//2203 2204//2204 2348//2348 
f 2204//2204 2205//2205 2349//2349 
f 2205//2205 2206//2206 2350//2350 
f 2206//2206 2207//2207 2351//2351 
f 2207//2207 2208//2208 2352//2352 
f 2208//2208 2209//2209 2353//2353 
f 2209//2209 2210//2210 2354//2354 
f 2210//2210 2211//2211 2355//2355 
f 2211//2211 2212//2212 2356//2356 
f 2212//2212 2213//2213 2357//2357 
f 2213//2213 2214//2214 2358//2358 
f 2214//2214 2215//2215 2359//2359 
f 2215//2215 2216//2216 2360//2360 
f 2216//2216 2217//2217 2361//2361 
f 2217//2217 2218//2218 2362//2362 
f 2218//2218 2219//2219 2363//2363 
f 2219//2219 2220//2220 2364//2364 
f 2220//2220 2221//2221 2365//2365 
f 2221//2221 2222//2222 2366//2366 
f 2222//2222 2223//2223 2367//2367 
f 2223//2223 2224//2224 2368//2368 
f 2224//2224 2225//2225 2369//2369 
f 2225//2225 2226//2226 2370//2370 
f 2226//2226 2227//2227 2371//2371 
f 2227//2227 2228//2228 2372//2372 
f 2228//2228 2229//2229 2373//2373 
f 2229//2229 2230//2230 2374//2374 
f 2230//2230 2231//2231 2375//2375 
f 2231//2231 2232//2232 2376//2376 
f 2232//2232 2233//2233 2377//2377 
f 2233//2233 2234//2234 2378//2378 
f 2234//2234 2235//2235 2379//2379 
f 2235//2235 2236//2236 2380//2380 
f 2236//2236 2237//2237 2381//2381 
f 2237//2237 2238//2238 2382//2382 
f 2238//2238 2239//2239 2383//2383 
f 2239//2239 2240//2240 2384//2384 
f 2240//2240 2241//2241 2385//2385 
f 2241//2241 2242//2242 2386//2386 
f 2242//2242 2243//2243 2387//2387 
f 2243//2243 2244//2244 2388//2388 
f 2244//2244 2245//2245 2389//2389 
f 2245//2245 2246//2246 2390//2390 
f 2246//2246 2247//2247 2391//2391 
f 2247//2247 2248//2248 2392//2392 
f 2248//2248 2249//2249 2393//2393 
f 2249//2249 2250//2250 2394//2394 
f 2250//2250 2251//2251 2395//2395 
f 2251//2251 2252//2252 2396//2396 
f 2252//2252 2253//2253 2397//2397 
f 2253//2253 2254//2254 2398//2398 
f 2254//2254 2255//2255 2399//2399 
f 2255//2255 2256//2256 2400//2400 
f 2256//2256 2257//2257 2401//2401 
f 2257//2257 2258//2258 2402//2402 
f 2258//2258 2259//2259 2403//2403 
f 2259//2259 2260//2260 2404//2404 
f 2260//2260 2261//2261 2405//2405 
f 2261//2261 2262//2262 2406//2406 
f 2262//2262 2263//2263 2407//2407 
f 2263//2263 2264//2264 2408//2408 
f 2264//2264 2265//2265 2409//2409 
f 2265//2265 2266//2266 2410//2410 
f 2266//2266 2267//2267 2411//2411 
f 2267//2267 2268//2268 2412//2412 
f 2268//2268 2269//2269 2413//2413 
f 2269//2269 2270//2270 2414//2414 
f 2270//2270 2271//2271 2415//2415 
f 2271//2271 2272//2272 2416//2416 
f 2272//2272 2273//2273 2417//2417 
f 2273//2273 2274//2274 2418//2418 
f 2274//2274 2275//2275 2419//2419 
f 2275//2275 2276//2276 2420//2420 
f 2276//2276 2277//2277 2421//2421 
f 2277//2277 2278//2278 2422//2422 
f 2278//2278 2279//2279 2423//2423 
f 2279//2279 2280//2280 2424//2424 
f 2280//2280 2281//2281 2425//2425 
f 2281//2281 2282//2282 2426//2426 
f 2282//2282 2283//2283 2427//2427 
f 2283//2283 2284//2284 2428//2428 
f 2284//2284 2285//2285 2429//2429 
f 2285//2285 2286//2286 2430//2430 
f 2286//2286 2287//2287 2431//2431 
f 2287//2287 2288//2288 2432//2432 
f 2288//2288 2289//2289 2433//2433 
f 2289//2289 2290//2290 2434//2434 
f 2290//2290 2291//2291 2435//2435 
f 2291//2291 2292//2292 2436//2436 
f 2292//2292 2293//2293 2437//2437 
f 2293//2293 2294//2294 2438//2438 
f 2294//2294 2295//2295 2439//2439 
f 2295//2295 2296//2296 2440//2440 
f 2296//2296 2297//2297 2441//2441 
f 2297//2297 2298//2298 2442//2442 
f 2298//2298 2299//2299 2443//2443 
f 2299//2299 2300//2300 2444//2444 
f 2300//2300 2301//2301 2445//2445 
f 2301//2301 2302//2302 2446//2446 
f 2302//2302 2303//2303 2447//2447 
f 2303//2303 2304//2304 2448//2448 
f 2448//2448 2305//2305 2449//2449 
f 2305//2305 2306//2306 2450//2450 
f 2306//2306 2307//2307 2451//2451 
f 2307//2307 2308//2308 2452//2452 
f 2308//2308 2309//2309 2453//2453 
f 2309//2309 2310//2310 2454//2454 
f 2310//2310 2311//2311 2455//2455 
f 2311//2311 2312//2312 2456//2456 
f 2312//2312 2313//2313 2457//2457 
f 2313//2313 2314//2314 2458//2458 
f 2314//2314 2315//2315 2459//2459 
f 2315//2315 2316//2316 2460//2460 
f 2316//2316 2317//2317 2461//2461 
f 2317//2317 2318//2318 2462//2462 
f 2318//2318 2319//2319 2463//2463 
f 2319//2319 2320//2320 2464//2464 
f 2320//2320 2321//2321 2465//2465 
f 2321//2321 2322//2322 2466//2466 
f 2322//2322 2323//2323 2467//2467 
f 2323//2323 2324//2324 2468//2468 
f 2324//2324 2325//2325 2469//2469 
f 2325//2325 2326//2326 2470//2470 
f 2326//2326 2327//2327 2471//2471 
f 2327//2327 2328//2328 2472//2472 
f 2328//2328 2329//2329 2473//2473 
f 2329//2329 2330//2330 2474//2474 
f 2330//2330 2331//2331 2475//2475 
f 2331//2331 2332//2332 2476//2476 
f 2332//2332 2333//2333 2477//2477 
f 2333//2333 2334//2334 2478//2478 
f 2334//2334 2335//2335 2479//2479 
f 2335//2335 2336//2336 2480//2480 
f 2336//2336 2337//2337 2481//2481 
f 2337//2337 2338//2338 2482//2482 
f 2338//2338 2339//2339 2483//2483 
f 2339//2339 2340//2340 2484//2484 
f 2340//2340 2341//2341 2485//2485 
f 2341//2341 2342//2342 2486//2486 
f 2342//2342 2343//2343 2487//2487 
f 2343//2343 2344//2344 2488//2488 
f 2344//2344 2345//2345 2489//2489 
f 2345//2345 2346//2346 2490//2490 
f 2346//2346 2347//2347 2491//2491 
f 2347//2347 2348//2348 2492//2492 
f 2348//2348 2349//2349 2493//2493 
f 2349//2349 2350//2350 2494//2494 
f 2350//2350 2351//2351 2495//2495 
f 2351//2351 2352//2352 2496//2496 
f 2352//2352 2353//2353 2497//2497 
f 2353//2353 2354//2354 2498//2498 
f 2354//2354 2355//2355 2499//2499 
f 2355//2355 2356//2356 2500//2500 
f 2356//2356 2357//2357 2501//2501 
f 2357//2357 2358//2358 2502//2502 
f 2358//2358 2359//2359 2503//2503 
f 2359//2359 2360//2360 2504//2504 
f 2360//2360 2361//2361 2505//2505 
f 2361//2361 2362//2362 2506//2506 
f 2362//2362 2363//2363 2507//2507 
f 2363//2363 2364//2364 2508//2508 
f 2364//2364 2365//2365 2509//2509 
f 2365//2365 2366//2366 2510//2510 
f 2366//2366 2367//2367 2511//2511 
f 2367//2367 2368//2368 2512//2512 
f 2368//2368 2369//2369 2513//2513 
f 2369//2369 2370//2370 2514//2514 
f 2370//2370 2371//2371 2515//2515 
f 2371//2371 2372//2372 2516//2516 
f 2372//2372 2373//2373 2517//2517 
f 2373//2373 2374//2374 2518//2518 
f 2374//2374 2375//2375 2519//2519 
f 2375//2375 2376//2376 2520//2520 
f 2376//2376 2377//2377 2521//2521 
f 2377//2377 2378//2378 2522//2522 
f 2378//2378 2379//2379 2523//2523 
f 2379//2379 2380//2380 2524//2524 
f 2380//2380 2381//2381 2525//2525 
f 2381//2381 2382//2382 2526//2526 
f 2382//2382 2383//2383 2527//2527 
f 2383//2383 2384//2384 2528//2528 
f 2384//2384 2385//2385 2529//2529 
f 2385//2385 2386//2386 2530//2530 
f 2386//2386 2387//2387 2531//2531 
f 2387//2387 2388//2388 2532//2532 
f 2388//2388 2389//2389 2533//2533 
f 2389//2389 2390//2390 2534//2534 
f 2390//2390 2391//2391 2535//2535 
f 2391//2391 2392//2392 2536//2536 
f 2392//2392 2393//2393 2537//2537 
f 2393//2393 2394//2394 2538//2538 
f 2394//2394 2395//2395 2539//2539 
f 2395//2395 2396//2396 2540//2540 
f 2396//2396 2397//2397 2541//2541 
f 2397//2397 2398//2398 2542//2542 
f 2398//2398 2399//2399 2543//2543 
f 2399//2399 2400//2400 2544//2544 
f 2400//2400 2401//2401 2545//2545 
f 2401//2401 2402//2402 2546//2546 
f 2402//2402 2403//2403 2547//2547 
f 2403//2403 2404//2404 2548//2548 
f 2404//2404 2405//2405 2549//2549 
f 2405//2405 2406//2406 2550//2550 
f 2406//2406 2407//2407 2551//2551 
f 2407//2407 2408//2408 2552//2552 
f 2408//2408 2409//2409 2553//2553 
f 2409//2409 2410//2410 2554//2554 
f 2410//2410 2411//2411 2555//2555 
f 2411//2411 2412//2412 2556//2556 
f 2412//2412 2413//2413 2557//2557 
f 2413//2413 2414//2414 2558//2558 
f 2414//2414 2415//2415 2559//2559 
f 2415//2415 2416//2416 2560//2560 
f 2416//2416 2417//2417 2561//2561 
f 2417//2417 2418//2418 2562//2562 
f 2418//2418 2419//2419 2563//2563 
f 2419//2419 2420//2420 2564//2564 
f 2420//2420 2421//2421 2565//2565 
f 2421//2421 2422//2422 2566//2566 
f 2422//2422 2423//2423 2567//2567 
f 2423//2423 2424//2424 2568//2568 
f 2424//2424 2425//2425 2569//2569 
f 2425//2425 2426//2426 2570//2570 
f 2426//2426 2427//2427 2571//2571 
f 2427//2427 2428//2428 2572//2572 
f 2428//2428 2429//2429 2573//2573 
f 2429//2429 2430//2430 2574//2574 
f 2430//2430 2431//2431 2575//2575 
f 2431//2431 2432//2432 2576//2576 
f 2432//2432 2433//2433 2577//2577 
f 2433//2433 2434//2434 2578//2578 
f 2434//2434 2435//2435 2579//2579 
f 2435//2435 2436//2436 2580//2580 
f 2436//2436 2437//2437 2581//2581 
f 2437//2437 2438//2438 2582//2582 
f 2438//2438 2439//2439 2583//2583 
f 2439//2439 2440//2440 2584//2584 
f 2440//2440 2441//2441 2585//2585 
f 2441//2441 2442//2442 2586//2586 
f 2442//2442 2443//2443 2587//2587 
f 2443//2443 2444//2444 2588//2588 
f 2444//2444 2445//2445 2589//2589 
f 2445//2445 2446//2446 2590//2590 
f 2446//2446 2447//2447 2591//2591 
f 2447//2447 2448//2448 2592//2592 
f 2592//2592 2449//2449 2593//2593 
f 2449//2449 2450//2450 2594//2594 
f 2450//2450 2451//2451 2595//2595 
f 2451//2451 2452//2452 2596//2596 
f 2452//2452 2453//2453 2597//2597 
f 2453//2453 2454//2454 2598//2598 
f 2454//2454 2455//2455 2599//2599 
f 2455//2455 2456//2456 2600//2600 
f 2456//2456 2457//2457 2601//2601 
f 2457//2457 2458//2458 2602//2602 
f 2458//2458 2459//2459 2603//2603 
f 2459//2459 2460//2460 2604//2604 
f 2460//2460 2461//2461 2605//2605 
f 2461//2461 2462//2462 2606//2606 
f 2462//2462 2463//2463 2607//2607 
f 2463//2463 2464//2464 2608//2608 
f 2464//2464 2465//2465 2609//2609 
f 2465//2465 2466//2466 2610//2610 
f 2466//2466 2467//2467 2611//2611 
f 2467//2467 2468//2468 2612//2612 
f 2468//2468 2469//2469 2613//2613 
f 2469//2469 2470//2470 2614//2614 
f 2470//2470 2471//2471 2615//2615 
f 2471//2471 2472//2472 2616//2616 
f 2472//2472 2473//2473 2617//2617 
f 2473//2473 2474//2474 2618//2618 
f 2474//2474 2475//2475 2619//2619 
f 2475//2475 2476//2476 2620//2620 
f 2476//2476 2477//2477 2621//2621 
f 2477//2477 2478//2478 2622//2622 
f 2478//2478 2479//2479 2623//2623 
f 2479//2479 2480//2480 2624//2624 
f 2480//2480 2481//2481 2625//2625 
f 2481//2481 2482//2482 2626//2626 
f 2482//2482 2483//2483 2627//2627 
f 2483//2483 2484//2484 2628//2628 
f 2484//2484 2485//2485 2629//2629 
f 2485//2485 2486//2486 2630//2630 
f 2486//2486 2487//2487 2631//2631 
f 2487//2487 2488//2488 2632//2632 
f 2488//2488 2489//2489 2633//2633 
f 2489//2489 2490//2490 2634//2634 
f 2490//2490 2491//2491 2635//2635 
f 2491//2491 2492//2492 2636//2636 
f 2492//2492 2493//2493 2637//2637 
f 2493//2493 2494//2494 2638//2638 
f 2494//2494 2495//2495 2639//2639 
f 2495//2495 2496//2496 2640//2640 
f 2496//2496 2497//2497 2641//2641 
f 2497//2497 2498//2498 2642//2642 
f 2498//2498 2499//2499 2643//2643 
f 2499//2499 2500//2500 2644//2644 
f 2500//2500 2501//2501 2645//2645 
f 2501//2501 2502//2502 2646//2646 
f 2502//2502 2503//2503 2647//2647 
f 2503//2503 2504//2504 2648//2648 
f 2504//2504 2505//2505 2649//2649 
f 2505//2505 2506//2506 2650//2650 
f 2506//2506 2507//2507 2651//2651 
f 2507//2507 2508//2508 2652//2652 
f 2508//2508 2509//2509 2653//2653 
f 2509//2509 2510//2510 2654//2654 
f 2510//2510 2511//2511 2655//2655 
f 2511//2511 2512//2512 2656//2656 
f 2512//2512 2513//2513 2657//2657 
f 2513//2513 2514//2514 2658//2658 
f 2514//2514 2515//2515 2659//2659 
f 2515//2515 2516//2516 2660//2660 
f 2516//2516 2517//2517 2661//2661 
f 2517//2517 2518//2518 2662//2662 
f 2518//2518 2519//2519 2663//2663 
f 2519//2519 2520//2520 2664//2664 
f 2520//2520 2521//2521 2665//2665 
f 2521//2521 2522//2522 2666//2666 
f 2522//2522 2523//2523 2667//2667 
f 2523//2523 2524//2524 2668//2668 
f 2524//2524 2525//2525 2669//2669 
f 2525//2525 2526//2526 2670//2670 
f 2526//2526 2527//2527 2671//2671 
f 2527//2527 2528//2528 2672//2672 
f 2528//2528 2529//2529 2673//2673 
f 2529//2529 2530//2530 2674//2674 
f 2530//2530 2531//2531 2675//2675 
f 2531//2531 2532//2532 2676//2676 
f 2532//2532 2533//2533 2677//2677 
f 2533//2533 2534//2534 2678//2678 
f 2534//2534 2535//2535 2679//2679 
f 2535//2535 2536//2536 2680//2680 
f 2536//2536 2537//2537 2681//2681 
f 2537//2537 2538//2538 2682//2682 
f 2538//2538 2539//2539 2683//2683 
f 2539//2539 2540//2540 2684//2684 
f 2540//2540 2541//2541 2685//2685 
f 2541//2541 2542//2542 2686//2686 
f 2542//2542 2543//2543 2687//2687 
f 2543//2543 2544//2544 2688//2688 
f 2544//2544 2545//2545 2689//2689 
f 2545//2545 2546//2546 2690//2690 
f 2546//2546 2547//2547 2691//2691 
f 2547//2547 2548//2548 2692//2692 
f 2548//2548 2549//2549 2693//2693 
f 2549//2549 2550//2550 2694//2694 
f 2550//2550 2551//2551 2695//2695 
f 2551//2551 2552//2552 2696//2696 
f 2552//2552 2553//2553 2697//2697 
f 2553//2553 2554//2554 2698//2698 
f 2554//2554 2555//2555 2699//2699 
f 2555//2555 2556//2556 2700//2700 
f 2556//2556 2557//2557 2701//2701 
f 2557//2557 2558//2558 2702//2702 
f 2558//2558 2559//2559 2703//2703 
f 2559//2559 2560//2560 2704//2704 
f 2560//2560 2561//2561 2705//2705 
f 2561//2561 2562//2562 2706//2706 
f 2562//2562 2563//2563 2707//2707 
f 2563//2563 2564//2564 2708//2708 
f 2564//2564 2565//2565 2709//2709 
f 2565//2565 2566//2566 2710//2710 
f 2566//2566 2567//2567 2711//2711 
f 2567//2567 2568//2568 2712//2712 
f 2568//2568 2569//2569 2713//2713 
f 2569//2569 2570//2570 2714//2714 
f 2570//2570 2571//2571 2715//2715 
f 2571//2571 2572//2572 2716//2716 
f 2572//2572 2573//2573 2717//2717 
f 2573//2573 2574//2574 2718//2718 
f 2574//2574 2575//2575 2719//2719 
f 2575//2575 2576//2576 2720//2720 
f 2576//2576 2577//2577 2721//2721 
f 2577//2577 2578//2578 2722//2722 
f 2578//2578 2579//2579 2723//2723 
f 2579//2579 2580//2580 2724//2724 
f 2580//2580 2581//2581 2725//2725 
f 2581//2581 2582//2582 2726//2726 
f 2582//2582 2583//2583 2727//2727 
f 2583//2583 2584//2584 2728//2728 
f 2584//2584 2585//2585 2729//2729 
f 2585//2585 2586//2586 2730//2730 
f 2586//2586 2587//2587 2731//2731 
f 2587//2587 2588//2588 2732//2732 
f 2588//2588 2589//2589 2733//2733 
f 2589//2589 2590//2590 2734//2734 
f 2590//2590 2591//2591 2735//2735 
f 2591//2591 2592//2592 2736//2736 
f 2736//2736 2593//2593 2737//2737 
f 2593//2593 2594//2594 2738//2738 
f 2594//2594 2595//2595 2739//2739 
f 2595//2595 2596//2596 2740//2740 
f 2596//2596 2597//2597 2741//2741 
f 2597//2597 2598//2598 2742//2742 
f 2598//2598 2599//2599 2743//2743 
f 2599//2599 2600//2600 2744//2744 
f 2600//2600 2601//2601 2745//2745 
f 2601//2601 2602//2602 2746//2746 
f 2602//2602 2603//2603 2747//2747 
f 2603//2603 2604//2604 2748//2748 
f 2604//2604 2605//2605 2749//2749 
f 2605//2605 2606//2606 2750//2750 
f 2606//2606 2607//2607 2751//2751 
f 2607//2607 2608//2608 2752//2752 
f 2608//2608 2609//2609 2753//2753 
f 2609//2609 2610//2610 2754//2754 
f 2610//2610 2611//2611 2755//2755 
f 2611//2611 2612//2612 2756//2756 
f 2612//2612 2613//2613 2757//2757 
f 2613//2613 2614//2614 2758//2758 
f 2614//2614 2615//2615 2759//2759 
f 2615//2615 2616//2616 2760//2760 
f 2616//2616 2617//2617 2761//2761 
f 2617//2617 2618//2618 2762//2762 
f 2618//2618 2619//2619 2763//2763 
f 2619//2619 2620//2620 2764//2764 
f 2620//2620 2621//2621 2765//2765 
f 2621//2621 2622//2622 2766//2766 
f 2622//2622 2623//2623 2767//2767 
f 2623//2623 2624//2624 2768//2768 
f 2624//2624 2625//2625 2769//2769 
f 2625//2625 2626//2626 2770//2770 
f 2626//2626 2627//2627 2771//2771 
f 2627//2627 2628//2628 2772//2772 
f 2628//2628 2629//2629 2773//2773 
f 2629//2629 2630//2630 2774//2774 
f 2630//2630 2631//2631 2775//2775 
f 2631//2631 2632//2632 2776//2776 
f 2632//2632 2633//2633 2777//2777 
f 2633//2633 2634//2634 2778//2778 
f 2634//2634 2635//2635 2779//2779 
f 2635//2635 2636//2636 2780//2780 
f 2636//2636 2637//2637 2781//2781 
f 2637//2637 2638//2638 2782//2782 
f 2638//2638 2639//2639 2783//2783 
f 2639//2639 2640//2640 2784//2784 
f 2640//2640 2641//2641 2785//2785 
f 2641//2641 2642//2642 2786//2786 
f 2642//2642 2643//2643 2787//2787 
f 2643//2643 2644//2644 2788//2788 
f 2644//2644 2645//2645 2789//2789 
f 2645//2645 2646//2646 2790//2790 
f 2646//2646 2647//2647 2791//2791 
f 2647//2647 2648//2648 2792//2792 
f 2648//2648 2649//2649 2793//2793 
f 2649//2649 2650//2650 2794//2794 
f 2650//2650 2651//2651 2795//2795 
f 2651//2651 2652//2652 2796//2796 
f 2652//2652 2653//2653 2797//2797 
f 2653//2653 2654//2654 2798//2798 
f 2654//2654 2655//2655 2799//2799 
f 2655//2655 2656//2656 2800//2800 
f 2656//2656 2657//2657 2801//2801 
f 2657//2657 2658//2658 2802//2802 
f 2658//2658 2659//2659 2803//2803 
f 2659//2659 2660//2660 2804//2804 
f 2660//2660 2661//2661 2805//2805 
f 2661//2661 2662//2662 2806//2806 
f 2662//2662 2663//2663 2807//2807 
f 2663//2663 2664//2664 2808//2808 
f 2664//2664 2665//2665 2809//2809 
f 2665//2665 2666//2666 2810//2810 
f 2666//2666 2667//2667 2811//2811 
f 2667//2667 2668//2668 2812//2812 
f 2668//2668 2669//2669 2813//2813 
f 2669//2669 2670//2670 2814//2814 
f 2670//2670 2671//2671 2815//2815 
f 2671//2671 2672//2672 2816//2816 
f 2672//2672 2673//2673 2817//2817 
f 2673//2673 2674//2674 2818//2818 
f 2674//2674 2675//2675 2819//2819 
f 2675//2675 2676//2676 2820//2820 
f 2676//2676 2677//2677 2821//2821 
f 2677//2677 2678//2678 2822//2822 
f 2678//2678 2679//2679 2823//2823 
f 2679//2679 2680//2680 2824//2824 
f 2680//2680 2681//2681 2825//2825 
f 2681//2681 2682//2682 2826//2826 
f 2682//2682 2683//2683 2827//2827 
f 2683//2683 2684//2684 2828//2828 
f 2684//2684 2685//2685 2829//2829 
f 2685//2685 2686//2686 2830//2830 
f 2686//2686 2687//2687 2831//2831 
f 2687//2687 2688//2688 2832//2832 
f 2688//2688 2689//2689 2833//2833 
f 2689//2689 2690//2690 2834//2834 
f 2690//2690 2691//2691 2835//2835 
f 2691//2691 2692//2692 2836//2836 
f 2692//2692 2693//2693 2837//2837 
f 2693//2693 2694//2694 2838//2838 
f 2694//2694 2695//2695 2839//2839 
f 2695//2695 2696//2696 2840//2840 
f 2696//2696 2697//2697 2841//2841 
f 2697//2697 2698//2698 2842//2842 
f 2698//2698 2699//2699 2843//2843 
f 2699//2699 2700//2700 2844//2844 
f 2700//2700 2701//2701 2845//2845 
f 2701//2701 2702//2702 2846//2846 
f 2702//2702 2703//2703 2847//2847 
f 2703//2703 2704//2704 2848//2848 
f 2704//2704 2705//2705 2849//2849 
f 2705//2705 2706//2706 2850//2850 
f 2706//2706 2707//2707 2851//2851 
f 2707//2707 2708//2708 2852//2852 
f 2708//2708 2709//2709 2853//2853 
f 2709//2709 2710//2710 2854//2854 
f 2710//2710 2711//2711 2855//2855 
f 2711//2711 2712//2712 2856//2856 
f 2712//2712 2713//2713 2857//2857 
f 2713//2713 2714//2714 2858//2858 
f 2714//2714 2715//2715 2859//2859 
f 2715//2715 2716//2716 2860//2860 
f 2716//2716 2717//2717 2861//2861 
f 2717//2717 2718//2718 2862//2862 
f 2718//2718 2719//2719 2863//2863 
f 2719//2719 2720//2720 2864//2864 
f 2720//2720 2721//2721 2865//2865 
f 2721//2721 2722//2722 2866//2866 
f 2722//2722 2723//2723 2867//2867 
f 2723//2723 2724//2724 2868//2868 
f 2724//2724 2725//2725 2869//2869 
f 2725//2725 2726//2726 2870//2870 
f 2726//2726 2727//2727 2871//2871 
f 2727//2727 2728//2728 2872//2872 
f 2728//2728 2729//2729 2873//2873 
f 2729//2729 2730//2730 2874//2874 
f 2730//2730 2731//2731 2875//2875 
f 2731//2731 2732//2732 2876//2876 
f 2732//2732 2733//2733 2877//2877 
f 2733//2733 2734//2734 2878//2878 
f 2734//2734 2735//2735 2879//2879 
f 2735//2735 2736//2736 2880//2880 
f 2880//2880 2737//2737 2881//2881 
f 2737//2737 2738//2738 2882//2882 
f 2738//2738 2739//2739 2883//2883 
f 2739//2739 2740//2740 2884//2884 
f 2740//2740 2741//2741 2885//2885 
f 2741//2741 2742//2742 2886//2886 
f 2742//2742 2743//2743 2887//2887 
f 2743//2743 2744//2744 2888//2888 
f 2744//2744 2745//2745 2889//2889 
f 2745//2745 2746//2746 2890//2890 
f 2746//2746 2747//2747 2891//2891 
f 2747//2747 2748//2748 2892//2892 
f 2748//2748 2749//2749 2893//2893 
f 2749//2749 2750//2750 2894//2894 
f 2750//2750 2751//2751 2895//2895 
f 2751//2751 2752//2752 2896//2896 
f 2752//2752 2753//2753 2897//2897 
f 2753//2753 2754//2754 2898//2898 
f 2754//2754 2755//2755 2899//2899 
f 2755//2755 2756//2756 2900//2900 
f 2756//2756 2757//2757 2901//2901 
f 2757//2757 2758//2758 2902//2902 
f 2758//2758 2759//2759 2903//2903 
f 2759//2759 2760//2760 2904//2904 
f 2760//2760 2761//2761 2905//2905 
f 2761//2761 2762//2762 2906//2906 
f 2762//2762 2763//2763 2907//2907 
f 2763//2763 2764//2764 2908//2908 
f 2764//2764 2765//2765 2909//2909 
f 2765//2765 2766//2766 2910//2910 
f 2766//2766 2767//2767 2911//2911 
f 2767//2767 2768//2768 2912//2912 
f 2768//2768 2769//2769 2913//2913 
f 2769//2769 2770//2770 2914//2914 
f 2770//2770 2771//2771 2915//2915 
f 2771//2771 2772//2772 2916//2916 
f 2772//2772 2773//2773 2917//2917 
f 2773//2773 2774//2774 2918//2918 
f 2774//2774 2775//2775 2919//2919 
f 2775//2775 2776//2776 2920//2920 
f 2776//2776 2777//2777 2921//2921 
f 2777//2777 2778//2778 2922//2922 
f 2778//2778 2779//2779 2923//2923 
f 2779//2779 2780//2780 2924//2924 
f 2780//2780 2781//2781 2925//2925 
f 2781//2781 2782//2782 2926//2926 
f 2782//2782 2783//2783 2927//2927 
f 2783//2783 2784//2784 2928//2928 
f 2784//2784 2785//2785 2929//2929 
f 2785//2785 2786//2786 2930//2930 
f 2786//2786 2787//2787 2931//2931 
f 2787//2787 2788//2788 2932//2932 
f 2788//2788 2789//2789 2933//2933 
f 2789//2789 2790//2790 2934//2934 
f 2790//2790 2791//2791 2935//2935 
f 2791//2791 2792//2792 2936//2936 
f 2792//2792 2793//2793 2937//2937 
f 2793//2793 2794//2794 2938//2938 
f 2794//2794 2795//2795 2939//2939 
f 2795//2795 2796//2796 2940//2940 
f 2796//2796 2797//2797 2941//2941 
f 2797//2797 2798//2798 2942//2942 
f 2798//2798 2799//2799 2943//2943 
f 2799//2799 2800//2800 2944//2944 
f 2800//2800 2801//2801 2945//2945 
f 2801//2801 2802//2802 2946//2946 
f 2802//2802 2803//2803 2947//2947 
f 2803//2803 2804//2804 2948//2948 
f 2804//2804 2805//2805 2949//2949 
f 2805//2805 2806//2806 2950//2950 
f 2806//2806 2807//2807 2951//2951 
f 2807//2807 2808//2808 2952//2952 
f 2808//2808 2809//2809 2953//2953 
f 2809//2809 2810//2810 2954//2954 
f 2810//2810 2811//2811 2955//2955 
f 2811//2811 2812//2812 2956//2956 
f 2812//2812 2813//2813 2957//2957 
f 2813//2813 2814//2814 2958//2958 
f 2814//2814 2815//2815 2959//2959 
f 2815//2815 2816//2816 2960//2960 
f 2816//2816 2817//2817 2961//2961 
f 2817//2817 2818//2818 2962//2962 
f 2818//2818 2819//2819 2963//2963 
f 2819//2819 2820//2820 2964//2964 
f 2820//2820 2821//2821 2965//2965 
f 2821//2821 2822//2822 2966//2966 
f 2822//2822 2823//2823 2967//2967 
f 2823//2823 2824//2824 2968//2968 
f 2824//2824 2825//2825 2969//2969 
f 2825//2825 2826//2826 2970//2970 
f 2826//2826 2827//2827 2971//2971 
f 2827//2827 2828//2828 2972//2972 
f 2828//2828 2829//2829 2973//2973 
f 2829//2829 2830//2830 2974//2974 
f 2830//2830 2831//2831 2975//2975 
f 2831//2831 2832//2832 2976//2976 
f 2832//2832 2833//2833 2977//2977 
f 2833//2833 2834//2834 2978//2978 
f 2834//2834 2835//2835 2979//2979 
f 2835//2835 2836//2836 2980//2980 
f 2836//2836 2837//2837 2981//2981 
f 2837//2837 2838//2838 2982//2982 
f 2838//2838 2839//2839 2983//2983 
f 2839//2839 2840//2840 2984//2984 
f 2840//2840 2841//2841 2985//2985 
f 2841//2841 2842//2842 2986//2986 
f 2842//2842 2843//2843 2987//2987 
f 2843//2843 2844//2844 2988//2988 
f 2844//2844 2845//2845 2989//2989 
f 2845//2845 2846//2846 2990//2990 
f 2846//2846 2847//2847 2991//2991 
f 2847//2847 2848//2848 2992//2992 
f 2848//2848 2849//2849 2993//2993 
f 2849//2849 2850//2850 2994//2994 
f 2850//2850 2851//2851 2995//2995 
f 2851//2851 2852//2852 2996//2996 
f 2852//2852 2853//2853 2997//2997 
f 2853//2853 2854//2854 2998//2998 
f 2854//2854 2855//2855 2999//2999 
f 2855//2855 2856//2856 3000//3000 
f 2856//2856 2857//2857 3001//3001 
f 2857//2857 2858//2858 3002//3002 
f 2858//2858 2859//2859 3003//3003 
f 2859//2859 2860//2860 3004//3004 
f 2860//2860 2861//2861 3005//3005 
f 2861//2861 2862//2862 3006//3006 
f 2862//2862 2863//2863 3007//3007 
f 2863//2863 2864//2864 3008//3008 
f 2864//2864 2865//2865 3009//3009 
f 2865//2865 2866//2866 3010//3010 
f 2866//2866 2867//2867 3011//3011 
f 2867//2867 2868//2868 3012//3012 
f 2868//2868 2869//2869 3013//3013 
f 2869//2869 2870//2870 3014//3014 
f 2870//2870 2871//2871 3015//3015 
f 2871//2871 2872//2872 3016//3016 
f 2872//2872 2873//2873 3017//3017 
f 2873//2873 2874//2874 3018//3018 
f 2874//2874 2875//2875 3019//3019 
f 2875//2875 2876//2876 3020//3020 
f 2876//2876 2877//2877 3021//3021 
f 2877//2877 2878//2878 3022//3022 
f 2878//2878 2879//2879 3023//3023 
f 2879//2879 2880//2880 3024//3024 
f 3024//3024 2881//2881 3025//3025 
f 2881//2881 2882//2882 3026//3026 
f 2882//2882 2883//2883 3027//3027 
f 2883//2883 2884//2884 3028//3028 
f 2884//2884 2885//2885 3029//3029 
f 2885//2885 2886//2886 3030//3030 
f 2886//2886 2887//2887 3031//3031 
f 2887//2887 2888//2888 3032//3032 
f 2888//2888 2889//2889 3033//3033 
f 2889//2889 2890//2890 3034//3034 
f 2890//2890 2891//2891 3035//3035 
f 2891//2891 2892//2892 3036//3036 
f 2892//2892 2893//2893 3037//3037 
f 2893//2893 2894//2894 3038//3038 
f 2894//2894 2895//2895 3039//3039 
f 2895//2895 2896//2896 3040//3040 
f 2896//2896 2897//2897 3041//3041 
f 2897//2897 2898//2898 3042//3042 
f 2898//2898 2899//2899 3043//3043 
f 2899//2899 2900//2900 3044//3044 
f 2900//2900 2901//2901 3045//3045 
f 2901//2901 2902//2902 3046//3046 
f 2902//2902 2903//2903 3047//3047 
f 2903//2903 2904//2904 3048//3048 
f 2904//2904 2905//2905 3049//3049 
f 2905//2905 2906//2906 3050//3050 
f 2906//2906 2907//2907 3051//3051 
f 2907//2907 2908//2908 3052//3052 
f 2908//2908 2909//2909 3053//3053 
f 2909//2909 2910//2910 3054//3054 
f 2910//2910 2911//2911 3055//3055 
f 2911//2911 2912//2912 3056//3056 
f 2912//2912 2913//2913 3057//3057 
f 2913//2913 2914//2914 3058//3058 
f 2914//2914 2915//2915 3059//3059 
f 2915//2915 2916//2916 3060//3060 
f 2916//2916 2917//2917 3061//3061 
f 2917//2917 2918//2918 3062//3062 
f 2918//2918 2919//2919 3063//3063 
f 2919//2919 2920//2920 3064//3064 
f 2920//2920 2921//2921 3065//3065 
f 2921//2921 2922//2922 3066//3066 
f 2922//2922 2923//2923 3067//3067 
f 2923//2923 2924//2924 3068//3068 
f 2924//2924 2925//2925 3069//3069 
f 2925//2925 2926//2926 3070//3070 
f 2926//2926 2927//2927 3071//3071 
f 2927//2927 2928//2928 3072//3072 
f 2928//2928 2929//2929 3073//3073 
f 2929//2929 2930//2930 3074//3074 
f 2930//2930 2931//2931 3075//3075 
f 2931//2931 2932//2932 3076//3076 
f 2932//2932 2933//2933 3077//3077 
f 2933//2933 2934//2934 3078//3078 
f 2934//2934 2935//2935 3079//3079 
f 2935//2935 2936//2936 3080//3080 
f 2936//2936 2937//2937 3081//3081 
f 2937//2937 2938//2938 3082//3082 
f 2938//2938 2939//2939 3083//3083 
f 2939//2939 2940//2940 3084//3084 
f 2940//2940 2941//2941 3085//3085 
f 2941//2941 2942//2942 3086//3086 
f 2942//2942 2943//2943 3087//3087 
f 2943//2943 2944//2944 3088//3088 
f 2944//2944 2945//2945 3089//3089 
f 2945//2945 2946//2946 3090//3090 
f 2946//2946 2947//2947 3091//3091 
f 2947//2947 2948//2948 3092//3092 
f 2948//2948 2949//2949 3093//3093 
f 2949//2949 2950//2950 3094//3094 
f 2950//2950 2951//2951 3095//3095 
f 2951//2951 2952//2952 3096//3096 
f 2952//2952 2953//2953 3097//3097 
f 2953//2953 2954//2954 3098//3098 
f 2954//2954 2955//2955 3099//3099 
f 2955//2955 2956//2956 3100//3100 
f 2956//2956 2957//2957 3101//3101 
f 2957//2957 2958//2958 3102//3102 
f 2958//2958 2959//2959 3103//3103 
f 2959//2959 2960//2960 3104//3104 
f 2960//2960 2961//2961 3105//3105 
f 2961//2961 2962//2962 3106//3106 
f 2962//2962 2963//2963 3107//3107 
f 2963//2963 2964//2964 3108//3108 
f 2964//2964 2965//2965 3109//3109 
f 2965//2965 2966//2966 3110//3110 
f 2966//2966 2967//2967 3111//3111 
f 2967//2967 2968//2968 3112//3112 
f 2968//2968 2969//2969 3113//3113 
f 2969//2969 2970//2970 3114//3114 
f 2970//2970 2971//2971 3115//3115 
f 2971//2971 2972//2972 3116//3116 
f 2972//2972 2973//2973 3117//3117 
f 2973//2973 2974//2974 3118//3118 
f 2974//2974 2975//2975 3119//3119 
f 2975//2975 2976//2976 3120//3120 
f 2976//2976 2977//2977 3121//3121 
f 2977//2977 2978//2978 3122//3122 
f 2978//2978 2979//2979 3123//3123 
f 2979//2979 2980//2980 3124//3124 
f 2980//2980 2981//2981 3125//3125 
f 2981//2981 2982//2982 3126//3126 
f 2982//2982 2983//2983 3127//3127 
f 2983//2983 2984//2984 3128//3128 
f 2984//2984 2985//2985 3129//3129 
f 2985//2985 2986//2986 3130//3130 
f 2986//2986 2987//2987 3131//3131 
f 2987//2987 2988//2988 3132//3132 
f 2988//2988 2989//2989 3133//3133 
f 2989//2989 2990//2990 3134//3134 
f 2990//2990 2991//2991 3135//3135 
f 2991//2991 2992//2992 3136//3136 
f 2992//2992 2993//2993 3137//3137 
f 2993//2993 2994//2994 3138//3138 
f 2994//2994 2995//2995 3139//3139 
f 2995//2995 2996//2996 3140//3140 
f 2996//2996 2997//2997 3141//3141 
f 2997//2997 2998//2998 3142//3142 
f 2998//2998 2999//2999 3143//3143 
f 2999//2999 3000//3000 3144//3144 
f 3000//3000 3001//3001 3145//3145 
f 3001//3001 3002//3002 3146//3146 
f 3002//3002 3003//3003 3147//3147 
f 3003//3003 3004//3004 3148//3148 
f 3004//3004 3005//3005 3149//3149 
f 3005//3005 3006//3006 3150//3150 
f 3006//3006 3007//3007 3151//3151 
f 3007//3007 3008//3008 3152//3152 
f 3008//3008 3009//3009 3153//3153 
f 3009//3009 3010//3010 3154//3154 
f 3010//3010 3011//3011 3155//3155 
f 3011//3011 3012//3012 3156//3156 
f 3012//3012 3013//3013 3157//3157 
f 3013//3013 3014//3014 3158//3158 
f 3014//3014 3015//3015 3159//3159 
f 3015//3015 3016//3016 3160//3160 
f 3016//3016 3017//3017 3161//3161 
f 3017//3017 3018//3018 3162//3162 
f 3018//3018 3019//3019 3163//3163 
f 3019//3019 3020//3020 3164//3164 
f 3020//3020 3021//3021 3165//3165 
f 3021//3021 3022//3022 3166//3166 
f 3022//3022 3023//3023 3167//3167 
f 3023//3023 3024//3024 3168//3168 
f 3168//3168 3025//3025 3169//3169 
f 3025//3025 3026//3026 3170//3170 
f 3026//3026 3027//3027 3171//3171 
f 3027//3027 3028//3028 3172//3172 
f 3028//3028 3029//3029 3173//3173 
f 3029//3029 3030//3030 3174//3174 
f 3030//3030 3031//3031 3175//3175 
f 3031//3031 3032//3032 3176//3176 
f 3032//3032 3033//3033 3177//3177 
f 3033//3033 3034//3034 3178//3178 
f 3034//3034 3035//3035 3179//3179 
f 3035//3035 3036//3036 3180//3180 
f 3036//3036 3037//3037 3181//3181 
f 3037//3037 3038//3038 3182//3182 
f 3038//3038 3039//3039 3183//3183 
f 3039//3039 3040//3040 3184//3184 
f 3040//3040 3041//3041 3185//3185 
f 3041//3041 3042//3042 3186//3186 
f 3042//3042 3043//3043 3187//3187 
f 3043//3043 3044//3044 3188//3188 
f 3044//3044 3045//3045 3189//3189 
f 3045//3045 3046//3046 3190//3190 
f 3046//3046 3047//3047 3191//3191 
f 3047//3047 3048//3048 3192//3192 
f 3048//3048 3049//3049 3193//3193 
f 3049//3049 3050//3050 3194//3194 
f 3050//3050 3051//3051 3195//3195 
f 3051//3051 3052//3052 3196//3196 
f 3052//3052 3053//3053 3197//3197 
f 3053//3053 3054//3054 3198//3198 
f 3054//3054 3055//3055 3199//3199 
f 3055//3055 3056//3056 3200//3200 
f 3056//3056 3057//3057 3201//3201 
f 3057//3057 3058//3058 3202//3202 
f 3058//3058 3059//3059 3203//3203 
f 3059//3059 3060//3060 3204//3204 
f 3060//3060 3061//3061 3205//3205 
f 3061//3061 3062//3062 3206//3206 
f 3062//3062 3063//3063 3207//3207 
f 3063//3063 3064//3064 3208//3208 
f 3064//3064 3065//3065 3209//3209 
f 3065//3065 3066//3066 3210//3210 
f 3066//3066 3067//3067 3211//3211 
f 3067//3067 3068//3068 3212//3212 
f 3068//3068 3069//3069 3213//3213 
f 3069//3069 3070//3070 3214//3214 
f 3070//3070 3071//3071 3215//3215 
f 3071//3071 3072//3072 3216//3216 
f 3072//3072 3073//3073 3217//3217 
f 3073//3073 3074//3074 3218//3218 
f 3074//3074 3075//3075 3219//3219 
f 3075//3075 3076//3076 3220//3220 
f 3076//3076 3077//3077 3221//3221 
f 3077//3077 3078//3078 3222//3222 
f 3078//3078 3079//3079 3223//3223 
f 3079//3079 3080//3080 3224//3224 
f 3080//3080 3081//3081 3225//3225 
f 3081//3081 3082//3082 3226//3226 
f 3082//3082 3083//3083 3227//3227 
f 3083//3083 3084//3084 3228//3228 
f 3084//3084 3085//3085 3229//3229 
f 3085//3085 3086//3086 3230//3230 
f 3086//3086 3087//3087 3231//3231 
f 3087//3087 3088//3088 3232//3232 
f 3088//3088 3089//3089 3233//3233 
f 3089//3089 3090//3090 3234//3234 
f 3090//3090 3091//3091 3235//3235 
f 3091//3091 3092//3092 3236//3236 
f 3092//3092 3093//3093 3237//3237 
f 3093//3093 3094//3094 3238//3238 
f 3094//3094 3095//3095 3239//3239 
f 3095//3095 3096//3096 3240//3240 
f 3096//3096 3097//3097 3241//3241 
f 3097//3097 3098//3098 3242//3242 
f 3098//3098 3099//3099 3243//3243 
f 3099//3099 3100//3100 3244//3244 
f 3100//3100 3101//3101 3245//3245 
f 3101//3101 3102//3102 3246//3246 
f 3102//3102 3103//3103 3247//3247 
f 3103//3103 3104//3104 3248//3248 
f 3104//3104 3105//3105 3249//3249 
f 3105//3105 3106//3106 3250//3250 
f 3106//3106 3107//3107 3251//3251 
f 3107//3107 3108//3108 3252//3252 
f 3108//3108 3109//3109 3253//3253 
f 3109//3109 3110//3110 3254//3254 
f 3110//3110 3111//3111 3255//3255 
f 3111//3111 3112//3112 3256//3256 
f 3112//3112 3113//3113 3257//3257 
f 3113//3113 3114//3114 3258//3258 
f 3114//3114 3115//3115 3259//3259 
f 3115//3115 3116//3116 3260//3260 
f 3116//3116 3117//3117 3261//3261 
f 3117//3117 3118//3118 3262//3262 
f 3118//3118 3119//3119 3263//3263 
f 3119//3119 3120//3120 3264//3264 
f 3120//3120 3121//3121 3265//3265 
f 3121//3121 3122//3122 3266//3266 
f 3122//3122 3123//3123 3267//3267 
f 3123//3123 3124//3124 3268//3268 
f 3124//3124 3125//3125 3269//3269 
f 3125//3125 3126//3126 3270//3270 
f 3126//3126 3127//3127 3271//3271 
f 3127//3127 3128//3128 3272//3272 
f 3128//3128 3129//3129 3273//3273 
f 3129//3129 3130//3130 3274//3274 
f 3130//3130 3131//3131 3275//3275 
f 3131//3131 3132//3132 3276//3276 
f 3132//3132 3133//3133 3277//3277 
f 3133//3133 3134//3134 3278//3278 
f 3134//3134 3135//3135 3279//3279 
f 3135//3135 3136//3136 3280//3280 
f 3136//3136 3137//3137 3281//3281 
f 3137//3137 3138//3138 3282//3282 
f 3138//3138 3139//3139 3283//3283 
f 3139//3139 3140//3140 3284//3284 
f 3140//3140 3141//3141 3285//3285 
f 3141//3141 3142//3142 3286//3286 
f 3142//3142 3143//3143 3287//3287 
f 3143//3143 3144//3144 3288//3288 
f 3144//3144 3145//3145 3289//3289 
f 3145//3145 3146//3146 3290//3290 
f 3146//3146 3147//3147 3291//3291 
f 3147//3147 3148//3148 3292//3292 
f 3148//3148 3149//3149 3293//3293 
f 3149//3149 3150//3150 3294//3294 
f 3150//3150 3151//3151 3295//3295 
f 3151//3151 3152//3152 3296//3296 
f 3152//3152 3153//3153 3297//3297 
f 3153//3153 3154//3154 3298//3298 
f 3154//3154 3155//3155 3299//3299 
f 3155//3155 3156//3156 3300//3300 
f 3156//3156 3157//3157 3301//3301 
f 3157//3157 3158//3158 3302//3302 
f 3158//3158 3159//3159 3303//3303 
f 3159//3159 3160//3160 3304//3304 
f 3160//3160 3161//3161 3305//3305 
f 3161//3161 3162//3162 3306//3306 
f 3162//3162 3163//3163 3307//3307 
f 3163//3163 3164//3164 3308//3308 
f 3164//3164 3165//3165 3309//3309 
f 3165//3165 3166//3166 3310//3310 
f 3166//3166 3167//3167 3311//3311 
f 3167//3167 3168//3168 3312//3312 
f 3312//3312 3169//3169 3313//3313 
f 3169//3169 3170//3170 3314//3314 
f 3170//3170 3171//3171 3315//3315 
f 3171//3171 3172//3172 3316//3316 
f 3172//3172 3173//3173 3317//3317 
f 3173//3173 3174//3174 3318//3318 
f 3174//3174 3175//3175 3319//3319 
f 3175//3175 3176//3176 3320//3320 
f 3176//3176 3177//3177 3321//3321 
f 3177//3177 3178//3178 3322//3322 
f 3178//3178 3179//3179 3323//3323 
f 3179//3179 3180//3180 3324//3324 
f 3180//3180 3181//3181 3325//3325 
f 3181//3181 3182//3182 3326//3326 
f 3182//3182 3183//3183 3327//3327 
f 3183//3183 3184//3184 3328//3328 
f 3184//3184 3185//3185 3329//3329 
f 3185//3185 3186//3186 3330//3330 
f 3186//3186 3187//3187 3331//3331 
f 3187//3187 3188//3188 3332//3332 
f 3188//3188 3189//3189 3333//3333 
f 3189//3189 3190//3190 3334//3334 
f 3190//3190 3191//3191 3335//3335 
f 3191//3191 3192//3192 3336//3336 
f 3192//3192 3193//3193 3337//3337 
f 3193//3193 3194//3194 3338//3338 
f 3194//3194 3195//3195 3339//3339 
f 3195//3195 3196//3196 3340//3340 
f 3196//3196 3197//3197 3341//3341 
f 3197//3197 3198//3198 3342//3342 
f 3198//3198 3199//3199 3343//3343 
f 3199//3199 3200//3200 3344//3344 
f 3200//3200 3201//3201 3345//3345 
f 3201//3201 3202//3202 3346//3346 
f 3202//3202 3203//3203 3347//3347 
f 3203//3203 3204//3204 3348//3348 
f 3204//3204 3205//3205 3349//3349 
f 3205//3205 3206//3206 3350//3350 
f 3206//3206 3207//3207 3351//3351 
f 3207//3207 3208//3208 3352//3352 
f 3208//3208 3209//3209 3353//3353 
f 3209//3209 3210//3210 3354//3354 
f 3210//3210 3211//3211 3355//3355 
f 3211//3211 3212//3212 3356//3356 
f 3212//3212 3213//3213 3357//3357 
f 3213//3213 3214//3214 3358//3358 
f 3214//3214 3215//3215 3359//3359 
f 3215//3215 3216//3216 3360//3360 
f 3216//3216 3217//3217 3361//3361 
f 3217//3217 3218//3218 3362//3362 
f 3218//3218 3219//3219 3363//3363 
f 3219//3219 3220//3220 3364//3364 
f 3220//3220 3221//3221 3365//3365 
f 3221//3221 3222//3222 3366//3366 
f 3222//3222 3223//3223 3367//3367 
f 3223//3223 3224//3224 3368//3368 
f 3224//3224 3225//3225 3369//3369 
f 3225//3225 3226//3226 3370//3370 
f 3226//3226 3227//3227 3371//3371 
f 3227//3227 3228//3228 3372//3372 
f 3228//3228 3229//3229 3373//3373 
f 3229//3229 3230//3230 3374//3374 
f 3230//3230 3231//3231 3375//3375 
f 3231//3231 3232//3232 3376//3376 
f 3232//3232 3233//3233 3377//3377 
f 3233//3233 3234//3234 3378//3378 
f 3234//3234 3235//3235 3379//3379 
f 3235//3235 3236//3236 3380//3380 
f 3236//3236 3237//3237 3381//3381 
f 3237//3237 3238//3238 3382//3382 
f 3238//3238 3239//3239 3383//3383 
f 3239//3239 3240//3240 3384//3384 
f 3240//3240 3241//3241 3385//3385 
f 3241//3241 3242//3242 3386//3386 
f 3242//3242 3243//3243 3387//3387 
f 3243//3243 3244//3244 3388//3388 
f 3244//3244 3245//3245 3389//3389 
f 3245//3245 3246//3246 3390//3390 
f 3246//3246 3247//3247 3391//3391 
f 3247//3247 3248//3248 3392//3392 
f 3248//3248 3249//3249 3393//3393 
f 3249//3249 3250//3250 3394//3394 
f 3250//3250 3251//3251 3395//3395 
f 3251//3251 3252//3252 3396//3396 
f 3252//3252 3253//3253 3397//3397 
f 3253//3253 3254//3254 3398//3398 
f 3254//3254 3255//3255 3399//3399 
f 3255//3255 3256//3256 3400//3400 
f 3256//3256 3257//3257 3401//3401 
f 3257//3257 3258//3258 3402//3402 
f 3258//3258 3259//3259 3403//3403 
f 3259//3259 3260//3260 3404//3404 
f 3260//3260 3261//3261 3405//3405 
f 3261//3261 3262//3262 3406//3406 
f 3262//3262 3263//3263 3407//3407 
f 3263//3263 3264//3264 3408//3408 
f 3264//3264 3265//3265 3409//3409 
f 3265//3265 3266//3266 3410//3410 
f 3266//3266 3267//3267 3411//3411 
f 3267//3267 3268//3268 3412//3412 
f 3268//3268 3269//3269 3413//3413 
f 3269//3269 3270//3270 3414//3414 
f 3270//3270 3271//3271 3415//3415 
f 3271//3271 3272//3272 3416//3416 
f 3272//3272 3273//3273 3417//3417 
f 3273//3273 3274//3274 3418//3418 
f 3274//3274 3275//3275 3419//3419 
f 3275//3275 3276//3276 3420//3420 
f 3276//3276 3277//3277 3421//3421 
f 3277//3277 3278//3278 3422//3422 
f 3278//3278 3279//3279 3423//3423 
f 3279//3279 3280//3280 3424//3424 
f 3280//3280 3281//3281 3425//3425 
f 3281//3281 3282//3282 3426//3426 
f 3282//3282 3283//3283 3427//3427 
f 3283//3283 3284//3284 3428//3428 
f 3284//3284 3285//3285 3429//3429 
f 3285//3285 3286//3286 3430//3430 
f 3286//3286 3287//3287 3431//3431 
f 3287//3287 3288//3288 3432//3432 
f 3288//3288 3289//3289 3433//3433 
f 3289//3289 3290//3290 3434//3434 
f 3290//3290 3291//3291 3435//3435 
f 3291//3291 3292//3292 3436//3436 
f 3292//3292 3293//3293 3437//3437 
f 3293//3293 3294//3294 3438//3438 
f 3294//3294 3295//3295 3439//3439 
f 3295//3295 3296//3296 3440//3440 
f 3296//3296 3297//3297 3441//3441 
f 3297//3297 3298//3298 3442//3442 
f 3298//3298 3299//3299 3443//3443 
f 3299//3299 3300//3300 3444//3444 
f 3300//3300 3301//3301 3445//3445 
f 3301//3301 3302//3302 3446//3446 
f 3302//3302 3303//3303 3447//3447 
f 3303//3303 3304//3304 3448//3448 
f 3304//3304 3305//3305 3449//3449 
f 3305//3305 3306//3306 3450//3450 
f 3306//3306 3307//3307 3451//3451 
f 3307//3307 3308//3308 3452//3452 
f 3308//3308 3309//3309 3453//3453 
f 3309//3309 3310//3310 3454//3454 
f 3310//3310 3311//3311 3455//3455 
f 3311//3311 3312//3312 3456//3456 
f 3456//3456 3313//3313 3457//3457 
f 3313//3313 3314//3314 3458//3458 
f 3314//3314 3315//3315 3459//3459 
f 3315//3315 3316//3316 3460//3460 
f 3316//3316 3317//3317 3461//3461 
f 3317//3317 3318//3318 3462//3462 
f 3318//3318 3319//3319 3463//3463 
f 3319//3319 3320//3320 3464//3464 
f 3320//3320 3321//3321 3465//3465 
f 3321//3321 3322//3322 3466//3466 
f 3322//3322 3323//3323 3467//3467 
f 3323//3323 3324//3324 3468//3468 
f 3324//3324 3325//3325 3469//3469 
f 3325//3325 3326//3326 3470//3470 
f 3326//3326 3327//3327 3471//3471 
f 3327//3327 3328//3328 3472//3472 
f 3328//3328 3329//3329 3473//3473 
f 3329//3329 3330//3330 3474//3474 
f 3330//3330 3331//3331 3475//3475 
f 3331//3331 3332//3332 3476//3476 
f 3332//3332 3333//3333 3477//3477 
f 3333//3333 3334//3334 3478//3478 
f 3334//3334 3335//3335 3479//3479 
f 3335//3335 3336//3336 3480//3480 
f 3336//3336 3337//3337 3481//3481 
f 3337//3337 3338//3338 3482//3482 
f 3338//3338 3339//3339 3483//3483 
f 3339//3339 3340//3340 3484//3484 
f 3340//3340 3341//3341 3485//3485 
f 3341//3341 3342//3342 3486//3486 
f 3342//3342 3343//3343 3487//3487 
f 3343//3343 3344//3344 3488//3488 
f 3344//3344 3345//3345 3489//3489 
f 3345//3345 3346//3346 3490//3490 
f 3346//3346 3347//3347 3491//3491 
f 3347//3347 3348//3348 3492//3492 
f 3348//3348 3349//3349 3493//3493 
f 3349//3349 3350//3350 3494//3494 
f 3350//3350 3351//3351 3495//3495 
f 3351//3351 3352//3352 3496//3496 
f 3352//3352 3353//3353 3497//3497 
f 3353//3353 3354//3354 3498//3498 
f 3354//3354 3355//3355 3499//3499 
f 3355//3355 3356//3356 3500//3500 
f 3356//3356 3357//3357 3501//3501 
f 3357//3357 3358//3358 3502//3502 
f 3358//3358 3359//3359 3503//3503 
f 3359//3359 3360//3360 3504//3504 
f 3360//3360 3361//3361 3505//3505 
f 3361//3361 3362//3362 3506//3506 
f 3362//3362 3363//3363 3507//3507 
f 3363//3363 3364//3364 3508//3508 
f 3364//3364 3365//3365 3509//3509 
f 3365//3365 3366//3366 3510//3510 
f 3366//3366 3367//3367 3511//3511 
f 3367//3367 3368//3368 3512//3512 
f 3368//3368 3369//3369 3513//3513 
f 3369//3369 3370//3370 3514//3514 
f 3370//3370 3371//3371 3515//3515 
f 3371//3371 3372//3372 3516//3516 
f 3372//3372 3373//3373 3517//3517 
f 3373//3373 3374//3374 3518//3518 
f 3374//3374 3375//3375 3519//3519 
f 3375//3375 3376//3376 3520//3520 
f 3376//3376 3377//3377 3521//3521 
f 3377//3377 3378//3378 3522//3522 
f 3378//3378 3379//3379 3523//3523 
f 3379//3379 3380//3380 3524//3524 
f 3380//3380 3381//3381 3525//3525 
f 3381//3381 3382//3382 3526//3526 
f 3382//3382 3383//3383 3527//3527 
f 3383//3383 3384//3384 3528//3528 
f 3384//3384 3385//3385 3529//3529 
f 3385//3385 3386//3386 3530//3530 
f 3386//3386 3387//3387 3531//3531 
f 3387//3387 3388//3388 3532//3532 
f 3388//3388 3389//3389 3533//3533 
f 3389//3389 3390//3390 3534//3534 
f 3390//3390 3391//3391 3535//3535 
f 3391//3391 3392//3392 3536//3536 
f 3392//3392 3393//3393 3537//3537 
f 3393//3393 3394//3394 3538//3538 
f 3394//3394 3395//3395 3539//3539 
f 3395//3395 3396//3396 3540//3540 
f 3396//3396 3397//3397 3541//3541 
f 3397//3397 3398//3398 3542//3542 
f 3398//3398 3399//3399 3543//3543 
f 3399//3399 3400//3400 3544//3544 
f 3400//3400 3401//3401 3545//3545 
f 3401//3401 3402//3402 3546//3546 
f 3402//3402 3403//3403 3547//3547 
f 3403//3403 3404//3404 3548//3548 
f 3404//3404 3405//3405 3549//3549 
f 3405//3405 3406//3406 3550//3550 
f 3406//3406 3407//3407 3551//3551 
f 3407//3407 3408//3408 3552//3552 
f 3408//3408 3409//3409 3553//3553 
f 3409//3409 3410//3410 3554//3554 
f 3410//3410 3411//3411 3555//3555 
f 3411//3411 3412//3412 3556//3556 
f 3412//3412 3413//3413 3557//3557 
f 3413//3413 3414//3414 3558//3558 
f 3414//3414 3415//3415 3559//3559 
f 3415//3415 3416//3416 3560//3560 
f 3416//3416 3417//3417 3561//3561 
f 3417//3417 3418//3418 3562//3562 
f 3418//3418 3419//3419 3563//3563 
f 3419//3419 3420//3420 3564//3564 
f 3420//3420 3421//3421 3565//3565 
f 3421//3421 3422//3422 3566//3566 
f 3422//3422 3423//3423 3567//3567 
f 3423//3423 3424//3424 3568//3568 
f 3424//3424 3425//3425 3569//3569 
f 3425//3425 3426//3426 3570//3570 
f 3426//3426 3427//3427 3571//3571 
f 3427//3427 3428//3428 3572//3572 
f 3428//3428 3429//3429 3573//3573 
f 3429//3429 3430//3430 3574//3574 
f 3430//3430 3431//3431 3575//3575 
f 3431//3431 3432//3432 3576//3576 
f 3432//3432 3433//3433 3577//3577 
f 3433//3433 3434//3434 3578//3578 
f 3434//3434 3435//3435 3579//3579 
f 3435//3435 3436//3436 3580//3580 
f 3436//3436 3437//3437 3581//3581 
f 3437//3437 3438//3438 3582//3582 
f 3438//3438 3439//3439 3583//3583 
f 3439//3439 3440//3440 3584//3584 
f 3440//3440 3441//3441 3585//3585 
f 3441//3441 3442//3442 3586//3586 
f 3442//3442 3443//3443 3587//3587 
f 3443//3443 3444//3444 3588//3588 
f 3444//3444 3445//3445 3589//3589 
f 3445//3445 3446//3446 3590//3590 
f 3446//3446 3447//3447 3591//3591 
f 3447//3447 3448//3448 3592//3592 
f 3448//3448 3449//3449 3593//3593 
f 3449//3449 3450//3450 3594//3594 
f 3450//3450 3451//3451 3595//3595 
f 3451//3451 3452//3452 3596//3596 
f 3452//3452 3453//3453 3597//3597 
f 3453//3453 3454//3454 3598//3598 
f 3454//3454 3455//3455 3599//3599 
f 3455//3455 3456//3456 3600//3600 
f 3600//3600 3457//3457 3601//3601 
f 3457//3457 3458//3458 3602//3602 
f 3458//3458 3459//3459 3603//3603 
f 3459//3459 3460//3460 3604//3604 
f 3460//3460 3461//3461 3605//3605 
f 3461//3461 3462//3462 3606//3606 
f 3462//3462 3463//3463 3607//3607 
f 3463//3463 3464//3464 3608//3608 
f 3464//3464 3465//3465 3609//3609 
f 3465//3465 3466//3466 3610//3610 
f 3466//3466 3467//3467 3611//3611 
f 3467//3467 3468//3468 3612//3612 
f 3468//3468 3469//3469 3613//3613 
f 3469//3469 3470//3470 3614//3614 
f 3470//3470 3471//3471 3615//3615 
f 3471//3471 3472//3472 3616//3616 
f 3472//3472 3473//3473 3617//3617 
f 3473//3473 3474//3474 3618//3618 
f 3474//3474 3475//3475 3619//3619 
f 3475//3475 3476//3476 3620//3620 
f 3476//3476 3477//3477 3621//3621 
f 3477//3477 3478//3478 3622//3622 
f 3478//3478 3479//3479 3623//3623 
f 3479//3479 3480//3480 3624//3624 
f 3480//3480 3481//3481 3625//3625 
f 3481//3481 3482//3482 3626//3626 
f 3482//3482 3483//3483 3627//3627 
f 3483//3483 3484//3484 3628//3628 
f 3484//3484 3485//3485 3629//3629 
f 3485//3485 3486//3486 3630//3630 
f 3486//3486 3487//3487 3631//3631 
f 3487//3487 3488//3488 3632//3632 
f 3488//3488 3489//3489 3633//3633 
f 3489//3489 3490//3490 3634//3634 
f 3490//3490 3491//3491 3635//3635 
f 3491//3491 3492//3492 3636//3636 
f 3492//3492 3493//3493 3637//3637 
f 3493//3493 3494//3494 3638//3638 
f 3494//3494 3495//3495 3639//3639 
f 3495//3495 3496//3496 3640//3640 
f 3496//3496 3497//3497 3641//3641 
f 3497//3497 3498//3498 3642//3642 
f 3498//3498 3499//3499 3643//3643 
f 3499//3499 3500//3500 3644//3644 
f 3500//3500 3501//3501 3645//3645 
f 3501//3501 3502//3502 3646//3646 
f 3502//3502 3503//3503 3647//3647 
f 3503//3503 3504//3504 3648//3648 
f 3504//3504 3505//3505 3649//3649 
f 3505//3505 3506//3506 3650//3650 
f 3506//3506 3507//3507 3651//3651 
f 3507//3507 3508//3508 3652//3652 
f 3508//3508 3509//3509 3653//3653 
f 3509//3509 3510//3510 3654//3654 
f 3510//3510 3511//3511 3655//3655 
f 3511//3511 3512//3512 3656//3656 
f 3512//3512 3513//3513 3657//3657 
f 3513//3513 3514//3514 3658//3658 
f 3514//3514 3515//3515 3659//3659 
f 3515//3515 3516//3516 3660//3660 
f 3516//3516 3517//3517 3661//3661 
f 3517//3517 3518//3518 3662//3662 
f 3518//3518 3519//3519 3663//3663 
f 3519//3519 3520//3520 3664//3664 
f 3520//3520 3521//3521 3665//3665 
f 3521//3521 3522//3522 3666//3666 
f 3522//3522 3523//3523 3667//3667 
f 3523//3523 3524//3524 3668//3668 
f 3524//3524 3525//3525 3669//3669 
f 3525//3525 3526//3526 3670//3670 
f 3526//3526 3527//3527 3671//3671 
f 3527//3527 3528//3528 3672//3672 
f 3528//3528 3529//3529 3673//3673 
f 3529//3529 3530//3530 3674//3674 
f 3530//3530 3531//3531 3675//3675 
f 3531//3531 3532//3532 3676//3676 
f 3532//3532 3533//3533 3677//3677 
f 3533//3533 3534//3534 3678//3678 
f 3534//3534 3535//3535 3679//3679 
f 3535//3535 3536//3536 3680//3680 
f 3536//3536 3537//3537 3681//3681 
f 3537//3537 3538//3538 3682//3682 
f 3538//3538 3539//3539 3683//3683 
f 3539//3539 3540//3540 3684//3684 
f 3540//3540 3541//3541 3685//3685 
f 3541//3541 3542//3542 3686//3686 
f 3542//3542 3543//3543 3687//3687 
f 3543//3543 3544//3544 3688//3688 
f 3544//3544 3545//3545 3689//3689 
f 3545//3545 3546//3546 3690//3690 
f 3546//3546 3547//3547 3691//3691 
f 3547//3547 3548//3548 3692//3692 
f 3548//3548 3549//3549 3693//3693 
f 3549//3549 3550//3550 3694//3694 
f 3550//3550 3551//3551 3695//3695 
f 3551//3551 3552//3552 3696//3696 
f 3552//3552 3553//3553 3697//3697 
f 3553//3553 3554//3554 3698//3698 
f 3554//3554 3555//3555 3699//3699 
f 3555//3555 3556//3556 3700//3700 
f 3556//3556 3557//3557 3701//3701 
f 3557//3557 3558//3558 3702//3702 
f 3558//3558 3559//3559 3703//3703 
f 3559//3559 3560//3560 3704//3704 
f 3560//3560 3561//3561 3705//3705 
f 3561//3561 3562//3562 3706//3706 
f 3562//3562 3563//3563 3707//3707 
f 3563//3563 3564//3564 3708//3708 
f 3564//3564 3565//3565 3709//3709 
f 3565//3565 3566//3566 3710//3710 
f 3566//3566 3567//3567 3711//3711 
f 3567//3567 3568//3568 3712//3712 
f 3568//3568 3569//3569 3713//3713 
f 3569//3569 3570//3570 3714//3714 
f 3570//3570 3571//3571 3715//3715 
f 3571//3571 3572//3572 3716//3716 
f 3572//3572 3573//3573 3717//3717 
f 3573//3573 3574//3574 3718//3718 
f 3574//3574 3575//3575 3719//3719 
f 3575//3575 3576//3576 3720//3720 
f 3576//3576 3577//3577 3721//3721 
f 3577//3577 3578//3578 3722//3722 
f 3578//3578 3579//3579 3723//3723 
f 3579//3579 3580//3580 3724//3724 
f 3580//3580 3581//3581 3725//3725 
f 3581//3581 3582//3582 3726//3726 
f 3582//3582 3583//3583 3727//3727 
f 3583//3583 3584//3584 3728//3728 
f 3584//3584 3585//3585 3729//3729 
f 3585//3585 3586//3586 3730//3730 
f 3586//3586 3587//3587 3731//3731 
f 3587//3587 3588//3588 3732//3732 
f 3588//3588 3589//3589 3733//3733 
f 3589//3589 3590//3590 3734//3734 
f 3590//3590 3591//3591 3735//3735 
f 3591//3591 3592//3592 3736//3736 
f 3592//3592 3593//3593 3737//3737 
f 3593//3593 3594//3594 3738//3738 
f 3594//3594 3595//3595 3739//3739 
f 3595//3595 3596//3596 3740//3740 
f 3596//3596 3597//3597 3741//3741 
f 3597//3597 3598//3598 3742//3742 
f 3598//3598 3599//3599 3743//3743 
f 3599//3599 3600//3600 3744//3744 
f 3744//3744 3601//3601 3745//3745 
f 3601//3601 3602//3602 3746//3746 
f 3602//3602 3603//3603 3747//3747 
f 3603//3603 3604//3604 3748//3748 
f 3604//3604 3605//3605 3749//3749 
f 3605//3605 3606//3606 3750//3750 
f 3606//3606 3607//3607 3751//3751 
f 3607//3607 3608//3608 3752//3752 
f 3608//3608 3609//3609 3753//3753 
f 3609//3609 3610//3610 3754//3754 
f 3610//3610 3611//3611 3755//3755 
f 3611//3611 3612//3612 3756//3756 
f 3612//3612 3613//3613 3757//3757 
f 3613//3613 3614//3614 3758//3758 
f 3614//3614 3615//3615 3759//3759 
f 3615//3615 3616//3616 3760//3760 
f 3616//3616 3617//3617 3761//3761 
f 3617//3617 3618//3618 3762//3762 
f 3618//3618 3619//3619 3763//3763 
f 3619//3619 3620//3620 3764//3764 
f 3620//3620 3621//3621 3765//3765 
f 3621//3621 3622//3622 3766//3766 
f 3622//3622 3623//3623 3767//3767 
f 3623//3623 3624//3624 3768//3768 
f 3624//3624 3625//3625 3769//3769 
f 3625//3625 3626//3626 3770//3770 
f 3626//3626 3627//3627 3771//3771 
f 3627//3627 3628//3628 3772//3772 
f 3628//3628 3629//3629 3773//3773 
f 3629//3629 3630//3630 3774//3774 
f 3630//3630 3631//3631 3775//3775 
f 3631//3631 3632//3632 3776//3776 
f 3632//3632 3633//3633 3777//3777 
f 3633//3633 3634//3634 3778//3778 
f 3634//3634 3635//3635 3779//3779 
f 3635//3635 3636//3636 3780//3780 
f 3636//3636 3637//3637 3781//3781 
f 3637//3637 3638//3638 3782//3782 
f 3638//3638 3639//3639 3783//3783 
f 3639//3639 3640//3640 3784//3784 
f 3640//3640 3641//3641 3785//3785 
f 3641//3641 3642//3642 3786//3786 
f 3642//3642 3643//3643 3787//3787 
f 3643//3643 3644//3644 3788//3788 
f 3644//3644 3645//3645 3789//3789 
f 3645//3645 3646//3646 3790//3790 
f 3646//3646 3647//3647 3791//3791 
f 3647//3647 3648//3648 3792//3792 
f 3648//3648 3649//3649 3793//3793 
f 3649//3649 3650//3650 3794//3794 
f 3650//3650 3651//3651 3795//3795 
f 3651//3651 3652//3652 3796//3796 
f 3652//3652 3653//3653 3797//3797 
f 3653//3653 3654//3654 3798//3798 
f 3654//3654 3655//3655 3799//3799 
f 3655//3655 3656//3656 3800//3800 
f 3656//3656 3657//3657 3801//3801 
f 3657//3657 3658//3658 3802//3802 
f 3658//3658 3659//3659 3803//3803 
f 3659//3659 3660//3660 3804//3804 
f 3660//3660 3661//3661 3805//3805 
f 3661//3661 3662//3662 3806//3806 
f 3662//3662 3663//3663 3807//3807 
f 3663//3663 3664//3664 3808//3808 
f 3664//3664 3665//3665 3809//3809 
f 3665//3665 3666//3666 3810//3810 
f 3666//3666 3667//3667 3811//3811 
f 3667//3667 3668//3668 3812//3812 
f 3668//3668 3669//3669 3813//3813 
f 3669//3669 3670//3670 3814//3814 
f 3670//3670 3671//3671 3815//3815 
f 3671//3671 3672//3672 3816//3816 
f 3672//3672 3673//3673 3817//3817 
f 3673//3673 3674//3674 3818//3818 
f 3674//3674 3675//3675 3819//3819 
f 3675//3675 3676//3676 3820//3820 
f 3676//3676 3677//3677 3821//3821 
f 3677//3677 3678//3678 3822//3822 
f 3678//3678 3679//3679 3823//3823 
f 3679//3679 3680//3680 3824//3824 
f 3680//3680 3681//3681 3825//3825 
f 3681//3681 3682//3682 3826//3826 
f 3682//3682 3683//3683 3827//3827 
f 3683//3683 3684//3684 3828//3828 
f 3684//3684 3685//3685 3829//3829 
f 3685//3685 3686//3686 3830//3830 
f 3686//3686 3687//3687 3831//3831 
f 3687//3687 3688//3688 3832//3832 
f 3688//3688 3689//3689 3833//3833 
f 3689//3689 3690//3690 3834//3834 
f 3690//3690 3691//3691 3835//3835 
f 3691//3691 3692//3692 3836//3836 
f 3692//3692 3693//3693 3837//3837 
f 3693//3693 3694//3694 3838//3838 
f 3694//3694 3695//3695 3839//3839 
f 3695//3695 3696//3696 3840//3840 
f 3696//3696 3697//3697 3841//3841 
f 3697//3697 3698//3698 3842//3842 
f 3698//3698 3699//3699 3843//3843 
f 3699//3699 3700//3700 3844//3844 
f 3700//3700 3701//3701 3845//3845 
f 3701//3701 3702//3702 3846//3846 
f 3702//3702 3703//3703 3847//3847 
f 3703//3703 3704//3704 3848//3848 
f 3704//3704 3705//3705 3849//3849 
f 3705//3705 3706//3706 3850//3850 
f 3706//3706 3707//3707 3851//3851 
f 3707//3707 3708//3708 3852//3852 
f 3708//3708 3709//3709 3853//3853 
f 3709//3709 3710//3710 3854//3854 
f 3710//3710 3711//3711 3855//3855 
f 3711//3711 3712//3712 3856//3856 
f 3712//3712 3713//3713 3857//3857 
f 3713//3713 3714//3714 3858//3858 
f 3714//3714 3715//3715 3859//3859 
f 3715//3715 3716//3716 3860//3860 
f 3716//3716 3717//3717 3861//3861 
f 3717//3717 3718//3718 3862//3862 
f 3718//3718 3719//3719 3863//3863 
f 3719//3719 3720//3720 3864//3864 
f 3720//3720 3721//3721 3865//3865 
f 3721//3721 3722//3722 3866//3866 
f 3722//3722 3723//3723 3867//3867 
f 3723//3723 3724//3724 3868//3868 
f 3724//3724 3725//3725 3869//3869 
f 3725//3725 3726//3726 3870//3870 
f 3726//3726 3727//3727 3871//3871 
f 3727//3727 3728//3728 3872//3872 
f 3728//3728 3729//3729 3873//3873 
f 3729//3729 3730//3730 3874//3874 
f 3730//3730 3731//3731 3875//3875 
f 3731//3731 3732//3732 3876//3876 
f 3732//3732 3733//3733 3877//3877 
f 3733//3733 3734//3734 3878//3878 
f 3734//3734 3735//3735 3879//3879 
f 3735//3735 3736//3736 3880//3880 
f 3736//3736 3737//3737 3881//3881 
f 3737//3737 3738//3738 3882//3882 
f 3738//3738 3739//3739 3883//3883 
f 3739//3739 3740//3740 3884//3884 
f 3740//3740 3741//3741 3885//3885 
f 3741//3741 3742//3742 3886//3886 
f 3742//3742 3743//3743 3887//3887 
f 3743//3743 3744//3744 3888//3888 
f 3888//3888 3745//3745 3889//3889 
f 3745//3745 3746//3746 3890//3890 
f 3746//3746 3747//3747 3891//3891 
f 3747//3747 3748//3748 3892//3892 
f 3748//3748 3749//3749 3893//3893 
f 3749//3749 3750//3750 3894//3894 
f 3750//3750 3751//3751 3895//3895 
f 3751//3751 3752//3752 3896//3896 
f 3752//3752 3753//3753 3897//3897 
f 3753//3753 3754//3754 3898//3898 
f 3754//3754 3755//3755 3899//3899 
f 3755//3755 3756//3756 3900//3900 
f 3756//3756 3757//3757 3901//3901 
f 3757//3757 3758//3758 3902//3902 
f 3758//3758 3759//3759 3903//3903 
f 3759//3759 3760//3760 3904//3904 
f 3760//3760 3761//3761 3905//3905 
f 3761//3761 3762//3762 3906//3906 
f 3762//3762 3763//3763 3907//3907 
f 3763//3763 3764//3764 3908//3908 
f 3764//3764 3765//3765 3909//3909 
f 3765//3765 3766//3766 3910//3910 
f 3766//3766 3767//3767 3911//3911 
f 3767//3767 3768//3768 3912//3912 
f 3768//3768 3769//3769 3913//3913 
f 3769//3769 3770//3770 3914//3914 
f 3770//3770 3771//3771 3915//3915 
f 3771//3771 3772//3772 3916//3916 
f 3772//3772 3773//3773 3917//3917 
f 3773//3773 3774//3774 3918//3918 
f 3774//3774 3775//3775 3919//3919 
f 3775//3775 3776//3776 3920//3920 
f 3776//3776 3777//3777 3921//3921 
f 3777//3777 3778//3778 3922//3922 
f 3778//3778 3779//3779 3923//3923 
f 3779//3779 3780//3780 3924//3924 
f 3780//3780 3781//3781 3925//3925 
f 3781//3781 3782//3782 3926//3926 
f 3782//3782 3783//3783 3927//3927 
f 3783//3783 3784//3784 3928//3928 
f 3784//3784 3785//3785 3929//3929 
f 3785//3785 3786//3786 3930//3930 
f 3786//3786 3787//3787 3931//3931 
f 3787//3787 3788//3788 3932//3932 
f 3788//3788 3789//3789 3933//3933 
f 3789//3789 3790//3790 3934//3934 
f 3790//3790 3791//3791 3935//3935 
f 3791//3791 3792//3792 3936//3936 
f 3792//3792 3793//3793 3937//3937 
f 3793//3793 3794//3794 3938//3938 
f 3794//3794 3795//3795 3939//3939 
f 3795//3795 3796//3796 3940//3940 
f 3796//3796 3797//3797 3941//3941 
f 3797//3797 3798//3798 3942//3942 
f 3798//3798 3799//3799 3943//3943 
f 3799//3799 3800//3800 3944//3944 
f 3800//3800 3801//3801 3945//3945 
f 3801//3801 3802//3802 3946//3946 
f 3802//3802 3803//3803 3947//3947 
f 3803//3803 3804//3804 3948//3948 
f 3804//3804 3805//3805 3949//3949 
f 3805//3805 3806//3806 3950//3950 
f 3806//3806 3807//3807 3951//3951 
f 3807//3807 3808//3808 3952//3952 
f 3808//3808 3809//3809 3953//3953 
f 3809//3809 3810//3810 3954//3954 
f 3810//3810 3811//3811 3955//3955 
f 3811//3811 3812//3812 3956//3956 
f 3812//3812 3813//3813 3957//3957 
f 3813//3813 3814//3814 3958//3958 
f 3814//3814 3815//3815 3959//3959 
f 3815//3815 3816//3816 3960//3960 
f 3816//3816 3817//3817 3961//3961 
f 3817//3817 3818//3818 3962//3962 
f 3818//3818 3819//3819 3963//3963 
f 3819//3819 3820//3820 3964//3964 
f 3820//3820 3821//3821 3965//3965 
f 3821//3821 3822//3822 3966//3966 
f 3822//3822 3823//3823 3967//3967 
f 3823//3823 3824//3824 3968//3968 
f 3824//3824 3825//3825 3969//3969 
f 3825//3825 3826//3826 3970//3970 
f 3826//3826 3827//3827 3971//3971 
f 3827//3827 3828//3828 3972//3972 
f 3828//3828 3829//3829 3973//3973 
f 3829//3829 3830//3830 3974//3974 
f 3830//3830 3831//3831 3975//3975 
f 3831//3831 3832//3832 3976//3976 
f 3832//3832 3833//3833 3977//3977 
f 3833//3833 3834//3834 3978//3978 
f 3834//3834 3835//3835 3979//3979 
f 3835//3835 3836//3836 3980//3980 
f 3836//3836 3837//3837 3981//3981 
f 3837//3837 3838//3838 3982//3982 
f 3838//3838 3839//3839 3983//3983 
f 3839//3839 3840//3840 3984//3984 
f 3840//3840 3841//3841 3985//3985 
f 3841//3841 3842//3842 3986//3986 
f 3842//3842 3843//3843 3987//3987 
f 3843//3843 3844//3844 3988//3988 
f 3844//3844 3845//3845 3989//3989 
f 3845//3845 3846//3846 3990//3990 
f 3846//3846 3847//3847 3991//3991 
f 3847//3847 3848//3848 3992//3992 
f 3848//3848 3849//3849 3993//3993 
f 3849//3849 3850//3850 3994//3994 
f 3850//3850 3851//3851 3995//3995 
f 3851//3851 3852//3852 3996//3996 
f 3852//3852 3853//3853 3997//3997 
f 3853//3853 3854//3854 3998//3998 
f 3854//3854 3855//3855 3999//3999 
f 3855//3855 3856//3856 4000//4000 
f 3856//3856 3857//3857 4001//4001 
f 3857//3857 3858//3858 4002//4002 
f 3858//3858 3859//3859 4003//4003 
f 3859//3859 3860//3860 4004//4004 
f 3860//3860 3861//3861 4005//4005 
f 3861//3861 3862//3862 4006//4006 
f 3862//3862 3863//3863 4007//4007 
f 3863//3863 3864//3864 4008//4008 
f 3864//3864 3865//3865 4009//4009 
f 3865//3865 3866//3866 4010//4010 
f 3866//3866 3867//3867 4011//4011 
f 3867//3867 3868//3868 4012//4012 
f 3868//3868 3869//3869 4013//4013 
f 3869//3869 3870//3870 4014//4014 
f 3870//3870 3871//3871 4015//4015 
f 3871//3871 3872//3872 4016//4016 
f 3872//3872 3873//3873 4017//4017 
f 3873//3873 3874//3874 4018//4018 
f 3874//3874 3875//3875 4019//4019 
f 3875//3875 3876//3876 4020//4020 
f 3876//3876 3877//3877 4021//4021 
f 3877//3877 3878//3878 4022//4022 
f 3878//3878 3879//3879 4023//4023 
f 3879//3879 3880//3880 4024//4024 
f 3880//3880 3881//3881 4025//4025 
f 3881//3881 3882//3882 4026//4026 
f 3882//3882 3883//3883 4027//4027 
f 3883//3883 3884//3884 4028//4028 
f 3884//3884 3885//3885 4029//4029 
f 3885//3885 3886//3886 4030//4030 
f 3886//3886 3887//3887 4031//4031 
f 3887//3887 3888//3888 4032//4032 
f 4032//4032 3889//3889 4033//4033 
f 3889//3889 3890//3890 4034//4034 
f 3890//3890 3891//3891 4035//4035 
f 3891//3891 3892//3892 4036//4036 
f 3892//3892 3893//3893 4037//4037 
f 3893//3893 3894//3894 4038//4038 
f 3894//3894 3895//3895 4039//4039 
f 3895//3895 3896//3896 4040//4040 
f 3896//3896 3897//3897 4041//4041 
f 3897//3897 3898//3898 4042//4042 
f 3898//3898 3899//3899 4043//4043 
f 3899//3899 3900//3900 4044//4044 
f 3900//3900 3901//3901 4045//4045 
f 3901//3901 3902//3902 4046//4046 
f 3902//3902 3903//3903 4047//4047 
f 3903//3903 3904//3904 4048//4048 
f 3904//3904 3905//3905 4049//4049 
f 3905//3905 3906//3906 4050//4050 
f 3906//3906 3907//3907 4051//4051 
f 3907//3907 3908//3908 4052//4052 
f 3908//3908 3909//3909 4053//4053 
f 3909//3909 3910//3910 4054//4054 
f 3910//3910 3911//3911 4055//4055 
f 3911//3911 3912//3912 4056//4056 
f 3912//3912 3913//3913 4057//4057 
f 3913//3913 3914//3914 4058//4058 
f 3914//3914 3915//3915 4059//4059 
f 3915//3915 3916//3916 4060//4060 
f 3916//3916 3917//3917 4061//4061 
f 3917//3917 3918//3918 4062//4062 
f 3918//3918 3919//3919 4063//4063 
f 3919//3919 3920//3920 4064//4064 
f 3920//3920 3921//3921 4065//4065 
f 3921//3921 3922//3922 4066//4066 
f 3922//3922 3923//3923 4067//4067 
f 3923//3923 3924//3924 4068//4068 
f 3924//3924 3925//3925 4069//4069 
f 3925//3925 3926//3926 4070//4070 
f 3926//3926 3927//3927 4071//4071 
f 3927//3927 3928//3928 4072//4072 
f 3928//3928 3929//3929 4073//4073 
f 3929//3929 3930//3930 4074//4074 
f 3930//3930 3931//3931 4075//4075 
f 3931//3931 3932//3932 4076//4076 
f 3932//3932 3933//3933 4077//4077 
f 3933//3933 3934//3934 4078//4078 
f 3934//3934 3935//3935 4079//4079 
f 3935//3935 3936//3936 4080//4080 
f 3936//3936 3937//3937 4081//4081 
f 3937//3937 3938//3938 4082//4082 
f 3938//3938 3939//3939 4083//4083 
f 3939//3939 3940//3940 4084//4084 
f 3940//3940 3941//3941 4085//4085 
f 3941//3941 3942//3942 4086//4086 
f 3942//3942 3943//3943 4087//4087 
f 3943//3943 3944//3944 4088//4088 
f 3944//3944 3945//3945 4089//4089 
f 3945//3945 3946//3946 4090//4090 
f 3946//3946 3947//3947 4091//4091 
f 3947//3947 3948//3948 4092//4092 
f 3948//3948 3949//3949 4093//4093 
f 3949//3949 3950//3950 4094//4094 
f 3950//3950 3951//3951 4095//4095 
f 3951//3951 3952//3952 4096//4096 
f 3952//3952 3953//3953 4097//4097 
f 3953//3953 3954//3954 4098//4098 
f 3954//3954 3955//3955 4099//4099 
f 3955//3955 3956//3956 4100//4100 
f 3956//3956 3957//3957 4101//4101 
f 3957//3957 3958//3958 4102//4102 
f 3958//3958 3959//3959 4103//4103 
f 3959//3959 3960//3960 4104//4104 
f 3960//3960 3961//3961 4105//4105 
f 3961//3961 3962//3962 4106//4106 
f 3962//3962 3963//3963 4107//4107 
f 3963//3963 3964//3964 4108//4108 
f 3964//3964 3965//3965 4109//4109 
f 3965//3965 3966//3966 4110//4110 
f 3966//3966 3967//3967 4111//4111 
f 3967//3967 3968//3968 4112//4112 
f 3968//3968 3969//3969 4113//4113 
f 3969//3969 3970//3970 4114//4114 
f 3970//3970 3971//3971 4115//4115 
f 3971//3971 3972//3972 4116//4116 
f 3972//3972 3973//3973 4117//4117 
f 3973//3973 3974//3974 4118//4118 
f 3974//3974 3975//3975 4119//4119 
f 3975//3975 3976//3976 4120//4120 
f 3976//3976 3977//3977 4121//4121 
f 3977//3977 3978//3978 4122//4122 
f 3978//3978 3979//3979 4123//4123 
f 3979//3979 3980//3980 4124//4124 
f 3980//3980 3981//3981 4125//4125 
f 3981//3981 3982//3982 4126//4126 
f 3982//3982 3983//3983 4127//4127 
f 3983//3983 3984//3984 4128//4128 
f 3984//3984 3985//3985 4129//4129 
f 3985//3985 3986//3986 4130//4130 
f 3986//3986 3987//3987 4131//4131 
f 3987//3987 3988//3988 4132//4132 
f 3988//3988 3989//3989 4133//4133 
f 3989//3989 3990//3990 4134//4134 
f 3990//3990 3991//3991 4135//4135 
f 3991//3991 3992//3992 4136//4136 
f 3992//3992 3993//3993 4137//4137 
f 3993//3993 3994//3994 4138//4138 
f 3994//3994 3995//3995 4139//4139 
f 3995//3995 3996//3996 4140//4140 
f 3996//3996 3997//3997 4141//4141 
f 3997//3997 3998//3998 4142//4142 
f 3998//3998 3999//3999 4143//4143 
f 3999//3999 4000//4000 4144//4144 
f 4000//4000 4001//4001 4145//4145 
f 4001//4001 4002//4002 4146//4146 
f 4002//4002 4003//4003 4147//4147 
f 4003//4003 4004//4004 4148//4148 
f 4004//4004 4005//4005 4149//4149 
f 4005//4005 4006//4006 4150//4150 
f 4006//4006 4007//4007 4151//4151 
f 4007//4007 4008//4008 4152//4152 
f 4008//4008 4009//4009 4153//4153 
f 4009//4009 4010//4010 4154//4154 
f 4010//4010 4011//4011 4155//4155 
f 4011//4011 4012//4012 4156//4156 
f 4012//4012 4013//4013 4157//4157 
f 4013//4013 4014//4014 4158//4158 
f 4014//4014 4015//4015 4159//4159 
f 4015//4015 4016//4016 4160//4160 
f 4016//4016 4017//4017 4161//4161 
f 4017//4017 4018//4018 4162//4162 
f 4018//4018 4019//4019 4163//4163 
f 4019//4019 4020//4020 4164//4164 
f 4020//4020 4021//4021 4165//4165 
f 4021//4021 4022//4022 4166//4166 
f 4022//4022 4023//4023 4167//4167 
f 4023//4023 4024//4024 4168//4168 
f 4024//4024 4025//4025 4169//4169 
f 4025//4025 4026//4026 4170//4170 
f 4026//4026 4027//4027 4171//4171 
f 4027//4027 4028//4028 4172//4172 
f 4028//4028 4029//4029 4173//4173 
f 4029//4029 4030//4030 4174//4174 
f 4030//4030 4031//4031 4175//4175 
f 4031//4031 4032//4032 4176//4176 
f 4176//4176 4033//4033 4177//4177 
f 4033//4033 4034//4034 4178//4178 
f 4034//4034 4035//4035 4179//4179 
f 4035//4035 4036//4036 4180//4180 
f 4036//4036 4037//4037 4181//4181 
f 4037//4037 4038//4038 4182//4182 
f 4038//4038 4039//4039 4183//4183 
f 4039//4039 4040//4040 4184//4184 
f 4040//4040 4041//4041 4185//4185 
f 4041//4041 4042//4042 4186//4186 
f 4042//4042 4043//4043 4187//4187 
f 4043//4043 4044//4044 4188//4188 
f 4044//4044 4045//4045 4189//4189 
f 4045//4045 4046//4046 4190//4190 
f 4046//4046 4047//4047 4191//4191 
f 4047//4047 4048//4048 4192//4192 
f 4048//4048 4049//4049 4193//4193 
f 4049//4049 4050//4050 4194//4194 
f 4050//4050 4051//4051 4195//4195 
f 4051//4051 4052//4052 4196//4196 
f 4052//4052 4053//4053 4197//4197 
f 4053//4053 4054//4054 4198//4198 
f 4054//4054 4055//4055 4199//4199 
f 4055//4055 4056//4056 4200//4200 
f 4056//4056 4057//4057 4201//4201 
f 4057//4057 4058//4058 4202//4202 
f 4058//4058 4059//4059 4203//4203 
f 4059//4059 4060//4060 4204//4204 
f 4060//4060 4061//4061 4205//4205 
f 4061//4061 4062//4062 4206//4206 
f 4062//4062 4063//4063 4207//4207 
f 4063//4063 4064//4064 4208//4208 
f 4064//4064 4065//4065 4209//4209 
f 4065//4065 4066//4066 4210//4210 
f 4066//4066 4067//4067 4211//4211 
f 4067//4067 4068//4068 4212//4212 
f 4068//4068 4069//4069 4213//4213 
f 4069//4069 4070//4070 4214//4214 
f 4070//4070 4071//4071 4215//4215 
f 4071//4071 4072//4072 4216//4216 
f 4072//4072 4073//4073 4217//4217 
f 4073//4073 4074//4074 4218//4218 
f 4074//4074 4075//4075 4219//4219 
f 4075//4075 4076//4076 4220//4220 
f 4076//4076 4077//4077 4221//4221 
f 4077//4077 4078//4078 4222//4222 
f 4078//4078 4079//4079 4223//4223 
f 4079//4079 4080//4080 4224//4224 
f 4080//4080 4081//4081 4225//4225 
f 4081//4081 4082//4082 4226//4226 
f 4082//4082 4083//4083 4227//4227 
f 4083//4083 4084//4084 4228//4228 
f 4084//4084 4085//4085 4229//4229 
f 4085//4085 4086//4086 4230//4230 
f 4086//4086 4087//4087 4231//4231 
f 4087//4087 4088//4088 4232//4232 
f 4088//4088 4089//4089 4233//4233 
f 4089//4089 4090//4090 4234//4234 
f 4090//4090 4091//4091 4235//4235 
f 4091//4091 4092//4092 4236//4236 
f 4092//4092 4093//4093 4237//4237 
f 4093//4093 4094//4094 4238//4238 
f 4094//4094 4095//4095 4239//4239 
f 4095//4095 4096//4096 4240//4240 
f 4096//4096 4097//4097 4241//4241 
f 4097//4097 4098//4098 4242//4242 
f 4098//4098 4099//4099 4243//4243 
f 4099//4099 4100//4100 4244//4244 
f 4100//4100 4101//4101 4245//4245 
f 4101//4101 4102//4102 4246//4246 
f 4102//4102 4103//4103 4247//4247 
f 4103//4103 4104//4104 4248//4248 
f 4104//4104 4105//4105 4249//4249 
f 4105//4105 4106//4106 4250//4250 
f 4106//4106 4107//4107 4251//4251 
f 4107//4107 4108//4108 4252//4252 
f 4108//4108 4109//4109 4253//4253 
f 4109//4109 4110//4110 4254//4254 
f 4110//4110 4111//4111 4255//4255 
f 4111//4111 4112//4112 4256//4256 
f 4112//4112 4113//4113 4257//4257 
f 4113//4113 4114//4114 4258//4258 
f 4114//4114 4115//4115 4259//4259 
f 4115//4115 4116//4116 4260//4260 
f 4116//4116 4117//4117 4261//4261 
f 4117//4117 4118//4118 4262//4262 
f 4118//4118 4119//4119 4263//4263 
f 4119//4119 4120//4120 4264//4264 
f 4120//4120 4121//4121 4265//4265 
f 4121//4121 4122//4122 4266//4266 
f 4122//4122 4123//4123 4267//4267 
f 4123//4123 4124//4124 4268//4268 
f 4124//4124 4125//4125 4269//4269 
f 4125//4125 4126//4126 4270//4270 
f 4126//4126 4127//4127 4271//4271 
f 4127//4127 4128//4128 4272//4272 
f 4128//4128 4129//4129 4273//4273 
f 4129//4129 4130//4130 4274//4274 
f 4130//4130 4131//4131 4275//4275 
f 4131//4131 4132//4132 4276//4276 
f 4132//4132 4133//4133 4277//4277 
f 4133//4133 4134//4134 4278//4278 
f 4134//4134 4135//4135 4279//4279 
f 4135//4135 4136//4136 4280//4280 
f 4136//4136 4137//4137 4281//4281 
f 4137//4137 4138//4138 4282//4282 
f 4138//4138 4139//4139 4283//4283 
f 4139//4139 4140//4140 4284//4284 
f 4140//4140 4141//4141 4285//4285 
f 4141//4141 4142//4142 4286//4286 
f 4142//4142 4143//4143 4287//4287 
f 4143//4143 4144//4144 4288//4288 
f 4144//4144 4145//4145 4289//4289 
f 4145//4145 4146//4146 4290//4290 
f 4146//4146 4147//4147 4291//4291 
f 4147//4147 4148//4148 4292//4292 
f 4148//4148 4149//4149 4293//4293 
f 4149//4149 4150//4150 4294//4294 
f 4150//4150 4151//4151 4295//4295 
f 4151//4151 4152//4152 4296//4296 
f 4152//4152 4153//4153 4297//4297 
f 4153//4153 4154//4154 4298//4298 
f 4154//4154 4155//4155 4299//4299 
f 4155//4155 4156//4156 4300//4300 
f 4156//4156 4157//4157 4301//4301 
f 4157//4157 4158//4158 4302//4302 
f 4158//4158 4159//4159 4303//4303 
f 4159//4159 4160//4160 4304//4304 
f 4160//4160 4161//4161 4305//4305 
f 4161//4161 4162//4162 4306//4306 
f 4162//4162 4163//4163 4307//4307 
f 4163//4163 4164//4164 4308//4308 
f 4164//4164 4165//4165 4309//4309 
f 4165//4165 4166//4166 4310//4310 
f 4166//4166 4167//4167 4311//4311 
f 4167//4167 4168//4168 4312//4312 
f 4168//4168 4169//4169 4313//4313 
f 4169//4169 4170//4170 4314//4314 
f 4170//4170 4171//4171 4315//4315 
f 4171//4171 4172//4172 4316//4316 
f 4172//4172 4173//4173 4317//4317 
f 4173//4173 4174//4174 4318//4318 
f 4174//4174 4175//4175 4319//4319 
f 4175//4175 4176//4176 4320//4320 
f 4320//4320 4177//4177 4321//4321 
f 4177//4177 4178//4178 4322//4322 
f 4178//4178 4179//4179 4323//4323 
f 4179//4179 4180//4180 4324//4324 
f 4180//4180 4181//4181 4325//4325 
f 4181//4181 4182//4182 4326//4326 
f 4182//4182 4183//4183 4327//4327 
f 4183//4183 4184//4184 4328//4328 
f 4184//4184 4185//4185 4329//4329 
f 4185//4185 4186//4186 4330//4330 
f 4186//4186 4187//4187 4331//4331 
f 4187//4187 4188//4188 4332//4332 
f 4188//4188 4189//4189 4333//4333 
f 4189//4189 4190//4190 4334//4334 
f 4190//4190 4191//4191 4335//4335 
f 4191//4191 4192//4192 4336//4336 
f 4192//4192 4193//4193 4337//4337 
f 4193//4193 4194//4194 4338//4338 
f 4194//4194 4195//4195 4339//4339 
f 4195//4195 4196//4196 4340//4340 
f 4196//4196 4197//4197 4341//4341 
f 4197//4197 4198//4198 4342//4342 
f 4198//4198 4199//4199 4343//4343 
f 4199//4199 4200//4200 4344//4344 
f 4200//4200 4201//4201 4345//4345 
f 4201//4201 4202//4202 4346//4346 
f 4202//4202 4203//4203 4347//4347 
f 4203//4203 4204//4204 4348//4348 
f 4204//4204 4205//4205 4349//4349 
f 4205//4205 4206//4206 4350//4350 
f 4206//4206 4207//4207 4351//4351 
f 4207//4207 4208//4208 4352//4352 
f 4208//4208 4209//4209 4353//4353 
f 4209//4209 4210//4210 4354//4354 
f 4210//4210 4211//4211 4355//4355 
f 4211//4211 4212//4212 4356//4356 
f 4212//4212 4213//4213 4357//4357 
f 4213//4213 4214//4214 4358//4358 
f 4214//4214 4215//4215 4359//4359 
f 4215//4215 4216//4216 4360//4360 
f 4216//4216 4217//4217 4361//4361 
f 4217//4217 4218//4218 4362//4362 
f 4218//4218 4219//4219 4363//4363 
f 4219//4219 4220//4220 4364//4364 
f 4220//4220 4221//4221 4365//4365 
f 4221//4221 4222//4222 4366//4366 
f 4222//4222 4223//4223 4367//4367 
f 4223//4223 4224//4224 4368//4368 
f 4224//4224 4225//4225 4369//4369 
f 4225//4225 4226//4226 4370//4370 
f 4226//4226 4227//4227 4371//4371 
f 4227//4227 4228//4228 4372//4372 
f 4228//4228 4229//4229 4373//4373 
f 4229//4229 4230//4230 4374//4374 
f 4230//4230 4231//4231 4375//4375 
f 4231//4231 4232//4232 4376//4376 
f 4232//4232 4233//4233 4377//4377 
f 4233//4233 4234//4234 4378//4378 
f 4234//4234 4235//4235 4379//4379 
f 4235//4235 4236//4236 4380//4380 
f 4236//4236 4237//4237 4381//4381 
f 4237//4237 4238//4238 4382//4382 
f 4238//4238 4239//4239 4383//4383 
f 4239//4239 4240//4240 4384//4384 
f 4240//4240 4241//4241 4385//4385 
f 4241//4241 4242//4242 4386//4386 
f 4242//4242 4243//4243 4387//4387 
f 4243//4243 4244//4244 4388//4388 
f 4244//4244 4245//4245 4389//4389 
f 4245//4245 4246//4246 4390//4390 
f 4246//4246 4247//4247 4391//4391 
f 4247//4247 4248//4248 4392//4392 
f 4248//4248 4249//4249 4393//4393 
f 4249//4249 4250//4250 4394//4394 
f 4250//4250 4251//4251 4395//4395 
f 4251//4251 4252//4252 4396//4396 
f 4252//4252 4253//4253 4397//4397 
f 4253//4253 4254//4254 4398//4398 
f 4254//4254 4255//4255 4399//4399 
f 4255//4255 4256//4256 4400//4400 
f 4256//4256 4257//4257 4401//4401 
f 4257//4257 4258//4258 4402//4402 
f 4258//4258 4259//4259 4403//4403 
f 4259//4259 4260//4260 4404//4404 
f 4260//4260 4261//4261 4405//4405 
f 4261//4261 4262//4262 4406//4406 
f 4262//4262 4263//4263 4407//4407 
f 4263//4263 4264//4264 4408//4408 
f 4264//4264 4265//4265 4409//4409 
f 4265//4265 4266//4266 4410//4410 
f 4266//4266 4267//4267 4411//4411 
f 4267//4267 4268//4268 4412//4412 
f 4268//4268 4269//4269 4413//4413 
f 4269//4269 4270//4270 4414//4414 
f 4270//4270 4271//4271 4415//4415 
f 4271//4271 4272//4272 4416//4416 
f 4272//4272 4273//4273 4417//4417 
f 4273//4273 4274//4274 4418//4418 
f 4274//4274 4275//4275 4419//4419 
f 4275//4275 4276//4276 4420//4420 
f 4276//4276 4277//4277 4421//4421 
f 4277//4277 4278//4278 4422//4422 
f 4278//4278 4279//4279 4423//4423 
f 4279//4279 4280//4280 4424//4424 
f 4280//4280 4281//4281 4425//4425 
f 4281//4281 4282//4282 4426//4426 
f 4282//4282 4283//4283 4427//4427 
f 4283//4283 4284//4284 4428//4428 
f 4284//4284 4285//4285 4429//4429 
f 4285//4285 4286//4286 4430//4430 
f 4286//4286 4287//4287 4431//4431 
f 4287//4287 4288//4288 4432//4432 
f 4288//4288 4289//4289 4433//4433 
f 4289//4289 4290//4290 4434//4434 
f 4290//4290 4291//4291 4435//4435 
f 4291//4291 4292//4292 4436//4436 
f 4292//4292 4293//4293 4437//4437 
f 4293//4293 4294//4294 4438//4438 
f 4294//4294 4295//4295 4439//4439 
f 4295//4295 4296//4296 4440//4440 
f 4296//4296 4297//4297 4441//4441 
f 4297//4297 4298//4298 4442//4442 
f 4298//4298 4299//4299 4443//4443 
f 4299//4299 4300//4300 4444//4444 
f 4300//4300 4301//4301 4445//4445 
f 4301//4301 4302//4302 4446//4446 
f 4302//4302 4303//4303 4447//4447 
f 4303//4303 4304//4304 4448//4448 
f 4304//4304 4305//4305 4449//4449 
f 4305//4305 4306//4306 4450//4450 
f 4306//4306 4307//4307 4451//4451 
f 4307//4307 4308//4308 4452//4452 
f 4308//4308 4309//4309 4453//4453 
f 4309//4309 4310//4310 4454//4454 
f 4310//4310 4311//4311 4455//4455 
f 4311//4311 4312//4312 4456//4456 
f 4312//4312 4313//4313 4457//4457 
f 4313//4313 4314//4314 4458//4458 
f 4314//4314 4315//4315 4459//4459 
f 4315//4315 4316//4316 4460//4460 
f 4316//4316 4317//4317 4461//4461 
f 4317//4317 4318//4318 4462//4462 
f 4318//4318 4319//4319 4463//4463 
f 4319//4319 4320//4320 4464//4464 
f 4464//4464 4321//4321 4465//4465 
f 4321//4321 4322//4322 4466//4466 
f 4322//4322 4323//4323 4467//4467 
f 4323//4323 4324//4324 4468//4468 
f 4324//4324 4325//4325 4469//4469 
f 4325//4325 4326//4326 4470//4470 
f 4326//4326 4327//4327 4471//4471 
f 4327//4327 4328//4328 4472//4472 
f 4328//4328 4329//4329 4473//4473 
f 4329//4329 4330//4330 4474//4474 
f 4330//4330 4331//4331 4475//4475 
f 4331//4331 4332//4332 4476//4476 
f 4332//4332 4333//4333 4477//4477 
f 4333//4333 4334//4334 4478//4478 
f 4334//4334 4335//4335 4479//4479 
f 4335//4335 4336//4336 4480//4480 
f 4336//4336 4337//4337 4481//4481 
f 4337//4337 4338//4338 4482//4482 
f 4338//4338 4339//4339 4483//4483 
f 4339//4339 4340//4340 4484//4484 
f 4340//4340 4341//4341 4485//4485 
f 4341//4341 4342//4342 4486//4486 
f 4342//4342 4343//4343 4487//4487 
f 4343//4343 4344//4344 4488//4488 
f 4344//4344 4345//4345 4489//4489 
f 4345//4345 4346//4346 4490//4490 
f 4346//4346 4347//4347 4491//4491 
f 4347//4347 4348//4348 4492//4492 
f 4348//4348 4349//4349 4493//4493 
f 4349//4349 4350//4350 4494//4494 
f 4350//4350 4351//4351 4495//4495 
f 4351//4351 4352//4352 4496//4496 
f 4352//4352 4353//4353 4497//4497 
f 4353//4353 4354//4354 4498//4498 
f 4354//4354 4355//4355 4499//4499 
f 4355//4355 4356//4356 4500//4500 
f 4356//4356 4357//4357 4501//4501 
f 4357//4357 4358//4358 4502//4502 
f 4358//4358 4359//4359 4503//4503 
f 4359//4359 4360//4360 4504//4504 
f 4360//4360 4361//4361 4505//4505 
f 4361//4361 4362//4362 4506//4506 
f 4362//4362 4363//4363 4507//4507 
f 4363//4363 4364//4364 4508//4508 
f 4364//4364 4365//4365 4509//4509 
f 4365//4365 4366//4366 4510//4510 
f 4366//4366 4367//4367 4511//4511 
f 4367//4367 4368//4368 4512//4512 
f 4368//4368 4369//4369 4513//4513 
f 4369//4369 4370//4370 4514//4514 
f 4370//4370 4371//4371 4515//4515 
f 4371//4371 4372//4372 4516//4516 
f 4372//4372 4373//4373 4517//4517 
f 4373//4373 4374//4374 4518//4518 
f 4374//4374 4375//4375 4519//4519 
f 4375//4375 4376//4376 4520//4520 
f 4376//4376 4377//4377 4521//4521 
f 4377//4377 4378//4378 4522//4522 
f 4378//4378 4379//4379 4523//4523 
f 4379//4379 4380//4380 4524//4524 
f 4380//4380 4381//4381 4525//4525 
f 4381//4381 4382//4382 4526//4526 
f 4382//4382 4383//4383 4527//4527 
f 4383//4383 4384//4384 4528//4528 
f 4384//4384 4385//4385 4529//4529 
f 4385//4385 4386//4386 4530//4530 
f 4386//4386 4387//4387 4531//4531 
f 4387//4387 4388//4388 4532//4532 
f 4388//4388 4389//4389 4533//4533 
f 4389//4389 4390//4390 4534//4534 
f 4390//4390 4391//4391 4535//4535 
f 4391//4391 4392//4392 4536//4536 
f 4392//4392 4393//4393 4537//4537 
f 4393//4393 4394//4394 4538//4538 
f 4394//4394 4395//4395 4539//4539 
f 4395//4395 4396//4396 4540//4540 
f 4396//4396 4397//4397 4541//4541 
f 4397//4397 4398//4398 4542//4542 
f 4398//4398 4399//4399 4543//4543 
f 4399//4399 4400//4400 4544//4544 
f 4400//4400 4401//4401 4545//4545 
f 4401//4401 4402//4402 4546//4546 
f 4402//4402 4403//4403 4547//4547 
f 4403//4403 4404//4404 4548//4548 
f 4404//4404 4405//4405 4549//4549 
f 4405//4405 4406//4406 4550//4550 
f 4406//4406 4407//4407 4551//4551 
f 4407//4407 4408//4408 4552//4552 
f 4408//4408 4409//4409 4553//4553 
f 4409//4409 4410//4410 4554//4554 
f 4410//4410 4411//4411 4555//4555 
f 4411//4411 4412//4412 4556//4556 
f 4412//4412 4413//4413 4557//4557 
f 4413//4413 4414//4414 4558//4558 
f 4414//4414 4415//4415 4559//4559 
f 4415//4415 4416//4416 4560//4560 
f 4416//4416 4417//4417 4561//4561 
f 4417//4417 4418//4418 4562//4562 
f 4418//4418 4419//4419 4563//4563 
f 4419//4419 4420//4420 4564//4564 
f 4420//4420 4421//4421 4565//4565 
f 4421//4421 4422//4422 4566//4566 
f 4422//4422 4423//4423 4567//4567 
f 4423//4423 4424//4424 4568//4568 
f 4424//4424 4425//4425 4569//4569 
f 4425//4425 4426//4426 4570//4570 
f 4426//4426 4427//4427 4571//4571 
f 4427//4427 4428//4428 4572//4572 
f 4428//4428 4429//4429 4573//4573 
f 4429//4429 4430//4430 4574//4574 
f 4430//4430 4431//4431 4575//4575 
f 4431//4431 4432//4432 4576//4576 
f 4432//4432 4433//4433 4577//4577 
f 4433//4433 4434//4434 4578//4578 
f 4434//4434 4435//4435 4579//4579 
f 4435//4435 4436//4436 4580//4580 
f 4436//4436 4437//4437 4581//4581 
f 4437//4437 4438//4438 4582//4582 
f 4438//4438 4439//4439 4583//4583 
f 4439//4439 4440//4440 4584//4584 
f 4440//4440 4441//4441 4585//4585 
f 4441//4441 4442//4442 4586//4586 
f 4442//4442 4443//4443 4587//4587 
f 4443//4443 4444//4444 4588//4588 
f 4444//4444 4445//4445 4589//4589 
f 4445//4445 4446//4446 4590//4590 
f 4446//4446 4447//4447 4591//4591 
f 4447//4447 4448//4448 4592//4592 
f 4448//4448 4449//4449 4593//4593 
f 4449//4449 4450//4450 4594//4594 
f 4450//4450 4451//4451 4595//4595 
f 4451//4451 4452//4452 4596//4596 
f 4452//4452 4453//4453 4597//4597 
f 4453//4453 4454//4454 4598//4598 
f 4454//4454 4455//4455 4599//4599 
f 4455//4455 4456//4456 4600//4600 
f 4456//4456 4457//4457 4601//4601 
f 4457//4457 4458//4458 4602//4602 
f 4458//4458 4459//4459 4603//4603 
f 4459//4459 4460//4460 4604//4604 
f 4460//4460 4461//4461 4605//4605 
f 4461//4461 4462//4462 4606//4606 
f 4462//4462 4463//4463 4607//4607 
f 4463//4463 4464//4464 4608//4608 
f 4608//4608 4465//4465 4609//4609 
f 4465//4465 4466//4466 4610//4610 
f 4466//4466 4467//4467 4611//4611 
f 4467//4467 4468//4468 4612//4612 
f 4468//4468 4469//4469 4613//4613 
f 4469//4469 4470//4470 4614//4614 
f 4470//4470 4471//4471 4615//4615 
f 4471//4471 4472//4472 4616//4616 
f 4472//4472 4473//4473 4617//4617 
f 4473//4473 4474//4474 4618//4618 
f 4474//4474 4475//4475 4619//4619 
f 4475//4475 4476//4476 4620//4620 
f 4476//4476 4477//4477 4621//4621 
f 4477//4477 4478//4478 4622//4622 
f 4478//4478 4479//4479 4623//4623 
f 4479//4479 4480//4480 4624//4624 
f 4480//4480 4481//4481 4625//4625 
f 4481//4481 4482//4482 4626//4626 
f 4482//4482 4483//4483 4627//4627 
f 4483//4483 4484//4484 4628//4628 
f 4484//4484 4485//4485 4629//4629 
f 4485//4485 4486//4486 4630//4630 
f 4486//4486 4487//4487 4631//4631 
f 4487//4487 4488//4488 4632//4632 
f 4488//4488 4489//4489 4633//4633 
f 4489//4489 4490//4490 4634//4634 
f 4490//4490 4491//4491 4635//4635 
f 4491//4491 4492//4492 4636//4636 
f 4492//4492 4493//4493 4637//4637 
f 4493//4493 4494//4494 4638//4638 
f 4494//4494 4495//4495 4639//4639 
f 4495//4495 4496//4496 4640//4640 
f 4496//4496 4497//4497 4641//4641 
f 4497//4497 4498//4498 4642//4642 
f 4498//4498 4499//4499 4643//4643 
f 4499//4499 4500//4500 4644//4644 
f 4500//4500 4501//4501 4645//4645 
f 4501//4501 4502//4502 4646//4646 
f 4502//4502 4503//4503 4647//4647 
f 4503//4503 4504//4504 4648//4648 
f 4504//4504 4505//4505 4649//4649 
f 4505//4505 4506//4506 4650//4650 
f 4506//4506 4507//4507 4651//4651 
f 4507//4507 4508//4508 4652//4652 
f 4508//4508 4509//4509 4653//4653 
f 4509//4509 4510//4510 4654//4654 
f 4510//4510 4511//4511 4655//4655 
f 4511//4511 4512//4512 4656//4656 
f 4512//4512 4513//4513 4657//4657 
f 4513//4513 4514//4514 4658//4658 
f 4514//4514 4515//4515 4659//4659 
f 4515//4515 4516//4516 4660//4660 
f 4516//4516 4517//4517 4661//4661 
f 4517//4517 4518//4518 4662//4662 
f 4518//4518 4519//4519 4663//4663 
f 4519//4519 4520//4520 4664//4664 
f 4520//4520 4521//4521 4665//4665 
f 4521//4521 4522//4522 4666//4666 
f 4522//4522 4523//4523 4667//4667 
f 4523//4523 4524//4524 4668//4668 
f 4524//4524 4525//4525 4669//4669 
f 4525//4525 4526//4526 4670//4670 
f 4526//4526 4527//4527 4671//4671 
f 4527//4527 4528//4528 4672//4672 
f 4528//4528 4529//4529 4673//4673 
f 4529//4529 4530//4530 4674//4674 
f 4530//4530 4531//4531 4675//4675 
f 4531//4531 4532//4532 4676//4676 
f 4532//4532 4533//4533 4677//4677 
f 4533//4533 4534//4534 4678//4678 
f 4534//4534 4535//4535 4679//4679 
f 4535//4535 4536//4536 4680//4680 
f 4536//4536 4537//4537 4681//4681 
f 4537//4537 4538//4538 4682//4682 
f 4538//4538 4539//4539 4683//4683 
f 4539//4539 4540//4540 4684//4684 
f 4540//4540 4541//4541 4685//4685 
f 4541//4541 4542//4542 4686//4686 
f 4542//4542 4543//4543 4687//4687 
f 4543//4543 4544//4544 4688//4688 
f 4544//4544 4545//4545 4689//4689 
f 4545//4545 4546//4546 4690//4690 
f 4546//4546 4547//4547 4691//4691 
f 4547//4547 4548//4548 4692//4692 
f 4548//4548 4549//4549 4693//4693 
f 4549//4549 4550//4550 4694//4694 
f 4550//4550 4551//4551 4695//4695 
f 4551//4551 4552//4552 4696//4696 
f 4552//4552 4553//4553 4697//4697 
f 4553//4553 4554//4554 4698//4698 
f 4554//4554 4555//4555 4699//4699 
f 4555//4555 4556//4556 4700//4700 
f 4556//4556 4557//4557 4701//4701 
f 4557//4557 4558//4558 4702//4702 
f 4558//4558 4559//4559 4703//4703 
f 4559//4559 4560//4560 4704//4704 
f 4560//4560 4561//4561 4705//4705 
f 4561//4561 4562//4562 4706//4706 
f 4562//4562 4563//4563 4707//4707 
f 4563//4563 4564//4564 4708//4708 
f 4564//4564 4565//4565 4709//4709 
f 4565//4565 4566//4566 4710//4710 
f 4566//4566 4567//4567 4711//4711 
f 4567//4567 4568//4568 4712//4712 
f 4568//4568 4569//4569 4713//4713 
f 4569//4569 4570//4570 4714//4714 
f 4570//4570 4571//4571 4715//4715 
f 4571//4571 4572//4572 4716//4716 
f 4572//4572 4573//4573 4717//4717 
f 4573//4573 4574//4574 4718//4718 
f 4574//4574 4575//4575 4719//4719 
f 4575//4575 4576//4576 4720//4720 
f 4576//4576 4577//4577 4721//4721 
f 4577//4577 4578//4578 4722//4722 
f 4578//4578 4579//4579 4723//4723 
f 4579//4579 4580//4580 4724//4724 
f 4580//4580 4581//4581 4725//4725 
f 4581//4581 4582//4582 4726//4726 
f 4582//4582 4583//4583 4727//4727 
f 4583//4583 4584//4584 4728//4728 
f 4584//4584 4585//4585 4729//4729 
f 4585//4585 4586//4586 4730//4730 
f 4586//4586 4587//4587 4731//4731 
f 4587//4587 4588//4588 4732//4732 
f 4588//4588 4589//4589 4733//4733 
f 4589//4589 4590//4590 4734//4734 
f 4590//4590 4591//4591 4735//4735 
f 4591//4591 4592//4592 4736//4736 
f 4592//4592 4593//4593 4737//4737 
f 4593//4593 4594//4594 4738//4738 
f 4594//4594 4595//4595 4739//4739 
f 4595//4595 4596//4596 4740//4740 
f 4596//4596 4597//4597 4741//4741 
f 4597//4597 4598//4598 4742//4742 
f 4598//4598 4599//4599 4743//4743 
f 4599//4599 4600//4600 4744//4744 
f 4600//4600 4601//4601 4745//4745 
f 4601//4601 4602//4602 4746//4746 
f 4602//4602 4603//4603 4747//4747 
f 4603//4603 4604//4604 4748//4748 
f 4604//4604 4605//4605 4749//4749 
f 4605//4605 4606//4606 4750//4750 
f 4606//4606 4607//4607 4751//4751 
f 4607//4607 4608//4608 4752//4752 
f 4752//4752 4609//4609 4753//4753 
f 4609//4609 4610//4610 4754//4754 
f 4610//4610 4611//4611 4755//4755 
f 4611//4611 4612//4612 4756//4756 
f 4612//4612 4613//4613 4757//4757 
f 4613//4613 4614//4614 4758//4758 
f 4614//4614 4615//4615 4759//4759 
f 4615//4615 4616//4616 4760//4760 
f 4616//4616 4617//4617 4761//4761 
f 4617//4617 4618//4618 4762//4762 
f 4618//4618 4619//4619 4763//4763 
f 4619//4619 4620//4620 4764//4764 
f 4620//4620 4621//4621 4765//4765 
f 4621//4621 4622//4622 4766//4766 
f 4622//4622 4623//4623 4767//4767 
f 4623//4623 4624//4624 4768//4768 
f 4624//4624 4625//4625 4769//4769 
f 4625//4625 4626//4626 4770//4770 
f 4626//4626 4627//4627 4771//4771 
f 4627//4627 4628//4628 4772//4772 
f 4628//4628 4629//4629 4773//4773 
f 4629//4629 4630//4630 4774//4774 
f 4630//4630 4631//4631 4775//4775 
f 4631//4631 4632//4632 4776//4776 
f 4632//4632 4633//4633 4777//4777 
f 4633//4633 4634//4634 4778//4778 
f 4634//4634 4635//4635 4779//4779 
f 4635//4635 4636//4636 4780//4780 
f 4636//4636 4637//4637 4781//4781 
f 4637//4637 4638//4638 4782//4782 
f 4638//4638 4639//4639 4783//4783 
f 4639//4639 4640//4640 4784//4784 
f 4640//4640 4641//4641 4785//4785 
f 4641//4641 4642//4642 4786//4786 
f 4642//4642 4643//4643 4787//4787 
f 4643//4643 4644//4644 4788//4788 
f 4644//4644 4645//4645 4789//4789 
f 4645//4645 4646//4646 4790//4790 
f 4646//4646 4647//4647 4791//4791 
f 4647//4647 4648//4648 4792//4792 
f 4648//4648 4649//4649 4793//4793 
f 4649//4649 4650//4650 4794//4794 
f 4650//4650 4651//4651 4795//4795 
f 4651//4651 4652//4652 4796//4796 
f 4652//4652 4653//4653 4797//4797 
f 4653//4653 4654//4654 4798//4798 
f 4654//4654 4655//4655 4799//4799 
f 4655//4655 4656//4656 4800//4800 
f 4656//4656 4657//4657 4801//4801 
f 4657//4657 4658//4658 4802//4802 
f 4658//4658 4659//4659 4803//4803 
f 4659//4659 4660//4660 4804//4804 
f 4660//4660 4661//4661 4805//4805 
f 4661//4661 4662//4662 4806//4806 
f 4662//4662 4663//4663 4807//4807 
f 4663//4663 4664//4664 4808//4808 
f 4664//4664 4665//4665 4809//4809 
f 4665//4665 4666//4666 4810//4810 
f 4666//4666 4667//4667 4811//4811 
f 4667//4667 4668//4668 4812//4812 
f 4668//4668 4669//4669 4813//4813 
f 4669//4669 4670//4670 4814//4814 
f 4670//4670 4671//4671 4815//4815 
f 4671//4671 4672//4672 4816//4816 
f 4672//4672 4673//4673 4817//4817 
f 4673//4673 4674//4674 4818//4818 
f 4674//4674 4675//4675 4819//4819 
f 4675//4675 4676//4676 4820//4820 
f 4676//4676 4677//4677 4821//4821 
f 4677//4677 4678//4678 4822//4822 
f 4678//4678 4679//4679 4823//4823 
f 4679//4679 4680//4680 4824//4824 
f 4680//4680 4681//4681 4825//4825 
f 4681//4681 4682//4682 4826//4826 
f 4682//4682 4683//4683 4827//4827 
f 4683//4683 4684//4684 4828//4828 
f 4684//4684 4685//4685 4829//4829 
f 4685//4685 4686//4686 4830//4830 
f 4686//4686 4687//4687 4831//4831 
f 4687//4687 4688//4688 4832//4832 
f 4688//4688 4689//4689 4833//4833 
f 4689//4689 4690//4690 4834//4834 
f 4690//4690 4691//4691 4835//4835 
f 4691//4691 4692//4692 4836//4836 
f 4692//4692 4693//4693 4837//4837 
f 4693//4693 4694//4694 4838//4838 
f 4694//4694 4695//4695 4839//4839 
f 4695//4695 4696//4696 4840//4840 
f 4696//4696 4697//4697 4841//4841 
f 4697//4697 4698//4698 4842//4842 
f 4698//4698 4699//4699 4843//4843 
f 4699//4699 4700//4700 4844//4844 
f 4700//4700 4701//4701 4845//4845 
f 4701//4701 4702//4702 4846//4846 
f 4702//4702 4703//4703 4847//4847 
f 4703//4703 4704//4704 4848//4848 
f 4704//4704 4705//4705 4849//4849 
f 4705//4705 4706//4706 4850//4850 
f 4706//4706 4707//4707 4851//4851 
f 4707//4707 4708//4708 4852//4852 
f 4708//4708 4709//4709 4853//4853 
f 4709//4709 4710//4710 4854//4854 
f 4710//4710 4711//4711 4855//4855 
f 4711//4711 4712//4712 4856//4856 
f 4712//4712 4713//4713 4857//4857 
f 4713//4713 4714//4714 4858//4858 
f 4714//4714 4715//4715 4859//4859 
f 4715//4715 4716//4716 4860//4860 
f 4716//4716 4717//4717 4861//4861 
f 4717//4717 4718//4718 4862//4862 
f 4718//4718 4719//4719 4863//4863 
f 4719//4719 4720//4720 4864//4864 
f 4720//4720 4721//4721 4865//4865 
f 4721//4721 4722//4722 4866//4866 
f 4722//4722 4723//4723 4867//4867 
f 4723//4723 4724//4724 4868//4868 
f 4724//4724 4725//4725 4869//4869 
f 4725//4725 4726//4726 4870//4870 
f 4726//4726 4727//4727 4871//4871 
f 4727//4727 4728//4728 4872//4872 
f 4728//4728 4729//4729 4873//4873 
f 4729//4729 4730//4730 4874//4874 
f 4730//4730 4731//4731 4875//4875 
f 4731//4731 4732//4732 4876//4876 
f 4732//4732 4733//4733 4877//4877 
f 4733//4733 4734//4734 4878//4878 
f 4734//4734 4735//4735 4879//4879 
f 4735//4735 4736//4736 4880//4880 
f 4736//4736 4737//4737 4881//4881 
f 4737//4737 4738//4738 4882//4882 
f 4738//4738 4739//4739 4883//4883 
f 4739//4739 4740//4740 4884//4884 
f 4740//4740 4741//4741 4885//4885 
f 4741//4741 4742//4742 4886//4886 
f 4742//4742 4743//4743 4887//4887 
f 4743//4743 4744//4744 4888//4888 
f 4744//4744 4745//4745 4889//4889 
f 4745//4745 4746//4746 4890//4890 
f 4746//4746 4747//4747 4891//4891 
f 4747//4747 4748//4748 4892//4892 
f 4748//4748 4749//4749 4893//4893 
f 4749//4749 4750//4750 4894//4894 
f 4750//4750 4751//4751 4895//4895 
f 4751//4751 4752//4752 4896//4896 
f 4896//4896 4753//4753 4897//4897 
f 4753//4753 4754//4754 4898//4898 
f 4754//4754 4755//4755 4899//4899 
f 4755//4755 4756//4756 4900//4900 
f 4756//4756 4757//4757 4901//4901 
f 4757//4757 4758//4758 4902//4902 
f 4758//4758 4759//4759 4903//4903 
f 4759//4759 4760//4760 4904//4904 
f 4760//4760 4761//4761 4905//4905 
f 4761//4761 4762//4762 4906//4906 
f 4762//4762 4763//4763 4907//4907 
f 4763//4763 4764//4764 4908//4908 
f 4764//4764 4765//4765 4909//4909 
f 4765//4765 4766//4766 4910//4910 
f 4766//4766 4767//4767 4911//4911 
f 4767//4767 4768//4768 4912//4912 
f 4768//4768 4769//4769 4913//4913 
f 4769//4769 4770//4770 4914//4914 
f 4770//4770 4771//4771 4915//4915 
f 4771//4771 4772//4772 4916//4916 
f 4772//4772 4773//4773 4917//4917 
f 4773//4773 4774//4774 4918//4918 
f 4774//4774 4775//4775 4919//4919 
f 4775//4775 4776//4776 4920//4920 
f 4776//4776 4777//4777 4921//4921 
f 4777//4777 4778//4778 4922//4922 
f 4778//4778 4779//4779 4923//4923 
f 4779//4779 4780//4780 4924//4924 
f 4780//4780 4781//4781 4925//4925 
f 4781//4781 4782//4782 4926//4926 
f 4782//4782 4783//4783 4927//4927 
f 4783//4783 4784//4784 4928//4928 
f 4784//4784 4785//4785 4929//4929 
f 4785//4785 4786//4786 4930//4930 
f 4786//4786 4787//4787 4931//4931 
f 4787//4787 4788//4788 4932//4932 
f 4788//4788 4789//4789 4933//4933 
f 4789//4789 4790//4790 4934//4934 
f 4790//4790 4791//4791 4935//4935 
f 4791//4791 4792//4792 4936//4936 
f 4792//4792 4793//4793 4937//4937 
f 4793//4793 4794//4794 4938//4938 
f 4794//4794 4795//4795 4939//4939 
f 4795//4795 4796//4796 4940//4940 
f 4796//4796 4797//4797 4941//4941 
f 4797//4797 4798//4798 4942//4942 
f 4798//4798 4799//4799 4943//4943 
f 4799//4799 4800//4800 4944//4944 
f 4800//4800 4801//4801 4945//4945 
f 4801//4801 4802//4802 4946//4946 
f 4802//4802 4803//4803 4947//4947 
f 4803//4803 4804//4804 4948//4948 
f 4804//4804 4805//4805 4949//4949 
f 4805//4805 4806//4806 4950//4950 
f 4806//4806 4807//4807 4951//4951 
f 4807//4807 4808//4808 4952//4952 
f 4808//4808 4809//4809 4953//4953 
f 4809//4809 4810//4810 4954//4954 
f 4810//4810 4811//4811 4955//4955 
f 4811//4811 4812//4812 4956//4956 
f 4812//4812 4813//4813 4957//4957 
f 4813//4813 4814//4814 4958//4958 
f 4814//4814 4815//4815 4959//4959 
f 4815//4815 4816//4816 4960//4960 
f 4816//4816 4817//4817 4961//4961 
f 4817//4817 4818//4818 4962//4962 
f 4818//4818 4819//4819 4963//4963 
f 4819//4819 4820//4820 4964//4964 
f 4820//4820 4821//4821 4965//4965 
f 4821//4821 4822//4822 4966//4966 
f 4822//4822 4823//4823 4967//4967 
f 4823//4823 4824//4824 4968//4968 
f 4824//4824 4825//4825 4969//4969 
f 4825//4825 4826//4826 4970//4970 
f 4826//4826 4827//4827 4971//4971 
f 4827//4827 4828//4828 4972//4972 
f 4828//4828 4829//4829 4973//4973 
f 4829//4829 4830//4830 4974//4974 
f 4830//4830 4831//4831 4975//4975 
f 4831//4831 4832//4832 4976//4976 
f 4832//4832 4833//4833 4977//4977 
f 4833//4833 4834//4834 4978//4978 
f 4834//4834 4835//4835 4979//4979 
f 4835//4835 4836//4836 4980//4980 
f 4836//4836 4837//4837 4981//4981 
f 4837//4837 4838//4838 4982//4982 
f 4838//4838 4839//4839 4983//4983 
f 4839//4839 4840//4840 4984//4984 
f 4840//4840 4841//4841 4985//4985 
f 4841//4841 4842//4842 4986//4986 
f 4842//4842 4843//4843 4987//4987 
f 4843//4843 4844//4844 4988//4988 
f 4844//4844 4845//4845 4989//4989 
f 4845//4845 4846//4846 4990//4990 
f 4846//4846 4847//4847 4991//4991 
f 4847//4847 4848//4848 4992//4992 
f 4848//4848 4849//4849 4993//4993 
f 4849//4849 4850//4850 4994//4994 
f 4850//4850 4851//4851 4995//4995 
f 4851//4851 4852//4852 4996//4996 
f 4852//4852 4853//4853 4997//4997 
f 4853//4853 4854//4854 4998//4998 
f 4854//4854 4855//4855 4999//4999 
f 4855//4855 4856//4856 5000//5000 
f 4856//4856 4857//4857 5001//5001 
f 4857//4857 4858//4858 5002//5002 
f 4858//4858 4859//4859 5003//5003 
f 4859//4859 4860//4860 5004//5004 
f 4860//4860 4861//4861 5005//5005 
f 4861//4861 4862//4862 5006//5006 
f 4862//4862 4863//4863 5007//5007 
f 4863//4863 4864//4864 5008//5008 
f 4864//4864 4865//4865 5009//5009 
f 4865//4865 4866//4866 5010//5010 
f 4866//4866 4867//4867 5011//5011 
f 4867//4867 4868//4868 5012//5012 
f 4868//4868 4869//4869 5013//5013 
f 4869//4869 4870//4870 5014//5014 
f 4870//4870 4871//4871 5015//5015 
f 4871//4871 4872//4872 5016//5016 
f 4872//4872 4873//4873 5017//5017 
f 4873//4873 4874//4874 5018//5018 
f 4874//4874 4875//4875 5019//5019 
f 4875//4875 4876//4876 5020//5020 
f 4876//4876 4877//4877 5021//5021 
f 4877//4877 4878//4878 5022//5022 
f 4878//4878 4879//4879 5023//5023 
f 4879//4879 4880//4880 5024//5024 
f 4880//4880 4881//4881 5025//5025 
f 4881//4881 4882//4882 5026//5026 
f 4882//4882 4883//4883 5027//5027 
f 4883//4883 4884//4884 5028//5028 
f 4884//4884 4885//4885 5029//5029 
f 4885//4885 4886//4886 5030//5030 
f 4886//4886 4887//4887 5031//5031 
f 4887//4887 4888//4888 5032//5032 
f 4888//4888 4889//4889 5033//5033 
f 4889//4889 4890//4890 5034//5034 
f 4890//4890 4891//4891 5035//5035 
f 4891//4891 4892//4892 5036//5036 
f 4892//4892 4893//4893 5037//5037 
f 4893//4893 4894//4894 5038//5038 
f 4894//4894 4895//4895 5039//5039 
f 4895//4895 4896//4896 5040//5040 
f 5040//5040 4897//4897 5041//5041 
f 4897//4897 4898//4898 5042//5042 
f 4898//4898 4899//4899 5043//5043 
f 4899//4899 4900//4900 5044//5044 
f 4900//4900 4901//4901 5045//5045 
f 4901//4901 4902//4902 5046//5046 
f 4902//4902 4903//4903 5047//5047 
f 4903//4903 4904//4904 5048//5048 
f 4904//4904 4905//4905 5049//5049 
f 4905//4905 4906//4906 5050//5050 
f 4906//4906 4907//4907 5051//5051 
f 4907//4907 4908//4908 5052//5052 
f 4908//4908 4909//4909 5053//5053 
f 4909//4909 4910//4910 5054//5054 
f 4910//4910 4911//4911 5055//5055 
f 4911//4911 4912//4912 5056//5056 
f 4912//4912 4913//4913 5057//5057 
f 4913//4913 4914//4914 5058//5058 
f 4914//4914 4915//4915 5059//5059 
f 4915//4915 4916//4916 5060//5060 
f 4916//4916 4917//4917 5061//5061 
f 4917//4917 4918//4918 5062//5062 
f 4918//4918 4919//4919 5063//5063 
f 4919//4919 4920//4920 5064//5064 
f 4920//4920 4921//4921 5065//5065 
f 4921//4921 4922//4922 5066//5066 
f 4922//4922 4923//4923 5067//5067 
f 4923//4923 4924//4924 5068//5068 
f 4924//4924 4925//4925 5069//5069 
f 4925//4925 4926//4926 5070//5070 
f 4926//4926 4927//4927 5071//5071 
f 4927//4927 4928//4928 5072//5072 
f 4928//4928 4929//4929 5073//5073 
f 4929//4929 4930//4930 5074//5074 
f 4930//4930 4931//4931 5075//5075 
f 4931//4931 4932//4932 5076//5076 
f 4932//4932 4933//4933 5077//5077 
f 4933//4933 4934//4934 5078//5078 
f 4934//4934 4935//4935 5079//5079 
f 4935//4935 4936//4936 5080//5080 
f 4936//4936 4937//4937 5081//5081 
f 4937//4937 4938//4938 5082//5082 
f 4938//4938 4939//4939 5083//5083 
f 4939//4939 4940//4940 5084//5084 
f 4940//4940 4941//4941 5085//5085 
f 4941//4941 4942//4942 5086//5086 
f 4942//4942 4943//4943 5087//5087 
f 4943//4943 4944//4944 5088//5088 
f 4944//4944 4945//4945 5089//5089 
f 4945//4945 4946//4946 5090//5090 
f 4946//4946 4947//4947 5091//5091 
f 4947//4947 4948//4948 5092//5092 
f 4948//4948 4949//4949 5093//5093 
f 4949//4949 4950//4950 5094//5094 
f 4950//4950 4951//4951 5095//5095 
f 4951//4951 4952//4952 5096//5096 
f 4952//4952 4953//4953 5097//5097 
f 4953//4953 4954//4954 5098//5098 
f 4954//4954 4955//4955 5099//5099 
f 4955//4955 4956//4956 5100//5100 
f 4956//4956 4957//4957 5101//5101 
f 4957//4957 4958//4958 5102//5102 
f 4958//4958 4959//4959 5103//5103 
f 4959//4959 4960//4960 5104//5104 
f 4960//4960 4961//4961 5105//5105 
f 4961//4961 4962//4962 5106//5106 
f 4962//4962 4963//4963 5107//5107 
f 4963//4963 4964//4964 5108//5108 
f 4964//4964 4965//4965 5109//5109 
f 4965//4965 4966//4966 5110//5110 
f 4966//4966 4967//4967 5111//5111 
f 4967//4967 4968//4968 5112//5112 
f 4968//4968 4969//4969 5113//5113 
f 4969//4969 4970//4970 5114//5114 
f 4970//4970 4971//4971 5115//5115 
f 4971//4971 4972//4972 5116//5116 
f 4972//4972 4973//4973 5117//5117 
f 4973//4973 4974//4974 5118//5118 
f 4974//4974 4975//4975 5119//5119 
f 4975//4975 4976//4976 5120//5120 
f 4976//4976 4977//4977 5121//5121 
f 4977//4977 4978//4978 5122//5122 
f 4978//4978 4979//4979 5123//5123 
f 4979//4979 4980//4980 5124//5124 
f 4980//4980 4981//4981 5125//5125 
f 4981//4981 4982//4982 5126//5126 
f 4982//4982 4983//4983 5127//5127 
f 4983//4983 4984//4984 5128//5128 
f 4984//4984 4985//4985 5129//5129 
f 4985//4985 4986//4986 5130//5130 
f 4986//4986 4987//4987 5131//5131 
f 4987//4987 4988//4988 5132//5132 
f 4988//4988 4989//4989 5133//5133 
f 4989//4989 4990//4990 5134//5134 
f 4990//4990 4991//4991 5135//5135 
f 4991//4991 4992//4992 5136//5136 
f 4992//4992 4993//4993 5137//5137 
f 4993//4993 4994//4994 5138//5138 
f 4994//4994 4995//4995 5139//5139 
f 4995//4995 4996//4996 5140//5140 
f 4996//4996 4997//4997 5141//5141 
f 4997//4997 4998//4998 5142//5142 
f 4998//4998 4999//4999 5143//5143 
f 4999//4999 5000//5000 5144//5144 
f 5000//5000 5001//5001 5145//5145 
f 5001//5001 5002//5002 5146//5146 
f 5002//5002 5003//5003 5147//5147 
f 5003//5003 5004//5004 5148//5148 
f 5004//5004 5005//5005 5149//5149 
f 5005//5005 5006//5006 5150//5150 
f 5006//5006 5007//5007 5151//5151 
f 5007//5007 5008//5008 5152//5152 
f 5008//5008 5009//5009 5153//5153 
f 5009//5009 5010//5010 5154//5154 
f 5010//5010 5011//5011 5155//5155 
f 5011//5011 5012//5012 5156//5156 
f 5012//5012 5013//5013 5157//5157 
f 5013//5013 5014//5014 5158//5158 
f 5014//5014 5015//5015 5159//5159 
f 5015//5015 5016//5016 5160//5160 
f 5016//5016 5017//5017 5161//5161 
f 5017//5017 5018//5018 5162//5162 
f 5018//5018 5019//5019 5163//5163 
f 5019//5019 5020//5020 5164//5164 
f 5020//5020 5021//5021 5165//5165 
f 5021//5021 5022//5022 5166//5166 
f 5022//5022 5023//5023 5167//5167 
f 5023//5023 5024//5024 5168//5168 
f 5024//5024 5025//5025 5169//5169 
f 5025//5025 5026//5026 5170//5170 
f 5026//5026 5027//5027 5171//5171 
f 5027//5027 5028//5028 5172//5172 
f 5028//5028 5029//5029 5173//5173 
f 5029//5029 5030//5030 5174//5174 
f 5030//5030 5031//5031 5175//5175 
f 5031//5031 5032//5032 5176//5176 
f 5032//5032 5033//5033 5177//5177 
f 5033//5033 5034//5034 5178//5178 
f 5034//5034 5035//5035 5179//5179 
f 5035//5035 5036//5036 5180//5180 
f 5036//5036 5037//5037 5181//5181 
f 5037//5037 5038//5038 5182//5182 
f 5038//5038 5039//5039 5183//5183 
f 5039//5039 5040//5040 5184//5184 
f 5185//5185 5183//5183 5184//5184 
f 5185//5185 5182//5182 5183//5183 
f 5185//5185 5181//5181 5182//5182 
f 5185//5185 5180//5180 5181//5181 
f 5185//5185 5179//5179 5180//5180 
f 5185//5185 5178//5178 5179//5179 
f 5185//5185 5177//5177 5178//5178 
f 5185//5185 5176//5176 5177//5177 
f 5185//5185 5175//5175 5176//5176 
f 5185//5185 5174//5174 5175//5175 
f 5185//5185 5173//5173 5174//5174 
f 5185//5185 5172//5172 5173//5173 
f 5185//5185 5171//5171 5172//5172 
f 5185//5185 5170//5170 5171//5171 
f 5185//5185 5169//5169 5170//5170 
f 5185//5185 5168//5168 5169//5169 
f 5185//5185 5167//5167 5168//5168 
f 5185//5185 5166//5166 5167//5167 
f 5185//5185 5165//5165 5166//5166 
f 5185//5185 5164//5164 5165//5165 
f 5185//5185 5163//5163 5164//5164 
f 5185//5185 5162//5162 5163//5163 
f 5185//5185 5161//5161 5162//5162 
f 5185//5185 5160//5160 5161//5161 
f 5185//5185 5159//5159 5160//5160 
f 5185//5185 5158//5158 5159//5159 
f 5185//5185 5157//5157 5158//5158 
f 5185//5185 5156//5156 5157//5157 
f 5185//5185 5155//5155 5156//5156 
f 5185//5185 5154//5154 5155//5155 
f 5185//5185 5153//5153 5154//5154 
f 5185//5185 5152//5152 5153//5153 
f 5185//5185 5151//5151 5152//5152 
f 5185//5185 5150//5150 5151//5151 
f 5185//5185 5149//5149 5150//5150 
f 5185//5185 5148//5148 5149//5149 
f 5185//5185 5147//5147 5148//5148 
f 5185//5185 5146//5146 5147//5147 
f 5185//5185 5145//5145 5146//5146 
f 5185//5185 5144//5144 5145//5145 
f 5185//5185 5143//5143 5144//5144 
f 5185//5185 5142//5142 5143//5143 
f 5185//5185 5141//5141 5142//5142 
f 5185//5185 5140//5140 5141//5141 
f 5185//5185 5139//5139 5140//5140 
f 5185//5185 5138//5138 5139//5139 
f 5185//5185 5137//5137 5138//5138 
f 5185//5185 5136//5136 5137//5137 
f 5185//5185 5135//5135 5136//5136 
f 5185//5185 5134//5134 5135//5135 
f 5185//5185 5133//5133 5134//5134 
f 5185//5185 5132//5132 5133//5133 
f 5185//5185 5131//5131 5132//5132 
f 5185//5185 5130//5130 5131//5131 
f 5185//5185 5129//5129 5130//5130 
f 5185//5185 5128//5128 5129//5129 
f 5185//5185 5127//5127 5128//5128 
f 5185//5185 5126//5126 5127//5127 
f 5185//5185 5125//5125 5126//5126 
f 5185//5185 5124//5124 5125//5125 
f 5185//5185 5123//5123 5124//5124 
f 5185//5185 5122//5122 5123//5123 
f 5185//5185 5121//5121 5122//5122 
f 5185//5185 5120//5120 5121//5121 
f 5185//5185 5119//5119 5120//5120 
f 5185//5185 5118//5118 5119//5119 
f 5185//5185 5117//5117 5118//5118 
f 5185//5185 5116//5116 5117//5117 
f 5185//5185 5115//5115 5116//5116 
f 5185//5185 5114//5114 5115//5115 
f 5185//5185 5113//5113 5114//5114 
f 5185//5185 5112//5112 5113//5113 
f 5185//5185 5111//5111 5112//5112 
f 5185//5185 5110//5110 5111//5111 
f 5185//5185 5109//5109 5110//5110 
f 5185//5185 5108//5108 5109//5109 
f 5185//5185 5107//5107 5108//5108 
f 5185//5185 5106//5106 5107//5107 
f 5185//5185 5105//5105 5106//5106 
f 5185//5185 5104//5104 5105//5105 
f 5185//5185 5103//5103 5104//5104 
f 5185//5185 5102//5102 5103//5103 
f 5185//5185 5101//5101 5102//5102 
f 5185//5185 5100//5100 5101//5101 
f 5185//5185 5099//5099 5100//5100 
f 5185//5185 5098//5098 5099//5099 
f 5185//5185 5097//5097 5098//5098 
f 5185//5185 5096//5096 5097//5097 
f 5185//5185 5095//5095 5096//5096 
f 5185//5185 5094//5094 5095//5095 
f 5185//5185 5093//5093 5094//5094 
f 5185//5185 5092//5092 5093//5093 
f 5185//5185 5091//5091 5092//5092 
f 5185//5185 5090//5090 5091//5091 
f 5185//5185 5089//5089 5090//5090 
f 5185//5185 5088//5088 5089//5089 
f 5185//5185 5087//5087 5088//5088 
f 5185//5185 5086//5086 5087//5087 
f 5185//5185 5085//5085 5086//5086 
f 5185//5185 5084//5084 5085//5085 
f 5185//5185 5083//5083 5084//5084 
f 5185//5185 5082//5082 5083//5083 
f 5185//5185 5081//5081 5082//5082 
f 5185//5185 5080//5080 5081//5081 
f 5185//5185 5079//5079 5080//5080 
f 5185//5185 5078//5078 5079//5079 
f 5185//5185 5077//5077 5078//5078 
f 5185//5185 5076//5076 5077//5077 
f 5185//5185 5075//5075 5076//5076 
f 5185//5185 5074//5074 5075//5075 
f 5185//5185 5073//5073 5074//5074 
f 5185//5185 5072//5072 5073//5073 
f 5185//5185 5071//5071 5072//5072 
f 5185//5185 5070//5070 5071//5071 
f 5185//5185 5069//5069 5070//5070 
f 5185//5185 5068//5068 5069//5069 
f 5185//5185 5067//5067 5068//5068 
f 5185//5185 5066//5066 5067//5067 
f 5185//5185 5065//5065 5066//5066 
f 5185//5185 5064//5064 5065//5065 
f 5185//5185 5063//5063 5064//5064 
f 5185//5185 5062//5062 5063//5063 
f 5185//5185 5061//5061 5062//5062 
f 5185//5185 5060//5060 5061//5061 
f 5185//5185 5059//5059 5060//5060 
f 5185//5185 5058//5058 5059//5059 
f 5185//5185 5057//5057 5058//5058 
f 5185//5185 5056//5056 5057//5057 
f 5185//5185 5055//5055 5056//5056 
f 5185//5185 5054//5054 5055//5055 
f 5185//5185 5053//5053 5054//5054 
f 5185//5185 5052//5052 5053//5053 
f 5185//5185 5051//5051 5052//5052 
f 5185//5185 5050//5050 5051//5051 
f 5185//5185 5049//5049 5050//5050 
f 5185//5185 5048//5048 5049//5049 
f 5185//5185 5047//5047 5048//5048 
f 5185//5185 5046//5046 5047//5047 
f 5185//5185 5045//5045 5046//5046 
f 5185//5185 5044//5044 5045//5045 
f 5185//5185 5043//5043 5044//5044 
f 5185//5185 5042//5042 5043//5043 
f 5185//5185 5041//5041 5042//5042 
f 5185//5185 5184//5184 5041//5041 
f 5184//5184 5183//5183 5039//5039 
f 5183//5183 5182//5182 5038//5038 
f 5182//5182 5181//5181 5037//5037 
f 5181//5181 5180//5180 5036//5036 
f 5180//5180 5179//5179 5035//5035 
f 5179//5179 5178//5178 5034//5034 
f 5178//5178 5177//5177 5033//5033 
f 5177//5177 5176//5176 5032//5032 
f 5176//5176 5175//5175 5031//5031 
f 5175//5175 5174//5174 5030//5030 
f 5174//5174 5173//5173 5029//5029 
f 5173//5173 5172//5172 5028//5028 
f 5172//5172 5171//5171 5027//5027 
f 5171//5171 5170//5170 5026//5026 
f 5170//5170 5169//5169 5025//5025 
f 5169//5169 5168//5168 5024//5024 
f 5168//5168 5167//5167 5023//5023 
f 5167//5167 5166//5166 5022//5022 
f 5166//5166 5165//5165 5021//5021 
f 5165//5165 5164//5164 5020//5020 
f 5164//5164 5163//5163 5019//5019 
f 5163//5163 5162//5162 5018//5018 
f 5162//5162 5161//5161 5017//5017 
f 5161//5161 5160//5160 5016//5016 
f 5160//5160 5159//5159 5015//5015 
f 5159//5159 5158//5158 5014//5014 
f 5158//5158 5157//5157 5013//5013 
f 5157//5157 5156//5156 5012//5012 
f 5156//5156 5155//5155 5011//5011 
f 5155//5155 5154//5154 5010//5010 
f 5154//5154 5153//5153 5009//5009 
f 5153//5153 5152//5152 5008//5008 
f 5152//5152 5151//5151 5007//5007 
f 5151//5151 5150//5150 5006//5006 
f 5150//5150 5149//5149 5005//5005 
f 5149//5149 5148//5148 5004//5004 
f 5148//5148 5147//5147 5003//5003 
f 5147//5147 5146//5146 5002//5002 
f 5146//5146 5145//5145 5001//5001 
f 5145//5145 5144//5144 5000//5000 
f 5144//5144 5143//5143 4999//4999 
f 5143//5143 5142//5142 4998//4998 
f 5142//5142 5141//5141 4997//4997 
f 5141//5141 5140//5140 4996//4996 
f 5140//5140 5139//5139 4995//4995 
f 5139//5139 5138//5138 4994//4994 
f 5138//5138 5137//5137 4993//4993 
f 5137//5137 5136//5136 4992//4992 
f 5136//5136 5135//5135 4991//4991 
f 5135//5135 5134//5134 4990//4990 
f 5134//5134 5133//5133 4989//4989 
f 5133//5133 5132//5132 4988//4988 
f 5132//5132 5131//5131 4987//4987 
f 5131//5131 5130//5130 4986//4986 
f 5130//5130 5129//5129 4985//4985 
f 5129//5129 5128//5128 4984//4984 
f 5128//5128 5127//5127 4983//4983 
f 5127//5127 5126//5126 4982//4982 
f 5126//5126 5125//5125 4981//4981 
f 5125//5125 5124//5124 4980//4980 
f 5124//5124 5123//5123 4979//4979 
f 5123//5123 5122//5122 4978//4978 
f 5122//5122 5121//5121 4977//4977 
f 5121//5121 5120//5120 4976//4976 
f 5120//5120 5119//5119 4975//4975 
f 5119//5119 5118//5118 4974//4974 
f 5118//5118 5117//5117 4973//4973 
f 5117//5117 5116//5116 4972//4972 
f 5116//5116 5115//5115 4971//4971 
f 5115//5115 5114//5114 4970//4970 
f 5114//5114 5113//5113 4969//4969 
f 5113//5113 5112//5112 4968//4968 
f 5112//5112 5111//5111 4967//4967 
f 5111//5111 5110//5110 4966//4966 
f 5110//5110 5109//5109 4965//4965 
f 5109//5109 5108//5108 4964//4964 
f 5108//5108 5107//5107 4963//4963 
f 5107//5107 5106//5106 4962//4962 
f 5106//5106 5105//5105 4961//4961 
f 5105//5105 5104//5104 4960//4960 
f 5104//5104 5103//5103 4959//4959 
f 5103//5103 5102//5102 4958//4958 
f 5102//5102 5101//5101 4957//4957 
f 5101//5101 5100//5100 4956//4956 
f 5100//5100 5099//5099 4955//4955 
f 5099//5099 5098//5098 4954//4954 
f 5098//5098 5097//5097 4953//4953 
f 5097//5097 5096//5096 4952//4952 
f 5096//5096 5095//5095 4951//4951 
f 5095//5095 5094//5094 4950//4950 
f 5094//5094 5093//5093 4949//4949 
f 5093//5093 5092//5092 4948//4948 
f 5092//5092 5091//5091 4947//4947 
f 5091//5091 5090//5090 4946//4946 
f 5090//5090 5089//5089 4945//4945 
f 5089//5089 5088//5088 4944//4944 
f 5088//5088 5087//5087 4943//4943 
f 5087//5087 5086//5086 4942//4942 
f 5086//5086 5085//5085 4941//4941 
f 5085//5085 5084//5084 4940//4940 
f 5084//5084 5083//5083 4939//4939 
f 5083//5083 5082//5082 4938//4938 
f 5082//5082 5081//5081 4937//4937 
f 5081//5081 5080//5080 4936//4936 
f 5080//5080 5079//5079 4935//4935 
f 5079//5079 5078//5078 4934//4934 
f 5078//5078 5077//5077 4933//4933 
f 5077//5077 5076//5076 4932//4932 
f 5076//5076 5075//5075 4931//4931 
f 5075//5075 5074//5074 4930//4930 
f 5074//5074 5073//5073 4929//4929 
f 5073//5073 5072//5072 4928//4928 
f 5072//5072 5071//5071 4927//4927 
f 5071//5071 5070//5070 4926//4926 
f 5070//5070 5069//5069 4925//4925 
f 5069//5069 5068//5068 4924//4924 
f 5068//5068 5067//5067 4923//4923 
f 5067//5067 5066//5066 4922//4922 
f 5066//5066 5065//5065 4921//4921 
f 5065//5065 5064//5064 4920//4920 
f 5064//5064 5063//5063 4919//4919 
f 5063//5063 5062//5062 4918//4918 
f 5062//5062 5061//5061 4917//4917 
f 5061//5061 5060//5060 4916//4916 
f 5060//5060 5059//5059 4915//4915 
f 5059//5059 5058//5058 4914//4914 
f 5058//5058 5057//5057 4913//4913 
f 5057//5057 5056//5056 4912//4912 
f 5056//5056 5055//5055 4911//4911 
f 5055//5055 5054//5054 4910//4910 
f 5054//5054 5053//5053 4909//4909 
f 5053//5053 5052//5052 4908//4908 
f 5052//5052 5051//5051 4907//4907 
f 5051//5051 5050//5050 4906//4906 
f 5050//5050 5049//5049 4905//4905 
f 5049//5049 5048//5048 4904//4904 
f 5048//5048 5047//5047 4903//4903 
f 5047//5047 5046//5046 4902//4902 
f 5046//5046 5045//5045 4901//4901 
f 5045//5045 5044//5044 4900//4900 
f 5044//5044 5043//5043 4899//4899 
f 5043//5043 5042//5042 4898//4898 
f 5042//5042 5041//5041 4897//4897 
f 5041//5041 5184//5184 5040//5040 
f 5040//5040 5039//5039 4895//4895 
f 5039//5039 5038//5038 4894//4894 
f 5038//5038 5037//5037 4893//4893 
f 5037//5037 5036//5036 4892//4892 
f 5036//5036 5035//5035 4891//4891 
f 5035//5035 5034//5034 4890//4890 
f 5034//5034 5033//5033 4889//4889 
f 5033//5033 5032//5032 4888//4888 
f 5032//5032 5031//5031 4887//4887 
f 5031//5031 5030//5030 4886//4886 
f 5030//5030 5029//5029 4885//4885 
f 5029//5029 5028//5028 4884//4884 
f 5028//5028 5027//5027 4883//4883 
f 5027//5027 5026//5026 4882//4882 
f 5026//5026 5025//5025 4881//4881 
f 5025//5025 5024//5024 4880//4880 
f 5024//5024 5023//5023 4879//4879 
f 5023//5023 5022//5022 4878//4878 
f 5022//5022 5021//5021 4877//4877 
f 5021//5021 5020//5020 4876//4876 
f 5020//5020 5019//5019 4875//4875 
f 5019//5019 5018//5018 4874//4874 
f 5018//5018 5017//5017 4873//4873 
f 5017//5017 5016//5016 4872//4872 
f 5016//5016 5015//5015 4871//4871 
f 5015//5015 5014//5014 4870//4870 
f 5014//5014 5013//5013 4869//4869 
f 5013//5013 5012//5012 4868//4868 
f 5012//5012 5011//5011 4867//4867 
f 5011//5011 5010//5010 4866//4866 
f 5010//5010 5009//5009 4865//4865 
f 5009//5009 5008//5008 4864//4864 
f 5008//5008 5007//5007 4863//4863 
f 5007//5007 5006//5006 4862//4862 
f 5006//5006 5005//5005 4861//4861 
f 5005//5005 5004//5004 4860//4860 
f 5004//5004 5003//5003 4859//4859 
f 5003//5003 5002//5002 4858//4858 
f 5002//5002 5001//5001 4857//4857 
f 5001//5001 5000//5000 4856//4856 
f 5000//5000 4999//4999 4855//4855 
f 4999//4999 4998//4998 4854//4854 
f 4998//4998 4997//4997 4853//4853 
f 4997//4997 4996//4996 4852//4852 
f 4996//4996 4995//4995 4851//4851 
f 4995//4995 4994//4994 4850//4850 
f 4994//4994 4993//4993 4849//4849 
f 4993//4993 4992//4992 4848//4848 
f 4992//4992 4991//4991 4847//4847 
f 4991//4991 4990//4990 4846//4846 
f 4990//4990 4989//4989 4845//4845 
f 4989//4989 4988//4988 4844//4844 
f 4988//4988 4987//4987 4843//4843 
f 4987//4987 4986//4986 4842//4842 
f 4986//4986 4985//4985 4841//4841 
f 4985//4985 4984//4984 4840//4840 
f 4984//4984 4983//4983 4839//4839 
f 4983//4983 4982//4982 4838//4838 
f 4982//4982 4981//4981 4837//4837 
f 4981//4981 4980//4980 4836//4836 
f 4980//4980 4979//4979 4835//4835 
f 4979//4979 4978//4978 4834//4834 
f 4978//4978 4977//4977 4833//4833 
f 4977//4977 4976//4976 4832//4832 
f 4976//4976 4975//4975 4831//4831 
f 4975//4975 4974//4974 4830//4830 
f 4974//4974 4973//4973 4829//4829 
f 4973//4973 4972//4972 4828//4828 
f 4972//4972 4971//4971 4827//4827 
f 4971//4971 4970//4970 4826//4826 
f 4970//4970 4969//4969 4825//4825 
f 4969//4969 4968//4968 4824//4824 
f 4968//4968 4967//4967 4823//4823 
f 4967//4967 4966//4966 4822//4822 
f 4966//4966 4965//4965 4821//4821 
f 4965//4965 4964//4964 4820//4820 
f 4964//4964 4963//4963 4819//4819 
f 4963//4963 4962//4962 4818//4818 
f 4962//4962 4961//4961 4817//4817 
f 4961//4961 4960//4960 4816//4816 
f 4960//4960 4959//4959 4815//4815 
f 4959//4959 4958//4958 4814//4814 
f 4958//4958 4957//4957 4813//4813 
f 4957//4957 4956//4956 4812//4812 
f 4956//4956 4955//4955 4811//4811 
f 4955//4955 4954//4954 4810//4810 
f 4954//4954 4953//4953 4809//4809 
f 4953//4953 4952//4952 4808//4808 
f 4952//4952 4951//4951 4807//4807 
f 4951//4951 4950//4950 4806//4806 
f 4950//4950 4949//4949 4805//4805 
f 4949//4949 4948//4948 4804//4804 
f 4948//4948 4947//4947 4803//4803 
f 4947//4947 4946//4946 4802//4802 
f 4946//4946 4945//4945 4801//4801 
f 4945//4945 4944//4944 4800//4800 
f 4944//4944 4943//4943 4799//4799 
f 4943//4943 4942//4942 4798//4798 
f 4942//4942 4941//4941 4797//4797 
f 4941//4941 4940//4940 4796//4796 
f 4940//4940 4939//4939 4795//4795 
f 4939//4939 4938//4938 4794//4794 
f 4938//4938 4937//4937 4793//4793 
f 4937//4937 4936//4936 4792//4792 
f 4936//4936 4935//4935 4791//4791 
f 4935//4935 4934//4934 4790//4790 
f 4934//4934 4933//4933 4789//4789 
f 4933//4933 4932//4932 4788//4788 
f 4932//4932 4931//4931 4787//4787 
f 4931//4931 4930//4930 4786//4786 
f 4930//4930 4929//4929 4785//4785 
f 4929//4929 4928//4928 4784//4784 
f 4928//4928 4927//4927 4783//4783 
f 4927//4927 4926//4926 4782//4782 
f 4926//4926 4925//4925 4781//4781 
f 4925//4925 4924//4924 4780//4780 
f 4924//4924 4923//4923 4779//4779 
f 4923//4923 4922//4922 4778//4778 
f 4922//4922 4921//4921 4777//4777 
f 4921//4921 4920//4920 4776//4776 
f 4920//4920 4919//4919 4775//4775 
f 4919//4919 4918//4918 4774//4774 
f 4918//4918 4917//4917 4773//4773 
f 4917//4917 4916//4916 4772//4772 
f 4916//4916 4915//4915 4771//4771 
f 4915//4915 4914//4914 4770//4770 
f 4914//4914 4913//4913 4769//4769 
f 4913//4913 4912//4912 4768//4768 
f 4912//4912 4911//4911 4767//4767 
f 4911//4911 4910//4910 4766//4766 
f 4910//4910 4909//4909 4765//4765 
f 4909//4909 4908//4908 4764//4764 
f 4908//4908 4907//4907 4763//4763 
f 4907//4907 4906//4906 4762//4762 
f 4906//4906 4905//4905 4761//4761 
f 4905//4905 4904//4904 4760//4760 
f 4904//4904 4903//4903 4759//4759 
f 4903//4903 4902//4902 4758//4758 
f 4902//4902 4901//4901 4757//4757 
f 4901//4901 4900//4900 4756//4756 
f 4900//4900 4899//4899 4755//4755 
f 4899//4899 4898//4898 4754//4754 
f 4898//4898 4897//4897 4753//4753 
f 4897//4897 5040//5040 4896//4896 
f 4896//4896 4895//4895 4751//4751 
f 4895//4895 4894//4894 4750//4750 
f 4894//4894 4893//4893 4749//4749 
f 4893//4893 4892//4892 4748//4748 
f 4892//4892 4891//4891 4747//4747 
f 4891//4891 4890//4890 4746//4746 
f 4890//4890 4889//4889 4745//4745 
f 4889//4889 4888//4888 4744//4744 
f 4888//4888 4887//4887 4743//4743 
f 4887//4887 4886//4886 4742//4742 
f 4886//4886 4885//4885 4741//4741 
f 4885//4885 4884//4884 4740//4740 
f 4884//4884 4883//4883 4739//4739 
f 4883//4883 4882//4882 4738//4738 
f 4882//4882 4881//4881 4737//4737 
f 4881//4881 4880//4880 4736//4736 
f 4880//4880 4879//4879 4735//4735 
f 4879//4879 4878//4878 4734//4734 
f 4878//4878 4877//4877 4733//4733 
f 4877//4877 4876//4876 4732//4732 
f 4876//4876 4875//4875 4731//4731 
f 4875//4875 4874//4874 4730//4730 
f 4874//4874 4873//4873 4729//4729 
f 4873//4873 4872//4872 4728//4728 
f 4872//4872 4871//4871 4727//4727 
f 4871//4871 4870//4870 4726//4726 
f 4870//4870 4869//4869 4725//4725 
f 4869//4869 4868//4868 4724//4724 
f 4868//4868 4867//4867 4723//4723 
f 4867//4867 4866//4866 4722//4722 
f 4866//4866 4865//4865 4721//4721 
f 4865//4865 4864//4864 4720//4720 
f 4864//4864 4863//4863 4719//4719 
f 4863//4863 4862//4862 4718//4718 
f 4862//4862 4861//4861 4717//4717 
f 4861//4861 4860//4860 4716//4716 
f 4860//4860 4859//4859 4715//4715 
f 4859//4859 4858//4858 4714//4714 
f 4858//4858 4857//4857 4713//4713 
f 4857//4857 4856//4856 4712//4712 
f 4856//4856 4855//4855 4711//4711 
f 4855//4855 4854//4854 4710//4710 
f 4854//4854 4853//4853 4709//4709 
f 4853//4853 4852//4852 4708//4708 
f 4852//4852 4851//4851 4707//4707 
f 4851//4851 4850//4850 4706//4706 
f 4850//4850 4849//4849 4705//4705 
f 4849//4849 4848//4848 4704//4704 
f 4848//4848 4847//4847 4703//4703 
f 4847//4847 4846//4846 4702//4702 
f 4846//4846 4845//4845 4701//4701 
f 4845//4845 4844//4844 4700//4700 
f 4844//4844 4843//4843 4699//4699 
f 4843//4843 4842//4842 4698//4698 
f 4842//4842 4841//4841 4697//4697 
f 4841//4841 4840//4840 4696//4696 
f 4840//4840 4839//4839 4695//4695 
f 4839//4839 4838//4838 4694//4694 
f 4838//4838 4837//4837 4693//4693 
f 4837//4837 4836//4836 4692//4692 
f 4836//4836 4835//4835 4691//4691 
f 4835//4835 4834//4834 4690//4690 
f 4834//4834 4833//4833 4689//4689 
f 4833//4833 4832//4832 4688//4688 
f 4832//4832 4831//4831 4687//4687 
f 4831//4831 4830//4830 4686//4686 
f 4830//4830 4829//4829 4685//4685 
f 4829//4829 4828//4828 4684//4684 
f 4828//4828 4827//4827 4683//4683 
f 4827//4827 4826//4826 4682//4682 
f 4826//4826 4825//4825 4681//4681 
f 4825//4825 4824//4824 4680//4680 
f 4824//4824 4823//4823 4679//4679 
f 4823//4823 4822//4822 4678//4678 
f 4822//4822 4821//4821 4677//4677 
f 4821//4821 4820//4820 4676//4676 
f 4820//4820 4819//4819 4675//4675 
f 4819//4819 4818//4818 4674//4674 
f 4818//4818 4817//4817 4673//4673 
f 4817//4817 4816//4816 4672//4672 
f 4816//4816 4815//4815 4671//4671 
f 4815//4815 4814//4814 4670//4670 
f 4814//4814 4813//4813 4669//4669 
f 4813//4813 4812//4812 4668//4668 
f 4812//4812 4811//4811 4667//4667 
f 4811//4811 4810//4810 4666//4666 
f 4810//4810 4809//4809 4665//4665 
f 4809//4809 4808//4808 4664//4664 
f 4808//4808 4807//4807 4663//4663 
f 4807//4807 4806//4806 4662//4662 
f 4806//4806 4805//4805 4661//4661 
f 4805//4805 4804//4804 4660//4660 
f 4804//4804 4803//4803 4659//4659 
f 4803//4803 4802//4802 4658//4658 
f 4802//4802 4801//4801 4657//4657 
f 4801//4801 4800//4800 4656//4656 
f 4800//4800 4799//4799 4655//4655 
f 4799//4799 4798//4798 4654//4654 
f 4798//4798 4797//4797 4653//4653 
f 4797//4797 4796//4796 4652//4652 
f 4796//4796 4795//4795 4651//4651 
f 4795//4795 4794//4794 4650//4650 
f 4794//4794 4793//4793 4649//4649 
f 4793//4793 4792//4792 4648//4648 
f 4792//4792 4791//4791 4647//4647 
f 4791//4791 4790//4790 4646//4646 
f 4790//4790 4789//4789 4645//4645 
f 4789//4789 4788//4788 4644//4644 
f 4788//4788 4787//4787 4643//4643 
f 4787//4787 4786//4786 4642//4642 
f 4786//4786 4785//4785 4641//4641 
f 4785//4785 4784//4784 4640//4640 
f 4784//4784 4783//4783 4639//4639 
f 4783//4783 4782//4782 4638//4638 
f 4782//4782 4781//4781 4637//4637 
f 4781//4781 4780//4780 4636//4636 
f 4780//4780 4779//4779 4635//4635 
f 4779//4779 4778//4778 4634//4634 
f 4778//4778 4777//4777 4633//4633 
f 4777//4777 4776//4776 4632//4632 
f 4776//4776 4775//4775 4631//4631 
f 4775//4775 4774//4774 4630//4630 
f 4774//4774 4773//4773 4629//4629 
f 4773//4773 4772//4772 4628//4628 
f 4772//4772 4771//4771 4627//4627 
f 4771//4771 4770//4770 4626//4626 
f 4770//4770 4769//4769 4625//4625 
f 4769//4769 4768//4768 4624//4624 
f 4768//4768 4767//4767 4623//4623 
f 4767//4767 4766//4766 4622//4622 
f 4766//4766 4765//4765 4621//4621 
f 4765//4765 4764//4764 4620//4620 
f 4764//4764 4763//4763 4619//4619 
f 4763//4763 4762//4762 4618//4618 
f 4762//4762 4761//4761 4617//4617 
f 4761//4761 4760//4760 4616//4616 
f 4760//4760 4759//4759 4615//4615 
f 4759//4759 4758//4758 4614//4614 
f 4758//4758 4757//4757 4613//4613 
f 4757//4757 4756//4756 4612//4612 
f 4756//4756 4755//4755 4611//4611 
f 4755//4755 4754//4754 4610//4610 
f 4754//4754 4753//4753 4609//4609 
f 4753//4753 4896//4896 4752//4752 
f 4752//4752 4751//4751 4607//4607 
f 4751//4751 4750//4750 4606//4606 
f 4750//4750 4749//4749 4605//4605 
f 4749//4749 4748//4748 4604//4604 
f 4748//4748 4747//4747 4603//4603 
f 4747//4747 4746//4746 4602//4602 
f 4746//4746 4745//4745 4601//4601 
f 4745//4745 4744//4744 4600//4600 
f 4744//4744 4743//4743 4599//4599 
f 4743//4743 4742//4742 4598//4598 
f 4742//4742 4741//4741 4597//4597 
f 4741//4741 4740//4740 4596//4596 
f 4740//4740 4739//4739 4595//4595 
f 4739//4739 4738//4738 4594//4594 
f 4738//4738 4737//4737 4593//4593 
f 4737//4737 4736//4736 4592//4592 
f 4736//4736 4735//4735 4591//4591 
f 4735//4735 4734//4734 4590//4590 
f 4734//4734 4733//4733 4589//4589 
f 4733//4733 4732//4732 4588//4588 
f 4732//4732 4731//4731 4587//4587 
f 4731//4731 4730//4730 4586//4586 
f 4730//4730 4729//4729 4585//4585 
f 4729//4729 4728//4728 4584//4584 
f 4728//4728 4727//4727 4583//4583 
f 4727//4727 4726//4726 4582//4582 
f 4726//4726 4725//4725 4581//4581 
f 4725//4725 4724//4724 4580//4580 
f 4724//4724 4723//4723 4579//4579 
f 4723//4723 4722//4722 4578//4578 
f 4722//4722 4721//4721 4577//4577 
f 4721//4721 4720//4720 4576//4576 
f 4720//4720 4719//4719 4575//4575 
f 4719//4719 4718//4718 4574//4574 
f 4718//4718 4717//4717 4573//4573 
f 4717//4717 4716//4716 4572//4572 
f 4716//4716 4715//4715 4571//4571 
f 4715//4715 4714//4714 4570//4570 
f 4714//4714 4713//4713 4569//4569 
f 4713//4713 4712//4712 4568//4568 
f 4712//4712 4711//4711 4567//4567 
f 4711//4711 4710//4710 4566//4566 
f 4710//4710 4709//4709 4565//4565 
f 4709//4709 4708//4708 4564//4564 
f 4708//4708 4707//4707 4563//4563 
f 4707//4707 4706//4706 4562//4562 
f 4706//4706 4705//4705 4561//4561 
f 4705//4705 4704//4704 4560//4560 
f 4704//4704 4703//4703 4559//4559 
f 4703//4703 4702//4702 4558//4558 
f 4702//4702 4701//4701 4557//4557 
f 4701//4701 4700//4700 4556//4556 
f 4700//4700 4699//4699 4555//4555 
f 4699//4699 4698//4698 4554//4554 
f 4698//4698 4697//4697 4553//4553 
f 4697//4697 4696//4696 4552//4552 
f 4696//4696 4695//4695 4551//4551 
f 4695//4695 4694//4694 4550//4550 
f 4694//4694 4693//4693 4549//4549 
f 4693//4693 4692//4692 4548//4548 
f 4692//4692 4691//4691 4547//4547 
f 4691//4691 4690//4690 4546//4546 
f 4690//4690 4689//4689 4545//4545 
f 4689//4689 4688//4688 4544//4544 
f 4688//4688 4687//4687 4543//4543 
f 4687//4687 4686//4686 4542//4542 
f 4686//4686 4685//4685 4541//4541 
f 4685//4685 4684//4684 4540//4540 
f 4684//4684 4683//4683 4539//4539 
f 4683//4683 4682//4682 4538//4538 
f 4682//4682 4681//4681 4537//4537 
f 4681//4681 4680//4680 4536//4536 
f 4680//4680 4679//4679 4535//4535 
f 4679//4679 4678//4678 4534//4534 
f 4678//4678 4677//4677 4533//4533 
f 4677//4677 4676//4676 4532//4532 
f 4676//4676 4675//4675 4531//4531 
f 4675//4675 4674//4674 4530//4530 
f 4674//4674 4673//4673 4529//4529 
f 4673//4673 4672//4672 4528//4528 
f 4672//4672 4671//4671 4527//4527 
f 4671//4671 4670//4670 4526//4526 
f 4670//4670 4669//4669 4525//4525 
f 4669//4669 4668//4668 4524//4524 
f 4668//4668 4667//4667 4523//4523 
f 4667//4667 4666//4666 4522//4522 
f 4666//4666 4665//4665 4521//4521 
f 4665//4665 4664//4664 4520//4520 
f 4664//4664 4663//4663 4519//4519 
f 4663//4663 4662//4662 4518//4518 
f 4662//4662 4661//4661 4517//4517 
f 4661//4661 4660//4660 4516//4516 
f 4660//4660 4659//4659 4515//4515 
f 4659//4659 4658//4658 4514//4514 
f 4658//4658 4657//4657 4513//4513 
f 4657//4657 4656//4656 4512//4512 
f 4656//4656 4655//4655 4511//4511 
f 4655//4655 4654//4654 4510//4510 
f 4654//4654 4653//4653 4509//4509 
f 4653//4653 4652//4652 4508//4508 
f 4652//4652 4651//4651 4507//4507 
f 4651//4651 4650//4650 4506//4506 
f 4650//4650 4649//4649 4505//4505 
f 4649//4649 4648//4648 4504//4504 
f 4648//4648 4647//4647 4503//4503 
f 4647//4647 4646//4646 4502//4502 
f 4646//4646 4645//4645 4501//4501 
f 4645//4645 4644//4644 4500//4500 
f 4644//4644 4643//4643 4499//4499 
f 4643//4643 4642//4642 4498//4498 
f 4642//4642 4641//4641 4497//4497 
f 4641//4641 4640//4640 4496//4496 
f 4640//4640 4639//4639 4495//4495 
f 4639//4639 4638//4638 4494//4494 
f 4638//4638 4637//4637 4493//4493 
f 4637//4637 4636//4636 4492//4492 
f 4636//4636 4635//4635 4491//4491 
f 4635//4635 4634//4634 4490//4490 
f 4634//4634 4633//4633 4489//4489 
f 4633//4633 4632//4632 4488//4488 
f 4632//4632 4631//4631 4487//4487 
f 4631//4631 4630//4630 4486//4486 
f 4630//4630 4629//4629 4485//4485 
f 4629//4629 4628//4628 4484//4484 
f 4628//4628 4627//4627 4483//4483 
f 4627//4627 4626//4626 4482//4482 
f 4626//4626 4625//4625 4481//4481 
f 4625//4625 4624//4624 4480//4480 
f 4624//4624 4623//4623 4479//4479 
f 4623//4623 4622//4622 4478//4478 
f 4622//4622 4621//4621 4477//4477 
f 4621//4621 4620//4620 4476//4476 
f 4620//4620 4619//4619 4475//4475 
f 4619//4619 4618//4618 4474//4474 
f 4618//4618 4617//4617 4473//4473 
f 4617//4617 4616//4616 4472//4472 
f 4616//4616 4615//4615 4471//4471 
f 4615//4615 4614//4614 4470//4470 
f 4614//4614 4613//4613 4469//4469 
f 4613//4613 4612//4612 4468//4468 
f 4612//4612 4611//4611 4467//4467 
f 4611//4611 4610//4610 4466//4466 
f 4610//4610 4609//4609 4465//4465 
f 4609//4609 4752//4752 4608//4608 
f 4608//4608 4607//4607 4463//4463 
f 4607//4607 4606//4606 4462//4462 
f 4606//4606 4605//4605 4461//4461 
f 4605//4605 4604//4604 4460//4460 
f 4604//4604 4603//4603 4459//4459 
f 4603//4603 4602//4602 4458//4458 
f 4602//4602 4601//4601 4457//4457 
f 4601//4601 4600//4600 4456//4456 
f 4600//4600 4599//4599 4455//4455 
f 4599//4599 4598//4598 4454//4454 
f 4598//4598 4597//4597 4453//4453 
f 4597//4597 4596//4596 4452//4452 
f 4596//4596 4595//4595 4451//4451 
f 4595//4595 4594//4594 4450//4450 
f 4594//4594 4593//4593 4449//4449 
f 4593//4593 4592//4592 4448//4448 
f 4592//4592 4591//4591 4447//4447 
f 4591//4591 4590//4590 4446//4446 
f 4590//4590 4589//4589 4445//4445 
f 4589//4589 4588//4588 4444//4444 
f 4588//4588 4587//4587 4443//4443 
f 4587//4587 4586//4586 4442//4442 
f 4586//4586 4585//4585 4441//4441 
f 4585//4585 4584//4584 4440//4440 
f 4584//4584 4583//4583 4439//4439 
f 4583//4583 4582//4582 4438//4438 
f 4582//4582 4581//4581 4437//4437 
f 4581//4581 4580//4580 4436//4436 
f 4580//4580 4579//4579 4435//4435 
f 4579//4579 4578//4578 4434//4434 
f 4578//4578 4577//4577 4433//4433 
f 4577//4577 4576//4576 4432//4432 
f 4576//4576 4575//4575 4431//4431 
f 4575//4575 4574//4574 4430//4430 
f 4574//4574 4573//4573 4429//4429 
f 4573//4573 4572//4572 4428//4428 
f 4572//4572 4571//4571 4427//4427 
f 4571//4571 4570//4570 4426//4426 
f 4570//4570 4569//4569 4425//4425 
f 4569//4569 4568//4568 4424//4424 
f 4568//4568 4567//4567 4423//4423 
f 4567//4567 4566//4566 4422//4422 
f 4566//4566 4565//4565 4421//4421 
f 4565//4565 4564//4564 4420//4420 
f 4564//4564 4563//4563 4419//4419 
f 4563//4563 4562//4562 4418//4418 
f 4562//4562 4561//4561 4417//4417 
f 4561//4561 4560//4560 4416//4416 
f 4560//4560 4559//4559 4415//4415 
f 4559//4559 4558//4558 4414//4414 
f 4558//4558 4557//4557 4413//4413 
f 4557//4557 4556//4556 4412//4412 
f 4556//4556 4555//4555 4411//4411 
f 4555//4555 4554//4554 4410//4410 
f 4554//4554 4553//4553 4409//4409 
f 4553//4553 4552//4552 4408//4408 
f 4552//4552 4551//4551 4407//4407 
f 4551//4551 4550//4550 4406//4406 
f 4550//4550 4549//4549 4405//4405 
f 4549//4549 4548//4548 4404//4404 
f 4548//4548 4547//4547 4403//4403 
f 4547//4547 4546//4546 4402//4402 
f 4546//4546 4545//4545 4401//4401 
f 4545//4545 4544//4544 4400//4400 
f 4544//4544 4543//4543 4399//4399 
f 4543//4543 4542//4542 4398//4398 
f 4542//4542 4541//4541 4397//4397 
f 4541//4541 4540//4540 4396//4396 
f 4540//4540 4539//4539 4395//4395 
f 4539//4539 4538//4538 4394//4394 
f 4538//4538 4537//4537 4393//4393 
f 4537//4537 4536//4536 4392//4392 
f 4536//4536 4535//4535 4391//4391 
f 4535//4535 4534//4534 4390//4390 
f 4534//4534 4533//4533 4389//4389 
f 4533//4533 4532//4532 4388//4388 
f 4532//4532 4531//4531 4387//4387 
f 4531//4531 4530//4530 4386//4386 
f 4530//4530 4529//4529 4385//4385 
f 4529//4529 4528//4528 4384//4384 
f 4528//4528 4527//4527 4383//4383 
f 4527//4527 4526//4526 4382//4382 
f 4526//4526 4525//4525 4381//4381 
f 4525//4525 4524//4524 4380//4380 
f 4524//4524 4523//4523 4379//4379 
f 4523//4523 4522//4522 4378//4378 
f 4522//4522 4521//4521 4377//4377 
f 4521//4521 4520//4520 4376//4376 
f 4520//4520 4519//4519 4375//4375 
f 4519//4519 4518//4518 4374//4374 
f 4518//4518 4517//4517 4373//4373 
f 4517//4517 4516//4516 4372//4372 
f 4516//4516 4515//4515 4371//4371 
f 4515//4515 4514//4514 4370//4370 
f 4514//4514 4513//4513 4369//4369 
f 4513//4513 4512//4512 4368//4368 
f 4512//4512 4511//4511 4367//4367 
f 4511//4511 4510//4510 4366//4366 
f 4510//4510 4509//4509 4365//4365 
f 4509//4509 4508//4508 4364//4364 
f 4508//4508 4507//4507 4363//4363 
f 4507//4507 4506//4506 4362//4362 
f 4506//4506 4505//4505 4361//4361 
f 4505//4505 4504//4504 4360//4360 
f 4504//4504 4503//4503 4359//4359 
f 4503//4503 4502//4502 4358//4358 
f 4502//4502 4501//4501 4357//4357 
f 4501//4501 4500//4500 4356//4356 
f 4500//4500 4499//4499 4355//4355 
f 4499//4499 4498//4498 4354//4354 
f 4498//4498 4497//4497 4353//4353 
f 4497//4497 4496//4496 4352//4352 
f 4496//4496 4495//4495 4351//4351 
f 4495//4495 4494//4494 4350//4350 
f 4494//4494 4493//4493 4349//4349 
f 4493//4493 4492//4492 4348//4348 
f 4492//4492 4491//4491 4347//4347 
f 4491//4491 4490//4490 4346//4346 
f 4490//4490 4489//4489 4345//4345 
f 4489//4489 4488//4488 4344//4344 
f 4488//4488 4487//4487 4343//4343 
f 4487//4487 4486//4486 4342//4342 
f 4486//4486 4485//4485 4341//4341 
f 4485//4485 4484//4484 4340//4340 
f 4484//4484 4483//4483 4339//4339 
f 4483//4483 4482//4482 4338//4338 
f 4482//4482 4481//4481 4337//4337 
f 4481//4481 4480//4480 4336//4336 
f 4480//4480 4479//4479 4335//4335 
f 4479//4479 4478//4478 4334//4334 
f 4478//4478 4477//4477 4333//4333 
f 4477//4477 4476//4476 4332//4332 
f 4476//4476 4475//4475 4331//4331 
f 4475//4475 4474//4474 4330//4330 
f 4474//4474 4473//4473 4329//4329 
f 4473//4473 4472//4472 4328//4328 
f 4472//4472 4471//4471 4327//4327 
f 4471//4471 4470//4470 4326//4326 
f 4470//4470 4469//4469 4325//4325 
f 4469//4469 4468//4468 4324//4324 
f 4468//4468 4467//4467 4323//4323 
f 4467//4467 4466//4466 4322//4322 
f 4466//4466 4465//4465 4321//4321 
f 4465//4465 4608//4608 4464//4464 
f 4464//4464 4463//4463 4319//4319 
f 4463//4463 4462//4462 4318//4318 
f 4462//4462 4461//4461 4317//4317 
f 4461//4461 4460//4460 4316//4316 
f 4460//4460 4459//4459 4315//4315 
f 4459//4459 4458//4458 4314//4314 
f 4458//4458 4457//4457 4313//4313 
f 4457//4457 4456//4456 4312//4312 
f 4456//4456 4455//4455 4311//4311 
f 4455//4455 4454//4454 4310//4310 
f 4454//4454 4453//4453 4309//4309 
f 4453//4453 4452//4452 4308//4308 
f 4452//4452 4451//4451 4307//4307 
f 4451//4451 4450//4450 4306//4306 
f 4450//4450 4449//4449 4305//4305 
f 4449//4449 4448//4448 4304//4304 
f 4448//4448 4447//4447 4303//4303 
f 4447//4447 4446//4446 4302//4302 
f 4446//4446 4445//4445 4301//4301 
f 4445//4445 4444//4444 4300//4300 
f 4444//4444 4443//4443 4299//4299 
f 4443//4443 4442//4442 4298//4298 
f 4442//4442 4441//4441 4297//4297 
f 4441//4441 4440//4440 4296//4296 
f 4440//4440 4439//4439 4295//4295 
f 4439//4439 4438//4438 4294//4294 
f 4438//4438 4437//4437 4293//4293 
f 4437//4437 4436//4436 4292//4292 
f 4436//4436 4435//4435 4291//4291 
f 4435//4435 4434//4434 4290//4290 
f 4434//4434 4433//4433 4289//4289 
f 4433//4433 4432//4432 4288//4288 
f 4432//4432 4431//4431 4287//4287 
f 4431//4431 4430//4430 4286//4286 
f 4430//4430 4429//4429 4285//4285 
f 4429//4429 4428//4428 4284//4284 
f 4428//4428 4427//4427 4283//4283 
f 4427//4427 4426//4426 4282//4282 
f 4426//4426 4425//4425 4281//4281 
f 4425//4425 4424//4424 4280//4280 
f 4424//4424 4423//4423 4279//4279 
f 4423//4423 4422//4422 4278//4278 
f 4422//4422 4421//4421 4277//4277 
f 4421//4421 4420//4420 4276//4276 
f 4420//4420 4419//4419 4275//4275 
f 4419//4419 4418//4418 4274//4274 
f 4418//4418 4417//4417 4273//4273 
f 4417//4417 4416//4416 4272//4272 
f 4416//4416 4415//4415 4271//4271 
f 4415//4415 4414//4414 4270//4270 
f 4414//4414 4413//4413 4269//4269 
f 4413//4413 4412//4412 4268//4268 
f 4412//4412 4411//4411 4267//4267 
f 4411//4411 4410//4410 4266//4266 
f 4410//4410 4409//4409 4265//4265 
f 4409//4409 4408//4408 4264//4264 
f 4408//4408 4407//4407 4263//4263 
f 4407//4407 4406//4406 4262//4262 
f 4406//4406 4405//4405 4261//4261 
f 4405//4405 4404//4404 4260//4260 
f 4404//4404 4403//4403 4259//4259 
f 4403//4403 4402//4402 4258//4258 
f 4402//4402 4401//4401 4257//4257 
f 4401//4401 4400//4400 4256//4256 
f 4400//4400 4399//4399 4255//4255 
f 4399//4399 4398//4398 4254//4254 
f 4398//4398 4397//4397 4253//4253 
f 4397//4397 4396//4396 4252//4252 
f 4396//4396 4395//4395 4251//4251 
f 4395//4395 4394//4394 4250//4250 
f 4394//4394 4393//4393 4249//4249 
f 4393//4393 4392//4392 4248//4248 
f 4392//4392 4391//4391 4247//4247 
f 4391//4391 4390//4390 4246//4246 
f 4390//4390 4389//4389 4245//4245 
f 4389//4389 4388//4388 4244//4244 
f 4388//4388 4387//4387 4243//4243 
f 4387//4387 4386//4386 4242//4242 
f 4386//4386 4385//4385 4241//4241 
f 4385//4385 4384//4384 4240//4240 
f 4384//4384 4383//4383 4239//4239 
f 4383//4383 4382//4382 4238//4238 
f 4382//4382 4381//4381 4237//4237 
f 4381//4381 4380//4380 4236//4236 
f 4380//4380 4379//4379 4235//4235 
f 4379//4379 4378//4378 4234//4234 
f 4378//4378 4377//4377 4233//4233 
f 4377//4377 4376//4376 4232//4232 
f 4376//4376 4375//4375 4231//4231 
f 4375//4375 4374//4374 4230//4230 
f 4374//4374 4373//4373 4229//4229 
f 4373//4373 4372//4372 4228//4228 
f 4372//4372 4371//4371 4227//4227 
f 4371//4371 4370//4370 4226//4226 
f 4370//4370 4369//4369 4225//4225 
f 4369//4369 4368//4368 4224//4224 
f 4368//4368 4367//4367 4223//4223 
f 4367//4367 4366//4366 4222//4222 
f 4366//4366 4365//4365 4221//4221 
f 4365//4365 4364//4364 4220//4220 
f 4364//4364 4363//4363 4219//4219 
f 4363//4363 4362//4362 4218//4218 
f 4362//4362 4361//4361 4217//4217 
f 4361//4361 4360//4360 4216//4216 
f 4360//4360 4359//4359 4215//4215 
f 4359//4359 4358//4358 4214//4214 
f 4358//4358 4357//4357 4213//4213 
f 4357//4357 4356//4356 4212//4212 
f 4356//4356 4355//4355 4211//4211 
f 4355//4355 4354//4354 4210//4210 
f 4354//4354 4353//4353 4209//4209 
f 4353//4353 4352//4352 4208//4208 
f 4352//4352 4351//4351 4207//4207 
f 4351//4351 4350//4350 4206//4206 
f 4350//4350 4349//4349 4205//4205 
f 4349//4349 4348//4348 4204//4204 
f 4348//4348 4347//4347 4203//4203 
f 4347//4347 4346//4346 4202//4202 
f 4346//4346 4345//4345 4201//4201 
f 4345//4345 4344//4344 4200//4200 
f 4344//4344 4343//4343 4199//4199 
f 4343//4343 4342//4342 4198//4198 
f 4342//4342 4341//4341 4197//4197 
f 4341//4341 4340//4340 4196//4196 
f 4340//4340 4339//4339 4195//4195 
f 4339//4339 4338//4338 4194//4194 
f 4338//4338 4337//4337 4193//4193 
f 4337//4337 4336//4336 4192//4192 
f 4336//4336 4335//4335 4191//4191 
f 4335//4335 4334//4334 4190//4190 
f 4334//4334 4333//4333 4189//4189 
f 4333//4333 4332//4332 4188//4188 
f 4332//4332 4331//4331 4187//4187 
f 4331//4331 4330//4330 4186//4186 
f 4330//4330 4329//4329 4185//4185 
f 4329//4329 4328//4328 4184//4184 
f 4328//4328 4327//4327 4183//4183 
f 4327//4327 4326//4326 4182//4182 
f 4326//4326 4325//4325 4181//4181 
f 4325//4325 4324//4324 4180//4180 
f 4324//4324 4323//4323 4179//4179 
f 4323//4323 4322//4322 4178//4178 
f 4322//4322 4321//4321 4177//4177 
f 4321//4321 4464//4464 4320//4320 
f 4320//4320 4319//4319 4175//4175 
f 4319//4319 4318//4318 4174//4174 
f 4318//4318 4317//4317 4173//4173 
f 4317//4317 4316//4316 4172//4172 
f 4316//4316 4315//4315 4171//4171 
f 4315//4315 4314//4314 4170//4170 
f 4314//4314 4313//4313 4169//4169 
f 4313//4313 4312//4312 4168//4168 
f 4312//4312 4311//4311 4167//4167 
f 4311//4311 4310//4310 4166//4166 
f 4310//4310 4309//4309 4165//4165 
f 4309//4309 4308//4308 4164//4164 
f 4308//4308 4307//4307 4163//4163 
f 4307//4307 4306//4306 4162//4162 
f 4306//4306 4305//4305 4161//4161 
f 4305//4305 4304//4304 4160//4160 
f 4304//4304 4303//4303 4159//4159 
f 4303//4303 4302//4302 4158//4158 
f 4302//4302 4301//4301 4157//4157 
f 4301//4301 4300//4300 4156//4156 
f 4300//4300 4299//4299 4155//4155 
f 4299//4299 4298//4298 4154//4154 
f 4298//4298 4297//4297 4153//4153 
f 4297//4297 4296//4296 4152//4152 
f 4296//4296 4295//4295 4151//4151 
f 4295//4295 4294//4294 4150//4150 
f 4294//4294 4293//4293 4149//4149 
f 4293//4293 4292//4292 4148//4148 
f 4292//4292 4291//4291 4147//4147 
f 4291//4291 4290//4290 4146//4146 
f 4290//4290 4289//4289 4145//4145 
f 4289//4289 4288//4288 4144//4144 
f 4288//4288 4287//4287 4143//4143 
f 4287//4287 4286//4286 4142//4142 
f 4286//4286 4285//4285 4141//4141 
f 4285//4285 4284//4284 4140//4140 
f 4284//4284 4283//4283 4139//4139 
f 4283//4283 4282//4282 4138//4138 
f 4282//4282 4281//4281 4137//4137 
f 4281//4281 4280//4280 4136//4136 
f 4280//4280 4279//4279 4135//4135 
f 4279//4279 4278//4278 4134//4134 
f 4278//4278 4277//4277 4133//4133 
f 4277//4277 4276//4276 4132//4132 
f 4276//4276 4275//4275 4131//4131 
f 4275//4275 4274//4274 4130//4130 
f 4274//4274 4273//4273 4129//4129 
f 4273//4273 4272//4272 4128//4128 
f 4272//4272 4271//4271 4127//4127 
f 4271//4271 4270//4270 4126//4126 
f 4270//4270 4269//4269 4125//4125 
f 4269//4269 4268//4268 4124//4124 
f 4268//4268 4267//4267 4123//4123 
f 4267//4267 4266//4266 4122//4122 
f 4266//4266 4265//4265 4121//4121 
f 4265//4265 4264//4264 4120//4120 
f 4264//4264 4263//4263 4119//4119 
f 4263//4263 4262//4262 4118//4118 
f 4262//4262 4261//4261 4117//4117 
f 4261//4261 4260//4260 4116//4116 
f 4260//4260 4259//4259 4115//4115 
f 4259//4259 4258//4258 4114//4114 
f 4258//4258 4257//4257 4113//4113 
f 4257//4257 4256//4256 4112//4112 
f 4256//4256 4255//4255 4111//4111 
f 4255//4255 4254//4254 4110//4110 
f 4254//4254 4253//4253 4109//4109 
f 4253//4253 4252//4252 4108//4108 
f 4252//4252 4251//4251 4107//4107 
f 4251//4251 4250//4250 4106//4106 
f 4250//4250 4249//4249 4105//4105 
f 4249//4249 4248//4248 4104//4104 
f 4248//4248 4247//4247 4103//4103 
f 4247//4247 4246//4246 4102//4102 
f 4246//4246 4245//4245 4101//4101 
f 4245//4245 4244//4244 4100//4100 
f 4244//4244 4243//4243 4099//4099 
f 4243//4243 4242//4242 4098//4098 
f 4242//4242 4241//4241 4097//4097 
f 4241//4241 4240//4240 4096//4096 
f 4240//4240 4239//4239 4095//4095 
f 4239//4239 4238//4238 4094//4094 
f 4238//4238 4237//4237 4093//4093 
f 4237//4237 4236//4236 4092//4092 
f 4236//4236 4235//4235 4091//4091 
f 4235//4235 4234//4234 4090//4090 
f 4234//4234 4233//4233 4089//4089 
f 4233//4233 4232//4232 4088//4088 
f 4232//4232 4231//4231 4087//4087 
f 4231//4231 4230//4230 4086//4086 
f 4230//4230 4229//4229 4085//4085 
f 4229//4229 4228//4228 4084//4084 
f 4228//4228 4227//4227 4083//4083 
f 4227//4227 4226//4226 4082//4082 
f 4226//4226 4225//4225 4081//4081 
f 4225//4225 4224//4224 4080//4080 
f 4224//4224 4223//4223 4079//4079 
f 4223//4223 4222//4222 4078//4078 
f 4222//4222 4221//4221 4077//4077 
f 4221//4221 4220//4220 4076//4076 
f 4220//4220 4219//4219 4075//4075 
f 4219//4219 4218//4218 4074//4074 
f 4218//4218 4217//4217 4073//4073 
f 4217//4217 4216//4216 4072//4072 
f 4216//4216 4215//4215 4071//4071 
f 4215//4215 4214//4214 4070//4070 
f 4214//4214 4213//4213 4069//4069 
f 4213//4213 4212//4212 4068//4068 
f 4212//4212 4211//4211 4067//4067 
f 4211//4211 4210//4210 4066//4066 
f 4210//4210 4209//4209 4065//4065 
f 4209//4209 4208//4208 4064//4064 
f 4208//4208 4207//4207 4063//4063 
f 4207//4207 4206//4206 4062//4062 
f 4206//4206 4205//4205 4061//4061 
f 4205//4205 4204//4204 4060//4060 
f 4204//4204 4203//4203 4059//4059 
f 4203//4203 4202//4202 4058//4058 
f 4202//4202 4201//4201 4057//4057 
f 4201//4201 4200//4200 4056//4056 
f 4200//4200 4199//4199 4055//4055 
f 4199//4199 4198//4198 4054//4054 
f 4198//4198 4197//4197 4053//4053 
f 4197//4197 4196//4196 4052//4052 
f 4196//4196 4195//4195 4051//4051 
f 4195//4195 4194//4194 4050//4050 
f 4194//4194 4193//4193 4049//4049 
f 4193//4193 4192//4192 4048//4048 
f 4192//4192 4191//4191 4047//4047 
f 4191//4191 4190//4190 4046//4046 
f 4190//4190 4189//4189 4045//4045 
f 4189//4189 4188//4188 4044//4044 
f 4188//4188 4187//4187 4043//4043 
f 4187//4187 4186//4186 4042//4042 
f 4186//4186 4185//4185 4041//4041 
f 4185//4185 4184//4184 4040//4040 
f 4184//4184 4183//4183 4039//4039 
f 4183//4183 4182//4182 4038//4038 
f 4182//4182 4181//4181 4037//4037 
f 4181//4181 4180//4180 4036//4036 
f 4180//4180 4179//4179 4035//4035 
f 4179//4179 4178//4178 4034//4034 
f 4178//4178 4177//4177 4033//4033 
f 4177//4177 4320//4320 4176//4176 
f 4176//4176 4175//4175 4031//4031 
f 4175//4175 4174//4174 4030//4030 
f 4174//4174 4173//4173 4029//4029 
f 4173//4173 4172//4172 4028//4028 
f 4172//4172 4171//4171 4027//4027 
f 4171//4171 4170//4170 4026//4026 
f 4170//4170 4169//4169 4025//4025 
f 4169//4169 4168//4168 4024//4024 
f 4168//4168 4167//4167 4023//4023 
f 4167//4167 4166//4166 4022//4022 
f 4166//4166 4165//4165 4021//4021 
f 4165//4165 4164//4164 4020//4020 
f 4164//4164 4163//4163 4019//4019 
f 4163//4163 4162//4162 4018//4018 
f 4162//4162 4161//4161 4017//4017 
f 4161//4161 4160//4160 4016//4016 
f 4160//4160 4159//4159 4015//4015 
f 4159//4159 4158//4158 4014//4014 
f 4158//4158 4157//4157 4013//4013 
f 4157//4157 4156//4156 4012//4012 
f 4156//4156 4155//4155 4011//4011 
f 4155//4155 4154//4154 4010//4010 
f 4154//4154 4153//4153 4009//4009 
f 4153//4153 4152//4152 4008//4008 
f 4152//4152 4151//4151 4007//4007 
f 4151//4151 4150//4150 4006//4006 
f 4150//4150 4149//4149 4005//4005 
f 4149//4149 4148//4148 4004//4004 
f 4148//4148 4147//4147 4003//4003 
f 4147//4147 4146//4146 4002//4002 
f 4146//4146 4145//4145 4001//4001 
f 4145//4145 4144//4144 4000//4000 
f 4144//4144 4143//4143 3999//3999 
f 4143//4143 4142//4142 3998//3998 
f 4142//4142 4141//4141 3997//3997 
f 4141//4141 4140//4140 3996//3996 
f 4140//4140 4139//4139 3995//3995 
f 4139//4139 4138//4138 3994//3994 
f 4138//4138 4137//4137 3993//3993 
f 4137//4137 4136//4136 3992//3992 
f 4136//4136 4135//4135 3991//3991 
f 4135//4135 4134//4134 3990//3990 
f 4134//4134 4133//4133 3989//3989 
f 4133//4133 4132//4132 3988//3988 
f 4132//4132 4131//4131 3987//3987 
f 4131//4131 4130//4130 3986//3986 
f 4130//4130 4129//4129 3985//3985 
f 4129//4129 4128//4128 3984//3984 
f 4128//4128 4127//4127 3983//3983 
f 4127//4127 4126//4126 3982//3982 
f 4126//4126 4125//4125 3981//3981 
f 4125//4125 4124//4124 3980//3980 
f 4124//4124 4123//4123 3979//3979 
f 4123//4123 4122//4122 3978//3978 
f 4122//4122 4121//4121 3977//3977 
f 4121//4121 4120//4120 3976//3976 
f 4120//4120 4119//4119 3975//3975 
f 4119//4119 4118//4118 3974//3974 
f 4118//4118 4117//4117 3973//3973 
f 4117//4117 4116//4116 3972//3972 
f 4116//4116 4115//4115 3971//3971 
f 4115//4115 4114//4114 3970//3970 
f 4114//4114 4113//4113 3969//3969 
f 4113//4113 4112//4112 3968//3968 
f 4112//4112 4111//4111 3967//3967 
f 4111//4111 4110//4110 3966//3966 
f 4110//4110 4109//4109 3965//3965 
f 4109//4109 4108//4108 3964//3964 
f 4108//4108 4107//4107 3963//3963 
f 4107//4107 4106//4106 3962//3962 
f 4106//4106 4105//4105 3961//3961 
f 4105//4105 4104//4104 3960//3960 
f 4104//4104 4103//4103 3959//3959 
f 4103//4103 4102//4102 3958//3958 
f 4102//4102 4101//4101 3957//3957 
f 4101//4101 4100//4100 3956//3956 
f 4100//4100 4099//4099 3955//3955 
f 4099//4099 4098//4098 3954//3954 
f 4098//4098 4097//4097 3953//3953 
f 4097//4097 4096//4096 3952//3952 
f 4096//4096 4095//4095 3951//3951 
f 4095//4095 4094//4094 3950//3950 
f 4094//4094 4093//4093 3949//3949 
f 4093//4093 4092//4092 3948//3948 
f 4092//4092 4091//4091 3947//3947 
f 4091//4091 4090//4090 3946//3946 
f 4090//4090 4089//4089 3945//3945 
f 4089//4089 4088//4088 3944//3944 
f 4088//4088 4087//4087 3943//3943 
f 4087//4087 4086//4086 3942//3942 
f 4086//4086 4085//4085 3941//3941 
f 4085//4085 4084//4084 3940//3940 
f 4084//4084 4083//4083 3939//3939 
f 4083//4083 4082//4082 3938//3938 
f 4082//4082 4081//4081 3937//3937 
f 4081//4081 4080//4080 3936//3936 
f 4080//4080 4079//4079 3935//3935 
f 4079//4079 4078//4078 3934//3934 
f 4078//4078 4077//4077 3933//3933 
f 4077//4077 4076//4076 3932//3932 
f 4076//4076 4075//4075 3931//3931 
f 4075//4075 4074//4074 3930//3930 
f 4074//4074 4073//4073 3929//3929 
f 4073//4073 4072//4072 3928//3928 
f 4072//4072 4071//4071 3927//3927 
f 4071//4071 4070//4070 3926//3926 
f 4070//4070 4069//4069 3925//3925 
f 4069//4069 4068//4068 3924//3924 
f 4068//4068 4067//4067 3923//3923 
f 4067//4067 4066//4066 3922//3922 
f 4066//4066 4065//4065 3921//3921 
f 4065//4065 4064//4064 3920//3920 
f 4064//4064 4063//4063 3919//3919 
f 4063//4063 4062//4062 3918//3918 
f 4062//4062 4061//4061 3917//3917 
f 4061//4061 4060//4060 3916//3916 
f 4060//4060 4059//4059 3915//3915 
f 4059//4059 4058//4058 3914//3914 
f 4058//4058 4057//4057 3913//3913 
f 4057//4057 4056//4056 3912//3912 
f 4056//4056 4055//4055 3911//3911 
f 4055//4055 4054//4054 3910//3910 
f 4054//4054 4053//4053 3909//3909 
f 4053//4053 4052//4052 3908//3908 
f 4052//4052 4051//4051 3907//3907 
f 4051//4051 4050//4050 3906//3906 
f 4050//4050 4049//4049 3905//3905 
f 4049//4049 4048//4048 3904//3904 
f 4048//4048 4047//4047 3903//3903 
f 4047//4047 4046//4046 3902//3902 
f 4046//4046 4045//4045 3901//3901 
f 4045//4045 4044//4044 3900//3900 
f 4044//4044 4043//4043 3899//3899 
f 4043//4043 4042//4042 3898//3898 
f 4042//4042 4041//4041 3897//3897 
f 4041//4041 4040//4040 3896//3896 
f 4040//4040 4039//4039 3895//3895 
f 4039//4039 4038//4038 3894//3894 
f 4038//4038 4037//4037 3893//3893 
f 4037//4037 4036//4036 3892//3892 
f 4036//4036 4035//4035 3891//3891 
f 4035//4035 4034//4034 3890//3890 
f 4034//4034 4033//4033 3889//3889 
f 4033//4033 4176//4176 4032//4032 
f 4032//4032 4031//4031 3887//3887 
f 4031//4031 4030//4030 3886//3886 
f 4030//4030 4029//4029 3885//3885 
f 4029//4029 4028//4028 3884//3884 
f 4028//4028 4027//4027 3883//3883 
f 4027//4027 4026//4026 3882//3882 
f 4026//4026 4025//4025 3881//3881 
f 4025//4025 4024//4024 3880//3880 
f 4024//4024 4023//4023 3879//3879 
f 4023//4023 4022//4022 3878//3878 
f 4022//4022 4021//4021 3877//3877 
f 4021//4021 4020//4020 3876//3876 
f 4020//4020 4019//4019 3875//3875 
f 4019//4019 4018//4018 3874//3874 
f 4018//4018 4017//4017 3873//3873 
f 4017//4017 4016//4016 3872//3872 
f 4016//4016 4015//4015 3871//3871 
f 4015//4015 4014//4014 3870//3870 
f 4014//4014 4013//4013 3869//3869 
f 4013//4013 4012//4012 3868//3868 
f 4012//4012 4011//4011 3867//3867 
f 4011//4011 4010//4010 3866//3866 
f 4010//4010 4009//4009 3865//3865 
f 4009//4009 4008//4008 3864//3864 
f 4008//4008 4007//4007 3863//3863 
f 4007//4007 4006//4006 3862//3862 
f 4006//4006 4005//4005 3861//3861 
f 4005//4005 4004//4004 3860//3860 
f 4004//4004 4003//4003 3859//3859 
f 4003//4003 4002//4002 3858//3858 
f 4002//4002 4001//4001 3857//3857 
f 4001//4001 4000//4000 3856//3856 
f 4000//4000 3999//3999 3855//3855 
f 3999//3999 3998//3998 3854//3854 
f 3998//3998 3997//3997 3853//3853 
f 3997//3997 3996//3996 3852//3852 
f 3996//3996 3995//3995 3851//3851 
f 3995//3995 3994//3994 3850//3850 
f 3994//3994 3993//3993 3849//3849 
f 3993//3993 3992//3992 3848//3848 
f 3992//3992 3991//3991 3847//3847 
f 3991//3991 3990//3990 3846//3846 
f 3990//3990 3989//3989 3845//3845 
f 3989//3989 3988//3988 3844//3844 
f 3988//3988 3987//3987 3843//3843 
f 3987//3987 3986//3986 3842//3842 
f 3986//3986 3985//3985 3841//3841 
f 3985//3985 3984//3984 3840//3840 
f 3984//3984 3983//3983 3839//3839 
f 3983//3983 3982//3982 3838//3838 
f 3982//3982 3981//3981 3837//3837 
f 3981//3981 3980//3980 3836//3836 
f 3980//3980 3979//3979 3835//3835 
f 3979//3979 3978//3978 3834//3834 
f 3978//3978 3977//3977 3833//3833 
f 3977//3977 3976//3976 3832//3832 
f 3976//3976 3975//3975 3831//3831 
f 3975//3975 3974//3974 3830//3830 
f 3974//3974 3973//3973 3829//3829 
f 3973//3973 3972//3972 3828//3828 
f 3972//3972 3971//3971 3827//3827 
f 3971//3971 3970//3970 3826//3826 
f 3970//3970 3969//3969 3825//3825 
f 3969//3969 3968//3968 3824//3824 
f 3968//3968 3967//3967 3823//3823 
f 3967//3967 3966//3966 3822//3822 
f 3966//3966 3965//3965 3821//3821 
f 3965//3965 3964//3964 3820//3820 
f 3964//3964 3963//3963 3819//3819 
f 3963//3963 3962//3962 3818//3818 
f 3962//3962 3961//3961 3817//3817 
f 3961//3961 3960//3960 3816//3816 
f 3960//3960 3959//3959 3815//3815 
f 3959//3959 3958//3958 3814//3814 
f 3958//3958 3957//3957 3813//3813 
f 3957//3957 3956//3956 3812//3812 
f 3956//3956 3955//3955 3811//3811 
f 3955//3955 3954//3954 3810//3810 
f 3954//3954 3953//3953 3809//3809 
f 3953//3953 3952//3952 3808//3808 
f 3952//3952 3951//3951 3807//3807 
f 3951//3951 3950//3950 3806//3806 
f 3950//3950 3949//3949 3805//3805 
f 3949//3949 3948//3948 3804//3804 
f 3948//3948 3947//3947 3803//3803 
f 3947//3947 3946//3946 3802//3802 
f 3946//3946 3945//3945 3801//3801 
f 3945//3945 3944//3944 3800//3800 
f 3944//3944 3943//3943 3799//3799 
f 3943//3943 3942//3942 3798//3798 
f 3942//3942 3941//3941 3797//3797 
f 3941//3941 3940//3940 3796//3796 
f 3940//3940 3939//3939 3795//3795 
f 3939//3939 3938//3938 3794//3794 
f 3938//3938 3937//3937 3793//3793 
f 3937//3937 3936//3936 3792//3792 
f 3936//3936 3935//3935 3791//3791 
f 3935//3935 3934//3934 3790//3790 
f 3934//3934 3933//3933 3789//3789 
f 3933//3933 3932//3932 3788//3788 
f 3932//3932 3931//3931 3787//3787 
f 3931//3931 3930//3930 3786//3786 
f 3930//3930 3929//3929 3785//3785 
f 3929//3929 3928//3928 3784//3784 
f 3928//3928 3927//3927 3783//3783 
f 3927//3927 3926//3926 3782//3782 
f 3926//3926 3925//3925 3781//3781 
f 3925//3925 3924//3924 3780//3780 
f 3924//3924 3923//3923 3779//3779 
f 3923//3923 3922//3922 3778//3778 
f 3922//3922 3921//3921 3777//3777 
f 3921//3921 3920//3920 3776//3776 
f 3920//3920 3919//3919 3775//3775 
f 3919//3919 3918//3918 3774//3774 
f 3918//3918 3917//3917 3773//3773 
f 3917//3917 3916//3916 3772//3772 
f 3916//3916 3915//3915 3771//3771 
f 3915//3915 3914//3914 3770//3770 
f 3914//3914 3913//3913 3769//3769 
f 3913//3913 3912//3912 3768//3768 
f 3912//3912 3911//3911 3767//3767 
f 3911//3911 3910//3910 3766//3766 
f 3910//3910 3909//3909 3765//3765 
f 3909//3909 3908//3908 3764//3764 
f 3908//3908 3907//3907 3763//3763 
f 3907//3907 3906//3906 3762//3762 
f 3906//3906 3905//3905 3761//3761 
f 3905//3905 3904//3904 3760//3760 
f 3904//3904 3903//3903 3759//3759 
f 3903//3903 3902//3902 3758//3758 
f 3902//3902 3901//3901 3757//3757 
f 3901//3901 3900//3900 3756//3756 
f 3900//3900 3899//3899 3755//3755 
f 3899//3899 3898//3898 3754//3754 
f 3898//3898 3897//3897 3753//3753 
f 3897//3897 3896//3896 3752//3752 
f 3896//3896 3895//3895 3751//3751 
f 3895//3895 3894//3894 3750//3750 
f 3894//3894 3893//3893 3749//3749 
f 3893//3893 3892//3892 3748//3748 
f 3892//3892 3891//3891 3747//3747 
f 3891//3891 3890//3890 3746//3746 
f 3890//3890 3889//3889 3745//3745 
f 3889//3889 4032//4032 3888//3888 
f 3888//3888 3887//3887 3743//3743 
f 3887//3887 3886//3886 3742//3742 
f 3886//3886 3885//3885 3741//3741 
f 3885//3885 3884//3884 3740//3740 
f 3884//3884 3883//3883 3739//3739 
f 3883//3883 3882//3882 3738//3738 
f 3882//3882 3881//3881 3737//3737 
f 3881//3881 3880//3880 3736//3736 
f 3880//3880 3879//3879 3735//3735 
f 3879//3879 3878//3878 3734//3734 
f 3878//3878 3877//3877 3733//3733 
f 3877//3877 3876//3876 3732//3732 
f 3876//3876 3875//3875 3731//3731 
f 3875//3875 3874//3874 3730//3730 
f 3874//3874 3873//3873 3729//3729 
f 3873//3873 3872//3872 3728//3728 
f 3872//3872 3871//3871 3727//3727 
f 3871//3871 3870//3870 3726//3726 
f 3870//3870 3869//3869 3725//3725 
f 3869//3869 3868//3868 3724//3724 
f 3868//3868 3867//3867 3723//3723 
f 3867//3867 3866//3866 3722//3722 
f 3866//3866 3865//3865 3721//3721 
f 3865//3865 3864//3864 3720//3720 
f 3864//3864 3863//3863 3719//3719 
f 3863//3863 3862//3862 3718//3718 
f 3862//3862 3861//3861 3717//3717 
f 3861//3861 3860//3860 3716//3716 
f 3860//3860 3859//3859 3715//3715 
f 3859//3859 3858//3858 3714//3714 
f 3858//3858 3857//3857 3713//3713 
f 3857//3857 3856//3856 3712//3712 
f 3856//3856 3855//3855 3711//3711 
f 3855//3855 3854//3854 3710//3710 
f 3854//3854 3853//3853 3709//3709 
f 3853//3853 3852//3852 3708//3708 
f 3852//3852 3851//3851 3707//3707 
f 3851//3851 3850//3850 3706//3706 
f 3850//3850 3849//3849 3705//3705 
f 3849//3849 3848//3848 3704//3704 
f 3848//3848 3847//3847 3703//3703 
f 3847//3847 3846//3846 3702//3702 
f 3846//3846 3845//3845 3701//3701 
f 3845//3845 3844//3844 3700//3700 
f 3844//3844 3843//3843 3699//3699 
f 3843//3843 3842//3842 3698//3698 
f 3842//3842 3841//3841 3697//3697 
f 3841//3841 3840//3840 3696//3696 
f 3840//3840 3839//3839 3695//3695 
f 3839//3839 3838//3838 3694//3694 
f 3838//3838 3837//3837 3693//3693 
f 3837//3837 3836//3836 3692//3692 
f 3836//3836 3835//3835 3691//3691 
f 3835//3835 3834//3834 3690//3690 
f 3834//3834 3833//3833 3689//3689 
f 3833//3833 3832//3832 3688//3688 
f 3832//3832 3831//3831 3687//3687 
f 3831//3831 3830//3830 3686//3686 
f 3830//3830 3829//3829 3685//3685 
f 3829//3829 3828//3828 3684//3684 
f 3828//3828 3827//3827 3683//3683 
f 3827//3827 3826//3826 3682//3682 
f 3826//3826 3825//3825 3681//3681 
f 3825//3825 3824//3824 3680//3680 
f 3824//3824 3823//3823 3679//3679 
f 3823//3823 3822//3822 3678//3678 
f 3822//3822 3821//3821 3677//3677 
f 3821//3821 3820//3820 3676//3676 
f 3820//3820 3819//3819 3675//3675 
f 3819//3819 3818//3818 3674//3674 
f 3818//3818 3817//3817 3673//3673 
f 3817//3817 3816//3816 3672//3672 
f 3816//3816 3815//3815 3671//3671 
f 3815//3815 3814//3814 3670//3670 
f 3814//3814 3813//3813 3669//3669 
f 3813//3813 3812//3812 3668//3668 
f 3812//3812 3811//3811 3667//3667 
f 3811//3811 3810//3810 3666//3666 
f 3810//3810 3809//3809 3665//3665 
f 3809//3809 3808//3808 3664//3664 
f 3808//3808 3807//3807 3663//3663 
f 3807//3807 3806//3806 3662//3662 
f 3806//3806 3805//3805 3661//3661 
f 3805//3805 3804//3804 3660//3660 
f 3804//3804 3803//3803 3659//3659 
f 3803//3803 3802//3802 3658//3658 
f 3802//3802 3801//3801 3657//3657 
f 3801//3801 3800//3800 3656//3656 
f 3800//3800 3799//3799 3655//3655 
f 3799//3799 3798//3798 3654//3654 
f 3798//3798 3797//3797 3653//3653 
f 3797//3797 3796//3796 3652//3652 
f 3796//3796 3795//3795 3651//3651 
f 3795//3795 3794//3794 3650//3650 
f 3794//3794 3793//3793 3649//3649 
f 3793//3793 3792//3792 3648//3648 
f 3792//3792 3791//3791 3647//3647 
f 3791//3791 3790//3790 3646//3646 
f 3790//3790 3789//3789 3645//3645 
f 3789//3789 3788//3788 3644//3644 
f 3788//3788 3787//3787 3643//3643 
f 3787//3787 3786//3786 3642//3642 
f 3786//3786 3785//3785 3641//3641 
f 3785//3785 3784//3784 3640//3640 
f 3784//3784 3783//3783 3639//3639 
f 3783//3783 3782//3782 3638//3638 
f 3782//3782 3781//3781 3637//3637 
f 3781//3781 3780//3780 3636//3636 
f 3780//3780 3779//3779 3635//3635 
f 3779//3779 3778//3778 3634//3634 
f 3778//3778 3777//3777 3633//3633 
f 3777//3777 3776//3776 3632//3632 
f 3776//3776 3775//3775 3631//3631 
f 3775//3775 3774//3774 3630//3630 
f 3774//3774 3773//3773 3629//3629 
f 3773//3773 3772//3772 3628//3628 
f 3772//3772 3771//3771 3627//3627 
f 3771//3771 3770//3770 3626//3626 
f 3770//3770 3769//3769 3625//3625 
f 3769//3769 3768//3768 3624//3624 
f 3768//3768 3767//3767 3623//3623 
f 3767//3767 3766//3766 3622//3622 
f 3766//3766 3765//3765 3621//3621 
f 3765//3765 3764//3764 3620//3620 
f 3764//3764 3763//3763 3619//3619 
f 3763//3763 3762//3762 3618//3618 
f 3762//3762 3761//3761 3617//3617 
f 3761//3761 3760//3760 3616//3616 
f 3760//3760 3759//3759 3615//3615 
f 3759//3759 3758//3758 3614//3614 
f 3758//3758 3757//3757 3613//3613 
f 3757//3757 3756//3756 3612//3612 
f 3756//3756 3755//3755 3611//3611 
f 3755//3755 3754//3754 3610//3610 
f 3754//3754 3753//3753 3609//3609 
f 3753//3753 3752//3752 3608//3608 
f 3752//3752 3751//3751 3607//3607 
f 3751//3751 3750//3750 3606//3606 
f 3750//3750 3749//3749 3605//3605 
f 3749//3749 3748//3748 3604//3604 
f 3748//3748 3747//3747 3603//3603 
f 3747//3747 3746//3746 3602//3602 
f 3746//3746 3745//3745 3601//3601 
f 3745//3745 3888//3888 3744//3744 
f 3744//3744 3743//3743 3599//3599 
f 3743//3743 3742//3742 3598//3598 
f 3742//3742 3741//3741 3597//3597 
f 3741//3741 3740//3740 3596//3596 
f 3740//3740 3739//3739 3595//3595 
f 3739//3739 3738//3738 3594//3594 
f 3738//3738 3737//3737 3593//3593 
f 3737//3737 3736//3736 3592//3592 
f 3736//3736 3735//3735 3591//3591 
f 3735//3735 3734//3734 3590//3590 
f 3734//3734 3733//3733 3589//3589 
f 3733//3733 3732//3732 3588//3588 
f 3732//3732 3731//3731 3587//3587 
f 3731//3731 3730//3730 3586//3586 
f 3730//3730 3729//3729 3585//3585 
f 3729//3729 3728//3728 3584//3584 
f 3728//3728 3727//3727 3583//3583 
f 3727//3727 3726//3726 3582//3582 
f 3726//3726 3725//3725 3581//3581 
f 3725//3725 3724//3724 3580//3580 
f 3724//3724 3723//3723 3579//3579 
f 3723//3723 3722//3722 3578//3578 
f 3722//3722 3721//3721 3577//3577 
f 3721//3721 3720//3720 3576//3576 
f 3720//3720 3719//3719 3575//3575 
f 3719//3719 3718//3718 3574//3574 
f 3718//3718 3717//3717 3573//3573 
f 3717//3717 3716//3716 3572//3572 
f 3716//3716 3715//3715 3571//3571 
f 3715//3715 3714//3714 3570//3570 
f 3714//3714 3713//3713 3569//3569 
f 3713//3713 3712//3712 3568//3568 
f 3712//3712 3711//3711 3567//3567 
f 3711//3711 3710//3710 3566//3566 
f 3710//3710 3709//3709 3565//3565 
f 3709//3709 3708//3708 3564//3564 
f 3708//3708 3707//3707 3563//3563 
f 3707//3707 3706//3706 3562//3562 
f 3706//3706 3705//3705 3561//3561 
f 3705//3705 3704//3704 3560//3560 
f 3704//3704 3703//3703 3559//3559 
f 3703//3703 3702//3702 3558//3558 
f 3702//3702 3701//3701 3557//3557 
f 3701//3701 3700//3700 3556//3556 
f 3700//3700 3699//3699 3555//3555 
f 3699//3699 3698//3698 3554//3554 
f 3698//3698 3697//3697 3553//3553 
f 3697//3697 3696//3696 3552//3552 
f 3696//3696 3695//3695 3551//3551 
f 3695//3695 3694//3694 3550//3550 
f 3694//3694 3693//3693 3549//3549 
f 3693//3693 3692//3692 3548//3548 
f 3692//3692 3691//3691 3547//3547 
f 3691//3691 3690//3690 3546//3546 
f 3690//3690 3689//3689 3545//3545 
f 3689//3689 3688//3688 3544//3544 
f 3688//3688 3687//3687 3543//3543 
f 3687//3687 3686//3686 3542//3542 
f 3686//3686 3685//3685 3541//3541 
f 3685//3685 3684//3684 3540//3540 
f 3684//3684 3683//3683 3539//3539 
f 3683//3683 3682//3682 3538//3538 
f 3682//3682 3681//3681 3537//3537 
f 3681//3681 3680//3680 3536//3536 
f 3680//3680 3679//3679 3535//3535 
f 3679//3679 3678//3678 3534//3534 
f 3678//3678 3677//3677 3533//3533 
f 3677//3677 3676//3676 3532//3532 
f 3676//3676 3675//3675 3531//3531 
f 3675//3675 3674//3674 3530//3530 
f 3674//3674 3673//3673 3529//3529 
f 3673//3673 3672//3672 3528//3528 
f 3672//3672 3671//3671 3527//3527 
f 3671//3671 3670//3670 3526//3526 
f 3670//3670 3669//3669 3525//3525 
f 3669//3669 3668//3668 3524//3524 
f 3668//3668 3667//3667 3523//3523 
f 3667//3667 3666//3666 3522//3522 
f 3666//3666 3665//3665 3521//3521 
f 3665//3665 3664//3664 3520//3520 
f 3664//3664 3663//3663 3519//3519 
f 3663//3663 3662//3662 3518//3518 
f 3662//3662 3661//3661 3517//3517 
f 3661//3661 3660//3660 3516//3516 
f 3660//3660 3659//3659 3515//3515 
f 3659//3659 3658//3658 3514//3514 
f 3658//3658 3657//3657 3513//3513 
f 3657//3657 3656//3656 3512//3512 
f 3656//3656 3655//3655 3511//3511 
f 3655//3655 3654//3654 3510//3510 
f 3654//3654 3653//3653 3509//3509 
f 3653//3653 3652//3652 3508//3508 
f 3652//3652 3651//3651 3507//3507 
f 3651//3651 3650//3650 3506//3506 
f 3650//3650 3649//3649 3505//3505 
f 3649//3649 3648//3648 3504//3504 
f 3648//3648 3647//3647 3503//3503 
f 3647//3647 3646//3646 3502//3502 
f 3646//3646 3645//3645 3501//3501 
f 3645//3645 3644//3644 3500//3500 
f 3644//3644 3643//3643 3499//3499 
f 3643//3643 3642//3642 3498//3498 
f 3642//3642 3641//3641 3497//3497 
f 3641//3641 3640//3640 3496//3496 
f 3640//3640 3639//3639 3495//3495 
f 3639//3639 3638//3638 3494//3494 
f 3638//3638 3637//3637 3493//3493 
f 3637//3637 3636//3636 3492//3492 
f 3636//3636 3635//3635 3491//3491 
f 3635//3635 3634//3634 3490//3490 
f 3634//3634 3633//3633 3489//3489 
f 3633//3633 3632//3632 3488//3488 
f 3632//3632 3631//3631 3487//3487 
f 3631//3631 3630//3630 3486//3486 
f 3630//3630 3629//3629 3485//3485 
f 3629//3629 3628//3628 3484//3484 
f 3628//3628 3627//3627 3483//3483 
f 3627//3627 3626//3626 3482//3482 
f 3626//3626 3625//3625 3481//3481 
f 3625//3625 3624//3624 3480//3480 
f 3624//3624 3623//3623 3479//3479 
f 3623//3623 3622//3622 3478//3478 
f 3622//3622 3621//3621 3477//3477 
f 3621//3621 3620//3620 3476//3476 
f 3620//3620 3619//3619 3475//3475 
f 3619//3619 3618//3618 3474//3474 
f 3618//3618 3617//3617 3473//3473 
f 3617//3617 3616//3616 3472//3472 
f 3616//3616 3615//3615 3471//3471 
f 3615//3615 3614//3614 3470//3470 
f 3614//3614 3613//3613 3469//3469 
f 3613//3613 3612//3612 3468//3468 
f 3612//3612 3611//3611 3467//3467 
f 3611//3611 3610//3610 3466//3466 
f 3610//3610 3609//3609 3465//3465 
f 3609//3609 3608//3608 3464//3464 
f 3608//3608 3607//3607 3463//3463 
f 3607//3607 3606//3606 3462//3462 
f 3606//3606 3605//3605 3461//3461 
f 3605//3605 3604//3604 3460//3460 
f 3604//3604 3603//3603 3459//3459 
f 3603//3603 3602//3602 3458//3458 
f 3602//3602 3601//3601 3457//3457 
f 3601//3601 3744//3744 3600//3600 
f 3600//3600 3599//3599 3455//3455 
f 3599//3599 3598//3598 3454//3454 
f 3598//3598 3597//3597 3453//3453 
f 3597//3597 3596//3596 3452//3452 
f 3596//3596 3595//3595 3451//3451 
f 3595//3595 3594//3594 3450//3450 
f 3594//3594 3593//3593 3449//3449 
f 3593//3593 3592//3592 3448//3448 
f 3592//3592 3591//3591 3447//3447 
f 3591//3591 3590//3590 3446//3446 
f 3590//3590 3589//3589 3445//3445 
f 3589//3589 3588//3588 3444//3444 
f 3588//3588 3587//3587 3443//3443 
f 3587//3587 3586//3586 3442//3442 
f 3586//3586 3585//3585 3441//3441 
f 3585//3585 3584//3584 3440//3440 
f 3584//3584 3583//3583 3439//3439 
f 3583//3583 3582//3582 3438//3438 
f 3582//3582 3581//3581 3437//3437 
f 3581//3581 3580//3580 3436//3436 
f 3580//3580 3579//3579 3435//3435 
f 3579//3579 3578//3578 3434//3434 
f 3578//3578 3577//3577 3433//3433 
f 3577//3577 3576//3576 3432//3432 
f 3576//3576 3575//3575 3431//3431 
f 3575//3575 3574//3574 3430//3430 
f 3574//3574 3573//3573 3429//3429 
f 3573//3573 3572//3572 3428//3428 
f 3572//3572 3571//3571 3427//3427 
f 3571//3571 3570//3570 3426//3426 
f 3570//3570 3569//3569 3425//3425 
f 3569//3569 3568//3568 3424//3424 
f 3568//3568 3567//3567 3423//3423 
f 3567//3567 3566//3566 3422//3422 
f 3566//3566 3565//3565 3421//3421 
f 3565//3565 3564//3564 3420//3420 
f 3564//3564 3563//3563 3419//3419 
f 3563//3563 3562//3562 3418//3418 
f 3562//3562 3561//3561 3417//3417 
f 3561//3561 3560//3560 3416//3416 
f 3560//3560 3559//3559 3415//3415 
f 3559//3559 3558//3558 3414//3414 
f 3558//3558 3557//3557 3413//3413 
f 3557//3557 3556//3556 3412//3412 
f 3556//3556 3555//3555 3411//3411 
f 3555//3555 3554//3554 3410//3410 
f 3554//3554 3553//3553 3409//3409 
f 3553//3553 3552//3552 3408//3408 
f 3552//3552 3551//3551 3407//3407 
f 3551//3551 3550//3550 3406//3406 
f 3550//3550 3549//3549 3405//3405 
f 3549//3549 3548//3548 3404//3404 
f 3548//3548 3547//3547 3403//3403 
f 3547//3547 3546//3546 3402//3402 
f 3546//3546 3545//3545 3401//3401 
f 3545//3545 3544//3544 3400//3400 
f 3544//3544 3543//3543 3399//3399 
f 3543//3543 3542//3542 3398//3398 
f 3542//3542 3541//3541 3397//3397 
f 3541//3541 3540//3540 3396//3396 
f 3540//3540 3539//3539 3395//3395 
f 3539//3539 3538//3538 3394//3394 
f 3538//3538 3537//3537 3393//3393 
f 3537//3537 3536//3536 3392//3392 
f 3536//3536 3535//3535 3391//3391 
f 3535//3535 3534//3534 3390//3390 
f 3534//3534 3533//3533 3389//3389 
f 3533//3533 3532//3532 3388//3388 
f 3532//3532 3531//3531 3387//3387 
f 3531//3531 3530//3530 3386//3386 
f 3530//3530 3529//3529 3385//3385 
f 3529//3529 3528//3528 3384//3384 
f 3528//3528 3527//3527 3383//3383 
f 3527//3527 3526//3526 3382//3382 
f 3526//3526 3525//3525 3381//3381 
f 3525//3525 3524//3524 3380//3380 
f 3524//3524 3523//3523 3379//3379 
f 3523//3523 3522//3522 3378//3378 
f 3522//3522 3521//3521 3377//3377 
f 3521//3521 3520//3520 3376//3376 
f 3520//3520 3519//3519 3375//3375 
f 3519//3519 3518//3518 3374//3374 
f 3518//3518 3517//3517 3373//3373 
f 3517//3517 3516//3516 3372//3372 
f 3516//3516 3515//3515 3371//3371 
f 3515//3515 3514//3514 3370//3370 
f 3514//3514 3513//3513 3369//3369 
f 3513//3513 3512//3512 3368//3368 
f 3512//3512 3511//3511 3367//3367 
f 3511//3511 3510//3510 3366//3366 
f 3510//3510 3509//3509 3365//3365 
f 3509//3509 3508//3508 3364//3364 
f 3508//3508 3507//3507 3363//3363 
f 3507//3507 3506//3506 3362//3362 
f 3506//3506 3505//3505 3361//3361 
f 3505//3505 3504//3504 3360//3360 
f 3504//3504 3503//3503 3359//3359 
f 3503//3503 3502//3502 3358//3358 
f 3502//3502 3501//3501 3357//3357 
f 3501//3501 3500//3500 3356//3356 
f 3500//3500 3499//3499 3355//3355 
f 3499//3499 3498//3498 3354//3354 
f 3498//3498 3497//3497 3353//3353 
f 3497//3497 3496//3496 3352//3352 
f 3496//3496 3495//3495 3351//3351 
f 3495//3495 3494//3494 3350//3350 
f 3494//3494 3493//3493 3349//3349 
f 3493//3493 3492//3492 3348//3348 
f 3492//3492 3491//3491 3347//3347 
f 3491//3491 3490//3490 3346//3346 
f 3490//3490 3489//3489 3345//3345 
f 3489//3489 3488//3488 3344//3344 
f 3488//3488 3487//3487 3343//3343 
f 3487//3487 3486//3486 3342//3342 
f 3486//3486 3485//3485 3341//3341 
f 3485//3485 3484//3484 3340//3340 
f 3484//3484 3483//3483 3339//3339 
f 3483//3483 3482//3482 3338//3338 
f 3482//3482 3481//3481 3337//3337 
f 3481//3481 3480//3480 3336//3336 
f 3480//3480 3479//3479 3335//3335 
f 3479//3479 3478//3478 3334//3334 
f 3478//3478 3477//3477 3333//3333 
f 3477//3477 3476//3476 3332//3332 
f 3476//3476 3475//3475 3331//3331 
f 3475//3475 3474//3474 3330//3330 
f 3474//3474 3473//3473 3329//3329 
f 3473//3473 3472//3472 3328//3328 
f 3472//3472 3471//3471 3327//3327 
f 3471//3471 3470//3470 3326//3326 
f 3470//3470 3469//3469 3325//3325 
f 3469//3469 3468//3468 3324//3324 
f 3468//3468 3467//3467 3323//3323 
f 3467//3467 3466//3466 3322//3322 
f 3466//3466 3465//3465 3321//3321 
f 3465//3465 3464//3464 3320//3320 
f 3464//3464 3463//3463 3319//3319 
f 3463//3463 3462//3462 3318//3318 
f 3462//3462 3461//3461 3317//3317 
f 3461//3461 3460//3460 3316//3316 
f 3460//3460 3459//3459 3315//3315 
f 3459//3459 3458//3458 3314//3314 
f 3458//3458 3457//3457 3313//3313 
f 3457//3457 3600//3600 3456//3456 
f 3456//3456 3455//3455 3311//3311 
f 3455//3455 3454//3454 3310//3310 
f 3454//3454 3453//3453 3309//3309 
f 3453//3453 3452//3452 3308//3308 
f 3452//3452 3451//3451 3307//3307 
f 3451//3451 3450//3450 3306//3306 
f 3450//3450 3449//3449 3305//3305 
f 3449//3449 3448//3448 3304//3304 
f 3448//3448 3447//3447 3303//3303 
f 3447//3447 3446//3446 3302//3302 
f 3446//3446 3445//3445 3301//3301 
f 3445//3445 3444//3444 3300//3300 
f 3444//3444 3443//3443 3299//3299 
f 3443//3443 3442//3442 3298//3298 
f 3442//3442 3441//3441 3297//3297 
f 3441//3441 3440//3440 3296//3296 
f 3440//3440 3439//3439 3295//3295 
f 3439//3439 3438//3438 3294//3294 
f 3438//3438 3437//3437 3293//3293 
f 3437//3437 3436//3436 3292//3292 
f 3436//3436 3435//3435 3291//3291 
f 3435//3435 3434//3434 3290//3290 
f 3434//3434 3433//3433 3289//3289 
f 3433//3433 3432//3432 3288//3288 
f 3432//3432 3431//3431 3287//3287 
f 3431//3431 3430//3430 3286//3286 
f 3430//3430 3429//3429 3285//3285 
f 3429//3429 3428//3428 3284//3284 
f 3428//3428 3427//3427 3283//3283 
f 3427//3427 3426//3426 3282//3282 
f 3426//3426 3425//3425 3281//3281 
f 3425//3425 3424//3424 3280//3280 
f 3424//3424 3423//3423 3279//3279 
f 3423//3423 3422//3422 3278//3278 
f 3422//3422 3421//3421 3277//3277 
f 3421//3421 3420//3420 3276//3276 
f 3420//3420 3419//3419 3275//3275 
f 3419//3419 3418//3418 3274//3274 
f 3418//3418 3417//3417 3273//3273 
f 3417//3417 3416//3416 3272//3272 
f 3416//3416 3415//3415 3271//3271 
f 3415//3415 3414//3414 3270//3270 
f 3414//3414 3413//3413 3269//3269 
f 3413//3413 3412//3412 3268//3268 
f 3412//3412 3411//3411 3267//3267 
f 3411//3411 3410//3410 3266//3266 
f 3410//3410 3409//3409 3265//3265 
f 3409//3409 3408//3408 3264//3264 
f 3408//3408 3407//3407 3263//3263 
f 3407//3407 3406//3406 3262//3262 
f 3406//3406 3405//3405 3261//3261 
f 3405//3405 3404//3404 3260//3260 
f 3404//3404 3403//3403 3259//3259 
f 3403//3403 3402//3402 3258//3258 
f 3402//3402 3401//3401 3257//3257 
f 3401//3401 3400//3400 3256//3256 
f 3400//3400 3399//3399 3255//3255 
f 3399//3399 3398//3398 3254//3254 
f 3398//3398 3397//3397 3253//3253 
f 3397//3397 3396//3396 3252//3252 
f 3396//3396 3395//3395 3251//3251 
f 3395//3395 3394//3394 3250//3250 
f 3394//3394 3393//3393 3249//3249 
f 3393//3393 3392//3392 3248//3248 
f 3392//3392 3391//3391 3247//3247 
f 3391//3391 3390//3390 3246//3246 
f 3390//3390 3389//3389 3245//3245 
f 3389//3389 3388//3388 3244//3244 
f 3388//3388 3387//3387 3243//3243 
f 3387//3387 3386//3386 3242//3242 
f 3386//3386 3385//3385 3241//3241 
f 3385//3385 3384//3384 3240//3240 
f 3384//3384 3383//3383 3239//3239 
f 3383//3383 3382//3382 3238//3238 
f 3382//3382 3381//3381 3237//3237 
f 3381//3381 3380//3380 3236//3236 
f 3380//3380 3379//3379 3235//3235 
f 3379//3379 3378//3378 3234//3234 
f 3378//3378 3377//3377 3233//3233 
f 3377//3377 3376//3376 3232//3232 
f 3376//3376 3375//3375 3231//3231 
f 3375//3375 3374//3374 3230//3230 
f 3374//3374 3373//3373 3229//3229 
f 3373//3373 3372//3372 3228//3228 
f 3372//3372 3371//3371 3227//3227 
f 3371//3371 3370//3370 3226//3226 
f 3370//3370 3369//3369 3225//3225 
f 3369//3369 3368//3368 3224//3224 
f 3368//3368 3367//3367 3223//3223 
f 3367//3367 3366//3366 3222//3222 
f 3366//3366 3365//3365 3221//3221 
f 3365//3365 3364//3364 3220//3220 
f 3364//3364 3363//3363 3219//3219 
f 3363//3363 3362//3362 3218//3218 
f 3362//3362 3361//3361 3217//3217 
f 3361//3361 3360//3360 3216//3216 
f 3360//3360 3359//3359 3215//3215 
f 3359//3359 3358//3358 3214//3214 
f 3358//3358 3357//3357 3213//3213 
f 3357//3357 3356//3356 3212//3212 
f 3356//3356 3355//3355 3211//3211 
f 3355//3355 3354//3354 3210//3210 
f 3354//3354 3353//3353 3209//3209 
f 3353//3353 3352//3352 3208//3208 
f 3352//3352 3351//3351 3207//3207 
f 3351//3351 3350//3350 3206//3206 
f 3350//3350 3349//3349 3205//3205 
f 3349//3349 3348//3348 3204//3204 
f 3348//3348 3347//3347 3203//3203 
f 3347//3347 3346//3346 3202//3202 
f 3346//3346 3345//3345 3201//3201 
f 3345//3345 3344//3344 3200//3200 
f 3344//3344 3343//3343 3199//3199 
f 3343//3343 3342//3342 3198//3198 
f 3342//3342 3341//3341 3197//3197 
f 3341//3341 3340//3340 3196//3196 
f 3340//3340 3339//3339 3195//3195 
f 3339//3339 3338//3338 3194//3194 
f 3338//3338 3337//3337 3193//3193 
f 3337//3337 3336//3336 3192//3192 
f 3336//3336 3335//3335 3191//3191 
f 3335//3335 3334//3334 3190//3190 
f 3334//3334 3333//3333 3189//3189 
f 3333//3333 3332//3332 3188//3188 
f 3332//3332 3331//3331 3187//3187 
f 3331//3331 3330//3330 3186//3186 
f 3330//3330 3329//3329 3185//3185 
f 3329//3329 3328//3328 3184//3184 
f 3328//3328 3327//3327 3183//3183 
f 3327//3327 3326//3326 3182//3182 
f 3326//3326 3325//3325 3181//3181 
f 3325//3325 3324//3324 3180//3180 
f 3324//3324 3323//3323 3179//3179 
f 3323//3323 3322//3322 3178//3178 
f 3322//3322 3321//3321 3177//3177 
f 3321//3321 3320//3320 3176//3176 
f 3320//3320 3319//3319 3175//3175 
f 3319//3319 3318//3318 3174//3174 
f 3318//3318 3317//3317 3173//3173 
f 3317//3317 3316//3316 3172//3172 
f 3316//3316 3315//3315 3171//3171 
f 3315//3315 3314//3314 3170//3170 
f 3314//3314 3313//3313 3169//3169 
f 3313//3313 3456//3456 3312//3312 
f 3312//3312 3311//3311 3167//3167 
f 3311//3311 3310//3310 3166//3166 
f 3310//3310 3309//3309 3165//3165 
f 3309//3309 3308//3308 3164//3164 
f 3308//3308 3307//3307 3163//3163 
f 3307//3307 3306//3306 3162//3162 
f 3306//3306 3305//3305 3161//3161 
f 3305//3305 3304//3304 3160//3160 
f 3304//3304 3303//3303 3159//3159 
f 3303//3303 3302//3302 3158//3158 
f 3302//3302 3301//3301 3157//3157 
f 3301//3301 3300//3300 3156//3156 
f 3300//3300 3299//3299 3155//3155 
f 3299//3299 3298//3298 3154//3154 
f 3298//3298 3297//3297 3153//3153 
f 3297//3297 3296//3296 3152//3152 
f 3296//3296 3295//3295 3151//3151 
f 3295//3295 3294//3294 3150//3150 
f 3294//3294 3293//3293 3149//3149 
f 3293//3293 3292//3292 3148//3148 
f 3292//3292 3291//3291 3147//3147 
f 3291//3291 3290//3290 3146//3146 
f 3290//3290 3289//3289 3145//3145 
f 3289//3289 3288//3288 3144//3144 
f 3288//3288 3287//3287 3143//3143 
f 3287//3287 3286//3286 3142//3142 
f 3286//3286 3285//3285 3141//3141 
f 3285//3285 3284//3284 3140//3140 
f 3284//3284 3283//3283 3139//3139 
f 3283//3283 3282//3282 3138//3138 
f 3282//3282 3281//3281 3137//3137 
f 3281//3281 3280//3280 3136//3136 
f 3280//3280 3279//3279 3135//3135 
f 3279//3279 3278//3278 3134//3134 
f 3278//3278 3277//3277 3133//3133 
f 3277//3277 3276//3276 3132//3132 
f 3276//3276 3275//3275 3131//3131 
f 3275//3275 3274//3274 3130//3130 
f 3274//3274 3273//3273 3129//3129 
f 3273//3273 3272//3272 3128//3128 
f 3272//3272 3271//3271 3127//3127 
f 3271//3271 3270//3270 3126//3126 
f 3270//3270 3269//3269 3125//3125 
f 3269//3269 3268//3268 3124//3124 
f 3268//3268 3267//3267 3123//3123 
f 3267//3267 3266//3266 3122//3122 
f 3266//3266 3265//3265 3121//3121 
f 3265//3265 3264//3264 3120//3120 
f 3264//3264 3263//3263 3119//3119 
f 3263//3263 3262//3262 3118//3118 
f 3262//3262 3261//3261 3117//3117 
f 3261//3261 3260//3260 3116//3116 
f 3260//3260 3259//3259 3115//3115 
f 3259//3259 3258//3258 3114//3114 
f 3258//3258 3257//3257 3113//3113 
f 3257//3257 3256//3256 3112//3112 
f 3256//3256 3255//3255 3111//3111 
f 3255//3255 3254//3254 3110//3110 
f 3254//3254 3253//3253 3109//3109 
f 3253//3253 3252//3252 3108//3108 
f 3252//3252 3251//3251 3107//3107 
f 3251//3251 3250//3250 3106//3106 
f 3250//3250 3249//3249 3105//3105 
f 3249//3249 3248//3248 3104//3104 
f 3248//3248 3247//3247 3103//3103 
f 3247//3247 3246//3246 3102//3102 
f 3246//3246 3245//3245 3101//3101 
f 3245//3245 3244//3244 3100//3100 
f 3244//3244 3243//3243 3099//3099 
f 3243//3243 3242//3242 3098//3098 
f 3242//3242 3241//3241 3097//3097 
f 3241//3241 3240//3240 3096//3096 
f 3240//3240 3239//3239 3095//3095 
f 3239//3239 3238//3238 3094//3094 
f 3238//3238 3237//3237 3093//3093 
f 3237//3237 3236//3236 3092//3092 
f 3236//3236 3235//3235 3091//3091 
f 3235//3235 3234//3234 3090//3090 
f 3234//3234 3233//3233 3089//3089 
f 3233//3233 3232//3232 3088//3088 
f 3232//3232 3231//3231 3087//3087 
f 3231//3231 3230//3230 3086//3086 
f 3230//3230 3229//3229 3085//3085 
f 3229//3229 3228//3228 3084//3084 
f 3228//3228 3227//3227 3083//3083 
f 3227//3227 3226//3226 3082//3082 
f 3226//3226 3225//3225 3081//3081 
f 3225//3225 3224//3224 3080//3080 
f 3224//3224 3223//3223 3079//3079 
f 3223//3223 3222//3222 3078//3078 
f 3222//3222 3221//3221 3077//3077 
f 3221//3221 3220//3220 3076//3076 
f 3220//3220 3219//3219 3075//3075 
f 3219//3219 3218//3218 3074//3074 
f 3218//3218 3217//3217 3073//3073 
f 3217//3217 3216//3216 3072//3072 
f 3216//3216 3215//3215 3071//3071 
f 3215//3215 3214//3214 3070//3070 
f 3214//3214 3213//3213 3069//3069 
f 3213//3213 3212//3212 3068//3068 
f 3212//3212 3211//3211 3067//3067 
f 3211//3211 3210//3210 3066//3066 
f 3210//3210 3209//3209 3065//3065 
f 3209//3209 3208//3208 3064//3064 
f 3208//3208 3207//3207 3063//3063 
f 3207//3207 3206//3206 3062//3062 
f 3206//3206 3205//3205 3061//3061 
f 3205//3205 3204//3204 3060//3060 
f 3204//3204 3203//3203 3059//3059 
f 3203//3203 3202//3202 3058//3058 
f 3202//3202 3201//3201 3057//3057 
f 3201//3201 3200//3200 3056//3056 
f 3200//3200 3199//3199 3055//3055 
f 3199//3199 3198//3198 3054//3054 
f 3198//3198 3197//3197 3053//3053 
f 3197//3197 3196//3196 3052//3052 
f 3196//3196 3195//3195 3051//3051 
f 3195//3195 3194//3194 3050//3050 
f 3194//3194 3193//3193 3049//3049 
f 3193//3193 3192//3192 3048//3048 
f 3192//3192 3191//3191 3047//3047 
f 3191//3191 3190//3190 3046//3046 
f 3190//3190 3189//3189 3045//3045 
f 3189//3189 3188//3188 3044//3044 
f 3188//3188 3187//3187 3043//3043 
f 3187//3187 3186//3186 3042//3042 
f 3186//3186 3185//3185 3041//3041 
f 3185//3185 3184//3184 3040//3040 
f 3184//3184 3183//3183 3039//3039 
f 3183//3183 3182//3182 3038//3038 
f 3182//3182 3181//3181 3037//3037 
f 3181//3181 3180//3180 3036//3036 
f 3180//3180 3179//3179 3035//3035 
f 3179//3179 3178//3178 3034//3034 
f 3178//3178 3177//3177 3033//3033 
f 3177//3177 3176//3176 3032//3032 
f 3176//3176 3175//3175 3031//3031 
f 3175//3175 3174//3174 3030//3030 
f 3174//3174 3173//3173 3029//3029 
f 3173//3173 3172//3172 3028//3028 
f 3172//3172 3171//3171 3027//3027 
f 3171//3171 3170//3170 3026//3026 
f 3170//3170 3169//3169 3025//3025 
f 3169//3169 3312//3312 3168//3168 
f 3168//3168 3167//3167 3023//3023 
f 3167//3167 3166//3166 3022//3022 
f 3166//3166 3165//3165 3021//3021 
f 3165//3165 3164//3164 3020//3020 
f 3164//3164 3163//3163 3019//3019 
f 3163//3163 3162//3162 3018//3018 
f 3162//3162 3161//3161 3017//3017 
f 3161//3161 3160//3160 3016//3016 
f 3160//3160 3159//3159 3015//3015 
f 3159//3159 3158//3158 3014//3014 
f 3158//3158 3157//3157 3013//3013 
f 3157//3157 3156//3156 3012//3012 
f 3156//3156 3155//3155 3011//3011 
f 3155//3155 3154//3154 3010//3010 
f 3154//3154 3153//3153 3009//3009 
f 3153//3153 3152//3152 3008//3008 
f 3152//3152 3151//3151 3007//3007 
f 3151//3151 3150//3150 3006//3006 
f 3150//3150 3149//3149 3005//3005 
f 3149//3149 3148//3148 3004//3004 
f 3148//3148 3147//3147 3003//3003 
f 3147//3147 3146//3146 3002//3002 
f 3146//3146 3145//3145 3001//3001 
f 3145//3145 3144//3144 3000//3000 
f 3144//3144 3143//3143 2999//2999 
f 3143//3143 3142//3142 2998//2998 
f 3142//3142 3141//3141 2997//2997 
f 3141//3141 3140//3140 2996//2996 
f 3140//3140 3139//3139 2995//2995 
f 3139//3139 3138//3138 2994//2994 
f 3138//3138 3137//3137 2993//2993 
f 3137//3137 3136//3136 2992//2992 
f 3136//3136 3135//3135 2991//2991 
f 3135//3135 3134//3134 2990//2990 
f 3134//3134 3133//3133 2989//2989 
f 3133//3133 3132//3132 2988//2988 
f 3132//3132 3131//3131 2987//2987 
f 3131//3131 3130//3130 2986//2986 
f 3130//3130 3129//3129 2985//2985 
f 3129//3129 3128//3128 2984//2984 
f 3128//3128 3127//3127 2983//2983 
f 3127//3127 3126//3126 2982//2982 
f 3126//3126 3125//3125 2981//2981 
f 3125//3125 3124//3124 2980//2980 
f 3124//3124 3123//3123 2979//2979 
f 3123//3123 3122//3122 2978//2978 
f 3122//3122 3121//3121 2977//2977 
f 3121//3121 3120//3120 2976//2976 
f 3120//3120 3119//3119 2975//2975 
f 3119//3119 3118//3118 2974//2974 
f 3118//3118 3117//3117 2973//2973 
f 3117//3117 3116//3116 2972//2972 
f 3116//3116 3115//3115 2971//2971 
f 3115//3115 3114//3114 2970//2970 
f 3114//3114 3113//3113 2969//2969 
f 3113//3113 3112//3112 2968//2968 
f 3112//3112 3111//3111 2967//2967 
f 3111//3111 3110//3110 2966//2966 
f 3110//3110 3109//3109 2965//2965 
f 3109//3109 3108//3108 2964//2964 
f 3108//3108 3107//3107 2963//2963 
f 3107//3107 3106//3106 2962//2962 
f 3106//3106 3105//3105 2961//2961 
f 3105//3105 3104//3104 2960//2960 
f 3104//3104 3103//3103 2959//2959 
f 3103//3103 3102//3102 2958//2958 
f 3102//3102 3101//3101 2957//2957 
f 3101//3101 3100//3100 2956//2956 
f 3100//3100 3099//3099 2955//2955 
f 3099//3099 3098//3098 2954//2954 
f 3098//3098 3097//3097 2953//2953 
f 3097//3097 3096//3096 2952//2952 
f 3096//3096 3095//3095 2951//2951 
f 3095//3095 3094//3094 2950//2950 
f 3094//3094 3093//3093 2949//2949 
f 3093//3093 3092//3092 2948//2948 
f 3092//3092 3091//3091 2947//2947 
f 3091//3091 3090//3090 2946//2946 
f 3090//3090 3089//3089 2945//2945 
f 3089//3089 3088//3088 2944//2944 
f 3088//3088 3087//3087 2943//2943 
f 3087//3087 3086//3086 2942//2942 
f 3086//3086 3085//3085 2941//2941 
f 3085//3085 3084//3084 2940//2940 
f 3084//3084 3083//3083 2939//2939 
f 3083//3083 3082//3082 2938//2938 
f 3082//3082 3081//3081 2937//2937 
f 3081//3081 3080//3080 2936//2936 
f 3080//3080 3079//3079 2935//2935 
f 3079//3079 3078//3078 2934//2934 
f 3078//3078 3077//3077 2933//2933 
f 3077//3077 3076//3076 2932//2932 
f 3076//3076 3075//3075 2931//2931 
f 3075//3075 3074//3074 2930//2930 
f 3074//3074 3073//3073 2929//2929 
f 3073//3073 3072//3072 2928//2928 
f 3072//3072 3071//3071 2927//2927 
f 3071//3071 3070//3070 2926//2926 
f 3070//3070 3069//3069 2925//2925 
f 3069//3069 3068//3068 2924//2924 
f 3068//3068 3067//3067 2923//2923 
f 3067//3067 3066//3066 2922//2922 
f 3066//3066 3065//3065 2921//2921 
f 3065//3065 3064//3064 2920//2920 
f 3064//3064 3063//3063 2919//2919 
f 3063//3063 3062//3062 2918//2918 
f 3062//3062 3061//3061 2917//2917 
f 3061//3061 3060//3060 2916//2916 
f 3060//3060 3059//3059 2915//2915 
f 3059//3059 3058//3058 2914//2914 
f 3058//3058 3057//3057 2913//2913 
f 3057//3057 3056//3056 2912//2912 
f 3056//3056 3055//3055 2911//2911 
f 3055//3055 3054//3054 2910//2910 
f 3054//3054 3053//3053 2909//2909 
f 3053//3053 3052//3052 2908//2908 
f 3052//3052 3051//3051 2907//2907 
f 3051//3051 3050//3050 2906//2906 
f 3050//3050 3049//3049 2905//2905 
f 3049//3049 3048//3048 2904//2904 
f 3048//3048 3047//3047 2903//2903 
f 3047//3047 3046//3046 2902//2902 
f 3046//3046 3045//3045 2901//2901 
f 3045//3045 3044//3044 2900//2900 
f 3044//3044 3043//3043 2899//2899 
f 3043//3043 3042//3042 2898//2898 
f 3042//3042 3041//3041 2897//2897 
f 3041//3041 3040//3040 2896//2896 
f 3040//3040 3039//3039 2895//2895 
f 3039//3039 3038//3038 2894//2894 
f 3038//3038 3037//3037 2893//2893 
f 3037//3037 3036//3036 2892//2892 
f 3036//3036 3035//3035 2891//2891 
f 3035//3035 3034//3034 2890//2890 
f 3034//3034 3033//3033 2889//2889 
f 3033//3033 3032//3032 2888//2888 
f 3032//3032 3031//3031 2887//2887 
f 3031//3031 3030//3030 2886//2886 
f 3030//3030 3029//3029 2885//2885 
f 3029//3029 3028//3028 2884//2884 
f 3028//3028 3027//3027 2883//2883 
f 3027//3027 3026//3026 2882//2882 
f 3026//3026 3025//3025 2881//2881 
f 3025//3025 3168//3168 3024//3024 
f 3024//3024 3023//3023 2879//2879 
f 3023//3023 3022//3022 2878//2878 
f 3022//3022 3021//3021 2877//2877 
f 3021//3021 3020//3020 2876//2876 
f 3020//3020 3019//3019 2875//2875 
f 3019//3019 3018//3018 2874//2874 
f 3018//3018 3017//3017 2873//2873 
f 3017//3017 3016//3016 2872//2872 
f 3016//3016 3015//3015 2871//2871 
f 3015//3015 3014//3014 2870//2870 
f 3014//3014 3013//3013 2869//2869 
f 3013//3013 3012//3012 2868//2868 
f 3012//3012 3011//3011 2867//2867 
f 3011//3011 3010//3010 2866//2866 
f 3010//3010 3009//3009 2865//2865 
f 3009//3009 3008//3008 2864//2864 
f 3008//3008 3007//3007 2863//2863 
f 3007//3007 3006//3006 2862//2862 
f 3006//3006 3005//3005 2861//2861 
f 3005//3005 3004//3004 2860//2860 
f 3004//3004 3003//3003 2859//2859 
f 3003//3003 3002//3002 2858//2858 
f 3002//3002 3001//3001 2857//2857 
f 3001//3001 3000//3000 2856//2856 
f 3000//3000 2999//2999 2855//2855 
f 2999//2999 2998//2998 2854//2854 
f 2998//2998 2997//2997 2853//2853 
f 2997//2997 2996//2996 2852//2852 
f 2996//2996 2995//2995 2851//2851 
f 2995//2995 2994//2994 2850//2850 
f 2994//2994 2993//2993 2849//2849 
f 2993//2993 2992//2992 2848//2848 
f 2992//2992 2991//2991 2847//2847 
f 2991//2991 2990//2990 2846//2846 
f 2990//2990 2989//2989 2845//2845 
f 2989//2989 2988//2988 2844//2844 
f 2988//2988 2987//2987 2843//2843 
f 2987//2987 2986//2986 2842//2842 
f 2986//2986 2985//2985 2841//2841 
f 2985//2985 2984//2984 2840//2840 
f 2984//2984 2983//2983 2839//2839 
f 2983//2983 2982//2982 2838//2838 
f 2982//2982 2981//2981 2837//2837 
f 2981//2981 2980//2980 2836//2836 
f 2980//2980 2979//2979 2835//2835 
f 2979//2979 2978//2978 2834//2834 
f 2978//2978 2977//2977 2833//2833 
f 2977//2977 2976//2976 2832//2832 
f 2976//2976 2975//2975 2831//2831 
f 2975//2975 2974//2974 2830//2830 
f 2974//2974 2973//2973 2829//2829 
f 2973//2973 2972//2972 2828//2828 
f 2972//2972 2971//2971 2827//2827 
f 2971//2971 2970//2970 2826//2826 
f 2970//2970 2969//2969 2825//2825 
f 2969//2969 2968//2968 2824//2824 
f 2968//2968 2967//2967 2823//2823 
f 2967//2967 2966//2966 2822//2822 
f 2966//2966 2965//2965 2821//2821 
f 2965//2965 2964//2964 2820//2820 
f 2964//2964 2963//2963 2819//2819 
f 2963//2963 2962//2962 2818//2818 
f 2962//2962 2961//2961 2817//2817 
f 2961//2961 2960//2960 2816//2816 
f 2960//2960 2959//2959 2815//2815 
f 2959//2959 2958//2958 2814//2814 
f 2958//2958 2957//2957 2813//2813 
f 2957//2957 2956//2956 2812//2812 
f 2956//2956 2955//2955 2811//2811 
f 2955//2955 2954//2954 2810//2810 
f 2954//2954 2953//2953 2809//2809 
f 2953//2953 2952//2952 2808//2808 
f 2952//2952 2951//2951 2807//2807 
f 2951//2951 2950//2950 2806//2806 
f 2950//2950 2949//2949 2805//2805 
f 2949//2949 2948//2948 2804//2804 
f 2948//2948 2947//2947 2803//2803 
f 2947//2947 2946//2946 2802//2802 
f 2946//2946 2945//2945 2801//2801 
f 2945//2945 2944//2944 2800//2800 
f 2944//2944 2943//2943 2799//2799 
f 2943//2943 2942//2942 2798//2798 
f 2942//2942 2941//2941 2797//2797 
f 2941//2941 2940//2940 2796//2796 
f 2940//2940 2939//2939 2795//2795 
f 2939//2939 2938//2938 2794//2794 
f 2938//2938 2937//2937 2793//2793 
f 2937//2937 2936//2936 2792//2792 
f 2936//2936 2935//2935 2791//2791 
f 2935//2935 2934//2934 2790//2790 
f 2934//2934 2933//2933 2789//2789 
f 2933//2933 2932//2932 2788//2788 
f 2932//2932 2931//2931 2787//2787 
f 2931//2931 2930//2930 2786//2786 
f 2930//2930 2929//2929 2785//2785 
f 2929//2929 2928//2928 2784//2784 
f 2928//2928 2927//2927 2783//2783 
f 2927//2927 2926//2926 2782//2782 
f 2926//2926 2925//2925 2781//2781 
f 2925//2925 2924//2924 2780//2780 
f 2924//2924 2923//2923 2779//2779 
f 2923//2923 2922//2922 2778//2778 
f 2922//2922 2921//2921 2777//2777 
f 2921//2921 2920//2920 2776//2776 
f 2920//2920 2919//2919 2775//2775 
f 2919//2919 2918//2918 2774//2774 
f 2918//2918 2917//2917 2773//2773 
f 2917//2917 2916//2916 2772//2772 
f 2916//2916 2915//2915 2771//2771 
f 2915//2915 2914//2914 2770//2770 
f 2914//2914 2913//2913 2769//2769 
f 2913//2913 2912//2912 2768//2768 
f 2912//2912 2911//2911 2767//2767 
f 2911//2911 2910//2910 2766//2766 
f 2910//2910 2909//2909 2765//2765 
f 2909//2909 2908//2908 2764//2764 
f 2908//2908 2907//2907 2763//2763 
f 2907//2907 2906//2906 2762//2762 
f 2906//2906 2905//2905 2761//2761 
f 2905//2905 2904//2904 2760//2760 
f 2904//2904 2903//2903 2759//2759 
f 2903//2903 2902//2902 2758//2758 
f 2902//2902 2901//2901 2757//2757 
f 2901//2901 2900//2900 2756//2756 
f 2900//2900 2899//2899 2755//2755 
f 2899//2899 2898//2898 2754//2754 
f 2898//2898 2897//2897 2753//2753 
f 2897//2897 2896//2896 2752//2752 
f 2896//2896 2895//2895 2751//2751 
f 2895//2895 2894//2894 2750//2750 
f 2894//2894 2893//2893 2749//2749 
f 2893//2893 2892//2892 2748//2748 
f 2892//2892 2891//2891 2747//2747 
f 2891//2891 2890//2890 2746//2746 
f 2890//2890 2889//2889 2745//2745 
f 2889//2889 2888//2888 2744//2744 
f 2888//2888 2887//2887 2743//2743 
f 2887//2887 2886//2886 2742//2742 
f 2886//2886 2885//2885 2741//2741 
f 2885//2885 2884//2884 2740//2740 
f 2884//2884 2883//2883 2739//2739 
f 2883//2883 2882//2882 2738//2738 
f 2882//2882 2881//2881 2737//2737 
f 2881//2881 3024//3024 2880//2880 
f 2880//2880 2879//2879 2735//2735 
f 2879//2879 2878//2878 2734//2734 
f 2878//2878 2877//2877 2733//2733 
f 2877//2877 2876//2876 2732//2732 
f 2876//2876 2875//2875 2731//2731 
f 2875//2875 2874//2874 2730//2730 
f 2874//2874 2873//2873 2729//2729 
f 2873//2873 2872//2872 2728//2728 
f 2872//2872 2871//2871 2727//2727 
f 2871//2871 2870//2870 2726//2726 
f 2870//2870 2869//2869 2725//2725 
f 2869//2869 2868//2868 2724//2724 
f 2868//2868 2867//2867 2723//2723 
f 2867//2867 2866//2866 2722//2722 
f 2866//2866 2865//2865 2721//2721 
f 2865//2865 2864//2864 2720//2720 
f 2864//2864 2863//2863 2719//2719 
f 2863//2863 2862//2862 2718//2718 
f 2862//2862 2861//2861 2717//2717 
f 2861//2861 2860//2860 2716//2716 
f 2860//2860 2859//2859 2715//2715 
f 2859//2859 2858//2858 2714//2714 
f 2858//2858 2857//2857 2713//2713 
f 2857//2857 2856//2856 2712//2712 
f 2856//2856 2855//2855 2711//2711 
f 2855//2855 2854//2854 2710//2710 
f 2854//2854 2853//2853 2709//2709 
f 2853//2853 2852//2852 2708//2708 
f 2852//2852 2851//2851 2707//2707 
f 2851//2851 2850//2850 2706//2706 
f 2850//2850 2849//2849 2705//2705 
f 2849//2849 2848//2848 2704//2704 
f 2848//2848 2847//2847 2703//2703 
f 2847//2847 2846//2846 2702//2702 
f 2846//2846 2845//2845 2701//2701 
f 2845//2845 2844//2844 2700//2700 
f 2844//2844 2843//2843 2699//2699 
f 2843//2843 2842//2842 2698//2698 
f 2842//2842 2841//2841 2697//2697 
f 2841//2841 2840//2840 2696//2696 
f 2840//2840 2839//2839 2695//2695 
f 2839//2839 2838//2838 2694//2694 
f 2838//2838 2837//2837 2693//2693 
f 2837//2837 2836//2836 2692//2692 
f 2836//2836 2835//2835 2691//2691 
f 2835//2835 2834//2834 2690//2690 
f 2834//2834 2833//2833 2689//2689 
f 2833//2833 2832//2832 2688//2688 
f 2832//2832 2831//2831 2687//2687 
f 2831//2831 2830//2830 2686//2686 
f 2830//2830 2829//2829 2685//2685 
f 2829//2829 2828//2828 2684//2684 
f 2828//2828 2827//2827 2683//2683 
f 2827//2827 2826//2826 2682//2682 
f 2826//2826 2825//2825 2681//2681 
f 2825//2825 2824//2824 2680//2680 
f 2824//2824 2823//2823 2679//2679 
f 2823//2823 2822//2822 2678//2678 
f 2822//2822 2821//2821 2677//2677 
f 2821//2821 2820//2820 2676//2676 
f 2820//2820 2819//2819 2675//2675 
f 2819//2819 2818//2818 2674//2674 
f 2818//2818 2817//2817 2673//2673 
f 2817//2817 2816//2816 2672//2672 
f 2816//2816 2815//2815 2671//2671 
f 2815//2815 2814//2814 2670//2670 
f 2814//2814 2813//2813 2669//2669 
f 2813//2813 2812//2812 2668//2668 
f 2812//2812 2811//2811 2667//2667 
f 2811//2811 2810//2810 2666//2666 
f 2810//2810 2809//2809 2665//2665 
f 2809//2809 2808//2808 2664//2664 
f 2808//2808 2807//2807 2663//2663 
f 2807//2807 2806//2806 2662//2662 
f 2806//2806 2805//2805 2661//2661 
f 2805//2805 2804//2804 2660//2660 
f 2804//2804 2803//2803 2659//2659 
f 2803//2803 2802//2802 2658//2658 
f 2802//2802 2801//2801 2657//2657 
f 2801//2801 2800//2800 2656//2656 
f 2800//2800 2799//2799 2655//2655 
f 2799//2799 2798//2798 2654//2654 
f 2798//2798 2797//2797 2653//2653 
f 2797//2797 2796//2796 2652//2652 
f 2796//2796 2795//2795 2651//2651 
f 2795//2795 2794//2794 2650//2650 
f 2794//2794 2793//2793 2649//2649 
f 2793//2793 2792//2792 2648//2648 
f 2792//2792 2791//2791 2647//2647 
f 2791//2791 2790//2790 2646//2646 
f 2790//2790 2789//2789 2645//2645 
f 2789//2789 2788//2788 2644//2644 
f 2788//2788 2787//2787 2643//2643 
f 2787//2787 2786//2786 2642//2642 
f 2786//2786 2785//2785 2641//2641 
f 2785//2785 2784//2784 2640//2640 
f 2784//2784 2783//2783 2639//2639 
f 2783//2783 2782//2782 2638//2638 
f 2782//2782 2781//2781 2637//2637 
f 2781//2781 2780//2780 2636//2636 
f 2780//2780 2779//2779 2635//2635 
f 2779//2779 2778//2778 2634//2634 
f 2778//2778 2777//2777 2633//2633 
f 2777//2777 2776//2776 2632//2632 
f 2776//2776 2775//2775 2631//2631 
f 2775//2775 2774//2774 2630//2630 
f 2774//2774 2773//2773 2629//2629 
f 2773//2773 2772//2772 2628//2628 
f 2772//2772 2771//2771 2627//2627 
f 2771//2771 2770//2770 2626//2626 
f 2770//2770 2769//2769 2625//2625 
f 2769//2769 2768//2768 2624//2624 
f 2768//2768 2767//2767 2623//2623 
f 2767//2767 2766//2766 2622//2622 
f 2766//2766 2765//2765 2621//2621 
f 2765//2765 2764//2764 2620//2620 
f 2764//2764 2763//2763 2619//2619 
f 2763//2763 2762//2762 2618//2618 
f 2762//2762 2761//2761 2617//2617 
f 2761//2761 2760//2760 2616//2616 
f 2760//2760 2759//2759 2615//2615 
f 2759//2759 2758//2758 2614//2614 
f 2758//2758 2757//2757 2613//2613 
f 2757//2757 2756//2756 2612//2612 
f 2756//2756 2755//2755 2611//2611 
f 2755//2755 2754//2754 2610//2610 
f 2754//2754 2753//2753 2609//2609 
f 2753//2753 2752//2752 2608//2608 
f 2752//2752 2751//2751 2607//2607 
f 2751//2751 2750//2750 2606//2606 
f 2750//2750 2749//2749 2605//2605 
f 2749//2749 2748//2748 2604//2604 
f 2748//2748 2747//2747 2603//2603 
f 2747//2747 2746//2746 2602//2602 
f 2746//2746 2745//2745 2601//2601 
f 2745//2745 2744//2744 2600//2600 
f 2744//2744 2743//2743 2599//2599 
f 2743//2743 2742//2742 2598//2598 
f 2742//2742 2741//2741 2597//2597 
f 2741//2741 2740//2740 2596//2596 
f 2740//2740 2739//2739 2595//2595 
f 2739//2739 2738//2738 2594//2594 
f 2738//2738 2737//2737 2593//2593 
f 2737//2737 2880//2880 2736//2736 
f 2736//2736 2735//2735 2591//2591 
f 2735//2735 2734//2734 2590//2590 
f 2734//2734 2733//2733 2589//2589 
f 2733//2733 2732//2732 2588//2588 
f 2732//2732 2731//2731 2587//2587 
f 2731//2731 2730//2730 2586//2586 
f 2730//2730 2729//2729 2585//2585 
f 2729//2729 2728//2728 2584//2584 
f 2728//2728 2727//2727 2583//2583 
f 2727//2727 2726//2726 2582//2582 
f 2726//2726 2725//2725 2581//2581 
f 2725//2725 2724//2724 2580//2580 
f 2724//2724 2723//2723 2579//2579 
f 2723//2723 2722//2722 2578//2578 
f 2722//2722 2721//2721 2577//2577 
f 2721//2721 2720//2720 2576//2576 
f 2720//2720 2719//2719 2575//2575 
f 2719//2719 2718//2718 2574//2574 
f 2718//2718 2717//2717 2573//2573 
f 2717//2717 2716//2716 2572//2572 
f 2716//2716 2715//2715 2571//2571 
f 2715//2715 2714//2714 2570//2570 
f 2714//2714 2713//2713 2569//2569 
f 2713//2713 2712//2712 2568//2568 
f 2712//2712 2711//2711 2567//2567 
f 2711//2711 2710//2710 2566//2566 
f 2710//2710 2709//2709 2565//2565 
f 2709//2709 2708//2708 2564//2564 
f 2708//2708 2707//2707 2563//2563 
f 2707//2707 2706//2706 2562//2562 
f 2706//2706 2705//2705 2561//2561 
f 2705//2705 2704//2704 2560//2560 
f 2704//2704 2703//2703 2559//2559 
f 2703//2703 2702//2702 2558//2558 
f 2702//2702 2701//2701 2557//2557 
f 2701//2701 2700//2700 2556//2556 
f 2700//2700 2699//2699 2555//2555 
f 2699//2699 2698//2698 2554//2554 
f 2698//2698 2697//2697 2553//2553 
f 2697//2697 2696//2696 2552//2552 
f 2696//2696 2695//2695 2551//2551 
f 2695//2695 2694//2694 2550//2550 
f 2694//2694 2693//2693 2549//2549 
f 2693//2693 2692//2692 2548//2548 
f 2692//2692 2691//2691 2547//2547 
f 2691//2691 2690//2690 2546//2546 
f 2690//2690 2689//2689 2545//2545 
f 2689//2689 2688//2688 2544//2544 
f 2688//2688 2687//2687 2543//2543 
f 2687//2687 2686//2686 2542//2542 
f 2686//2686 2685//2685 2541//2541 
f 2685//2685 2684//2684 2540//2540 
f 2684//2684 2683//2683 2539//2539 
f 2683//2683 2682//2682 2538//2538 
f 2682//2682 2681//2681 2537//2537 
f 2681//2681 2680//2680 2536//2536 
f 2680//2680 2679//2679 2535//2535 
f 2679//2679 2678//2678 2534//2534 
f 2678//2678 2677//2677 2533//2533 
f 2677//2677 2676//2676 2532//2532 
f 2676//2676 2675//2675 2531//2531 
f 2675//2675 2674//2674 2530//2530 
f 2674//2674 2673//2673 2529//2529 
f 2673//2673 2672//2672 2528//2528 
f 2672//2672 2671//2671 2527//2527 
f 2671//2671 2670//2670 2526//2526 
f 2670//2670 2669//2669 2525//2525 
f 2669//2669 2668//2668 2524//2524 
f 2668//2668 2667//2667 2523//2523 
f 2667//2667 2666//2666 2522//2522 
f 2666//2666 2665//2665 2521//2521 
f 2665//2665 2664//2664 2520//2520 
f 2664//2664 2663//2663 2519//2519 
f 2663//2663 2662//2662 2518//2518 
f 2662//2662 2661//2661 2517//2517 
f 2661//2661 2660//2660 2516//2516 
f 2660//2660 2659//2659 2515//2515 
f 2659//2659 2658//2658 2514//2514 
f 2658//2658 2657//2657 2513//2513 
f 2657//2657 2656//2656 2512//2512 
f 2656//2656 2655//2655 2511//2511 
f 2655//2655 2654//2654 2510//2510 
f 2654//2654 2653//2653 2509//2509 
f 2653//2653 2652//2652 2508//2508 
f 2652//2652 2651//2651 2507//2507 
f 2651//2651 2650//2650 2506//2506 
f 2650//2650 2649//2649 2505//2505 
f 2649//2649 2648//2648 2504//2504 
f 2648//2648 2647//2647 2503//2503 
f 2647//2647 2646//2646 2502//2502 
f 2646//2646 2645//2645 2501//2501 
f 2645//2645 2644//2644 2500//2500 
f 2644//2644 2643//2643 2499//2499 
f 2643//2643 2642//2642 2498//2498 
f 2642//2642 2641//2641 2497//2497 
f 2641//2641 2640//2640 2496//2496 
f 2640//2640 2639//2639 2495//2495 
f 2639//2639 2638//2638 2494//2494 
f 2638//2638 2637//2637 2493//2493 
f 2637//2637 2636//2636 2492//2492 
f 2636//2636 2635//2635 2491//2491 
f 2635//2635 2634//2634 2490//2490 
f 2634//2634 2633//2633 2489//2489 
f 2633//2633 2632//2632 2488//2488 
f 2632//2632 2631//2631 2487//2487 
f 2631//2631 2630//2630 2486//2486 
f 2630//2630 2629//2629 2485//2485 
f 2629//2629 2628//2628 2484//2484 
f 2628//2628 2627//2627 2483//2483 
f 2627//2627 2626//2626 2482//2482 
f 2626//2626 2625//2625 2481//2481 
f 2625//2625 2624//2624 2480//2480 
f 2624//2624 2623//2623 2479//2479 
f 2623//2623 2622//2622 2478//2478 
f 2622//2622 2621//2621 2477//2477 
f 2621//2621 2620//2620 2476//2476 
f 2620//2620 2619//2619 2475//2475 
f 2619//2619 2618//2618 2474//2474 
f 2618//2618 2617//2617 2473//2473 
f 2617//2617 2616//2616 2472//2472 
f 2616//2616 2615//2615 2471//2471 
f 2615//2615 2614//2614 2470//2470 
f 2614//2614 2613//2613 2469//2469 
f 2613//2613 2612//2612 2468//2468 
f 2612//2612 2611//2611 2467//2467 
f 2611//2611 2610//2610 2466//2466 
f 2610//2610 2609//2609 2465//2465 
f 2609//2609 2608//2608 2464//2464 
f 2608//2608 2607//2607 2463//2463 
f 2607//2607 2606//2606 2462//2462 
f 2606//2606 2605//2605 2461//2461 
f 2605//2605 2604//2604 2460//2460 
f 2604//2604 2603//2603 2459//2459 
f 2603//2603 2602//2602 2458//2458 
f 2602//2602 2601//2601 2457//2457 
f 2601//2601 2600//2600 2456//2456 
f 2600//2600 2599//2599 2455//2455 
f 2599//2599 2598//2598 2454//2454 
f 2598//2598 2597//2597 2453//2453 
f 2597//2597 2596//2596 2452//2452 
f 2596//2596 2595//2595 2451//2451 
f 2595//2595 2594//2594 2450//2450 
f 2594//2594 2593//2593 2449//2449 
f 2593//2593 2736//2736 2592//2592 
f 2592//2592 2591//2591 2447//2447 
f 2591//2591 2590//2590 2446//2446 
f 2590//2590 2589//2589 2445//2445 
f 2589//2589 2588//2588 2444//2444 
f 2588//2588 2587//2587 2443//2443 
f 2587//2587 2586//2586 2442//2442 
f 2586//2586 2585//2585 2441//2441 
f 2585//2585 2584//2584 2440//2440 
f 2584//2584 2583//2583 2439//2439 
f 2583//2583 2582//2582 2438//2438 
f 2582//2582 2581//2581 2437//2437 
f 2581//2581 2580//2580 2436//2436 
f 2580//2580 2579//2579 2435//2435 
f 2579//2579 2578//2578 2434//2434 
f 2578//2578 2577//2577 2433//2433 
f 2577//2577 2576//2576 2432//2432 
f 2576//2576 2575//2575 2431//2431 
f 2575//2575 2574//2574 2430//2430 
f 2574//2574 2573//2573 2429//2429 
f 2573//2573 2572//2572 2428//2428 
f 2572//2572 2571//2571 2427//2427 
f 2571//2571 2570//2570 2426//2426 
f 2570//2570 2569//2569 2425//2425 
f 2569//2569 2568//2568 2424//2424 
f 2568//2568 2567//2567 2423//2423 
f 2567//2567 2566//2566 2422//2422 
f 2566//2566 2565//2565 2421//2421 
f 2565//2565 2564//2564 2420//2420 
f 2564//2564 2563//2563 2419//2419 
f 2563//2563 2562//2562 2418//2418 
f 2562//2562 2561//2561 2417//2417 
f 2561//2561 2560//2560 2416//2416 
f 2560//2560 2559//2559 2415//2415 
f 2559//2559 2558//2558 2414//2414 
f 2558//2558 2557//2557 2413//2413 
f 2557//2557 2556//2556 2412//2412 
f 2556//2556 2555//2555 2411//2411 
f 2555//2555 2554//2554 2410//2410 
f 2554//2554 2553//2553 2409//2409 
f 2553//2553 2552//2552 2408//2408 
f 2552//2552 2551//2551 2407//2407 
f 2551//2551 2550//2550 2406//2406 
f 2550//2550 2549//2549 2405//2405 
f 2549//2549 2548//2548 2404//2404 
f 2548//2548 2547//2547 2403//2403 
f 2547//2547 2546//2546 2402//2402 
f 2546//2546 2545//2545 2401//2401 
f 2545//2545 2544//2544 2400//2400 
f 2544//2544 2543//2543 2399//2399 
f 2543//2543 2542//2542 2398//2398 
f 2542//2542 2541//2541 2397//2397 
f 2541//2541 2540//2540 2396//2396 
f 2540//2540 2539//2539 2395//2395 
f 2539//2539 2538//2538 2394//2394 
f 2538//2538 2537//2537 2393//2393 
f 2537//2537 2536//2536 2392//2392 
f 2536//2536 2535//2535 2391//2391 
f 2535//2535 2534//2534 2390//2390 
f 2534//2534 2533//2533 2389//2389 
f 2533//2533 2532//2532 2388//2388 
f 2532//2532 2531//2531 2387//2387 
f 2531//2531 2530//2530 2386//2386 
f 2530//2530 2529//2529 2385//2385 
f 2529//2529 2528//2528 2384//2384 
f 2528//2528 2527//2527 2383//2383 
f 2527//2527 2526//2526 2382//2382 
f 2526//2526 2525//2525 2381//2381 
f 2525//2525 2524//2524 2380//2380 
f 2524//2524 2523//2523 2379//2379 
f 2523//2523 2522//2522 2378//2378 
f 2522//2522 2521//2521 2377//2377 
f 2521//2521 2520//2520 2376//2376 
f 2520//2520 2519//2519 2375//2375 
f 2519//2519 2518//2518 2374//2374 
f 2518//2518 2517//2517 2373//2373 
f 2517//2517 2516//2516 2372//2372 
f 2516//2516 2515//2515 2371//2371 
f 2515//2515 2514//2514 2370//2370 
f 2514//2514 2513//2513 2369//2369 
f 2513//2513 2512//2512 2368//2368 
f 2512//2512 2511//2511 2367//2367 
f 2511//2511 2510//2510 2366//2366 
f 2510//2510 2509//2509 2365//2365 
f 2509//2509 2508//2508 2364//2364 
f 2508//2508 2507//2507 2363//2363 
f 2507//2507 2506//2506 2362//2362 
f 2506//2506 2505//2505 2361//2361 
f 2505//2505 2504//2504 2360//2360 
f 2504//2504 2503//2503 2359//2359 
f 2503//2503 2502//2502 2358//2358 
f 2502//2502 2501//2501 2357//2357 
f 2501//2501 2500//2500 2356//2356 
f 2500//2500 2499//2499 2355//2355 
f 2499//2499 2498//2498 2354//2354 
f 2498//2498 2497//2497 2353//2353 
f 2497//2497 2496//2496 2352//2352 
f 2496//2496 2495//2495 2351//2351 
f 2495//2495 2494//2494 2350//2350 
f 2494//2494 2493//2493 2349//2349 
f 2493//2493 2492//2492 2348//2348 
f 2492//2492 2491//2491 2347//2347 
f 2491//2491 2490//2490 2346//2346 
f 2490//2490 2489//2489 2345//2345 
f 2489//2489 2488//2488 2344//2344 
f 2488//2488 2487//2487 2343//2343 
f 2487//2487 2486//2486 2342//2342 
f 2486//2486 2485//2485 2341//2341 
f 2485//2485 2484//2484 2340//2340 
f 2484//2484 2483//2483 2339//2339 
f 2483//2483 2482//2482 2338//2338 
f 2482//2482 2481//2481 2337//2337 
f 2481//2481 2480//2480 2336//2336 
f 2480//2480 2479//2479 2335//2335 
f 2479//2479 2478//2478 2334//2334 
f 2478//2478 2477//2477 2333//2333 
f 2477//2477 2476//2476 2332//2332 
f 2476//2476 2475//2475 2331//2331 
f 2475//2475 2474//2474 2330//2330 
f 2474//2474 2473//2473 2329//2329 
f 2473//2473 2472//2472 2328//2328 
f 2472//2472 2471//2471 2327//2327 
f 2471//2471 2470//2470 2326//2326 
f 2470//2470 2469//2469 2325//2325 
f 2469//2469 2468//2468 2324//2324 
f 2468//2468 2467//2467 2323//2323 
f 2467//2467 2466//2466 2322//2322 
f 2466//2466 2465//2465 2321//2321 
f 2465//2465 2464//2464 2320//2320 
f 2464//2464 2463//2463 2319//2319 
f 2463//2463 2462//2462 2318//2318 
f 2462//2462 2461//2461 2317//2317 
f 2461//2461 2460//2460 2316//2316 
f 2460//2460 2459//2459 2315//2315 
f 2459//2459 2458//2458 2314//2314 
f 2458//2458 2457//2457 2313//2313 
f 2457//2457 2456//2456 2312//2312 
f 2456//2456 2455//2455 2311//2311 
f 2455//2455 2454//2454 2310//2310 
f 2454//2454 2453//2453 2309//2309 
f 2453//2453 2452//2452 2308//2308 
f 2452//2452 2451//2451 2307//2307 
f 2451//2451 2450//2450 2306//2306 
f 2450//2450 2449//2449 2305//2305 
f 2449//2449 2592//2592 2448//2448 
f 2448//2448 2447//2447 2303//2303 
f 2447//2447 2446//2446 2302//2302 
f 2446//2446 2445//2445 2301//2301 
f 2445//2445 2444//2444 2300//2300 
f 2444//2444 2443//2443 2299//2299 
f 2443//2443 2442//2442 2298//2298 
f 2442//2442 2441//2441 2297//2297 
f 2441//2441 2440//2440 2296//2296 
f 2440//2440 2439//2439 2295//2295 
f 2439//2439 2438//2438 2294//2294 
f 2438//2438 2437//2437 2293//2293 
f 2437//2437 2436//2436 2292//2292 
f 2436//2436 2435//2435 2291//2291 
f 2435//2435 2434//2434 2290//2290 
f 2434//2434 2433//2433 2289//2289 
f 2433//2433 2432//2432 2288//2288 
f 2432//2432 2431//2431 2287//2287 
f 2431//2431 2430//2430 2286//2286 
f 2430//2430 2429//2429 2285//2285 
f 2429//2429 2428//2428 2284//2284 
f 2428//2428 2427//2427 2283//2283 
f 2427//2427 2426//2426 2282//2282 
f 2426//2426 2425//2425 2281//2281 
f 2425//2425 2424//2424 2280//2280 
f 2424//2424 2423//2423 2279//2279 
f 2423//2423 2422//2422 2278//2278 
f 2422//2422 2421//2421 2277//2277 
f 2421//2421 2420//2420 2276//2276 
f 2420//2420 2419//2419 2275//2275 
f 2419//2419 2418//2418 2274//2274 
f 2418//2418 2417//2417 2273//2273 
f 2417//2417 2416//2416 2272//2272 
f 2416//2416 2415//2415 2271//2271 
f 2415//2415 2414//2414 2270//2270 
f 2414//2414 2413//2413 2269//2269 
f 2413//2413 2412//2412 2268//2268 
f 2412//2412 2411//2411 2267//2267 
f 2411//2411 2410//2410 2266//2266 
f 2410//2410 2409//2409 2265//2265 
f 2409//2409 2408//2408 2264//2264 
f 2408//2408 2407//2407 2263//2263 
f 2407//2407 2406//2406 2262//2262 
f 2406//2406 2405//2405 2261//2261 
f 2405//2405 2404//2404 2260//2260 
f 2404//2404 2403//2403 2259//2259 
f 2403//2403 2402//2402 2258//2258 
f 2402//2402 2401//2401 2257//2257 
f 2401//2401 2400//2400 2256//2256 
f 2400//2400 2399//2399 2255//2255 
f 2399//2399 2398//2398 2254//2254 
f 2398//2398 2397//2397 2253//2253 
f 2397//2397 2396//2396 2252//2252 
f 2396//2396 2395//2395 2251//2251 
f 2395//2395 2394//2394 2250//2250 
f 2394//2394 2393//2393 2249//2249 
f 2393//2393 2392//2392 2248//2248 
f 2392//2392 2391//2391 2247//2247 
f 2391//2391 2390//2390 2246//2246 
f 2390//2390 2389//2389 2245//2245 
f 2389//2389 2388//2388 2244//2244 
f 2388//2388 2387//2387 2243//2243 
f 2387//2387 2386//2386 2242//2242 
f 2386//2386 2385//2385 2241//2241 
f 2385//2385 2384//2384 2240//2240 
f 2384//2384 2383//2383 2239//2239 
f 2383//2383 2382//2382 2238//2238 
f 2382//2382 2381//2381 2237//2237 
f 2381//2381 2380//2380 2236//2236 
f 2380//2380 2379//2379 2235//2235 
f 2379//2379 2378//2378 2234//2234 
f 2378//2378 2377//2377 2233//2233 
f 2377//2377 2376//2376 2232//2232 
f 2376//2376 2375//2375 2231//2231 
f 2375//2375 2374//2374 2230//2230 
f 2374//2374 2373//2373 2229//2229 
f 2373//2373 2372//2372 2228//2228 
f 2372//2372 2371//2371 2227//2227 
f 2371//2371 2370//2370 2226//2226 
f 2370//2370 2369//2369 2225//2225 
f 2369//2369 2368//2368 2224//2224 
f 2368//2368 2367//2367 2223//2223 
f 2367//2367 2366//2366 2222//2222 
f 2366//2366 2365//2365 2221//2221 
f 2365//2365 2364//2364 2220//2220 
f 2364//2364 2363//2363 2219//2219 
f 2363//2363 2362//2362 2218//2218 
f 2362//2362 2361//2361 2217//2217 
f 2361//2361 2360//2360 2216//2216 
f 2360//2360 2359//2359 2215//2215 
f 2359//2359 2358//2358 2214//2214 
f 2358//2358 2357//2357 2213//2213 
f 2357//2357 2356//2356 2212//2212 
f 2356//2356 2355//2355 2211//2211 
f 2355//2355 2354//2354 2210//2210 
f 2354//2354 2353//2353 2209//2209 
f 2353//2353 2352//2352 2208//2208 
f 2352//2352 2351//2351 2207//2207 
f 2351//2351 2350//2350 2206//2206 
f 2350//2350 2349//2349 2205//2205 
f 2349//2349 2348//2348 2204//2204 
f 2348//2348 2347//2347 2203//2203 
f 2347//2347 2346//2346 2202//2202 
f 2346//2346 2345//2345 2201//2201 
f 2345//2345 2344//2344 2200//2200 
f 2344//2344 2343//2343 2199//2199 
f 2343//2343 2342//2342 2198//2198 
f 2342//2342 2341//2341 2197//2197 
f 2341//2341 2340//2340 2196//2196 
f 2340//2340 2339//2339 2195//2195 
f 2339//2339 2338//2338 2194//2194 
f 2338//2338 2337//2337 2193//2193 
f 2337//2337 2336//2336 2192//2192 
f 2336//2336 2335//2335 2191//2191 
f 2335//2335 2334//2334 2190//2190 
f 2334//2334 2333//2333 2189//2189 
f 2333//2333 2332//2332 2188//2188 
f 2332//2332 2331//2331 2187//2187 
f 2331//2331 2330//2330 2186//2186 
f 2330//2330 2329//2329 2185//2185 
f 2329//2329 2328//2328 2184//2184 
f 2328//2328 2327//2327 2183//2183 
f 2327//2327 2326//2326 2182//2182 
f 2326//2326 2325//2325 2181//2181 
f 2325//2325 2324//2324 2180//2180 
f 2324//2324 2323//2323 2179//2179 
f 2323//2323 2322//2322 2178//2178 
f 2322//2322 2321//2321 2177//2177 
f 2321//2321 2320//2320 2176//2176 
f 2320//2320 2319//2319 2175//2175 
f 2319//2319 2318//2318 2174//2174 
f 2318//2318 2317//2317 2173//2173 
f 2317//2317 2316//2316 2172//2172 
f 2316//2316 2315//2315 2171//2171 
f 2315//2315 2314//2314 2170//2170 
f 2314//2314 2313//2313 2169//2169 
f 2313//2313 2312//2312 2168//2168 
f 2312//2312 2311//2311 2167//2167 
f 2311//2311 2310//2310 2166//2166 
f 2310//2310 2309//2309 2165//2165 
f 2309//2309 2308//2308 2164//2164 
f 2308//2308 2307//2307 2163//2163 
f 2307//2307 2306//2306 2162//2162 
f 2306//2306 2305//2305 2161//2161 
f 2305//2305 2448//2448 2304//2304 
f 2304//2304 2303//2303 2159//2159 
f 2303//2303 2302//2302 2158//2158 
f 2302//2302 2301//2301 2157//2157 
f 2301//2301 2300//2300 2156//2156 
f 2300//2300 2299//2299 2155//2155 
f 2299//2299 2298//2298 2154//2154 
f 2298//2298 2297//2297 2153//2153 
f 2297//2297 2296//2296 2152//2152 
f 2296//2296 2295//2295 2151//2151 
f 2295//2295 2294//2294 2150//2150 
f 2294//2294 2293//2293 2149//2149 
f 2293//2293 2292//2292 2148//2148 
f 2292//2292 2291//2291 2147//2147 
f 2291//2291 2290//2290 2146//2146 
f 2290//2290 2289//2289 2145//2145 
f 2289//2289 2288//2288 2144//2144 
f 2288//2288 2287//2287 2143//2143 
f 2287//2287 2286//2286 2142//2142 
f 2286//2286 2285//2285 2141//2141 
f 2285//2285 2284//2284 2140//2140 
f 2284//2284 2283//2283 2139//2139 
f 2283//2283 2282//2282 2138//2138 
f 2282//2282 2281//2281 2137//2137 
f 2281//2281 2280//2280 2136//2136 
f 2280//2280 2279//2279 2135//2135 
f 2279//2279 2278//2278 2134//2134 
f 2278//2278 2277//2277 2133//2133 
f 2277//2277 2276//2276 2132//2132 
f 2276//2276 2275//2275 2131//2131 
f 2275//2275 2274//2274 2130//2130 
f 2274//2274 2273//2273 2129//2129 
f 2273//2273 2272//2272 2128//2128 
f 2272//2272 2271//2271 2127//2127 
f 2271//2271 2270//2270 2126//2126 
f 2270//2270 2269//2269 2125//2125 
f 2269//2269 2268//2268 2124//2124 
f 2268//2268 2267//2267 2123//2123 
f 2267//2267 2266//2266 2122//2122 
f 2266//2266 2265//2265 2121//2121 
f 2265//2265 2264//2264 2120//2120 
f 2264//2264 2263//2263 2119//2119 
f 2263//2263 2262//2262 2118//2118 
f 2262//2262 2261//2261 2117//2117 
f 2261//2261 2260//2260 2116//2116 
f 2260//2260 2259//2259 2115//2115 
f 2259//2259 2258//2258 2114//2114 
f 2258//2258 2257//2257 2113//2113 
f 2257//2257 2256//2256 2112//2112 
f 2256//2256 2255//2255 2111//2111 
f 2255//2255 2254//2254 2110//2110 
f 2254//2254 2253//2253 2109//2109 
f 2253//2253 2252//2252 2108//2108 
f 2252//2252 2251//2251 2107//2107 
f 2251//2251 2250//2250 2106//2106 
f 2250//2250 2249//2249 2105//2105 
f 2249//2249 2248//2248 2104//2104 
f 2248//2248 2247//2247 2103//2103 
f 2247//2247 2246//2246 2102//2102 
f 2246//2246 2245//2245 2101//2101 
f 2245//2245 2244//2244 2100//2100 
f 2244//2244 2243//2243 2099//2099 
f 2243//2243 2242//2242 2098//2098 
f 2242//2242 2241//2241 2097//2097 
f 2241//2241 2240//2240 2096//2096 
f 2240//2240 2239//2239 2095//2095 
f 2239//2239 2238//2238 2094//2094 
f 2238//2238 2237//2237 2093//2093 
f 2237//2237 2236//2236 2092//2092 
f 2236//2236 2235//2235 2091//2091 
f 2235//2235 2234//2234 2090//2090 
f 2234//2234 2233//2233 2089//2089 
f 2233//2233 2232//2232 2088//2088 
f 2232//2232 2231//2231 2087//2087 
f 2231//2231 2230//2230 2086//2086 
f 2230//2230 2229//2229 2085//2085 
f 2229//2229 2228//2228 2084//2084 
f 2228//2228 2227//2227 2083//2083 
f 2227//2227 2226//2226 2082//2082 
f 2226//2226 2225//2225 2081//2081 
f 2225//2225 2224//2224 2080//2080 
f 2224//2224 2223//2223 2079//2079 
f 2223//2223 2222//2222 2078//2078 
f 2222//2222 2221//2221 2077//2077 
f 2221//2221 2220//2220 2076//2076 
f 2220//2220 2219//2219 2075//2075 
f 2219//2219 2218//2218 2074//2074 
f 2218//2218 2217//2217 2073//2073 
f 2217//2217 2216//2216 2072//2072 
f 2216//2216 2215//2215 2071//2071 
f 2215//2215 2214//2214 2070//2070 
f 2214//2214 2213//2213 2069//2069 
f 2213//2213 2212//2212 2068//2068 
f 2212//2212 2211//2211 2067//2067 
f 2211//2211 2210//2210 2066//2066 
f 2210//2210 2209//2209 2065//2065 
f 2209//2209 2208//2208 2064//2064 
f 2208//2208 2207//2207 2063//2063 
f 2207//2207 2206//2206 2062//2062 
f 2206//2206 2205//2205 2061//2061 
f 2205//2205 2204//2204 2060//2060 
f 2204//2204 2203//2203 2059//2059 
f 2203//2203 2202//2202 2058//2058 
f 2202//2202 2201//2201 2057//2057 
f 2201//2201 2200//2200 2056//2056 
f 2200//2200 2199//2199 2055//2055 
f 2199//2199 2198//2198 2054//2054 
f 2198//2198 2197//2197 2053//2053 
f 2197//2197 2196//2196 2052//2052 
f 2196//2196 2195//2195 2051//2051 
f 2195//2195 2194//2194 2050//2050 
f 2194//2194 2193//2193 2049//2049 
f 2193//2193 2192//2192 2048//2048 
f 2192//2192 2191//2191 2047//2047 
f 2191//2191 2190//2190 2046//2046 
f 2190//2190 2189//2189 2045//2045 
f 2189//2189 2188//2188 2044//2044 
f 2188//2188 2187//2187 2043//2043 
f 2187//2187 2186//2186 2042//2042 
f 2186//2186 2185//2185 2041//2041 
f 2185//2185 2184//2184 2040//2040 
f 2184//2184 2183//2183 2039//2039 
f 2183//2183 2182//2182 2038//2038 
f 2182//2182 2181//2181 2037//2037 
f 2181//2181 2180//2180 2036//2036 
f 2180//2180 2179//2179 2035//2035 
f 2179//2179 2178//2178 2034//2034 
f 2178//2178 2177//2177 2033//2033 
f 2177//2177 2176//2176 2032//2032 
f 2176//2176 2175//2175 2031//2031 
f 2175//2175 2174//2174 2030//2030 
f 2174//2174 2173//2173 2029//2029 
f 2173//2173 2172//2172 2028//2028 
f 2172//2172 2171//2171 2027//2027 
f 2171//2171 2170//2170 2026//2026 
f 2170//2170 2169//2169 2025//2025 
f 2169//2169 2168//2168 2024//2024 
f 2168//2168 2167//2167 2023//2023 
f 2167//2167 2166//2166 2022//2022 
f 2166//2166 2165//2165 2021//2021 
f 2165//2165 2164//2164 2020//2020 
f 2164//2164 2163//2163 2019//2019 
f 2163//2163 2162//2162 2018//2018 
f 2162//2162 2161//2161 2017//2017 
f 2161//2161 2304//2304 2160//2160 
f 2160//2160 2159//2159 2015//2015 
f 2159//2159 2158//2158 2014//2014 
f 2158//2158 2157//2157 2013//2013 
f 2157//2157 2156//2156 2012//2012 
f 2156//2156 2155//2155 2011//2011 
f 2155//2155 2154//2154 2010//2010 
f 2154//2154 2153//2153 2009//2009 
f 2153//2153 2152//2152 2008//2008 
f 2152//2152 2151//2151 2007//2007 
f 2151//2151 2150//2150 2006//2006 
f 2150//2150 2149//2149 2005//2005 
f 2149//2149 2148//2148 2004//2004 
f 2148//2148 2147//2147 2003//2003 
f 2147//2147 2146//2146 2002//2002 
f 2146//2146 2145//2145 2001//2001 
f 2145//2145 2144//2144 2000//2000 
f 2144//2144 2143//2143 1999//1999 
f 2143//2143 2142//2142 1998//1998 
f 2142//2142 2141//2141 1997//1997 
f 2141//2141 2140//2140 1996//1996 
f 2140//2140 2139//2139 1995//1995 
f 2139//2139 2138//2138 1994//1994 
f 2138//2138 2137//2137 1993//1993 
f 2137//2137 2136//2136 1992//1992 
f 2136//2136 2135//2135 1991//1991 
f 2135//2135 2134//2134 1990//1990 
f 2134//2134 2133//2133 1989//1989 
f 2133//2133 2132//2132 1988//1988 
f 2132//2132 2131//2131 1987//1987 
f 2131//2131 2130//2130 1986//1986 
f 2130//2130 2129//2129 1985//1985 
f 2129//2129 2128//2128 1984//1984 
f 2128//2128 2127//2127 1983//1983 
f 2127//2127 2126//2126 1982//1982 
f 2126//2126 2125//2125 1981//1981 
f 2125//2125 2124//2124 1980//1980 
f 2124//2124 2123//2123 1979//1979 
f 2123//2123 2122//2122 1978//1978 
f 2122//2122 2121//2121 1977//1977 
f 2121//2121 2120//2120 1976//1976 
f 2120//2120 2119//2119 1975//1975 
f 2119//2119 2118//2118 1974//1974 
f 2118//2118 2117//2117 1973//1973 
f 2117//2117 2116//2116 1972//1972 
f 2116//2116 2115//2115 1971//1971 
f 2115//2115 2114//2114 1970//1970 
f 2114//2114 2113//2113 1969//1969 
f 2113//2113 2112//2112 1968//1968 
f 2112//2112 2111//2111 1967//1967 
f 2111//2111 2110//2110 1966//1966 
f 2110//2110 2109//2109 1965//1965 
f 2109//2109 2108//2108 1964//1964 
f 2108//2108 2107//2107 1963//1963 
f 2107//2107 2106//2106 1962//1962 
f 2106//2106 2105//2105 1961//1961 
f 2105//2105 2104//2104 1960//1960 
f 2104//2104 2103//2103 1959//1959 
f 2103//2103 2102//2102 1958//1958 
f 2102//2102 2101//2101 1957//1957 
f 2101//2101 2100//2100 1956//1956 
f 2100//2100 2099//2099 1955//1955 
f 2099//2099 2098//2098 1954//1954 
f 2098//2098 2097//2097 1953//1953 
f 2097//2097 2096//2096 1952//1952 
f 2096//2096 2095//2095 1951//1951 
f 2095//2095 2094//2094 1950//1950 
f 2094//2094 2093//2093 1949//1949 
f 2093//2093 2092//2092 1948//1948 
f 2092//2092 2091//2091 1947//1947 
f 2091//2091 2090//2090 1946//1946 
f 2090//2090 2089//2089 1945//1945 
f 2089//2089 2088//2088 1944//1944 
f 2088//2088 2087//2087 1943//1943 
f 2087//2087 2086//2086 1942//1942 
f 2086//2086 2085//2085 1941//1941 
f 2085//2085 2084//2084 1940//1940 
f 2084//2084 2083//2083 1939//1939 
f 2083//2083 2082//2082 1938//1938 
f 2082//2082 2081//2081 1937//1937 
f 2081//2081 2080//2080 1936//1936 
f 2080//2080 2079//2079 1935//1935 
f 2079//2079 2078//2078 1934//1934 
f 2078//2078 2077//2077 1933//1933 
f 2077//2077 2076//2076 1932//1932 
f 2076//2076 2075//2075 1931//1931 
f 2075//2075 2074//2074 1930//1930 
f 2074//2074 2073//2073 1929//1929 
f 2073//2073 2072//2072 1928//1928 
f 2072//2072 2071//2071 1927//1927 
f 2071//2071 2070//2070 1926//1926 
f 2070//2070 2069//2069 1925//1925 
f 2069//2069 2068//2068 1924//1924 
f 2068//2068 2067//2067 1923//1923 
f 2067//2067 2066//2066 1922//1922 
f 2066//2066 2065//2065 1921//1921 
f 2065//2065 2064//2064 1920//1920 
f 2064//2064 2063//2063 1919//1919 
f 2063//2063 2062//2062 1918//1918 
f 2062//2062 2061//2061 1917//1917 
f 2061//2061 2060//2060 1916//1916 
f 2060//2060 2059//2059 1915//1915 
f 2059//2059 2058//2058 1914//1914 
f 2058//2058 2057//2057 1913//1913 
f 2057//2057 2056//2056 1912//1912 
f 2056//2056 2055//2055 1911//1911 
f 2055//2055 2054//2054 1910//1910 
f 2054//2054 2053//2053 1909//1909 
f 2053//2053 2052//2052 1908//1908 
f 2052//2052 2051//2051 1907//1907 
f 2051//2051 2050//2050 1906//1906 
f 2050//2050 2049//2049 1905//1905 
f 2049//2049 2048//2048 1904//1904 
f 2048//2048 2047//2047 1903//1903 
f 2047//2047 2046//2046 1902//1902 
f 2046//2046 2045//2045 1901//1901 
f 2045//2045 2044//2044 1900//1900 
f 2044//2044 2043//2043 1899//1899 
f 2043//2043 2042//2042 1898//1898 
f 2042//2042 2041//2041 1897//1897 
f 2041//2041 2040//2040 1896//1896 
f 2040//2040 2039//2039 1895//1895 
f 2039//2039 2038//2038 1894//1894 
f 2038//2038 2037//2037 1893//1893 
f 2037//2037 2036//2036 1892//1892 
f 2036//2036 2035//2035 1891//1891 
f 2035//2035 2034//2034 1890//1890 
f 2034//2034 2033//2033 1889//1889 
f 2033//2033 2032//2032 1888//1888 
f 2032//2032 2031//2031 1887//1887 
f 2031//2031 2030//2030 1886//1886 
f 2030//2030 2029//2029 1885//1885 
f 2029//2029 2028//2028 1884//1884 
f 2028//2028 2027//2027 1883//1883 
f 2027//2027 2026//2026 1882//1882 
f 2026//2026 2025//2025 1881//1881 
f 2025//2025 2024//2024 1880//1880 
f 2024//2024 2023//2023 1879//1879 
f 2023//2023 2022//2022 1878//1878 
f 2022//2022 2021//2021 1877//1877 
f 2021//2021 2020//2020 1876//1876 
f 2020//2020 2019//2019 1875//1875 
f 2019//2019 2018//2018 1874//1874 
f 2018//2018 2017//2017 1873//1873 
f 2017//2017 2160//2160 2016//2016 
f 2016//2016 2015//2015 1871//1871 
f 2015//2015 2014//2014 1870//1870 
f 2014//2014 2013//2013 1869//1869 
f 2013//2013 2012//2012 1868//1868 
f 2012//2012 2011//2011 1867//1867 
f 2011//2011 2010//2010 1866//1866 
f 2010//2010 2009//2009 1865//1865 
f 2009//2009 2008//2008 1864//1864 
f 2008//2008 2007//2007 1863//1863 
f 2007//2007 2006//2006 1862//1862 
f 2006//2006 2005//2005 1861//1861 
f 2005//2005 2004//2004 1860//1860 
f 2004//2004 2003//2003 1859//1859 
f 2003//2003 2002//2002 1858//1858 
f 2002//2002 2001//2001 1857//1857 
f 2001//2001 2000//2000 1856//1856 
f 2000//2000 1999//1999 1855//1855 
f 1999//1999 1998//1998 1854//1854 
f 1998//1998 1997//1997 1853//1853 
f 1997//1997 1996//1996 1852//1852 
f 1996//1996 1995//1995 1851//1851 
f 1995//1995 1994//1994 1850//1850 
f 1994//1994 1993//1993 1849//1849 
f 1993//1993 1992//1992 1848//1848 
f 1992//1992 1991//1991 1847//1847 
f 1991//1991 1990//1990 1846//1846 
f 1990//1990 1989//1989 1845//1845 
f 1989//1989 1988//1988 1844//1844 
f 1988//1988 1987//1987 1843//1843 
f 1987//1987 1986//1986 1842//1842 
f 1986//1986 1985//1985 1841//1841 
f 1985//1985 1984//1984 1840//1840 
f 1984//1984 1983//1983 1839//1839 
f 1983//1983 1982//1982 1838//1838 
f 1982//1982 1981//1981 1837//1837 
f 1981//1981 1980//1980 1836//1836 
f 1980//1980 1979//1979 1835//1835 
f 1979//1979 1978//1978 1834//1834 
f 1978//1978 1977//1977 1833//1833 
f 1977//1977 1976//1976 1832//1832 
f 1976//1976 1975//1975 1831//1831 
f 1975//1975 1974//1974 1830//1830 
f 1974//1974 1973//1973 1829//1829 
f 1973//1973 1972//1972 1828//1828 
f 1972//1972 1971//1971 1827//1827 
f 1971//1971 1970//1970 1826//1826 
f 1970//1970 1969//1969 1825//1825 
f 1969//1969 1968//1968 1824//1824 
f 1968//1968 1967//1967 1823//1823 
f 1967//1967 1966//1966 1822//1822 
f 1966//1966 1965//1965 1821//1821 
f 1965//1965 1964//1964 1820//1820 
f 1964//1964 1963//1963 1819//1819 
f 1963//1963 1962//1962 1818//1818 
f 1962//1962 1961//1961 1817//1817 
f 1961//1961 1960//1960 1816//1816 
f 1960//1960 1959//1959 1815//1815 
f 1959//1959 1958//1958 1814//1814 
f 1958//1958 1957//1957 1813//1813 
f 1957//1957 1956//1956 1812//1812 
f 1956//1956 1955//1955 1811//1811 
f 1955//1955 1954//1954 1810//1810 
f 1954//1954 1953//1953 1809//1809 
f 1953//1953 1952//1952 1808//1808 
f 1952//1952 1951//1951 1807//1807 
f 1951//1951 1950//1950 1806//1806 
f 1950//1950 1949//1949 1805//1805 
f 1949//1949 1948//1948 1804//1804 
f 1948//1948 1947//1947 1803//1803 
f 1947//1947 1946//1946 1802//1802 
f 1946//1946 1945//1945 1801//1801 
f 1945//1945 1944//1944 1800//1800 
f 1944//1944 1943//1943 1799//1799 
f 1943//1943 1942//1942 1798//1798 
f 1942//1942 1941//1941 1797//1797 
f 1941//1941 1940//1940 1796//1796 
f 1940//1940 1939//1939 1795//1795 
f 1939//1939 1938//1938 1794//1794 
f 1938//1938 1937//1937 1793//1793 
f 1937//1937 1936//1936 1792//1792 
f 1936//1936 1935//1935 1791//1791 
f 1935//1935 1934//1934 1790//1790 
f 1934//1934 1933//1933 1789//1789 
f 1933//1933 1932//1932 1788//1788 
f 1932//1932 1931//1931 1787//1787 
f 1931//1931 1930//1930 1786//1786 
f 1930//1930 1929//1929 1785//1785 
f 1929//1929 1928//1928 1784//1784 
f 1928//1928 1927//1927 1783//1783 
f 1927//1927 1926//1926 1782//1782 
f 1926//1926 1925//1925 1781//1781 
f 1925//1925 1924//1924 1780//1780 
f 1924//1924 1923//1923 1779//1779 
f 1923//1923 1922//1922 1778//1778 
f 1922//1922 1921//1921 1777//1777 
f 1921//1921 1920//1920 1776//1776 
f 1920//1920 1919//1919 1775//1775 
f 1919//1919 1918//1918 1774//1774 
f 1918//1918 1917//1917 1773//1773 
f 1917//1917 1916//1916 1772//1772 
f 1916//1916 1915//1915 1771//1771 
f 1915//1915 1914//1914 1770//1770 
f 1914//1914 1913//1913 1769//1769 
f 1913//1913 1912//1912 1768//1768 
f 1912//1912 1911//1911 1767//1767 
f 1911//1911 1910//1910 1766//1766 
f 1910//1910 1909//1909 1765//1765 
f 1909//1909 1908//1908 1764//1764 
f 1908//1908 1907//1907 1763//1763 
f 1907//1907 1906//1906 1762//1762 
f 1906//1906 1905//1905 1761//1761 
f 1905//1905 1904//1904 1760//1760 
f 1904//1904 1903//1903 1759//1759 
f 1903//1903 1902//1902 1758//1758 
f 1902//1902 1901//1901 1757//1757 
f 1901//1901 1900//1900 1756//1756 
f 1900//1900 1899//1899 1755//1755 
f 1899//1899 1898//1898 1754//1754 
f 1898//1898 1897//1897 1753//1753 
f 1897//1897 1896//1896 1752//1752 
f 1896//1896 1895//1895 1751//1751 
f 1895//1895 1894//1894 1750//1750 
f 1894//1894 1893//1893 1749//1749 
f 1893//1893 1892//1892 1748//1748 
f 1892//1892 1891//1891 1747//1747 
f 1891//1891 1890//1890 1746//1746 
f 1890//1890 1889//1889 1745//1745 
f 1889//1889 1888//1888 1744//1744 
f 1888//1888 1887//1887 1743//1743 
f 1887//1887 1886//1886 1742//1742 
f 1886//1886 1885//1885 1741//1741 
f 1885//1885 1884//1884 1740//1740 
f 1884//1884 1883//1883 1739//1739 
f 1883//1883 1882//1882 1738//1738 
f 1882//1882 1881//1881 1737//1737 
f 1881//1881 1880//1880 1736//1736 
f 1880//1880 1879//1879 1735//1735 
f 1879//1879 1878//1878 1734//1734 
f 1878//1878 1877//1877 1733//1733 
f 1877//1877 1876//1876 1732//1732 
f 1876//1876 1875//1875 1731//1731 
f 1875//1875 1874//1874 1730//1730 
f 1874//1874 1873//1873 1729//1729 
f 1873//1873 2016//2016 1872//1872 
f 1872//1872 1871//1871 1727//1727 
f 1871//1871 1870//1870 1726//1726 
f 1870//1870 1869//1869 1725//1725 
f 1869//1869 1868//1868 1724//1724 
f 1868//1868 1867//1867 1723//1723 
f 1867//1867 1866//1866 1722//1722 
f 1866//1866 1865//1865 1721//1721 
f 1865//1865 1864//1864 1720//1720 
f 1864//1864 1863//1863 1719//1719 
f 1863//1863 1862//1862 1718//1718 
f 1862//1862 1861//1861 1717//1717 
f 1861//1861 1860//1860 1716//1716 
f 1860//1860 1859//1859 1715//1715 
f 1859//1859 1858//1858 1714//1714 
f 1858//1858 1857//1857 1713//1713 
f 1857//1857 1856//1856 1712//1712 
f 1856//1856 1855//1855 1711//1711 
f 1855//1855 1854//1854 1710//1710 
f 1854//1854 1853//1853 1709//1709 
f 1853//1853 1852//1852 1708//1708 
f 1852//1852 1851//1851 1707//1707 
f 1851//1851 1850//1850 1706//1706 
f 1850//1850 1849//1849 1705//1705 
f 1849//1849 1848//1848 1704//1704 
f 1848//1848 1847//1847 1703//1703 
f 1847//1847 1846//1846 1702//1702 
f 1846//1846 1845//1845 1701//1701 
f 1845//1845 1844//1844 1700//1700 
f 1844//1844 1843//1843 1699//1699 
f 1843//1843 1842//1842 1698//1698 
f 1842//1842 1841//1841 1697//1697 
f 1841//1841 1840//1840 1696//1696 
f 1840//1840 1839//1839 1695//1695 
f 1839//1839 1838//1838 1694//1694 
f 1838//1838 1837//1837 1693//1693 
f 1837//1837 1836//1836 1692//1692 
f 1836//1836 1835//1835 1691//1691 
f 1835//1835 1834//1834 1690//1690 
f 1834//1834 1833//1833 1689//1689 
f 1833//1833 1832//1832 1688//1688 
f 1832//1832 1831//1831 1687//1687 
f 1831//1831 1830//1830 1686//1686 
f 1830//1830 1829//1829 1685//1685 
f 1829//1829 1828//1828 1684//1684 
f 1828//1828 1827//1827 1683//1683 
f 1827//1827 1826//1826 1682//1682 
f 1826//1826 1825//1825 1681//1681 
f 1825//1825 1824//1824 1680//1680 
f 1824//1824 1823//1823 1679//1679 
f 1823//1823 1822//1822 1678//1678 
f 1822//1822 1821//1821 1677//1677 
f 1821//1821 1820//1820 1676//1676 
f 1820//1820 1819//1819 1675//1675 
f 1819//1819 1818//1818 1674//1674 
f 1818//1818 1817//1817 1673//1673 
f 1817//1817 1816//1816 1672//1672 
f 1816//1816 1815//1815 1671//1671 
f 1815//1815 1814//1814 1670//1670 
f 1814//1814 1813//1813 1669//1669 
f 1813//1813 1812//1812 1668//1668 
f 1812//1812 1811//1811 1667//1667 
f 1811//1811 1810//1810 1666//1666 
f 1810//1810 1809//1809 1665//1665 
f 1809//1809 1808//1808 1664//1664 
f 1808//1808 1807//1807 1663//1663 
f 1807//1807 1806//1806 1662//1662 
f 1806//1806 1805//1805 1661//1661 
f 1805//1805 1804//1804 1660//1660 
f 1804//1804 1803//1803 1659//1659 
f 1803//1803 1802//1802 1658//1658 
f 1802//1802 1801//1801 1657//1657 
f 1801//1801 1800//1800 1656//1656 
f 1800//1800 1799//1799 1655//1655 
f 1799//1799 1798//1798 1654//1654 
f 1798//1798 1797//1797 1653//1653 
f 1797//1797 1796//1796 1652//1652 
f 1796//1796 1795//1795 1651//1651 
f 1795//1795 1794//1794 1650//1650 
f 1794//1794 1793//1793 1649//1649 
f 1793//1793 1792//1792 1648//1648 
f 1792//1792 1791//1791 1647//1647 
f 1791//1791 1790//1790 1646//1646 
f 1790//1790 1789//1789 1645//1645 
f 1789//1789 1788//1788 1644//1644 
f 1788//1788 1787//1787 1643//1643 
f 1787//1787 1786//1786 1642//1642 
f 1786//1786 1785//1785 1641//1641 
f 1785//1785 1784//1784 1640//1640 
f 1784//1784 1783//1783 1639//1639 
f 1783//1783 1782//1782 1638//1638 
f 1782//1782 1781//1781 1637//1637 
f 1781//1781 1780//1780 1636//1636 
f 1780//1780 1779//1779 1635//1635 
f 1779//1779 1778//1778 1634//1634 
f 1778//1778 1777//1777 1633//1633 
f 1777//1777 1776//1776 1632//1632 
f 1776//1776 1775//1775 1631//1631 
f 1775//1775 1774//1774 1630//1630 
f 1774//1774 1773//1773 1629//1629 
f 1773//1773 1772//1772 1628//1628 
f 1772//1772 1771//1771 1627//1627 
f 1771//1771 1770//1770 1626//1626 
f 1770//1770 1769//1769 1625//1625 
f 1769//1769 1768//1768 1624//1624 
f 1768//1768 1767//1767 1623//1623 
f 1767//1767 1766//1766 1622//1622 
f 1766//1766 1765//1765 1621//1621 
f 1765//1765 1764//1764 1620//1620 
f 1764//1764 1763//1763 1619//1619 
f 1763//1763 1762//1762 1618//1618 
f 1762//1762 1761//1761 1617//1617 
f 1761//1761 1760//1760 1616//1616 
f 1760//1760 1759//1759 1615//1615 
f 1759//1759 1758//1758 1614//1614 
f 1758//1758 1757//1757 1613//1613 
f 1757//1757 1756//1756 1612//1612 
f 1756//1756 1755//1755 1611//1611 
f 1755//1755 1754//1754 1610//1610 
f 1754//1754 1753//1753 1609//1609 
f 1753//1753 1752//1752 1608//1608 
f 1752//1752 1751//1751 1607//1607 
f 1751//1751 1750//1750 1606//1606 
f 1750//1750 1749//1749 1605//1605 
f 1749//1749 1748//1748 1604//1604 
f 1748//1748 1747//1747 1603//1603 
f 1747//1747 1746//1746 1602//1602 
f 1746//1746 1745//1745 1601//1601 
f 1745//1745 1744//1744 1600//1600 
f 1744//1744 1743//1743 1599//1599 
f 1743//1743 1742//1742 1598//1598 
f 1742//1742 1741//1741 1597//1597 
f 1741//1741 1740//1740 1596//1596 
f 1740//1740 1739//1739 1595//1595 
f 1739//1739 1738//1738 1594//1594 
f 1738//1738 1737//1737 1593//1593 
f 1737//1737 1736//1736 1592//1592 
f 1736//1736 1735//1735 1591//1591 
f 1735//1735 1734//1734 1590//1590 
f 1734//1734 1733//1733 1589//1589 
f 1733//1733 1732//1732 1588//1588 
f 1732//1732 1731//1731 1587//1587 
f 1731//1731 1730//1730 1586//1586 
f 1730//1730 1729//1729 1585//1585 
f 1729//1729 1872//1872 1728//1728 
f 1728//1728 1727//1727 1583//1583 
f 1727//1727 1726//1726 1582//1582 
f 1726//1726 1725//1725 1581//1581 
f 1725//1725 1724//1724 1580//1580 
f 1724//1724 1723//1723 1579//1579 
f 1723//1723 1722//1722 1578//1578 
f 1722//1722 1721//1721 1577//1577 
f 1721//1721 1720//1720 1576//1576 
f 1720//1720 1719//1719 1575//1575 
f 1719//1719 1718//1718 1574//1574 
f 1718//1718 1717//1717 1573//1573 
f 1717//1717 1716//1716 1572//1572 
f 1716//1716 1715//1715 1571//1571 
f 1715//1715 1714//1714 1570//1570 
f 1714//1714 1713//1713 1569//1569 
f 1713//1713 1712//1712 1568//1568 
f 1712//1712 1711//1711 1567//1567 
f 1711//1711 1710//1710 1566//1566 
f 1710//1710 1709//1709 1565//1565 
f 1709//1709 1708//1708 1564//1564 
f 1708//1708 1707//1707 1563//1563 
f 1707//1707 1706//1706 1562//1562 
f 1706//1706 1705//1705 1561//1561 
f 1705//1705 1704//1704 1560//1560 
f 1704//1704 1703//1703 1559//1559 
f 1703//1703 1702//1702 1558//1558 
f 1702//1702 1701//1701 1557//1557 
f 1701//1701 1700//1700 1556//1556 
f 1700//1700 1699//1699 1555//1555 
f 1699//1699 1698//1698 1554//1554 
f 1698//1698 1697//1697 1553//1553 
f 1697//1697 1696//1696 1552//1552 
f 1696//1696 1695//1695 1551//1551 
f 1695//1695 1694//1694 1550//1550 
f 1694//1694 1693//1693 1549//1549 
f 1693//1693 1692//1692 1548//1548 
f 1692//1692 1691//1691 1547//1547 
f 1691//1691 1690//1690 1546//1546 
f 1690//1690 1689//1689 1545//1545 
f 1689//1689 1688//1688 1544//1544 
f 1688//1688 1687//1687 1543//1543 
f 1687//1687 1686//1686 1542//1542 
f 1686//1686 1685//1685 1541//1541 
f 1685//1685 1684//1684 1540//1540 
f 1684//1684 1683//1683 1539//1539 
f 1683//1683 1682//1682 1538//1538 
f 1682//1682 1681//1681 1537//1537 
f 1681//1681 1680//1680 1536//1536 
f 1680//1680 1679//1679 1535//1535 
f 1679//1679 1678//1678 1534//1534 
f 1678//1678 1677//1677 1533//1533 
f 1677//1677 1676//1676 1532//1532 
f 1676//1676 1675//1675 1531//1531 
f 1675//1675 1674//1674 1530//1530 
f 1674//1674 1673//1673 1529//1529 
f 1673//1673 1672//1672 1528//1528 
f 1672//1672 1671//1671 1527//1527 
f 1671//1671 1670//1670 1526//1526 
f 1670//1670 1669//1669 1525//1525 
f 1669//1669 1668//1668 1524//1524 
f 1668//1668 1667//1667 1523//1523 
f 1667//1667 1666//1666 1522//1522 
f 1666//1666 1665//1665 1521//1521 
f 1665//1665 1664//1664 1520//1520 
f 1664//1664 1663//1663 1519//1519 
f 1663//1663 1662//1662 1518//1518 
f 1662//1662 1661//1661 1517//1517 
f 1661//1661 1660//1660 1516//1516 
f 1660//1660 1659//1659 1515//1515 
f 1659//1659 1658//1658 1514//1514 
f 1658//1658 1657//1657 1513//1513 
f 1657//1657 1656//1656 1512//1512 
f 1656//1656 1655//1655 1511//1511 
f 1655//1655 1654//1654 1510//1510 
f 1654//1654 1653//1653 1509//1509 
f 1653//1653 1652//1652 1508//1508 
f 1652//1652 1651//1651 1507//1507 
f 1651//1651 1650//1650 1506//1506 
f 1650//1650 1649//1649 1505//1505 
f 1649//1649 1648//1648 1504//1504 
f 1648//1648 1647//1647 1503//1503 
f 1647//1647 1646//1646 1502//1502 
f 1646//1646 1645//1645 1501//1501 
f 1645//1645 1644//1644 1500//1500 
f 1644//1644 1643//1643 1499//1499 
f 1643//1643 1642//1642 1498//1498 
f 1642//1642 1641//1641 1497//1497 
f 1641//1641 1640//1640 1496//1496 
f 1640//1640 1639//1639 1495//1495 
f 1639//1639 1638//1638 1494//1494 
f 1638//1638 1637//1637 1493//1493 
f 1637//1637 1636//1636 1492//1492 
f 1636//1636 1635//1635 1491//1491 
f 1635//1635 1634//1634 1490//1490 
f 1634//1634 1633//1633 1489//1489 
f 1633//1633 1632//1632 1488//1488 
f 1632//1632 1631//1631 1487//1487 
f 1631//1631 1630//1630 1486//1486 
f 1630//1630 1629//1629 1485//1485 
f 1629//1629 1628//1628 1484//1484 
f 1628//1628 1627//1627 1483//1483 
f 1627//1627 1626//1626 1482//1482 
f 1626//1626 1625//1625 1481//1481 
f 1625//1625 1624//1624 1480//1480 
f 1624//1624 1623//1623 1479//1479 
f 1623//1623 1622//1622 1478//1478 
f 1622//1622 1621//1621 1477//1477 
f 1621//1621 1620//1620 1476//1476 
f 1620//1620 1619//1619 1475//1475 
f 1619//1619 1618//1618 1474//1474 
f 1618//1618 1617//1617 1473//1473 
f 1617//1617 1616//1616 1472//1472 
f 1616//1616 1615//1615 1471//1471 
f 1615//1615 1614//1614 1470//1470 
f 1614//1614 1613//1613 1469//1469 
f 1613//1613 1612//1612 1468//1468 
f 1612//1612 1611//1611 1467//1467 
f 1611//1611 1610//1610 1466//1466 
f 1610//1610 1609//1609 1465//1465 
f 1609//1609 1608//1608 1464//1464 
f 1608//1608 1607//1607 1463//1463 
f 1607//1607 1606//1606 1462//1462 
f 1606//1606 1605//1605 1461//1461 
f 1605//1605 1604//1604 1460//1460 
f 1604//1604 1603//1603 1459//1459 
f 1603//1603 1602//1602 1458//1458 
f 1602//1602 1601//1601 1457//1457 
f 1601//1601 1600//1600 1456//1456 
f 1600//1600 1599//1599 1455//1455 
f 1599//1599 1598//1598 1454//1454 
f 1598//1598 1597//1597 1453//1453 
f 1597//1597 1596//1596 1452//1452 
f 1596//1596 1595//1595 1451//1451 
f 1595//1595 1594//1594 1450//1450 
f 1594//1594 1593//1593 1449//1449 
f 1593//1593 1592//1592 1448//1448 
f 1592//1592 1591//1591 1447//1447 
f 1591//1591 1590//1590 1446//1446 
f 1590//1590 1589//1589 1445//1445 
f 1589//1589 1588//1588 1444//1444 
f 1588//1588 1587//1587 1443//1443 
f 1587//1587 1586//1586 1442//1442 
f 1586//1586 1585//1585 1441//1441 
f 1585//1585 1728//1728 1584//1584 
f 1584//1584 1583//1583 1439//1439 
f 1583//1583 1582//1582 1438//1438 
f 1582//1582 1581//1581 1437//1437 
f 1581//1581 1580//1580 1436//1436 
f 1580//1580 1579//1579 1435//1435 
f 1579//1579 1578//1578 1434//1434 
f 1578//1578 1577//1577 1433//1433 
f 1577//1577 1576//1576 1432//1432 
f 1576//1576 1575//1575 1431//1431 
f 1575//1575 1574//1574 1430//1430 
f 1574//1574 1573//1573 1429//1429 
f 1573//1573 1572//1572 1428//1428 
f 1572//1572 1571//1571 1427//1427 
f 1571//1571 1570//1570 1426//1426 
f 1570//1570 1569//1569 1425//1425 
f 1569//1569 1568//1568 1424//1424 
f 1568//1568 1567//1567 1423//1423 
f 1567//1567 1566//1566 1422//1422 
f 1566//1566 1565//1565 1421//1421 
f 1565//1565 1564//1564 1420//1420 
f 1564//1564 1563//1563 1419//1419 
f 1563//1563 1562//1562 1418//1418 
f 1562//1562 1561//1561 1417//1417 
f 1561//1561 1560//1560 1416//1416 
f 1560//1560 1559//1559 1415//1415 
f 1559//1559 1558//1558 1414//1414 
f 1558//1558 1557//1557 1413//1413 
f 1557//1557 1556//1556 1412//1412 
f 1556//1556 1555//1555 1411//1411 
f 1555//1555 1554//1554 1410//1410 
f 1554//1554 1553//1553 1409//1409 
f 1553//1553 1552//1552 1408//1408 
f 1552//1552 1551//1551 1407//1407 
f 1551//1551 1550//1550 1406//1406 
f 1550//1550 1549//1549 1405//1405 
f 1549//1549 1548//1548 1404//1404 
f 1548//1548 1547//1547 1403//1403 
f 1547//1547 1546//1546 1402//1402 
f 1546//1546 1545//1545 1401//1401 
f 1545//1545 1544//1544 1400//1400 
f 1544//1544 1543//1543 1399//1399 
f 1543//1543 1542//1542 1398//1398 
f 1542//1542 1541//1541 1397//1397 
f 1541//1541 1540//1540 1396//1396 
f 1540//1540 1539//1539 1395//1395 
f 1539//1539 1538//1538 1394//1394 
f 1538//1538 1537//1537 1393//1393 
f 1537//1537 1536//1536 1392//1392 
f 1536//1536 1535//1535 1391//1391 
f 1535//1535 1534//1534 1390//1390 
f 1534//1534 1533//1533 1389//1389 
f 1533//1533 1532//1532 1388//1388 
f 1532//1532 1531//1531 1387//1387 
f 1531//1531 1530//1530 1386//1386 
f 1530//1530 1529//1529 1385//1385 
f 1529//1529 1528//1528 1384//1384 
f 1528//1528 1527//1527 1383//1383 
f 1527//1527 1526//1526 1382//1382 
f 1526//1526 1525//1525 1381//1381 
f 1525//1525 1524//1524 1380//1380 
f 1524//1524 1523//1523 1379//1379 
f 1523//1523 1522//1522 1378//1378 
f 1522//1522 1521//1521 1377//1377 
f 1521//1521 1520//1520 1376//1376 
f 1520//1520 1519//1519 1375//1375 
f 1519//1519 1518//1518 1374//1374 
f 1518//1518 1517//1517 1373//1373 
f 1517//1517 1516//1516 1372//1372 
f 1516//1516 1515//1515 1371//1371 
f 1515//1515 1514//1514 1370//1370 
f 1514//1514 1513//1513 1369//1369 
f 1513//1513 1512//1512 1368//1368 
f 1512//1512 1511//1511 1367//1367 
f 1511//1511 1510//1510 1366//1366 
f 1510//1510 1509//1509 1365//1365 
f 1509//1509 1508//1508 1364//1364 
f 1508//1508 1507//1507 1363//1363 
f 1507//1507 1506//1506 1362//1362 
f 1506//1506 1505//1505 1361//1361 
f 1505//1505 1504//1504 1360//1360 
f 1504//1504 1503//1503 1359//1359 
f 1503//1503 1502//1502 1358//1358 
f 1502//1502 1501//1501 1357//1357 
f 1501//1501 1500//1500 1356//1356 
f 1500//1500 1499//1499 1355//1355 
f 1499//1499 1498//1498 1354//1354 
f 1498//1498 1497//1497 1353//1353 
f 1497//1497 1496//1496 1352//1352 
f 1496//1496 1495//1495 1351//1351 
f 1495//1495 1494//1494 1350//1350 
f 1494//1494 1493//1493 1349//1349 
f 1493//1493 1492//1492 1348//1348 
f 1492//1492 1491//1491 1347//1347 
f 1491//1491 1490//1490 1346//1346 
f 1490//1490 1489//1489 1345//1345 
f 1489//1489 1488//1488 1344//1344 
f 1488//1488 1487//1487 1343//1343 
f 1487//1487 1486//1486 1342//1342 
f 1486//1486 1485//1485 1341//1341 
f 1485//1485 1484//1484 1340//1340 
f 1484//1484 1483//1483 1339//1339 
f 1483//1483 1482//1482 1338//1338 
f 1482//1482 1481//1481 1337//1337 
f 1481//1481 1480//1480 1336//1336 
f 1480//1480 1479//1479 1335//1335 
f 1479//1479 1478//1478 1334//1334 
f 1478//1478 1477//1477 1333//1333 
f 1477//1477 1476//1476 1332//1332 
f 1476//1476 1475//1475 1331//1331 
f 1475//1475 1474//1474 1330//1330 
f 1474//1474 1473//1473 1329//1329 
f 1473//1473 1472//1472 1328//1328 
f 1472//1472 1471//1471 1327//1327 
f 1471//1471 1470//1470 1326//1326 
f 1470//1470 1469//1469 1325//1325 
f 1469//1469 1468//1468 1324//1324 
f 1468//1468 1467//1467 1323//1323 
f 1467//1467 1466//1466 1322//1322 
f 1466//1466 1465//1465 1321//1321 
f 1465//1465 1464//1464 1320//1320 
f 1464//1464 1463//1463 1319//1319 
f 1463//1463 1462//1462 1318//1318 
f 1462//1462 1461//1461 1317//1317 
f 1461//1461 1460//1460 1316//1316 
f 1460//1460 1459//1459 1315//1315 
f 1459//1459 1458//1458 1314//1314 
f 1458//1458 1457//1457 1313//1313 
f 1457//1457 1456//1456 1312//1312 
f 1456//1456 1455//1455 1311//1311 
f 1455//1455 1454//1454 1310//1310 
f 1454//1454 1453//1453 1309//1309 
f 1453//1453 1452//1452 1308//1308 
f 1452//1452 1451//1451 1307//1307 
f 1451//1451 1450//1450 1306//1306 
f 1450//1450 1449//1449 1305//1305 
f 1449//1449 1448//1448 1304//1304 
f 1448//1448 1447//1447 1303//1303 
f 1447//1447 1446//1446 1302//1302 
f 1446//1446 1445//1445 1301//1301 
f 1445//1445 1444//1444 1300//1300 
f 1444//1444 1443//1443 1299//1299 
f 1443//1443 1442//1442 1298//1298 
f 1442//1442 1441//1441 1297//1297 
f 1441//1441 1584//1584 1440//1440 
f 1440//1440 1439//1439 1295//1295 
f 1439//1439 1438//1438 1294//1294 
f 1438//1438 1437//1437 1293//1293 
f 1437//1437 1436//1436 1292//1292 
f 1436//1436 1435//1435 1291//1291 
f 1435//1435 1434//1434 1290//1290 
f 1434//1434 1433//1433 1289//1289 
f 1433//1433 1432//1432 1288//1288 
f 1432//1432 1431//1431 1287//1287 
f 1431//1431 1430//1430 1286//1286 
f 1430//1430 1429//1429 1285//1285 
f 1429//1429 1428//1428 1284//1284 
f 1428//1428 1427//1427 1283//1283 
f 1427//1427 1426//1426 1282//1282 
f 1426//1426 1425//1425 1281//1281 
f 1425//1425 1424//1424 1280//1280 
f 1424//1424 1423//1423 1279//1279 
f 1423//1423 1422//1422 1278//1278 
f 1422//1422 1421//1421 1277//1277 
f 1421//1421 1420//1420 1276//1276 
f 1420//1420 1419//1419 1275//1275 
f 1419//1419 1418//1418 1274//1274 
f 1418//1418 1417//1417 1273//1273 
f 1417//1417 1416//1416 1272//1272 
f 1416//1416 1415//1415 1271//1271 
f 1415//1415 1414//1414 1270//1270 
f 1414//1414 1413//1413 1269//1269 
f 1413//1413 1412//1412 1268//1268 
f 1412//1412 1411//1411 1267//1267 
f 1411//1411 1410//1410 1266//1266 
f 1410//1410 1409//1409 1265//1265 
f 1409//1409 1408//1408 1264//1264 
f 1408//1408 1407//1407 1263//1263 
f 1407//1407 1406//1406 1262//1262 
f 1406//1406 1405//1405 1261//1261 
f 1405//1405 1404//1404 1260//1260 
f 1404//1404 1403//1403 1259//1259 
f 1403//1403 1402//1402 1258//1258 
f 1402//1402 1401//1401 1257//1257 
f 1401//1401 1400//1400 1256//1256 
f 1400//1400 1399//1399 1255//1255 
f 1399//1399 1398//1398 1254//1254 
f 1398//1398 1397//1397 1253//1253 
f 1397//1397 1396//1396 1252//1252 
f 1396//1396 1395//1395 1251//1251 
f 1395//1395 1394//1394 1250//1250 
f 1394//1394 1393//1393 1249//1249 
f 1393//1393 1392//1392 1248//1248 
f 1392//1392 1391//1391 1247//1247 
f 1391//1391 1390//1390 1246//1246 
f 1390//1390 1389//1389 1245//1245 
f 1389//1389 1388//1388 1244//1244 
f 1388//1388 1387//1387 1243//1243 
f 1387//1387 1386//1386 1242//1242 
f 1386//1386 1385//1385 1241//1241 
f 1385//1385 1384//1384 1240//1240 
f 1384//1384 1383//1383 1239//1239 
f 1383//1383 1382//1382 1238//1238 
f 1382//1382 1381//1381 1237//1237 
f 1381//1381 1380//1380 1236//1236 
f 1380//1380 1379//1379 1235//1235 
f 1379//1379 1378//1378 1234//1234 
f 1378//1378 1377//1377 1233//1233 
f 1377//1377 1376//1376 1232//1232 
f 1376//1376 1375//1375 1231//1231 
f 1375//1375 1374//1374 1230//1230 
f 1374//1374 1373//1373 1229//1229 
f 1373//1373 1372//1372 1228//1228 
f 1372//1372 1371//1371 1227//1227 
f 1371//1371 1370//1370 1226//1226 
f 1370//1370 1369//1369 1225//1225 
f 1369//1369 1368//1368 1224//1224 
f 1368//1368 1367//1367 1223//1223 
f 1367//1367 1366//1366 1222//1222 
f 1366//1366 1365//1365 1221//1221 
f 1365//1365 1364//1364 1220//1220 
f 1364//1364 1363//1363 1219//1219 
f 1363//1363 1362//1362 1218//1218 
f 1362//1362 1361//1361 1217//1217 
f 1361//1361 1360//1360 1216//1216 
f 1360//1360 1359//1359 1215//1215 
f 1359//1359 1358//1358 1214//1214 
f 1358//1358 1357//1357 1213//1213 
f 1357//1357 1356//1356 1212//1212 
f 1356//1356 1355//1355 1211//1211 
f 1355//1355 1354//1354 1210//1210 
f 1354//1354 1353//1353 1209//1209 
f 1353//1353 1352//1352 1208//1208 
f 1352//1352 1351//1351 1207//1207 
f 1351//1351 1350//1350 1206//1206 
f 1350//1350 1349//1349 1205//1205 
f 1349//1349 1348//1348 1204//1204 
f 1348//1348 1347//1347 1203//1203 
f 1347//1347 1346//1346 1202//1202 
f 1346//1346 1345//1345 1201//1201 
f 1345//1345 1344//1344 1200//1200 
f 1344//1344 1343//1343 1199//1199 
f 1343//1343 1342//1342 1198//1198 
f 1342//1342 1341//1341 1197//1197 
f 1341//1341 1340//1340 1196//1196 
f 1340//1340 1339//1339 1195//1195 
f 1339//1339 1338//1338 1194//1194 
f 1338//1338 1337//1337 1193//1193 
f 1337//1337 1336//1336 1192//1192 
f 1336//1336 1335//1335 1191//1191 
f 1335//1335 1334//1334 1190//1190 
f 1334//1334 1333//1333 1189//1189 
f 1333//1333 1332//1332 1188//1188 
f 1332//1332 1331//1331 1187//1187 
f 1331//1331 1330//1330 1186//1186 
f 1330//1330 1329//1329 1185//1185 
f 1329//1329 1328//1328 1184//1184 
f 1328//1328 1327//1327 1183//1183 
f 1327//1327 1326//1326 1182//1182 
f 1326//1326 1325//1325 1181//1181 
f 1325//1325 1324//1324 1180//1180 
f 1324//1324 1323//1323 1179//1179 
f 1323//1323 1322//1322 1178//1178 
f 1322//1322 1321//1321 1177//1177 
f 1321//1321 1320//1320 1176//1176 
f 1320//1320 1319//1319 1175//1175 
f 1319//1319 1318//1318 1174//1174 
f 1318//1318 1317//1317 1173//1173 
f 1317//1317 1316//1316 1172//1172 
f 1316//1316 1315//1315 1171//1171 
f 1315//1315 1314//1314 1170//1170 
f 1314//1314 1313//1313 1169//1169 
f 1313//1313 1312//1312 1168//1168 
f 1312//1312 1311//1311 1167//1167 
f 1311//1311 1310//1310 1166//1166 
f 1310//1310 1309//1309 1165//1165 
f 1309//1309 1308//1308 1164//1164 
f 1308//1308 1307//1307 1163//1163 
f 1307//1307 1306//1306 1162//1162 
f 1306//1306 1305//1305 1161//1161 
f 1305//1305 1304//1304 1160//1160 
f 1304//1304 1303//1303 1159//1159 
f 1303//1303 1302//1302 1158//1158 
f 1302//1302 1301//1301 1157//1157 
f 1301//1301 1300//1300 1156//1156 
f 1300//1300 1299//1299 1155//1155 
f 1299//1299 1298//1298 1154//1154 
f 1298//1298 1297//1297 1153//1153 
f 1297//1297 1440//1440 1296//1296 
f 1296//1296 1295//1295 1151//1151 
f 1295//1295 1294//1294 1150//1150 
f 1294//1294 1293//1293 1149//1149 
f 1293//1293 1292//1292 1148//1148 
f 1292//1292 1291//1291 1147//1147 
f 1291//1291 1290//1290 1146//1146 
f 1290//1290 1289//1289 1145//1145 
f 1289//1289 1288//1288 1144//1144 
f 1288//1288 1287//1287 1143//1143 
f 1287//1287 1286//1286 1142//1142 
f 1286//1286 1285//1285 1141//1141 
f 1285//1285 1284//1284 1140//1140 
f 1284//1284 1283//1283 1139//1139 
f 1283//1283 1282//1282 1138//1138 
f 1282//1282 1281//1281 1137//1137 
f 1281//1281 1280//1280 1136//1136 
f 1280//1280 1279//1279 1135//1135 
f 1279//1279 1278//1278 1134//1134 
f 1278//1278 1277//1277 1133//1133 
f 1277//1277 1276//1276 1132//1132 
f 1276//1276 1275//1275 1131//1131 
f 1275//1275 1274//1274 1130//1130 
f 1274//1274 1273//1273 1129//1129 
f 1273//1273 1272//1272 1128//1128 
f 1272//1272 1271//1271 1127//1127 
f 1271//1271 1270//1270 1126//1126 
f 1270//1270 1269//1269 1125//1125 
f 1269//1269 1268//1268 1124//1124 
f 1268//1268 1267//1267 1123//1123 
f 1267//1267 1266//1266 1122//1122 
f 1266//1266 1265//1265 1121//1121 
f 1265//1265 1264//1264 1120//1120 
f 1264//1264 1263//1263 1119//1119 
f 1263//1263 1262//1262 1118//1118 
f 1262//1262 1261//1261 1117//1117 
f 1261//1261 1260//1260 1116//1116 
f 1260//1260 1259//1259 1115//1115 
f 1259//1259 1258//1258 1114//1114 
f 1258//1258 1257//1257 1113//1113 
f 1257//1257 1256//1256 1112//1112 
f 1256//1256 1255//1255 1111//1111 
f 1255//1255 1254//1254 1110//1110 
f 1254//1254 1253//1253 1109//1109 
f 1253//1253 1252//1252 1108//1108 
f 1252//1252 1251//1251 1107//1107 
f 1251//1251 1250//1250 1106//1106 
f 1250//1250 1249//1249 1105//1105 
f 1249//1249 1248//1248 1104//1104 
f 1248//1248 1247//1247 1103//1103 
f 1247//1247 1246//1246 1102//1102 
f 1246//1246 1245//1245 1101//1101 
f 1245//1245 1244//1244 1100//1100 
f 1244//1244 1243//1243 1099//1099 
f 1243//1243 1242//1242 1098//1098 
f 1242//1242 1241//1241 1097//1097 
f 1241//1241 1240//1240 1096//1096 
f 1240//1240 1239//1239 1095//1095 
f 1239//1239 1238//1238 1094//1094 
f 1238//1238 1237//1237 1093//1093 
f 1237//1237 1236//1236 1092//1092 
f 1236//1236 1235//1235 1091//1091 
f 1235//1235 1234//1234 1090//1090 
f 1234//1234 1233//1233 1089//1089 
f 1233//1233 1232//1232 1088//1088 
f 1232//1232 1231//1231 1087//1087 
f 1231//1231 1230//1230 1086//1086 
f 1230//1230 1229//1229 1085//1085 
f 1229//1229 1228//1228 1084//1084 
f 1228//1228 1227//1227 1083//1083 
f 1227//1227 1226//1226 1082//1082 
f 1226//1226 1225//1225 1081//1081 
f 1225//1225 1224//1224 1080//1080 
f 1224//1224 1223//1223 1079//1079 
f 1223//1223 1222//1222 1078//1078 
f 1222//1222 1221//1221 1077//1077 
f 1221//1221 1220//1220 1076//1076 
f 1220//1220 1219//1219 1075//1075 
f 1219//1219 1218//1218 1074//1074 
f 1218//1218 1217//1217 1073//1073 
f 1217//1217 1216//1216 1072//1072 
f 1216//1216 1215//1215 1071//1071 
f 1215//1215 1214//1214 1070//1070 
f 1214//1214 1213//1213 1069//1069 
f 1213//1213 1212//1212 1068//1068 
f 1212//1212 1211//1211 1067//1067 
f 1211//1211 1210//1210 1066//1066 
f 1210//1210 1209//1209 1065//1065 
f 1209//1209 1208//1208 1064//1064 
f 1208//1208 1207//1207 1063//1063 
f 1207//1207 1206//1206 1062//1062 
f 1206//1206 1205//1205 1061//1061 
f 1205//1205 1204//1204 1060//1060 
f 1204//1204 1203//1203 1059//1059 
f 1203//1203 1202//1202 1058//1058 
f 1202//1202 1201//1201 1057//1057 
f 1201//1201 1200//1200 1056//1056 
f 1200//1200 1199//1199 1055//1055 
f 1199//1199 1198//1198 1054//1054 
f 1198//1198 1197//1197 1053//1053 
f 1197//1197 1196//1196 1052//1052 
f 1196//1196 1195//1195 1051//1051 
f 1195//1195 1194//1194 1050//1050 
f 1194//1194 1193//1193 1049//1049 
f 1193//1193 1192//1192 1048//1048 
f 1192//1192 1191//1191 1047//1047 
f 1191//1191 1190//1190 1046//1046 
f 1190//1190 1189//1189 1045//1045 
f 1189//1189 1188//1188 1044//1044 
f 1188//1188 1187//1187 1043//1043 
f 1187//1187 1186//1186 1042//1042 
f 1186//1186 1185//1185 1041//1041 
f 1185//1185 1184//1184 1040//1040 
f 1184//1184 1183//1183 1039//1039 
f 1183//1183 1182//1182 1038//1038 
f 1182//1182 1181//1181 1037//1037 
f 1181//1181 1180//1180 1036//1036 
f 1180//1180 1179//1179 1035//1035 
f 1179//1179 1178//1178 1034//1034 
f 1178//1178 1177//1177 1033//1033 
f 1177//1177 1176//1176 1032//1032 
f 1176//1176 1175//1175 1031//1031 
f 1175//1175 1174//1174 1030//1030 
f 1174//1174 1173//1173 1029//1029 
f 1173//1173 1172//1172 1028//1028 
f 1172//1172 1171//1171 1027//1027 
f 1171//1171 1170//1170 1026//1026 
f 1170//1170 1169//1169 1025//1025 
f 1169//1169 1168//1168 1024//1024 
f 1168//1168 1167//1167 1023//1023 
f 1167//1167 1166//1166 1022//1022 
f 1166//1166 1165//1165 1021//1021 
f 1165//1165 1164//1164 1020//1020 
f 1164//1164 1163//1163 1019//1019 
f 1163//1163 1162//1162 1018//1018 
f 1162//1162 1161//1161 1017//1017 
f 1161//1161 1160//1160 1016//1016 
f 1160//1160 1159//1159 1015//1015 
f 1159//1159 1158//1158 1014//1014 
f 1158//1158 1157//1157 1013//1013 
f 1157//1157 1156//1156 1012//1012 
f 1156//1156 1155//1155 1011//1011 
f 1155//1155 1154//1154 1010//1010 
f 1154//1154 1153//1153 1009//1009 
f 1153//1153 1296//1296 1152//1152 
f 1152//1152 1151//1151 1007//1007 
f 1151//1151 1150//1150 1006//1006 
f 1150//1150 1149//1149 1005//1005 
f 1149//1149 1148//1148 1004//1004 
f 1148//1148 1147//1147 1003//1003 
f 1147//1147 1146//1146 1002//1002 
f 1146//1146 1145//1145 1001//1001 
f 1145//1145 1144//1144 1000//1000 
f 1144//1144 1143//1143 999//999 
f 1143//1143 1142//1142 998//998 
f 1142//1142 1141//1141 997//997 
f 1141//1141 1140//1140 996//996 
f 1140//1140 1139//1139 995//995 
f 1139//1139 1138//1138 994//994 
f 1138//1138 1137//1137 993//993 
f 1137//1137 1136//1136 992//992 
f 1136//1136 1135//1135 991//991 
f 1135//1135 1134//1134 990//990 
f 1134//1134 1133//1133 989//989 
f 1133//1133 1132//1132 988//988 
f 1132//1132 1131//1131 987//987 
f 1131//1131 1130//1130 986//986 
f 1130//1130 1129//1129 985//985 
f 1129//1129 1128//1128 984//984 
f 1128//1128 1127//1127 983//983 
f 1127//1127 1126//1126 982//982 
f 1126//1126 1125//1125 981//981 
f 1125//1125 1124//1124 980//980 
f 1124//1124 1123//1123 979//979 
f 1123//1123 1122//1122 978//978 
f 1122//1122 1121//1121 977//977 
f 1121//1121 1120//1120 976//976 
f 1120//1120 1119//1119 975//975 
f 1119//1119 1118//1118 974//974 
f 1118//1118 1117//1117 973//973 
f 1117//1117 1116//1116 972//972 
f 1116//1116 1115//1115 971//971 
f 1115//1115 1114//1114 970//970 
f 1114//1114 1113//1113 969//969 
f 1113//1113 1112//1112 968//968 
f 1112//1112 1111//1111 967//967 
f 1111//1111 1110//1110 966//966 
f 1110//1110 1109//1109 965//965 
f 1109//1109 1108//1108 964//964 
f 1108//1108 1107//1107 963//963 
f 1107//1107 1106//1106 962//962 
f 1106//1106 1105//1105 961//961 
f 1105//1105 1104//1104 960//960 
f 1104//1104 1103//1103 959//959 
f 1103//1103 1102//1102 958//958 
f 1102//1102 1101//1101 957//957 
f 1101//1101 1100//1100 956//956 
f 1100//1100 1099//1099 955//955 
f 1099//1099 1098//1098 954//954 
f 1098//1098 1097//1097 953//953 
f 1097//1097 1096//1096 952//952 
f 1096//1096 1095//1095 951//951 
f 1095//1095 1094//1094 950//950 
f 1094//1094 1093//1093 949//949 
f 1093//1093 1092//1092 948//948 
f 1092//1092 1091//1091 947//947 
f 1091//1091 1090//1090 946//946 
f 1090//1090 1089//1089 945//945 
f 1089//1089 1088//1088 944//944 
f 1088//1088 1087//1087 943//943 
f 1087//1087 1086//1086 942//942 
f 1086//1086 1085//1085 941//941 
f 1085//1085 1084//1084 940//940 
f 1084//1084 1083//1083 939//939 
f 1083//1083 1082//1082 938//938 
f 1082//1082 1081//1081 937//937 
f 1081//1081 1080//1080 936//936 
f 1080//1080 1079//1079 935//935 
f 1079//1079 1078//1078 934//934 
f 1078//1078 1077//1077 933//933 
f 1077//1077 1076//1076 932//932 
f 1076//1076 1075//1075 931//931 
f 1075//1075 1074//1074 930//930 
f 1074//1074 1073//1073 929//929 
f 1073//1073 1072//1072 928//928 
f 1072//1072 1071//1071 927//927 
f 1071//1071 1070//1070 926//926 
f 1070//1070 1069//1069 925//925 
f 1069//1069 1068//1068 924//924 
f 1068//1068 1067//1067 923//923 
f 1067//1067 1066//1066 922//922 
f 1066//1066 1065//1065 921//921 
f 1065//1065 1064//1064 920//920 
f 1064//1064 1063//1063 919//919 
f 1063//1063 1062//1062 918//918 
f 1062//1062 1061//1061 917//917 
f 1061//1061 1060//1060 916//916 
f 1060//1060 1059//1059 915//915 
f 1059//1059 1058//1058 914//914 
f 1058//1058 1057//1057 913//913 
f 1057//1057 1056//1056 912//912 
f 1056//1056 1055//1055 911//911 
f 1055//1055 1054//1054 910//910 
f 1054//1054 1053//1053 909//909 
f 1053//1053 1052//1052 908//908 
f 1052//1052 1051//1051 907//907 
f 1051//1051 1050//1050 906//906 
f 1050//1050 1049//1049 905//905 
f 1049//1049 1048//1048 904//904 
f 1048//1048 1047//1047 903//903 
f 1047//1047 1046//1046 902//902 
f 1046//1046 1045//1045 901//901 
f 1045//1045 1044//1044 900//900 
f 1044//1044 1043//1043 899//899 
f 1043//1043 1042//1042 898//898 
f 1042//1042 1041//1041 897//897 
f 1041//1041 1040//1040 896//896 
f 1040//1040 1039//1039 895//895 
f 1039//1039 1038//1038 894//894 
f 1038//1038 1037//1037 893//893 
f 1037//1037 1036//1036 892//892 
f 1036//1036 1035//1035 891//891 
f 1035//1035 1034//1034 890//890 
f 1034//1034 1033//1033 889//889 
f 1033//1033 1032//1032 888//888 
f 1032//1032 1031//1031 887//887 
f 1031//1031 1030//1030 886//886 
f 1030//1030 1029//1029 885//885 
f 1029//1029 1028//1028 884//884 
f 1028//1028 1027//1027 883//883 
f 1027//1027 1026//1026 882//882 
f 1026//1026 1025//1025 881//881 
f 1025//1025 1024//1024 880//880 
f 1024//1024 1023//1023 879//879 
f 1023//1023 1022//1022 878//878 
f 1022//1022 1021//1021 877//877 
f 1021//1021 1020//1020 876//876 
f 1020//1020 1019//1019 875//875 
f 1019//1019 1018//1018 874//874 
f 1018//1018 1017//1017 873//873 
f 1017//1017 1016//1016 872//872 
f 1016//1016 1015//1015 871//871 
f 1015//1015 1014//1014 870//870 
f 1014//1014 1013//1013 869//869 
f 1013//1013 1012//1012 868//868 
f 1012//1012 1011//1011 867//867 
f 1011//1011 1010//1010 866//866 
f 1010//1010 1009//1009 865//865 
f 1009//1009 1152//1152 1008//1008 
f 1008//1008 1007//1007 863//863 
f 1007//1007 1006//1006 862//862 
f 1006//1006 1005//1005 861//861 
f 1005//1005 1004//1004 860//860 
f 1004//1004 1003//1003 859//859 
f 1003//1003 1002//1002 858//858 
f 1002//1002 1001//1001 857//857 
f 1001//1001 1000//1000 856//856 
f 1000//1000 999//999 855//855 
f 999//999 998//998 854//854 
f 998//998 997//997 853//853 
f 997//997 996//996 852//852 
f 996//996 995//995 851//851 
f 995//995 994//994 850//850 
f 994//994 993//993 849//849 
f 993//993 992//992 848//848 
f 992//992 991//991 847//847 
f 991//991 990//990 846//846 
f 990//990 989//989 845//845 
f 989//989 988//988 844//844 
f 988//988 987//987 843//843 
f 987//987 986//986 842//842 
f 986//986 985//985 841//841 
f 985//985 984//984 840//840 
f 984//984 983//983 839//839 
f 983//983 982//982 838//838 
f 982//982 981//981 837//837 
f 981//981 980//980 836//836 
f 980//980 979//979 835//835 
f 979//979 978//978 834//834 
f 978//978 977//977 833//833 
f 977//977 976//976 832//832 
f 976//976 975//975 831//831 
f 975//975 974//974 830//830 
f 974//974 973//973 829//829 
f 973//973 972//972 828//828 
f 972//972 971//971 827//827 
f 971//971 970//970 826//826 
f 970//970 969//969 825//825 
f 969//969 968//968 824//824 
f 968//968 967//967 823//823 
f 967//967 966//966 822//822 
f 966//966 965//965 821//821 
f 965//965 964//964 820//820 
f 964//964 963//963 819//819 
f 963//963 962//962 818//818 
f 962//962 961//961 817//817 
f 961//961 960//960 816//816 
f 960//960 959//959 815//815 
f 959//959 958//958 814//814 
f 958//958 957//957 813//813 
f 957//957 956//956 812//812 
f 956//956 955//955 811//811 
f 955//955 954//954 810//810 
f 954//954 953//953 809//809 
f 953//953 952//952 808//808 
f 952//952 951//951 807//807 
f 951//951 950//950 806//806 
f 950//950 949//949 805//805 
f 949//949 948//948 804//804 
f 948//948 947//947 803//803 
f 947//947 946//946 802//802 
f 946//946 945//945 801//801 
f 945//945 944//944 800//800 
f 944//944 943//943 799//799 
f 943//943 942//942 798//798 
f 942//942 941//941 797//797 
f 941//941 940//940 796//796 
f 940//940 939//939 795//795 
f 939//939 938//938 794//794 
f 938//938 937//937 793//793 
f 937//937 936//936 792//792 
f 936//936 935//935 791//791 
f 935//935 934//934 790//790 
f 934//934 933//933 789//789 
f 933//933 932//932 788//788 
f 932//932 931//931 787//787 
f 931//931 930//930 786//786 
f 930//930 929//929 785//785 
f 929//929 928//928 784//784 
f 928//928 927//927 783//783 
f 927//927 926//926 782//782 
f 926//926 925//925 781//781 
f 925//925 924//924 780//780 
f 924//924 923//923 779//779 
f 923//923 922//922 778//778 
f 922//922 921//921 777//777 
f 921//921 920//920 776//776 
f 920//920 919//919 775//775 
f 919//919 918//918 774//774 
f 918//918 917//917 773//773 
f 917//917 916//916 772//772 
f 916//916 915//915 771//771 
f 915//915 914//914 770//770 
f 914//914 913//913 769//769 
f 913//913 912//912 768//768 
f 912//912 911//911 767//767 
f 911//911 910//910 766//766 
f 910//910 909//909 765//765 
f 909//909 908//908 764//764 
f 908//908 907//907 763//763 
f 907//907 906//906 762//762 
f 906//906 905//905 761//761 
f 905//905 904//904 760//760 
f 904//904 903//903 759//759 
f 903//903 902//902 758//758 
f 902//902 901//901 757//757 
f 901//901 900//900 756//756 
f 900//900 899//899 755//755 
f 899//899 898//898 754//754 
f 898//898 897//897 753//753 
f 897//897 896//896 752//752 
f 896//896 895//895 751//751 
f 895//895 894//894 750//750 
f 894//894 893//893 749//749 
f 893//893 892//892 748//748 
f 892//892 891//891 747//747 
f 891//891 890//890 746//746 
f 890//890 889//889 745//745 
f 889//889 888//888 744//744 
f 888//888 887//887 743//743 
f 887//887 886//886 742//742 
f 886//886 885//885 741//741 
f 885//885 884//884 740//740 
f 884//884 883//883 739//739 
f 883//883 882//882 738//738 
f 882//882 881//881 737//737 
f 881//881 880//880 736//736 
f 880//880 879//879 735//735 
f 879//879 878//878 734//734 
f 878//878 877//877 733//733 
f 877//877 876//876 732//732 
f 876//876 875//875 731//731 
f 875//875 874//874 730//730 
f 874//874 873//873 729//729 
f 873//873 872//872 728//728 
f 872//872 871//871 727//727 
f 871//871 870//870 726//726 
f 870//870 869//869 725//725 
f 869//869 868//868 724//724 
f 868//868 867//867 723//723 
f 867//867 866//866 722//722 
f 866//866 865//865 721//721 
f 865//865 1008//1008 864//864 
f 864//864 863//863 719//719 
f 863//863 862//862 718//718 
f 862//862 861//861 717//717 
f 861//861 860//860 716//716 
f 860//860 859//859 715//715 
f 859//859 858//858 714//714 
f 858//858 857//857 713//713 
f 857//857 856//856 712//712 
f 856//856 855//855 711//711 
f 855//855 854//854 710//710 
f 854//854 853//853 709//709 
f 853//853 852//852 708//708 
f 852//852 851//851 707//707 
f 851//851 850//850 706//706 
f 850//850 849//849 705//705 
f 849//849 848//848 704//704 
f 848//848 847//847 703//703 
f 847//847 846//846 702//702 
f 846//846 845//845 701//701 
f 845//845 844//844 700//700 
f 844//844 843//843 699//699 
f 843//843 842//842 698//698 
f 842//842 841//841 697//697 
f 841//841 840//840 696//696 
f 840//840 839//839 695//695 
f 839//839 838//838 694//694 
f 838//838 837//837 693//693 
f 837//837 836//836 692//692 
f 836//836 835//835 691//691 
f 835//835 834//834 690//690 
f 834//834 833//833 689//689 
f 833//833 832//832 688//688 
f 832//832 831//831 687//687 
f 831//831 830//830 686//686 
f 830//830 829//829 685//685 
f 829//829 828//828 684//684 
f 828//828 827//827 683//683 
f 827//827 826//826 682//682 
f 826//826 825//825 681//681 
f 825//825 824//824 680//680 
f 824//824 823//823 679//679 
f 823//823 822//822 678//678 
f 822//822 821//821 677//677 
f 821//821 820//820 676//676 
f 820//820 819//819 675//675 
f 819//819 818//818 674//674 
f 818//818 817//817 673//673 
f 817//817 816//816 672//672 
f 816//816 815//815 671//671 
f 815//815 814//814 670//670 
f 814//814 813//813 669//669 
f 813//813 812//812 668//668 
f 812//812 811//811 667//667 
f 811//811 810//810 666//666 
f 810//810 809//809 665//665 
f 809//809 808//808 664//664 
f 808//808 807//807 663//663 
f 807//807 806//806 662//662 
f 806//806 805//805 661//661 
f 805//805 804//804 660//660 
f 804//804 803//803 659//659 
f 803//803 802//802 658//658 
f 802//802 801//801 657//657 
f 801//801 800//800 656//656 
f 800//800 799//799 655//655 
f 799//799 798//798 654//654 
f 798//798 797//797 653//653 
f 797//797 796//796 652//652 
f 796//796 795//795 651//651 
f 795//795 794//794 650//650 
f 794//794 793//793 649//649 
f 793//793 792//792 648//648 
f 792//792 791//791 647//647 
f 791//791 790//790 646//646 
f 790//790 789//789 645//645 
f 789//789 788//788 644//644 
f 788//788 787//787 643//643 
f 787//787 786//786 642//642 
f 786//786 785//785 641//641 
f 785//785 784//784 640//640 
f 784//784 783//783 639//639 
f 783//783 782//782 638//638 
f 782//782 781//781 637//637 
f 781//781 780//780 636//636 
f 780//780 779//779 635//635 
f 779//779 778//778 634//634 
f 778//778 777//777 633//633 
f 777//777 776//776 632//632 
f 776//776 775//775 631//631 
f 775//775 774//774 630//630 
f 774//774 773//773 629//629 
f 773//773 772//772 628//628 
f 772//772 771//771 627//627 
f 771//771 770//770 626//626 
f 770//770 769//769 625//625 
f 769//769 768//768 624//624 
f 768//768 767//767 623//623 
f 767//767 766//766 622//622 
f 766//766 765//765 621//621 
f 765//765 764//764 620//620 
f 764//764 763//763 619//619 
f 763//763 762//762 618//618 
f 762//762 761//761 617//617 
f 761//761 760//760 616//616 
f 760//760 759//759 615//615 
f 759//759 758//758 614//614 
f 758//758 757//757 613//613 
f 757//757 756//756 612//612 
f 756//756 755//755 611//611 
f 755//755 754//754 610//610 
f 754//754 753//753 609//609 
f 753//753 752//752 608//608 
f 752//752 751//751 607//607 
f 751//751 750//750 606//606 
f 750//750 749//749 605//605 
f 749//749 748//748 604//604 
f 748//748 747//747 603//603 
f 747//747 746//746 602//602 
f 746//746 745//745 601//601 
f 745//745 744//744 600//600 
f 744//744 743//743 599//599 
f 743//743 742//742 598//598 
f 742//742 741//741 597//597 
f 741//741 740//740 596//596 
f 740//740 739//739 595//595 
f 739//739 738//738 594//594 
f 738//738 737//737 593//593 
f 737//737 736//736 592//592 
f 736//736 735//735 591//591 
f 735//735 734//734 590//590 
f 734//734 733//733 589//589 
f 733//733 732//732 588//588 
f 732//732 731//731 587//587 
f 731//731 730//730 586//586 
f 730//730 729//729 585//585 
f 729//729 728//728 584//584 
f 728//728 727//727 583//583 
f 727//727 726//726 582//582 
f 726//726 725//725 581//581 
f 725//725 724//724 580//580 
f 724//724 723//723 579//579 
f 723//723 722//722 578//578 
f 722//722 721//721 577//577 
f 721//721 864//864 720//720 
f 720//720 719//719 575//575 
f 719//719 718//718 574//574 
f 718//718 717//717 573//573 
f 717//717 716//716 572//572 
f 716//716 715//715 571//571 
f 715//715 714//714 570//570 
f 714//714 713//713 569//569 
f 713//713 712//712 568//568 
f 712//712 711//711 567//567 
f 711//711 710//710 566//566 
f 710//710 709//709 565//565 
f 709//709 708//708 564//564 
f 708//708 707//707 563//563 
f 707//707 706//706 562//562 
f 706//706 705//705 561//561 
f 705//705 704//704 560//560 
f 704//704 703//703 559//559 
f 703//703 702//702 558//558 
f 702//702 701//701 557//557 
f 701//701 700//700 556//556 
f 700//700 699//699 555//555 
f 699//699 698//698 554//554 
f 698//698 697//697 553//553 
f 697//697 696//696 552//552 
f 696//696 695//695 551//551 
f 695//695 694//694 550//550 
f 694//694 693//693 549//549 
f 693//693 692//692 548//548 
f 692//692 691//691 547//547 
f 691//691 690//690 546//546 
f 690//690 689//689 545//545 
f 689//689 688//688 544//544 
f 688//688 687//687 543//543 
f 687//687 686//686 542//542 
f 686//686 685//685 541//541 
f 685//685 684//684 540//540 
f 684//684 683//683 539//539 
f 683//683 682//682 538//538 
f 682//682 681//681 537//537 
f 681//681 680//680 536//536 
f 680//680 679//679 535//535 
f 679//679 678//678 534//534 
f 678//678 677//677 533//533 
f 677//677 676//676 532//532 
f 676//676 675//675 531//531 
f 675//675 674//674 530//530 
f 674//674 673//673 529//529 
f 673//673 672//672 528//528 
f 672//672 671//671 527//527 
f 671//671 670//670 526//526 
f 670//670 669//669 525//525 
f 669//669 668//668 524//524 
f 668//668 667//667 523//523 
f 667//667 666//666 522//522 
f 666//666 665//665 521//521 
f 665//665 664//664 520//520 
f 664//664 663//663 519//519 
f 663//663 662//662 518//518 
f 662//662 661//661 517//517 
f 661//661 660//660 516//516 
f 660//660 659//659 515//515 
f 659//659 658//658 514//514 
f 658//658 657//657 513//513 
f 657//657 656//656 512//512 
f 656//656 655//655 511//511 
f 655//655 654//654 510//510 
f 654//654 653//653 509//509 
f 653//653 652//652 508//508 
f 652//652 651//651 507//507 
f 651//651 650//650 506//506 
f 650//650 649//649 505//505 
f 649//649 648//648 504//504 
f 648//648 647//647 503//503 
f 647//647 646//646 502//502 
f 646//646 645//645 501//501 
f 645//645 644//644 500//500 
f 644//644 643//643 499//499 
f 643//643 642//642 498//498 
f 642//642 641//641 497//497 
f 641//641 640//640 496//496 
f 640//640 639//639 495//495 
f 639//639 638//638 494//494 
f 638//638 637//637 493//493 
f 637//637 636//636 492//492 
f 636//636 635//635 491//491 
f 635//635 634//634 490//490 
f 634//634 633//633 489//489 
f 633//633 632//632 488//488 
f 632//632 631//631 487//487 
f 631//631 630//630 486//486 
f 630//630 629//629 485//485 
f 629//629 628//628 484//484 
f 628//628 627//627 483//483 
f 627//627 626//626 482//482 
f 626//626 625//625 481//481 
f 625//625 624//624 480//480 
f 624//624 623//623 479//479 
f 623//623 622//622 478//478 
f 622//622 621//621 477//477 
f 621//621 620//620 476//476 
f 620//620 619//619 475//475 
f 619//619 618//618 474//474 
f 618//618 617//617 473//473 
f 617//617 616//616 472//472 
f 616//616 615//615 471//471 
f 615//615 614//614 470//470 
f 614//614 613//613 469//469 
f 613//613 612//612 468//468 
f 612//612 611//611 467//467 
f 611//611 610//610 466//466 
f 610//610 609//609 465//465 
f 609//609 608//608 464//464 
f 608//608 607//607 463//463 
f 607//607 606//606 462//462 
f 606//606 605//605 461//461 
f 605//605 604//604 460//460 
f 604//604 603//603 459//459 
f 603//603 602//602 458//458 
f 602//602 601//601 457//457 
f 601//601 600//600 456//456 
f 600//600 599//599 455//455 
f 599//599 598//598 454//454 
f 598//598 597//597 453//453 
f 597//597 596//596 452//452 
f 596//596 595//595 451//451 
f 595//595 594//594 450//450 
f 594//594 593//593 449//449 
f 593//593 592//592 448//448 
f 592//592 591//591 447//447 
f 591//591 590//590 446//446 
f 590//590 589//589 445//445 
f 589//589 588//588 444//444 
f 588//588 587//587 443//443 
f 587//587 586//586 442//442 
f 586//586 585//585 441//441 
f 585//585 584//584 440//440 
f 584//584 583//583 439//439 
f 583//583 582//582 438//438 
f 582//582 581//581 437//437 
f 581//581 580//580 436//436 
f 580//580 579//579 435//435 
f 579//579 578//578 434//434 
f 578//578 577//577 433//433 
f 577//577 720//720 576//576 
f 576//576 575//575 431//431 
f 575//575 574//574 430//430 
f 574//574 573//573 429//429 
f 573//573 572//572 428//428 
f 572//572 571//571 427//427 
f 571//571 570//570 426//426 
f 570//570 569//569 425//425 
f 569//569 568//568 424//424 
f 568//568 567//567 423//423 
f 567//567 566//566 422//422 
f 566//566 565//565 421//421 
f 565//565 564//564 420//420 
f 564//564 563//563 419//419 
f 563//563 562//562 418//418 
f 562//562 561//561 417//417 
f 561//561 560//560 416//416 
f 560//560 559//559 415//415 
f 559//559 558//558 414//414 
f 558//558 557//557 413//413 
f 557//557 556//556 412//412 
f 556//556 555//555 411//411 
f 555//555 554//554 410//410 
f 554//554 553//553 409//409 
f 553//553 552//552 408//408 
f 552//552 551//551 407//407 
f 551//551 550//550 406//406 
f 550//550 549//549 405//405 
f 549//549 548//548 404//404 
f 548//548 547//547 403//403 
f 547//547 546//546 402//402 
f 546//546 545//545 401//401 
f 545//545 544//544 400//400 
f 544//544 543//543 399//399 
f 543//543 542//542 398//398 
f 542//542 541//541 397//397 
f 541//541 540//540 396//396 
f 540//540 539//539 395//395 
f 539//539 538//538 394//394 
f 538//538 537//537 393//393 
f 537//537 536//536 392//392 
f 536//536 535//535 391//391 
f 535//535 534//534 390//390 
f 534//534 533//533 389//389 
f 533//533 532//532 388//388 
f 532//532 531//531 387//387 
f 531//531 530//530 386//386 
f 530//530 529//529 385//385 
f 529//529 528//528 384//384 
f 528//528 527//527 383//383 
f 527//527 526//526 382//382 
f 526//526 525//525 381//381 
f 525//525 524//524 380//380 
f 524//524 523//523 379//379 
f 523//523 522//522 378//378 
f 522//522 521//521 377//377 
f 521//521 520//520 376//376 
f 520//520 519//519 375//375 
f 519//519 518//518 374//374 
f 518//518 517//517 373//373 
f 517//517 516//516 372//372 
f 516//516 515//515 371//371 
f 515//515 514//514 370//370 
f 514//514 513//513 369//369 
f 513//513 512//512 368//368 
f 512//512 511//511 367//367 
f 511//511 510//510 366//366 
f 510//510 509//509 365//365 
f 509//509 508//508 364//364 
f 508//508 507//507 363//363 
f 507//507 506//506 362//362 
f 506//506 505//505 361//361 
f 505//505 504//504 360//360 
f 504//504 503//503 359//359 
f 503//503 502//502 358//358 
f 502//502 501//501 357//357 
f 501//501 500//500 356//356 
f 500//500 499//499 355//355 
f 499//499 498//498 354//354 
f 498//498 497//497 353//353 
f 497//497 496//496 352//352 
f 496//496 495//495 351//351 
f 495//495 494//494 350//350 
f 494//494 493//493 349//349 
f 493//493 492//492 348//348 
f 492//492 491//491 347//347 
f 491//491 490//490 346//346 
f 490//490 489//489 345//345 
f 489//489 488//488 344//344 
f 488//488 487//487 343//343 
f 487//487 486//486 342//342 
f 486//486 485//485 341//341 
f 485//485 484//484 340//340 
f 484//484 483//483 339//339 
f 483//483 482//482 338//338 
f 482//482 481//481 337//337 
f 481//481 480//480 336//336 
f 480//480 479//479 335//335 
f 479//479 478//478 334//334 
f 478//478 477//477 333//333 
f 477//477 476//476 332//332 
f 476//476 475//475 331//331 
f 475//475 474//474 330//330 
f 474//474 473//473 329//329 
f 473//473 472//472 328//328 
f 472//472 471//471 327//327 
f 471//471 470//470 326//326 
f 470//470 469//469 325//325 
f 469//469 468//468 324//324 
f 468//468 467//467 323//323 
f 467//467 466//466 322//322 
f 466//466 465//465 321//321 
f 465//465 464//464 320//320 
f 464//464 463//463 319//319 
f 463//463 462//462 318//318 
f 462//462 461//461 317//317 
f 461//461 460//460 316//316 
f 460//460 459//459 315//315 
f 459//459 458//458 314//314 
f 458//458 457//457 313//313 
f 457//457 456//456 312//312 
f 456//456 455//455 311//311 
f 455//455 454//454 310//310 
f 454//454 453//453 309//309 
f 453//453 452//452 308//308 
f 452//452 451//451 307//307 
f 451//451 450//450 306//306 
f 450//450 449//449 305//305 
f 449//449 448//448 304//304 
f 448//448 447//447 303//303 
f 447//447 446//446 302//302 
f 446//446 445//445 301//301 
f 445//445 444//444 300//300 
f 444//444 443//443 299//299 
f 443//443 442//442 298//298 
f 442//442 441//441 297//297 
f 441//441 440//440 296//296 
f 440//440 439//439 295//295 
f 439//439 438//438 294//294 
f 438//438 437//437 293//293 
f 437//437 436//436 292//292 
f 436//436 435//435 291//291 
f 435//435 434//434 290//290 
f 434//434 433//433 289//289 
f 433//433 576//576 432//432 
f 432//432 431//431 287//287 
f 431//431 430//430 286//285 
f 430//430 429//429 285//283 
f 429//429 428//428 284//281 
f 428//428 427//427 283//279 
f 427//427 426//426 282//277 
f 426//426 425//425 281//275 
f 425//425 424//424 280//273 
f 424//424 423//423 279//271 
f 423//423 422//422 278//269 
f 422//422 421//421 277//267 
f 421//421 420//420 276//265 
f 420//420 419//419 275//263 
f 419//419 418//418 274//261 
f 418//418 417//417 273//259 
f 417//417 416//416 272//257 
f 416//416 415//415 271//255 
f 415//415 414//414 270//253 
f 414//414 413//413 269//251 
f 413//413 412//412 268//249 
f 412//412 411//411 267//247 
f 411//411 410//410 266//245 
f 410//410 409//409 265//243 
f 409//409 408//408 264//241 
f 408//408 407//407 263//239 
f 407//407 406//406 262//237 
f 406//406 405//405 261//235 
f 405//405 404//404 260//233 
f 404//404 403//403 259//231 
f 403//403 402//402 258//229 
f 402//402 401//401 257//227 
f 401//401 400//400 256//225 
f 400//400 399//399 255//223 
f 399//399 398//398 254//221 
f 398//398 397//397 253//219 
f 397//397 396//396 252//217 
f 396//396 395//395 251//215 
f 395//395 394//394 250//213 
f 394//394 393//393 249//211 
f 393//393 392//392 248//209 
f 392//392 391//391 247//207 
f 391//391 390//390 246//205 
f 390//390 389//389 245//203 
f 389//389 388//388 244//201 
f 388//388 387//387 243//199 
f 387//387 386//386 242//197 
f 386//386 385//385 241//195 
f 385//385 384//384 240//193 
f 384//384 383//383 239//191 
f 383//383 382//382 238//189 
f 382//382 381//381 237//187 
f 381//381 380//380 236//185 
f 380//380 379//379 235//183 
f 379//379 378//378 234//181 
f 378//378 377//377 233//179 
f 377//377 376//376 232//177 
f 376//376 375//375 231//175 
f 375//375 374//374 230//173 
f 374//374 373//373 229//171 
f 373//373 372//372 228//169 
f 372//372 371//371 227//167 
f 371//371 370//370 226//165 
f 370//370 369//369 225//163 
f 369//369 368//368 224//161 
f 368//368 367//367 223//159 
f 367//367 366//366 222//157 
f 366//366 365//365 221//155 
f 365//365 364//364 220//153 
f 364//364 363//363 219//151 
f 363//363 362//362 218//149 
f 362//362 361//361 217//147 
f 361//361 360//360 216//145 
f 360//360 359//359 215//143 
f 359//359 358//358 214//141 
f 358//358 357//357 213//139 
f 357//357 356//356 212//137 
f 356//356 355//355 211//135 
f 355//355 354//354 210//133 
f 354//354 353//353 209//131 
f 353//353 352//352 208//129 
f 352//352 351//351 207//127 
f 351//351 350//350 206//125 
f 350//350 349//349 205//123 
f 349//349 348//348 204//121 
f 348//348 347//347 203//119 
f 347//347 346//346 202//117 
f 346//346 345//345 201//115 
f 345//345 344//344 200//113 
f 344//344 343//343 199//111 
f 343//343 342//342 198//109 
f 342//342 341//341 197//107 
f 341//341 340//340 196//105 
f 340//340 339//339 195//103 
f 339//339 338//338 194//101 
f 338//338 337//337 193//99 
f 337//337 336//336 192//97 
f 336//336 335//335 191//95 
f 335//335 334//334 190//93 
f 334//334 333//333 189//91 
f 333//333 332//332 188//89 
f 332//332 331//331 187//87 
f 331//331 330//330 186//85 
f 330//330 329//329 185//83 
f 329//329 328//328 184//81 
f 328//328 327//327 183//79 
f 327//327 326//326 182//77 
f 326//326 325//325 181//75 
f 325//325 324//324 180//73 
f 324//324 323//323 179//71 
f 323//323 322//322 178//69 
f 322//322 321//321 177//67 
f 321//321 320//320 176//65 
f 320//320 319//319 175//63 
f 319//319 318//318 174//61 
f 318//318 317//317 173//59 
f 317//317 316//316 172//57 
f 316//316 315//315 171//55 
f 315//315 314//314 170//53 
f 314//314 313//313 169//51 
f 313//313 312//312 168//49 
f 312//312 311//311 167//47 
f 311//311 310//310 166//45 
f 310//310 309//309 165//43 
f 309//309 308//308 164//41 
f 308//308 307//307 163//39 
f 307//307 306//306 162//37 
f 306//306 305//305 161//35 
f 305//305 304//304 160//33 
f 304//304 303//303 159//31 
f 303//303 302//302 158//29 
f 302//302 301//301 157//27 
f 301//301 300//300 156//25 
f 300//300 299//299 155//23 
f 299//299 298//298 154//21 
f 298//298 297//297 153//19 
f 297//297 296//296 152//17 
f 296//296 295//295 151//15 
f 295//295 294//294 150//13 
f 294//294 293//293 149//11 
f 293//293 292//292 148//9 
f 292//292 291//291 147//7 
f 291//291 290//290 146//5 
f 290//290 289//289 145//3 
f 289//289 432//432 288//288 
f 288//288 287//287 144//286 
f 287//287 286//285 143//284 
f 286//285 285//283 142//282 
f 285//283 284//281 141//280 
f 284//281 283//279 140//278 
f 283//279 282//277 139//276 
f 282//277 281//275 138//274 
f 281//275 280//273 137//272 
f 280//273 279//271 136//270 
f 279//271 278//269 135//268 
f 278//269 277//267 134//266 
f 277//267 276//265 133//264 
f 276//265 275//263 132//262 
f 275//263 274//261 131//260 
f 274//261 273//259 130//258 
f 273//259 272//257 129//256 
f 272//257 271//255 128//254 
f 271//255 270//253 127//252 
f 270//253 269//251 126//250 
f 269//251 268//249 125//248 
f 268//249 267//247 124//246 
f 267//247 266//245 123//244 
f 266//245 265//243 122//242 
f 265//243 264//241 121//240 
f 264//241 263//239 120//238 
f 263//239 262//237 119//236 
f 262//237 261//235 118//234 
f 261//235 260//233 117//232 
f 260//233 259//231 116//230 
f 259//231 258//229 115//228 
f 258//229 257//227 114//226 
f 257//227 256//225 113//224 
f 256//225 255//223 112//222 
f 255//223 254//221 111//220 
f 254//221 253//219 110//218 
f 253//219 252//217 109//216 
f 252//217 251//215 108//214 
f 251//215 250//213 107//212 
f 250//213 249//211 106//210 
f 249//211 248//209 105//208 
f 248//209 247//207 104//206 
f 247//207 246//205 103//204 
f 246//205 245//203 102//202 
f 245//203 244//201 101//200 
f 244//201 243//199 100//198 
f 243//199 242//197 99//196 
f 242//197 241//195 98//194 
f 241//195 240//193 97//192 
f 240//193 239//191 96//190 
f 239//191 238//189 95//188 
f 238//189 237//187 94//186 
f 237//187 236//185 93//184 
f 236//185 235//183 92//182 
f 235//183 234//181 91//180 
f 234//181 233//179 90//178 
f 233//179 232//177 89//176 
f 232//177 231//175 88//174 
f 231//175 230//173 87//172 
f 230//173 229//171 86//170 
f 229//171 228//169 85//168 
f 228//169 227//167 84//166 
f 227//167 226//165 83//164 
f 226//165 225//163 82//162 
f 225//163 224//161 81//160 
f 224//161 223//159 80//158 
f 223//159 222//157 79//156 
f 222//157 221//155 78//154 
f 221//155 220//153 77//152 
f 220//153 219//151 76//150 
f 219//151 218//149 75//148 
f 218//149 217//147 74//146 
f 217//147 216//145 73//144 
f 216//145 215//143 72//142 
f 215//143 214//141 71//140 
f 214//141 213//139 70//138 
f 213//139 212//137 69//136 
f 212//137 211//135 68//134 
f 211//135 210//133 67//132 
f 210//133 209//131 66//130 
f 209//131 208//129 65//128 
f 208//129 207//127 64//126 
f 207//127 206//125 63//124 
f 206//125 205//123 62//122 
f 205//123 204//121 61//120 
f 204//121 203//119 60//118 
f 203//119 202//117 59//116 
f 202//117 201//115 58//114 
f 201//115 200//113 57//112 
f 200//113 199//111 56//110 
f 199//111 198//109 55//108 
f 198//109 197//107 54//106 
f 197//107 196//105 53//104 
f 196//105 195//103 52//102 
f 195//103 194//101 51//100 
f 194//101 193//99 50//98 
f 193//99 192//97 49//96 
f 192//97 191//95 48//94 
f 191//95 190//93 47//92 
f 190//93 189//91 46//90 
f 189//91 188//89 45//88 
f 188//89 187//87 44//86 
f 187//87 186//85 43//84 
f 186//85 185//83 42//82 
f 185//83 184//81 41//80 
f 184//81 183//79 40//78 
f 183//79 182//77 39//76 
f 182//77 181//75 38//74 
f 181//75 180//73 37//72 
f 180//73 179//71 36//70 
f 179//71 178//69 35//68 
f 178//69 177//67 34//66 
f 177//67 176//65 33//64 
f 176//65 175//63 32//62 
f 175//63 174//61 31//60 
f 174//61 173//59 30//58 
f 173//59 172//57 29//56 
f 172//57 171//55 28//54 
f 171//55 170//53 27//52 
f 170//53 169//51 26//50 
f 169//51 168//49 25//48 
f 168//49 167//47 24//46 
f 167//47 166//45 23//44 
f 166//45 165//43 22//42 
f 165//43 164//41 21//40 
f 164//41 163//39 20//38 
f 163//39 162//37 19//36 
f 162//37 161//35 18//34 
f 161//35 160//33 17//32 
f 160//33 159//31 16//30 
f 159//31 158//29 15//28 
f 158//29 157//27 14//26 
f 157//27 156//25 13//24 
f 156//25 155//23 12//22 
f 155//23 154//21 11//20 
f 154//21 153//19 10//18 
f 153//19 152//17 9//16 
f 152//17 151//15 8//14 
f 151//15 150//13 7//12 
f 150//13 149//11 6//10 
f 149//11 148//9 5//8 
f 148//9 147//7 4//6 
f 147//7 146//5 3//4 
f 146//5 145//3 2//2 
f 145//3 288//288 1//1 
o mesh1
f 5186//5185 81//5185 80//5185 
f 5186//5185 83//5185 82//5185 
f 82//5185 81//5185 5186//5185 
f 5187//5185 131//5185 130//5185 
f 5187//5185 133//5185 132//5185 
f 80//5185 79//5185 5186//5185 
f 5186//5185 86//5185 85//5185 
f 5186//5185 88//5185 87//5185 
f 5187//5185 129//5185 128//5185 
f 132//5185 131//5185 5187//5185 
f 5186//5185 76//5185 75//5185 
f 5186//5185 78//5185 77//5185 
f 5186//5185 84//5185 83//5185 
f 87//5185 86//5185 5186//5185 
f 130//5185 129//5185 5187//5185 
f 5187//5185 135//5185 134//5185 
f 5187//5185 140//5185 139//5185 
f 5188//5185 66//5185 65//5185 
f 5188//5185 68//5185 67//5185 
f 5188//5185 70//5185 69//5185 
f 5188//5185 73//5185 72//5185 
f 5186//5185 74//5185 73//5185 
f 77//5185 76//5185 5186//5185 
f 85//5185 84//5185 5186//5185 
f 5189//5185 119//5185 118//5185 
f 5187//5185 127//5185 126//5185 
f 134//5185 133//5185 5187//5185 
f 139//5185 138//5185 5187//5185 
f 5190//5185 26//5185 25//5185 
f 5190//5185 41//5185 40//5185 
f 67//5185 66//5185 5188//5185 
f 5188//5185 71//5185 70//5185 
f 73//5185 5188//5185 5186//5185 
f 79//5185 78//5185 5186//5185 
f 5186//5185 94//5185 93//5185 
f 5189//5185 98//5185 97//5185 
f 5189//5185 116//5185 115//5185 
f 118//5185 117//5185 5189//5185 
f 5187//5185 122//5185 121//5185 
f 5187//5185 125//5185 124//5185 
f 128//5185 127//5185 5187//5185 
f 138//5185 137//5185 5187//5185 
f 5191//5185 2//5185 1//5185 
f 5191//5185 19//5185 18//5185 
f 5191//5185 24//5185 23//5185 
f 25//5185 5191//5185 5190//5185 
f 5190//5185 42//5185 41//5185 
f 5190//5185 44//5185 43//5185 
f 5190//5185 49//5185 48//5185 
f 5188//5185 50//5185 49//5185 
f 69//5185 68//5185 5188//5185 
f 75//5185 74//5185 5186//5185 
f 5186//5185 90//5185 89//5185 
f 5186//5185 92//5185 91//5185 
f 5186//5185 95//5185 94//5185 
f 5189//5185 99//5185 98//5185 
f 5189//5185 114//5185 113//5185 
f 117//5185 116//5185 5189//5185 
f 5189//5185 121//5185 120//5185 
f 5187//5185 123//5185 122//5185 
f 126//5185 125//5185 5187//5185 
f 137//5185 136//5185 5187//5185 
f 5191//5185 3//5185 2//5185 
f 18//5185 17//5185 5191//5185 
f 25//5185 24//5185 5191//5185 
f 5190//5185 29//5185 28//5185 
f 5190//5185 35//5185 34//5185 
f 5190//5185 39//5185 38//5185 
f 43//5185 42//5185 5190//5185 
f 49//5185 5190//5185 5188//5185 
f 5188//5185 52//5185 51//5185 
f 72//5185 71//5185 5188//5185 
f 91//5185 90//5185 5186//5185 
f 5186//5185 96//5185 95//5185 
f 97//5185 5186//5185 5189//5185 
f 5189//5185 107//5185 106//5185 
f 5189//5185 109//5185 108//5185 
f 115//5185 114//5185 5189//5185 
f 121//5185 5189//5185 5187//5185 
f 136//5185 135//5185 5187//5185 
f 1//5185 5187//5185 5191//5185 
f 5191//5185 9//5185 8//5185 
f 5191//5185 20//5185 19//5185 
f 5191//5185 22//5185 21//5185 
f 5190//5185 27//5185 26//5185 
f 5190//5185 30//5185 29//5185 
f 5190//5185 33//5185 32//5185 
f 5190//5185 36//5185 35//5185 
f 40//5185 39//5185 5190//5185 
f 51//5185 50//5185 5188//5185 
f 5188//5185 54//5185 53//5185 
f 5188//5185 60//5185 59//5185 
f 5188//5185 62//5185 61//5185 
f 5188//5185 64//5185 63//5185 
f 89//5185 88//5185 5186//5185 
f 97//5185 96//5185 5186//5185 
f 106//5185 105//5185 5189//5185 
f 5189//5185 110//5185 109//5185 
f 5189//5185 112//5185 111//5185 
f 120//5185 119//5185 5189//5185 
f 5187//5185 141//5185 140//5185 
f 5187//5185 143//5185 142//5185 
f 1//5185 144//5185 5187//5185 
f 5191//5185 5//5185 4//5185 
f 5191//5185 7//5185 6//5185 
f 5191//5185 10//5185 9//5185 
f 5191//5185 12//5185 11//5185 
f 5191//5185 16//5185 15//5185 
f 21//5185 20//5185 5191//5185 
f 28//5185 27//5185 5190//5185 
f 32//5185 31//5185 5190//5185 
f 5190//5185 37//5185 36//5185 
f 5190//5185 45//5185 44//5185 
f 53//5185 52//5185 5188//5185 
f 5188//5185 56//5185 55//5185 
f 59//5185 58//5185 5188//5185 
f 63//5185 62//5185 5188//5185 
f 93//5185 92//5185 5186//5185 
f 5189//5185 101//5185 100//5185 
f 5189//5185 103//5185 102//5185 
f 105//5185 104//5185 5189//5185 
f 111//5185 110//5185 5189//5185 
f 124//5185 123//5185 5187//5185 
f 144//5185 143//5185 5187//5185 
f 6//5185 5//5185 5191//5185 
f 11//5185 10//5185 5191//5185 
f 17//5185 16//5185 5191//5185 
f 31//5185 30//5185 5190//5185 
f 38//5185 37//5185 5190//5185 
f 5190//5185 47//5185 46//5185 
f 55//5185 54//5185 5188//5185 
f 58//5185 57//5185 5188//5185 
f 65//5185 64//5185 5188//5185 
f 102//5185 101//5185 5189//5185 
f 108//5185 107//5185 5189//5185 
f 142//5185 141//5185 5187//5185 
f 8//5185 7//5185 5191//5185 
f 23//5185 22//5185 5191//5185 
f 46//5185 45//5185 5190//5185 
f 57//5185 56//5185 5188//5185 
f 100//5185 99//5185 5189//5185 
f 113//5185 112//5185 5189//5185 
f 5191//5185 13//5185 12//5185 
f 34//5185 33//5185 5190//5185 
f 61//5185 60//5185 5188//5185 
f 4//5185 3//5185 5191//5185 
f 15//5185 14//5185 5191//5185 
f 104//5185 103//5185 5189//5185 
f 48//5185 47//5185 5190//5185 
f 14//5185 13//5185 5191//5185 
o mesh2
f 5187//5186 5192//5186 5193//5186 
f 5193//5186 5191//5186 5187//5186 
o mesh3
f 5192//5187 5194//5187 5195//5187 
f 5196//5187 5197//5187 5193//5187 
f 5193//5187 5192//5187 5196//5187 
f 5195//5187 5196//5187 5192//5187 
o mesh4
f 5191//5188 5193//5188 5197//5188 
f 5197//5188 5190//5188 5191//5188 
o mesh5
f 5196//5189 5188//5189 5190//5189 
f 5190//5189 5197//5189 5196//5189 
o mesh6
f 5188//5190 5196//5190 5195//5190 
f 5195//5190 5186//5190 5188//5190 
o mesh7
f 5195//5191 5194//5191 5189//5191 
f 5189//5191 5186//5191 5195//5191 
o mesh8
f 5187//5192 5189//5192 5194//5192 
f 5194//5192 5192//5192 5187//5192 
